season_code,player_id,team_id,two_points_attempted,three_points_attempted,two_point_event_count,three_point_event_count,field_goal_attempts_season,field_goal_attempts_event,field_goal_attempts_diff
E2017,P003733,PAM,89,54,89.0,54.0,143,143.0,0.0
E2019,P003733,PAM,97,53,97.0,53.0,150,150.0,0.0
E2020,P003733,MAD,100,115,100.0,115.0,215,215.0,0.0
E2021,P003733,MAD,90,74,90.0,74.0,164,164.0,0.0
E2022,P003733,MAD,27,36,27.0,36.0,63,63.0,0.0
E2023,P003733,MAD,22,46,22.0,46.0,68,68.0,0.0
E2024,P003733,MAD,73,87,73.0,87.0,160,160.0,0.0
E2025,P003733,MAD,72,81,72.0,81.0,153,153.0,0.0
E2011,P003527,CTU,0,0,0.0,0.0,0,0.0,0.0
E2012,P003527,CTU,7,5,7.0,5.0,12,12.0,0.0
E2016,P003527,MIL,43,38,43.0,38.0,81,81.0,0.0
E2017,P003527,MIL,7,8,7.0,8.0,15,15.0,0.0
E2022,P003527,VIR,14,17,14.0,17.0,31,31.0,0.0
E2023,P003527,VIR,43,79,43.0,79.0,122,122.0,0.0
E2025,P003527,DUB,39,48,39.0,48.0,87,87.0,0.0
E2010,P002414,PAM,0,0,0.0,0.0,0,0.0,0.0
E2007,PAWH,IST,10,5,10.0,5.0,15,15.0,0.0
E2008,PAWH,IST,0,0,0.0,0.0,0,0.0,0.0
E2022,P012298,OLY,0,0,0.0,0.0,0,0.0,0.0
E2023,P012298,OLY,0,0,0.0,0.0,0,0.0,0.0
E2008,PLNW,NAN,11,1,11.0,1.0,12,12.0,0.0
E2012,P004191,CHL,22,11,22.0,11.0,33,33.0,0.0
E2011,P003478,MAL,8,15,8.0,15.0,23,23.0,0.0
E2012,P003478,BAR,22,34,22.0,34.0,56,56.0,0.0
E2013,P003478,BAR,65,84,65.0,84.0,149,149.0,0.0
E2014,P003478,BAR,46,85,46.0,85.0,131,131.0,0.0
E2015,P003478,BAR,66,96,66.0,96.0,162,162.0,0.0
E2019,P003478,BAR,32,65,32.0,65.0,97,97.0,0.0
E2020,P003478,BAR,50,130,50.0,130.0,180,180.0,0.0
E2021,P003478,BAR,17,45,17.0,45.0,62,62.0,0.0
E2022,P003478,BAR,46,136,46.0,136.0,182,182.0,0.0
E2023,P003478,BAR,32,96,32.0,96.0,128,128.0,0.0
E2024,P003478,BAR,28,103,28.0,103.0,131,131.0,0.0
E2013,P005199,STR,38,24,38.0,24.0,62,62.0,0.0
E2019,P005199,DYR,70,76,70.0,76.0,146,146.0,0.0
E2025,P013027,VIR,3,5,3.0,5.0,8,8.0,0.0
E2011,PAWM,GAL,16,17,16.0,17.0,33,33.0,0.0
E2012,PAWM,BES,22,23,22.0,23.0,45,45.0,0.0
E2007,PLGC,BAR,65,43,65.0,43.0,108,108.0,0.0
E2009,PLGC,MIL,24,9,24.0,9.0,33,33.0,0.0
E2012,PLGC,SOP,40,21,40.0,21.0,61,61.0,0.0
E2019,P009847,TEL,51,69,51.0,69.0,120,120.0,0.0
E2021,P009847,OLY,1,2,1.0,2.0,3,3.0,0.0
E2014,P005795,BAS,65,72,65.0,72.0,137,137.0,0.0
E2015,P005795,BAS,135,207,135.0,207.0,342,342.0,0.0
E2022,P012056,TEL,76,56,76.0,56.0,132,132.0,0.0
E2022,P011963,RED,11,9,11.0,9.0,20,20.0,0.0
E2017,P007872,IST,37,39,37.0,39.0,76,76.0,0.0
E2012,P002532,CHL,1,1,1.0,1.0,2,2.0,0.0
E2007,PJIX,ARI,35,4,35.0,4.0,39,39.0,0.0
E2013,P004429,OLY,5,8,5.0,8.0,13,13.0,0.0
E2014,P004429,OLY,46,34,46.0,34.0,80,80.0,0.0
E2015,P004429,OLY,35,24,35.0,24.0,59,59.0,0.0
E2016,P004429,OLY,40,48,40.0,48.0,88,88.0,0.0
E2017,P004429,OLY,13,15,13.0,15.0,28,28.0,0.0
E2018,P004429,OLY,1,1,1.0,1.0,2,2.0,0.0
E2022,P004429,PAN,9,4,9.0,4.0,13,13.0,0.0
E2007,PKSF,MAD,3,1,3.0,1.0,4,4.0,0.0
E2014,PKSF,PAM,12,19,12.0,19.0,31,31.0,0.0
E2013,P005171,NIK,36,36,36.0,36.0,72,72.0,0.0
E2013,PLHF,STR,113,1,113.0,1.0,114,114.0,0.0
E2024,P010316,ASV,32,82,32.0,82.0,114,114.0,0.0
E2025,P010316,ASV,72,110,72.0,110.0,182,182.0,0.0
E2018,P007647,DAR,9,8,9.0,8.0,17,17.0,0.0
E2024,P011816,VIR,26,4,26.0,4.0,30,30.0,0.0
E2025,P011816,VIR,44,6,44.0,6.0,50,50.0,0.0
E2010,P000728,SIE,12,0,12.0,0.0,12,12.0,0.0
E2012,PJVE,BES,39,31,39.0,31.0,70,70.0,0.0
E2008,P000645,NAN,11,0,11.0,0.0,11,11.0,0.0
E2011,P000645,NAN,71,1,71.0,1.0,72,72.0,0.0
E2016,P007394,BAS,7,14,7.0,14.0,21,21.0,0.0
E2014,P004056,BER,3,4,3.0,4.0,7,7.0,0.0
E2021,P004056,ULK,14,36,14.0,36.0,50,50.0,0.0
E2022,P004056,ULK,2,6,2.0,6.0,8,8.0,0.0
E2007,PBXK,IST,0,2,0.0,2.0,2,2.0,0.0
E2008,PBXK,IST,7,13,7.0,13.0,20,20.0,0.0
E2010,PBXK,IST,2,2,2.0,2.0,4,4.0,0.0
E2011,PBXK,IST,24,43,24.0,43.0,67,67.0,0.0
E2013,PBXK,GAL,30,53,30.0,53.0,83,83.0,0.0
E2020,P006785,TEL,0,0,0.0,0.0,0,0.0,0.0
E2019,P003425,DYR,52,105,52.0,105.0,157,157.0,0.0
E2011,P003328,GAL,61,0,61.0,0.0,61,61.0,0.0
E2013,P003328,GAL,78,0,78.0,0.0,78,78.0,0.0
E2014,P003328,GAL,24,0,24.0,0.0,24,24.0,0.0
E2015,P003328,DAR,27,0,27.0,0.0,27,27.0,0.0
E2016,P003328,DAR,48,0,48.0,0.0,48,48.0,0.0
E2009,PCIT,LJU,11,13,11.0,13.0,24,24.0,0.0
E2008,P001206,PAR,1,1,1.0,1.0,2,2.0,0.0
E2014,P006195,TEL,36,17,36.0,17.0,53,53.0,0.0
E2015,P006195,SAS,71,23,71.0,23.0,94,94.0,0.0
E2016,P006195,TEL,38,11,38.0,11.0,49,49.0,0.0
E2022,P011973,PAM,103,12,103.0,12.0,115,115.0,0.0
E2008,PJCF,ZAL,3,0,3.0,0.0,3,3.0,0.0
E2007,PLII,LEM,1,0,1.0,0.0,1,1.0,0.0
E2025,P010105,MAD,1,0,1.0,0.0,1,1.0,0.0
E2010,P002810,MAL,2,4,2.0,4.0,6,6.0,0.0
E2020,P010623,MAD,68,39,68.0,39.0,107,107.0,0.0
E2021,P010623,MAD,15,16,15.0,16.0,31,31.0,0.0
E2023,P010623,MAD,21,11,21.0,11.0,32,32.0,0.0
E2025,P014005,VIR,138,132,138.0,132.0,270,270.0,0.0
E2014,P004992,ULK,4,0,4.0,0.0,4,4.0,0.0
E2015,P004992,KSK,22,15,22.0,15.0,37,37.0,0.0
E2013,P002875,TEL,1,0,1.0,0.0,1,1.0,0.0
E2014,P002875,TEL,0,0,0.0,0.0,0,0.0,0.0
E2023,P012417,IST,0,0,0.0,0.0,0,0.0,0.0
E2007,PAPH,PAN,9,27,9.0,27.0,36,36.0,0.0
E2008,PAPH,PAN,0,2,0.0,2.0,2,2.0,0.0
E2021,P005059,MIL,4,11,4.0,11.0,15,15.0,0.0
E2022,P005059,MIL,1,6,1.0,6.0,7,7.0,0.0
E2011,PCNZ,NAN,36,24,36.0,24.0,60,60.0,0.0
E2014,PCNZ,LMG,7,9,7.0,9.0,16,16.0,0.0
E2018,P008977,MUN,4,7,4.0,7.0,11,11.0,0.0
E2020,P008977,MUN,5,3,5.0,3.0,8,8.0,0.0
E2011,P002851,MIL,0,0,0.0,0.0,0,0.0,0.0
E2015,P002851,MIL,0,0,0.0,0.0,0,0.0,0.0
E2022,P012378,MCO,0,0,0.0,0.0,0,0.0,0.0
E2010,PBZO,LJU,9,0,9.0,0.0,9,9.0,0.0
E2007,PAKT,CSK,191,48,191.0,48.0,239,239.0,0.0
E2008,PAKT,BAR,147,52,147.0,52.0,199,199.0,0.0
E2011,PAKT,SIE,165,36,165.0,36.0,201,201.0,0.0
E2012,PAKT,ULK,116,38,116.0,38.0,154,154.0,0.0
E2007,PTGV,VIR,63,20,63.0,20.0,83,83.0,0.0
E2008,PTGV,CIB,61,33,61.0,33.0,94,94.0,0.0
E2009,PTGV,TEL,136,62,136.0,62.0,198,198.0,0.0
E2010,PTGV,BAR,54,33,54.0,33.0,87,87.0,0.0
E2014,P005938,ZAL,178,140,178.0,140.0,318,318.0,0.0
E2016,P005938,DAR,149,136,149.0,136.0,285,285.0,0.0
E2017,P005938,KHI,112,119,112.0,119.0,231,231.0,0.0
E2018,P005938,IST,56,82,56.0,82.0,138,138.0,0.0
E2019,P005938,IST,40,44,40.0,44.0,84,84.0,0.0
E2020,P005938,IST,63,51,63.0,51.0,114,114.0,0.0
E2021,P005938,IST,42,22,42.0,22.0,64,64.0,0.0
E2023,P012795,PAM,49,45,49.0,45.0,94,94.0,0.0
E2024,P012795,BAR,107,75,107.0,75.0,182,182.0,0.0
E2025,P012795,DUB,60,88,60.0,88.0,148,148.0,0.0
E2007,P000183,LJU,1,2,1.0,2.0,3,3.0,0.0
E2022,P011248,PAN,12,8,12.0,8.0,20,20.0,0.0
E2007,PJDQ,CIB,46,14,46.0,14.0,60,60.0,0.0
E2008,PJDQ,CIB,37,11,37.0,11.0,48,48.0,0.0
E2009,PJDQ,CIB,97,13,97.0,13.0,110,110.0,0.0
E2011,PJDQ,GAL,120,0,120.0,0.0,120,120.0,0.0
E2012,PJDQ,CED,54,11,54.0,11.0,65,65.0,0.0
E2013,P002574,PAR,7,14,7.0,14.0,21,21.0,0.0
E2011,P000956,PAR,2,22,2.0,22.0,24,24.0,0.0
E2012,P000956,PAR,9,14,9.0,14.0,23,23.0,0.0
E2016,P000956,UNK,17,19,17.0,19.0,36,36.0,0.0
E2021,P000956,MCO,82,80,82.0,80.0,162,162.0,0.0
E2022,P000956,PAR,42,66,42.0,66.0,108,108.0,0.0
E2023,P000956,PAR,50,50,50.0,50.0,100,100.0,0.0
E2025,P000956,DUB,0,2,0.0,2.0,2,2.0,0.0
E2025,P010465,ASV,70,75,70.0,75.0,145,145.0,0.0
E2013,P004327,NIK,0,0,0.0,0.0,0,0.0,0.0
E2007,PTFN,LIE,16,0,16.0,0.0,16,16.0,0.0
E2013,PTFN,NIK,25,0,25.0,0.0,25,25.0,0.0
E2021,P011221,ASV,85,5,85.0,5.0,90,90.0,0.0
E2022,P011221,ULK,17,1,17.0,1.0,18,18.0,0.0
E2023,P011221,PAN,49,0,49.0,0.0,49,49.0,0.0
E2024,P011221,PAN,5,0,5.0,0.0,5,5.0,0.0
E2025,P011221,OLY,4,0,4.0,0.0,4,4.0,0.0
E2017,P007865,PAN,75,14,75.0,14.0,89,89.0,0.0
E2018,P007865,PAN,64,22,64.0,22.0,86,86.0,0.0
E2011,PBAE,OLY,72,68,72.0,68.0,140,140.0,0.0
E2012,PBAE,OLY,66,115,66.0,115.0,181,181.0,0.0
E2015,PBAE,ULK,51,83,51.0,83.0,134,134.0,0.0
E2016,PBAE,ULK,31,80,31.0,80.0,111,111.0,0.0
E2017,PBAE,RED,28,73,28.0,73.0,101,101.0,0.0
E2014,P002026,UNK,4,3,4.0,3.0,7,7.0,0.0
E2016,P002026,UNK,37,75,37.0,75.0,112,112.0,0.0
E2014,P004941,NOV,77,86,77.0,86.0,163,163.0,0.0
E2016,P004941,CSK,21,26,21.0,26.0,47,47.0,0.0
E2017,P004941,CSK,56,50,56.0,50.0,106,106.0,0.0
E2018,P004941,CSK,19,15,19.0,15.0,34,34.0,0.0
E2019,P004941,CSK,25,13,25.0,13.0,38,38.0,0.0
E2020,P004941,CSK,27,24,27.0,24.0,51,51.0,0.0
E2021,P004941,CSK,17,22,17.0,22.0,39,39.0,0.0
E2010,P000781,BAR,1,0,1.0,0.0,1,1.0,0.0
E2017,P003945,RED,2,0,2.0,0.0,2,2.0,0.0
E2013,PAOC,PAN,1,0,1.0,0.0,1,1.0,0.0
E2007,PTEQ,MIL,28,13,28.0,13.0,41,41.0,0.0
E2010,PTEQ,SIE,28,18,28.0,18.0,46,46.0,0.0
E2011,PTEQ,SIE,39,16,39.0,16.0,55,55.0,0.0
E2012,PTEQ,CTU,57,23,57.0,23.0,80,80.0,0.0
E2014,PTEQ,GAL,21,15,21.0,15.0,36,36.0,0.0
E2013,P003263,PAR,1,0,1.0,0.0,1,1.0,0.0
E2014,P004402,CED,20,7,20.0,7.0,27,27.0,0.0
E2015,P004402,CED,103,54,103.0,54.0,157,157.0,0.0
E2014,P005813,GAL,12,10,12.0,10.0,22,22.0,0.0
E2016,P005813,GAL,23,0,23.0,0.0,23,23.0,0.0
E2008,PKBD,MAL,69,0,69.0,0.0,69,69.0,0.0
E2009,PKBD,MAL,69,0,69.0,0.0,69,69.0,0.0
E2010,PKBD,MAL,71,0,71.0,0.0,71,71.0,0.0
E2008,PDBE,SOP,38,13,38.0,13.0,51,51.0,0.0
E2009,PBKY,MAR,1,0,1.0,0.0,1,1.0,0.0
E2017,P007516,ZAL,1,1,1.0,1.0,2,2.0,0.0
E2012,P003331,PAN,7,0,7.0,0.0,7,7.0,0.0
E2025,P014141,DUB,3,2,3.0,2.0,5,5.0,0.0
E2015,P005348,ULK,8,5,8.0,5.0,13,13.0,0.0
E2016,P005348,ULK,0,0,0.0,0.0,0,0.0,0.0
E2017,P005348,ULK,2,0,2.0,0.0,2,2.0,0.0
E2018,P005348,ULK,1,1,1.0,1.0,2,2.0,0.0
E2019,P005348,ULK,0,0,0.0,0.0,0,0.0,0.0
E2022,P005348,IST,0,4,0.0,4.0,4,4.0,0.0
E2010,P002508,PAM,0,0,0.0,0.0,0,0.0,0.0
E2008,PBCA,TEL,133,58,133.0,58.0,191,191.0,0.0
E2013,PBCA,GAL,170,130,170.0,130.0,300,300.0,0.0
E2014,PBCA,GAL,91,81,91.0,81.0,172,172.0,0.0
E2015,PBCA,BAR,55,63,55.0,63.0,118,118.0,0.0
E2017,P008025,OLY,0,0,0.0,0.0,0,0.0,0.0
E2007,PARN,IST,47,52,47.0,52.0,99,99.0,0.0
E2008,PARN,IST,14,20,14.0,20.0,34,34.0,0.0
E2009,PARN,IST,21,30,21.0,30.0,51,51.0,0.0
E2010,PARN,IST,8,11,8.0,11.0,19,19.0,0.0
E2011,PARN,GAL,24,39,24.0,39.0,63,63.0,0.0
E2013,PARN,GAL,77,67,77.0,67.0,144,144.0,0.0
E2014,PARN,GAL,47,73,47.0,73.0,120,120.0,0.0
E2015,PARN,DAR,27,56,27.0,56.0,83,83.0,0.0
E2016,PARN,DAR,1,5,1.0,5.0,6,6.0,0.0
E2010,P001589,MAD,3,0,3.0,0.0,3,3.0,0.0
E2007,P000709,ULK,73,1,73.0,1.0,74,74.0,0.0
E2009,P000709,ULK,38,0,38.0,0.0,38,38.0,0.0
E2014,P005961,CSK,1,5,1.0,5.0,6,6.0,0.0
E2017,P005961,CSK,0,0,0.0,0.0,0,0.0,0.0
E2025,P012268,ASV,20,38,20.0,38.0,58,58.0,0.0
E2015,P004290,OLY,12,34,12.0,34.0,46,46.0,0.0
E2016,P004290,OLY,4,3,4.0,3.0,7,7.0,0.0
E2020,P007674,TEL,2,0,2.0,0.0,2,2.0,0.0
E2008,P000185,IST,0,0,0.0,0.0,0,0.0,0.0
E2011,P000185,ULK,6,15,6.0,15.0,21,21.0,0.0
E2013,P000185,GAL,5,3,5.0,3.0,8,8.0,0.0
E2017,P007948,PAN,16,0,16.0,0.0,16,16.0,0.0
E2020,P007948,PAN,58,1,58.0,1.0,59,59.0,0.0
E2010,P001438,PAM,23,1,23.0,1.0,24,24.0,0.0
E2012,P001438,KHI,75,3,75.0,3.0,78,78.0,0.0
E2015,P001438,KHI,160,8,160.0,8.0,168,168.0,0.0
E2016,P001438,CSK,131,3,131.0,3.0,134,134.0,0.0
E2017,P001438,MAL,183,7,183.0,7.0,190,190.0,0.0
E2021,P010798,PAN,2,1,2.0,1.0,3,3.0,0.0
E2022,P010798,PAN,0,0,0.0,0.0,0,0.0,0.0
E2010,PAUQ,CHO,39,32,39.0,32.0,71,71.0,0.0
E2012,PAUQ,BER,24,23,24.0,23.0,47,47.0,0.0
E2018,P007675,TEL,17,10,17.0,10.0,27,27.0,0.0
E2019,P007675,TEL,47,47,47.0,47.0,94,94.0,0.0
E2022,P003983,PAR,73,57,73.0,57.0,130,130.0,0.0
E2023,P003983,PAR,101,88,101.0,88.0,189,189.0,0.0
E2025,P003983,DUB,67,92,67.0,92.0,159,159.0,0.0
E2025,P006904,PRS,15,22,15.0,22.0,37,37.0,0.0
E2016,P007764,GAL,0,0,0.0,0.0,0,0.0,0.0
E2014,P005927,MAD,167,0,167.0,0.0,167,167.0,0.0
E2015,P005927,MAD,209,0,209.0,0.0,209,209.0,0.0
E2016,P005927,MAD,229,0,229.0,0.0,229,229.0,0.0
E2017,P005927,MAD,123,0,123.0,0.0,123,123.0,0.0
E2018,P005927,MAD,169,0,169.0,0.0,169,169.0,0.0
E2019,P005927,DYR,244,1,244.0,1.0,245,245.0,0.0
E2016,P007148,CSK,10,0,10.0,0.0,10,10.0,0.0
E2007,PKXF,CIB,62,81,62.0,81.0,143,143.0,0.0
E2012,P001761,CED,11,10,11.0,10.0,21,21.0,0.0
E2014,P001761,CED,23,40,23.0,40.0,63,63.0,0.0
E2015,P001761,CED,90,74,90.0,74.0,164,164.0,0.0
E2011,P003475,ZAG,7,8,7.0,8.0,15,15.0,0.0
E2009,PBUV,LIE,19,42,19.0,42.0,61,61.0,0.0
E2010,PBUV,LIE,16,17,16.0,17.0,33,33.0,0.0
E2012,PBUV,LIE,25,28,25.0,28.0,53,53.0,0.0
E2013,PBUV,LIE,11,23,11.0,23.0,34,34.0,0.0
E2014,P004943,NOV,35,66,35.0,66.0,101,101.0,0.0
E2021,P011286,MCO,230,105,230.0,105.0,335,335.0,0.0
E2022,P011286,PAN,234,155,234.0,155.0,389,389.0,0.0
E2025,P011286,DUB,271,118,271.0,118.0,389,389.0,0.0
E2025,P014015,ULK,39,16,39.0,16.0,55,55.0,0.0
E2011,P000064,NAN,18,0,18.0,0.0,18,18.0,0.0
E2007,PTEY,ROA,105,4,105.0,4.0,109,109.0,0.0
E2008,PTEY,LEM,31,1,31.0,1.0,32,32.0,0.0
E2020,P007527,BAR,0,0,0.0,0.0,0,0.0,0.0
E2025,P007527,PAM,155,211,155.0,211.0,366,366.0,0.0
E2020,P009947,BAR,1,0,1.0,0.0,1,1.0,0.0
E2018,P005788,CAN,70,47,70.0,47.0,117,117.0,0.0
E2009,PAFG,CIB,21,0,21.0,0.0,21,21.0,0.0
E2007,PTFP,ROM,10,3,10.0,3.0,13,13.0,0.0
E2009,PBEM,OLD,14,9,14.0,9.0,23,23.0,0.0
E2007,PTGK,LJU,50,43,50.0,43.0,93,93.0,0.0
E2025,P013028,VIR,5,1,5.0,1.0,6,6.0,0.0
E2007,PTFL,LIE,98,57,98.0,57.0,155,155.0,0.0
E2010,PTFL,LIE,100,43,100.0,43.0,143,143.0,0.0
E2024,P013774,BER,13,21,13.0,21.0,34,34.0,0.0
E2019,P009767,CSK,27,35,27.0,35.0,62,62.0,0.0
E2019,P004655,ASV,63,0,63.0,0.0,63,63.0,0.0
E2020,P004655,ASV,90,0,90.0,0.0,90,90.0,0.0
E2022,P004655,VIR,106,0,106.0,0.0,106,106.0,0.0
E2025,P004655,PRS,13,0,13.0,0.0,13,13.0,0.0
E2015,P004803,TIV,0,1,0.0,1.0,1,1.0,0.0
E2019,P007581,DYR,3,0,3.0,0.0,3,3.0,0.0
E2011,P003521,IST,4,0,4.0,0.0,4,4.0,0.0
E2012,P003521,IST,9,3,9.0,3.0,12,12.0,0.0
E2013,P003521,IST,49,8,49.0,8.0,57,57.0,0.0
E2014,P003521,IST,29,9,29.0,9.0,38,38.0,0.0
E2015,P003521,IST,11,4,11.0,4.0,15,15.0,0.0
E2016,P003521,IST,34,23,34.0,23.0,57,57.0,0.0
E2017,P003521,IST,40,10,40.0,10.0,50,50.0,0.0
E2018,P003521,IST,33,21,33.0,21.0,54,54.0,0.0
E2019,P003521,IST,14,13,14.0,13.0,27,27.0,0.0
E2020,P003521,IST,14,14,14.0,14.0,28,28.0,0.0
E2021,P003521,IST,0,1,0.0,1.0,1,1.0,0.0
E2022,P003521,IST,2,2,2.0,2.0,4,4.0,0.0
E2018,P007553,CAN,6,10,6.0,10.0,16,16.0,0.0
E2023,P007553,PAN,35,9,35.0,9.0,44,44.0,0.0
E2021,P006707,MIL,3,4,3.0,4.0,7,7.0,0.0
E2022,P006707,MIL,1,5,1.0,5.0,6,6.0,0.0
E2019,P009863,OLY,79,30,79.0,30.0,109,109.0,0.0
E2020,P009863,MUN,385,130,385.0,130.0,515,515.0,0.0
E2021,P009863,BAS,239,100,239.0,100.0,339,339.0,0.0
E2022,P009863,TEL,272,196,272.0,196.0,468,468.0,0.0
E2023,P009863,TEL,263,110,263.0,110.0,373,373.0,0.0
E2024,P009863,ULK,170,81,170.0,81.0,251,251.0,0.0
E2025,P009863,ULK,330,133,330.0,133.0,463,463.0,0.0
E2024,P012597,BAS,114,66,114.0,66.0,180,180.0,0.0
E2025,P012597,MUN,36,22,36.0,22.0,58,58.0,0.0
E2018,P002644,CAN,126,0,126.0,0.0,126,126.0,0.0
E2024,P013696,ULK,17,0,17.0,0.0,17,17.0,0.0
E2011,PATS,BIL,163,5,163.0,5.0,168,168.0,0.0
E2014,PATS,BER,130,0,130.0,0.0,130,130.0,0.0
E2016,PATS,UNK,83,0,83.0,0.0,83,83.0,0.0
E2009,PLNE,ORL,36,58,36.0,58.0,94,94.0,0.0
E2012,PLNE,CHL,7,15,7.0,15.0,22,22.0,0.0
E2012,P004428,PAN,40,44,40.0,44.0,84,84.0,0.0
E2010,P003068,MAL,1,1,1.0,1.0,2,2.0,0.0
E2008,PTGC,BAS,33,1,33.0,1.0,34,34.0,0.0
E2009,PTGC,BAS,68,7,68.0,7.0,75,75.0,0.0
E2010,PTGC,BAS,142,8,142.0,8.0,150,150.0,0.0
E2011,PTGC,IST,113,1,113.0,1.0,114,114.0,0.0
E2012,PTGC,IST,103,3,103.0,3.0,106,106.0,0.0
E2013,PTGC,IST,20,0,20.0,0.0,20,20.0,0.0
E2015,PTGC,MIL,47,0,47.0,0.0,47,47.0,0.0
E2019,P009923,KHI,0,0,0.0,0.0,0,0.0,0.0
E2020,P009923,KHI,0,0,0.0,0.0,0,0.0,0.0
E2016,PBWZ,BAS,84,23,84.0,23.0,107,107.0,0.0
E2013,P005206,GSS,8,13,8.0,13.0,21,21.0,0.0
E2019,P005775,RED,97,139,97.0,139.0,236,236.0,0.0
E2020,P005775,DYR,95,181,95.0,181.0,276,276.0,0.0
E2021,P005775,DYR,50,143,50.0,143.0,193,193.0,0.0
E2022,P005775,MIL,68,154,68.0,154.0,222,222.0,0.0
E2023,P005775,MIL,6,5,6.0,5.0,11,11.0,0.0
E2018,P002741,BUD,92,0,92.0,0.0,92,92.0,0.0
E2013,P004586,MAD,2,0,2.0,0.0,2,2.0,0.0
E2021,P011242,BAS,0,4,0.0,4.0,4,4.0,0.0
E2010,PBMV,MAL,12,4,12.0,4.0,16,16.0,0.0
E2008,P001170,BAR,23,23,23.0,23.0,46,46.0,0.0
E2018,P003490,MUN,132,47,132.0,47.0,179,179.0,0.0
E2019,P003490,MUN,95,67,95.0,67.0,162,162.0,0.0
E2020,P003490,ULK,90,34,90.0,34.0,124,124.0,0.0
E2021,P003490,ULK,17,6,17.0,6.0,23,23.0,0.0
E2011,P003420,MIL,0,0,0.0,0.0,0,0.0,0.0
E2008,PBCW,BAR,30,40,30.0,40.0,70,70.0,0.0
E2009,PBCW,BAR,2,1,2.0,1.0,3,3.0,0.0
E2007,PLGR,ULK,18,36,18.0,36.0,54,54.0,0.0
E2008,PLGR,ULK,8,35,8.0,35.0,43,43.0,0.0
E2009,PLGR,ULK,2,10,2.0,10.0,12,12.0,0.0
E2007,PADS,BAR,86,120,86.0,120.0,206,206.0,0.0
E2008,PADS,BAR,31,83,31.0,83.0,114,114.0,0.0
E2009,PADS,BAR,15,68,15.0,68.0,83,83.0,0.0
E2011,PADS,CTU,23,79,23.0,79.0,102,102.0,0.0
E2012,PADS,MIL,3,19,3.0,19.0,22,22.0,0.0
E2009,P001868,MAR,9,29,9.0,29.0,38,38.0,0.0
E2007,PDHD,TEL,170,1,170.0,1.0,171,171.0,0.0
E2008,PDHD,TEL,10,0,10.0,0.0,10,10.0,0.0
E2010,PDHD,BAS,59,1,59.0,1.0,60,60.0,0.0
E2011,PDHD,IST,69,0,69.0,0.0,69,69.0,0.0
E2012,PDHD,IST,12,0,12.0,0.0,12,12.0,0.0
E2014,PDHD,PAN,192,0,192.0,0.0,192,192.0,0.0
E2007,PLML,LIE,31,0,31.0,0.0,31,31.0,0.0
E2008,PLML,LEM,86,1,86.0,1.0,87,87.0,0.0
E2014,PLML,LMG,66,0,66.0,0.0,66,66.0,0.0
E2007,PAJV,PAN,139,7,139.0,7.0,146,146.0,0.0
E2008,PAJV,PAN,162,8,162.0,8.0,170,170.0,0.0
E2009,PAJV,PAN,103,6,103.0,6.0,109,109.0,0.0
E2010,PAJV,PAN,175,3,175.0,3.0,178,178.0,0.0
E2011,PAJV,PAN,172,2,172.0,2.0,174,174.0,0.0
E2012,PAJV,ULK,94,18,94.0,18.0,112,112.0,0.0
E2013,PAJV,PAN,76,6,76.0,6.0,82,82.0,0.0
E2012,P004170,IST,3,5,3.0,5.0,8,8.0,0.0
E2013,P004170,IST,42,44,42.0,44.0,86,86.0,0.0
E2014,P004170,IST,11,16,11.0,16.0,27,27.0,0.0
E2015,P004170,IST,11,57,11.0,57.0,68,68.0,0.0
E2016,P004170,DAR,24,57,24.0,57.0,81,81.0,0.0
E2017,P004170,IST,5,28,5.0,28.0,33,33.0,0.0
E2007,PKOH,LEM,64,31,64.0,31.0,95,95.0,0.0
E2011,PKOH,NAN,50,15,50.0,15.0,65,65.0,0.0
E2009,P000207,LJU,20,25,20.0,25.0,45,45.0,0.0
E2008,PKIN,NIO,74,1,74.0,1.0,75,75.0,0.0
E2015,P002971,KSK,12,10,12.0,10.0,22,22.0,0.0
E2018,P002971,DAR,58,29,58.0,29.0,87,87.0,0.0
E2015,P006648,IST,1,1,1.0,1.0,2,2.0,0.0
E2016,P006648,IST,0,0,0.0,0.0,0,0.0,0.0
E2009,P001892,LIE,45,0,45.0,0.0,45,45.0,0.0
E2012,P001892,LJU,92,0,92.0,0.0,92,92.0,0.0
E2015,P005350,ULK,1,1,1.0,1.0,2,2.0,0.0
E2012,PBDC,CED,8,6,8.0,6.0,14,14.0,0.0
E2007,MAD1,MAD,0,0,0.0,0.0,0,0.0,0.0
E2023,P012721,BER,59,36,59.0,36.0,95,95.0,0.0
E2024,P012721,BER,40,20,40.0,20.0,60,60.0,0.0
E2008,PAHS,MIL,12,0,12.0,0.0,12,12.0,0.0
E2009,PAHS,MIL,2,0,2.0,0.0,2,2.0,0.0
E2007,PBTR,ZAL,11,2,11.0,2.0,13,13.0,0.0
E2015,P006590,STR,62,46,62.0,46.0,108,108.0,0.0
E2016,P006590,BAS,140,142,140.0,142.0,282,282.0,0.0
E2017,P006590,BAS,180,135,180.0,135.0,315,315.0,0.0
E2018,P006590,IST,129,133,129.0,133.0,262,262.0,0.0
E2019,P006590,IST,92,108,92.0,108.0,200,200.0,0.0
E2020,P006590,IST,139,144,139.0,144.0,283,283.0,0.0
E2021,P006590,IST,115,154,115.0,154.0,269,269.0,0.0
E2022,P006590,IST,122,111,122.0,111.0,233,233.0,0.0
E2023,P006590,IST,133,120,133.0,120.0,253,253.0,0.0
E2024,P006590,IST,92,122,92.0,122.0,214,214.0,0.0
E2025,P006590,IST,51,42,51.0,42.0,93,93.0,0.0
E2007,PAGG,PAN,48,36,48.0,36.0,84,84.0,0.0
E2008,PAGG,ROM,82,31,82.0,31.0,113,113.0,0.0
E2009,PAGG,LJU,67,37,67.0,37.0,104,104.0,0.0
E2024,P008161,MCO,7,7,7.0,7.0,14,14.0,0.0
E2025,P008161,MCO,46,48,46.0,48.0,94,94.0,0.0
E2010,PAVV,CHA,9,0,9.0,0.0,9,9.0,0.0
E2011,PAVV,CHA,45,6,45.0,6.0,51,51.0,0.0
E2007,PJBJ,LJU,24,0,24.0,0.0,24,24.0,0.0
E2008,PJBJ,LJU,80,0,80.0,0.0,80,80.0,0.0
E2009,PJBJ,ZAL,76,0,76.0,0.0,76,76.0,0.0
E2010,PJBJ,ZAL,60,0,60.0,0.0,60,60.0,0.0
E2010,PJBJ,MAD,14,0,14.0,0.0,14,14.0,0.0
E2011,PJBJ,MAD,55,0,55.0,0.0,55,55.0,0.0
E2012,PJBJ,MAD,111,0,111.0,0.0,111,111.0,0.0
E2013,PJBJ,OLY,35,0,35.0,0.0,35,35.0,0.0
E2014,PJBJ,BAS,72,0,72.0,0.0,72,72.0,0.0
E2014,P004491,MAL,0,0,0.0,0.0,0,0.0,0.0
E2015,P004491,MAL,0,0,0.0,0.0,0,0.0,0.0
E2014,P005826,KLA,0,0,0.0,0.0,0,0.0,0.0
E2022,PBCN,VIR,53,108,53.0,108.0,161,161.0,0.0
E2023,PBCN,VIR,148,238,148.0,238.0,386,386.0,0.0
E2024,PBCN,VIR,75,102,75.0,102.0,177,177.0,0.0
E2018,P006497,BUD,21,51,21.0,51.0,72,72.0,0.0
E2015,P004549,TEL,10,8,10.0,8.0,18,18.0,0.0
E2020,P004549,TEL,86,84,86.0,84.0,170,170.0,0.0
E2012,P004168,LIE,0,0,0.0,0.0,0,0.0,0.0
E2013,P004168,LIE,2,3,2.0,3.0,5,5.0,0.0
E2016,P006781,TEL,0,0,0.0,0.0,0,0.0,0.0
E2016,P007615,ULK,8,11,8.0,11.0,19,19.0,0.0
E2014,P005687,KLA,21,0,21.0,0.0,21,21.0,0.0
E2008,P001159,NAN,8,0,8.0,0.0,8,8.0,0.0
E2019,P009818,PAN,30,22,30.0,22.0,52,52.0,0.0
E2020,P009818,PAN,96,44,96.0,44.0,140,140.0,0.0
E2021,P009818,MIL,57,49,57.0,49.0,106,106.0,0.0
E2022,P009818,RED,131,72,131.0,72.0,203,203.0,0.0
E2024,P009818,ASV,15,16,15.0,16.0,31,31.0,0.0
E2013,P003495,MUN,63,54,63.0,54.0,117,117.0,0.0
E2014,P003495,MUN,30,21,30.0,21.0,51,51.0,0.0
E2009,PLVI,TEL,0,0,0.0,0.0,0,0.0,0.0
E2019,P010355,ASV,1,10,1.0,10.0,11,11.0,0.0
E2016,P000436,DAR,70,66,70.0,66.0,136,136.0,0.0
E2017,P000436,MIL,46,110,46.0,110.0,156,156.0,0.0
E2018,P000436,MIL,25,69,25.0,69.0,94,94.0,0.0
E2019,P000436,KHI,17,56,17.0,56.0,73,73.0,0.0
E2020,P000436,KHI,30,66,30.0,66.0,96,96.0,0.0
E2011,P003458,LJU,16,23,16.0,23.0,39,39.0,0.0
E2012,P003458,PAR,18,34,18.0,34.0,52,52.0,0.0
E2013,P003458,PAR,23,23,23.0,23.0,46,46.0,0.0
E2014,P003458,BAS,74,141,74.0,141.0,215,215.0,0.0
E2015,P003458,BAS,13,57,13.0,57.0,70,70.0,0.0
E2025,P003458,DUB,32,167,32.0,167.0,199,199.0,0.0
E2007,PBFR,SIE,0,0,0.0,0.0,0,0.0,0.0
E2008,P001436,PAR,0,0,0.0,0.0,0,0.0,0.0
E2009,P001436,PAR,0,0,0.0,0.0,0,0.0,0.0
E2010,P001436,PAR,0,0,0.0,0.0,0,0.0,0.0
E2011,P001436,PAR,0,0,0.0,0.0,0,0.0,0.0
E2007,PKVL,SOP,16,10,16.0,10.0,26,26.0,0.0
E2008,PKVL,AVE,59,25,59.0,25.0,84,84.0,0.0
E2009,P001927,OLY,24,11,24.0,11.0,35,35.0,0.0
E2013,P002289,PAR,7,3,7.0,3.0,10,10.0,0.0
E2012,P003137,SIE,0,0,0.0,0.0,0,0.0,0.0
E2018,P006961,ULK,12,8,12.0,8.0,20,20.0,0.0
E2019,P006961,ULK,18,7,18.0,7.0,25,25.0,0.0
E2020,P006961,ULK,22,18,22.0,18.0,40,40.0,0.0
E2021,P006961,ULK,17,8,17.0,8.0,25,25.0,0.0
E2022,P006961,ULK,16,20,16.0,20.0,36,36.0,0.0
E2023,P006961,ULK,65,81,65.0,81.0,146,146.0,0.0
E2024,P006961,ULK,111,185,111.0,185.0,296,296.0,0.0
E2025,P006961,ULK,143,217,143.0,217.0,360,360.0,0.0
E2012,P003622,CED,57,0,57.0,0.0,57,57.0,0.0
E2014,P003622,CED,90,1,90.0,1.0,91,91.0,0.0
E2015,P003622,CED,231,9,231.0,9.0,240,240.0,0.0
E2019,P009903,MIL,34,4,34.0,4.0,38,38.0,0.0
E2020,P009903,MIL,4,0,4.0,0.0,4,4.0,0.0
E2021,P009903,MIL,3,0,3.0,0.0,3,3.0,0.0
E2022,P009903,MIL,0,0,0.0,0.0,0,0.0,0.0
E2016,P007182,OLY,165,0,165.0,0.0,165,165.0,0.0
E2024,P007182,ULK,82,0,82.0,0.0,82,82.0,0.0
E2025,P007182,ULK,97,0,97.0,0.0,97,97.0,0.0
E2012,P003091,ULK,0,0,0.0,0.0,0,0.0,0.0
E2013,P003091,ULK,5,2,5.0,2.0,7,7.0,0.0
E2018,P003091,IST,7,3,7.0,3.0,10,10.0,0.0
E2021,P003091,ULK,7,9,7.0,9.0,16,16.0,0.0
E2022,P003091,ULK,27,31,27.0,31.0,58,58.0,0.0
E2024,P003091,ULK,2,0,2.0,0.0,2,2.0,0.0
E2025,P003091,ULK,24,20,24.0,20.0,44,44.0,0.0
E2018,P005504,ZAL,29,0,29.0,0.0,29,29.0,0.0
E2022,P005504,ZAL,126,0,126.0,0.0,126,126.0,0.0
E2023,P005504,ZAL,172,0,172.0,0.0,172,172.0,0.0
E2024,P005504,ZAL,115,0,115.0,0.0,115,115.0,0.0
E2025,P005504,ZAL,104,0,104.0,0.0,104,104.0,0.0
E2018,P006809,BUD,77,16,77.0,16.0,93,93.0,0.0
E2017,P007929,IST,3,2,3.0,2.0,5,5.0,0.0
E2024,P007929,MUN,12,11,12.0,11.0,23,23.0,0.0
E2025,P007929,ULK,25,33,25.0,33.0,58,58.0,0.0
E2009,PCHX,LIE,80,13,80.0,13.0,93,93.0,0.0
E2010,PCHX,LIE,92,42,92.0,42.0,134,134.0,0.0
E2011,PCHX,BAS,48,17,48.0,17.0,65,65.0,0.0
E2012,PCHX,BAS,91,37,91.0,37.0,128,128.0,0.0
E2013,PCHX,BAS,47,17,47.0,17.0,64,64.0,0.0
E2013,PCHX,IST,72,37,72.0,37.0,109,109.0,0.0
E2014,PCHX,IST,116,53,116.0,53.0,169,169.0,0.0
E2015,PCHX,DAR,97,48,97.0,48.0,145,145.0,0.0
E2016,PCHX,RED,138,57,138.0,57.0,195,195.0,0.0
E2017,PCHX,RED,146,91,146.0,91.0,237,237.0,0.0
E2010,P001413,BAS,11,9,11.0,9.0,20,20.0,0.0
E2011,P001413,BAS,13,19,13.0,19.0,32,32.0,0.0
E2012,P001413,BAS,104,116,104.0,116.0,220,220.0,0.0
E2013,P001413,ULK,101,89,101.0,89.0,190,190.0,0.0
E2014,P001413,ULK,172,75,172.0,75.0,247,247.0,0.0
E2022,P001413,ULK,14,6,14.0,6.0,20,20.0,0.0
E2018,P008991,TEL,166,1,166.0,1.0,167,167.0,0.0
E2019,P008991,TEL,55,0,55.0,0.0,55,55.0,0.0
E2020,P008991,DYR,46,2,46.0,2.0,48,48.0,0.0
E2022,P008991,OLY,81,0,81.0,0.0,81,81.0,0.0
E2024,P008991,ASV,60,0,60.0,0.0,60,60.0,0.0
E2025,P013402,HTA,171,225,171.0,225.0,396,396.0,0.0
E2007,PBFY,OLY,49,34,49.0,34.0,83,83.0,0.0
E2010,PBFY,MAL,38,34,38.0,34.0,72,72.0,0.0
E2009,P001899,MAL,15,14,15.0,14.0,29,29.0,0.0
E2010,P001899,MAL,63,33,63.0,33.0,96,96.0,0.0
E2011,P001899,MAL,10,8,10.0,8.0,18,18.0,0.0
E2011,P003391,SOP,32,26,32.0,26.0,58,58.0,0.0
E2012,P003391,SOP,31,50,31.0,50.0,81,81.0,0.0
E2021,P011193,BER,26,100,26.0,100.0,126,126.0,0.0
E2022,P011193,BER,34,171,34.0,171.0,205,205.0,0.0
E2023,P011193,TEL,42,173,42.0,173.0,215,215.0,0.0
E2024,P011193,TEL,37,149,37.0,149.0,186,186.0,0.0
E2025,P011193,TEL,42,182,42.0,182.0,224,224.0,0.0
E2020,P009877,TEL,35,35,35.0,35.0,70,70.0,0.0
E2021,P009877,TEL,4,9,4.0,9.0,13,13.0,0.0
E2025,P009877,HTA,0,0,0.0,0.0,0,0.0,0.0
E2020,P008186,ZAL,10,0,10.0,0.0,10,10.0,0.0
E2021,P008186,ZAL,107,1,107.0,1.0,108,108.0,0.0
E2011,P003452,LJU,29,11,29.0,11.0,40,40.0,0.0
E2012,P003452,LJU,66,36,66.0,36.0,102,102.0,0.0
E2013,P003452,RED,49,29,49.0,29.0,78,78.0,0.0
E2014,P003452,RED,117,68,117.0,68.0,185,185.0,0.0
E2015,P003452,BAS,107,71,107.0,71.0,178,178.0,0.0
E2016,P003452,BAS,84,62,84.0,62.0,146,146.0,0.0
E2018,P003452,BAR,55,31,55.0,31.0,86,86.0,0.0
E2022,P011231,MCO,94,76,94.0,76.0,170,170.0,0.0
E2023,P011231,MCO,135,85,135.0,85.0,220,220.0,0.0
E2024,P011231,MCO,163,77,163.0,77.0,240,240.0,0.0
E2025,P011231,MCO,192,110,192.0,110.0,302,302.0,0.0
E2011,PKAX,BIL,20,60,20.0,60.0,80,80.0,0.0
E2012,PKAX,LIE,17,38,17.0,38.0,55,55.0,0.0
E2014,PKAX,PAN,12,66,12.0,66.0,78,78.0,0.0
E2007,PBES,TEL,59,103,59.0,103.0,162,162.0,0.0
E2008,PBES,LEM,55,50,55.0,50.0,105,105.0,0.0
E2009,PBES,TEL,58,91,58.0,91.0,149,149.0,0.0
E2010,PBES,TEL,67,96,67.0,96.0,163,163.0,0.0
E2011,PBES,TEL,80,72,80.0,72.0,152,152.0,0.0
E2013,PBES,TEL,85,155,85.0,155.0,240,240.0,0.0
E2014,P003240,PAN,19,11,19.0,11.0,30,30.0,0.0
E2015,P003240,PAN,0,0,0.0,0.0,0,0.0,0.0
E2016,P003240,PAN,5,4,5.0,4.0,9,9.0,0.0
E2020,P003240,PAN,72,57,72.0,57.0,129,129.0,0.0
E2021,P003240,PAN,25,29,25.0,29.0,54,54.0,0.0
E2022,P003240,PAN,21,20,21.0,20.0,41,41.0,0.0
E2007,PJMH,LEM,17,38,17.0,38.0,55,55.0,0.0
E2011,P002821,PAR,0,0,0.0,0.0,0,0.0,0.0
E2012,P002821,PAR,23,10,23.0,10.0,33,33.0,0.0
E2013,P002821,PAR,162,135,162.0,135.0,297,297.0,0.0
E2014,P002821,ULK,129,137,129.0,137.0,266,266.0,0.0
E2015,P002821,ULK,134,135,134.0,135.0,269,269.0,0.0
E2016,P002821,ULK,109,107,109.0,107.0,216,216.0,0.0
E2007,P000009,MAD,0,0,0.0,0.0,0,0.0,0.0
E2008,P000009,MAD,0,0,0.0,0.0,0,0.0,0.0
E2009,P000009,CIB,39,62,39.0,62.0,101,101.0,0.0
E2010,P000009,CIB,96,55,96.0,55.0,151,151.0,0.0
E2011,P000009,ULK,78,56,78.0,56.0,134,134.0,0.0
E2012,P000009,ULK,143,84,143.0,84.0,227,227.0,0.0
E2013,P000009,ULK,184,94,184.0,94.0,278,278.0,0.0
E2007,PCHZ,LEM,65,67,65.0,67.0,132,132.0,0.0
E2008,PCHZ,JOV,29,43,29.0,43.0,72,72.0,0.0
E2009,P001933,PAN,1,0,1.0,0.0,1,1.0,0.0
E2010,P001933,PAN,5,0,5.0,0.0,5,5.0,0.0
E2017,P001933,OLY,18,0,18.0,0.0,18,18.0,0.0
E2018,P001933,OLY,32,0,32.0,0.0,32,32.0,0.0
E2007,PAPT,ARI,18,14,18.0,14.0,32,32.0,0.0
E2010,PAPT,LJU,0,0,0.0,0.0,0,0.0,0.0
E2007,PCOC,LEM,50,21,50.0,21.0,71,71.0,0.0
E2017,P007988,TEL,86,72,86.0,72.0,158,158.0,0.0
E2025,P014105,BAS,2,1,2.0,1.0,3,3.0,0.0
E2019,P008985,BAR,14,5,14.0,5.0,19,19.0,0.0
E2020,P008985,BAR,50,21,50.0,21.0,71,71.0,0.0
E2023,P008985,MUN,159,53,159.0,53.0,212,212.0,0.0
E2024,P008985,MIL,116,36,116.0,36.0,152,152.0,0.0
E2025,P008985,MIL,174,48,174.0,48.0,222,222.0,0.0
E2018,P009035,CSK,39,13,39.0,13.0,52,52.0,0.0
E2019,P009035,CSK,73,40,73.0,40.0,113,113.0,0.0
E2020,P009035,CSK,77,16,77.0,16.0,93,93.0,0.0
E2021,P009035,CSK,85,23,85.0,23.0,108,108.0,0.0
E2022,P009035,OLY,81,4,81.0,4.0,85,85.0,0.0
E2023,P009035,RED,184,27,184.0,27.0,211,211.0,0.0
E2024,P009035,RED,108,8,108.0,8.0,116,116.0,0.0
E2025,P009035,RED,54,5,54.0,5.0,59,59.0,0.0
E2011,PCOI,CTU,0,0,0.0,0.0,0,0.0,0.0
E2022,P006760,MUN,101,60,101.0,60.0,161,161.0,0.0
E2023,P006760,MUN,81,67,81.0,67.0,148,148.0,0.0
E2024,P006760,PAR,63,102,63.0,102.0,165,165.0,0.0
E2025,P006760,PAR,161,100,161.0,100.0,261,261.0,0.0
E2021,P009056,BAR,2,2,2.0,2.0,4,4.0,0.0
E2007,P000184,LJU,35,5,35.0,5.0,40,40.0,0.0
E2018,P007056,MUN,98,16,98.0,16.0,114,114.0,0.0
E2019,P007056,KHI,173,37,173.0,37.0,210,210.0,0.0
E2020,P007056,KHI,126,16,126.0,16.0,142,142.0,0.0
E2021,P007056,ULK,154,38,154.0,38.0,192,192.0,0.0
E2022,P007056,ULK,91,53,91.0,53.0,144,144.0,0.0
E2023,P007056,MUN,172,53,172.0,53.0,225,225.0,0.0
E2024,P007056,MUN,206,79,206.0,79.0,285,285.0,0.0
E2025,P007056,MIL,159,56,159.0,56.0,215,215.0,0.0
E2007,PAVD,MIL,44,44,44.0,44.0,88,88.0,0.0
E2015,P002987,KHI,4,1,4.0,1.0,5,5.0,0.0
E2015,P007012,KHI,19,0,19.0,0.0,19,19.0,0.0
E2009,P001936,ASV,10,1,10.0,1.0,11,11.0,0.0
E2007,PJNL,PAR,14,1,14.0,1.0,15,15.0,0.0
E2009,PJNL,LIE,34,3,34.0,3.0,37,37.0,0.0
E2015,PJNL,GSS,61,0,61.0,0.0,61,61.0,0.0
E2023,P006701,MIL,21,38,21.0,38.0,59,59.0,0.0
E2024,P006701,MIL,9,4,9.0,4.0,13,13.0,0.0
E2024,P012167,PAR,7,5,7.0,5.0,12,12.0,0.0
E2025,P012167,PAR,0,0,0.0,0.0,0,0.0,0.0
E2015,P004264,GSS,47,38,47.0,38.0,85,85.0,0.0
E2017,P004264,ZAL,7,5,7.0,5.0,12,12.0,0.0
E2018,P004264,KHI,58,100,58.0,100.0,158,158.0,0.0
E2022,P004264,ASV,32,101,32.0,101.0,133,133.0,0.0
E2025,P014016,ULK,64,46,64.0,46.0,110,110.0,0.0
E2009,PLLV,OLD,37,0,37.0,0.0,37,37.0,0.0
E2014,P003650,LMG,53,38,53.0,38.0,91,91.0,0.0
E2015,P003650,LMG,41,36,41.0,36.0,77,77.0,0.0
E2007,PAQU,OLY,50,37,50.0,37.0,87,87.0,0.0
E2008,PAQU,OLY,148,27,148.0,27.0,175,175.0,0.0
E2009,PAQU,OLY,79,17,79.0,17.0,96,96.0,0.0
E2010,PAQU,OLY,104,30,104.0,30.0,134,134.0,0.0
E2011,PAQU,MIL,101,17,101.0,17.0,118,118.0,0.0
E2012,PAQU,MIL,62,13,62.0,13.0,75,75.0,0.0
E2013,PAQU,MAD,130,34,130.0,34.0,164,164.0,0.0
E2014,PAQU,MAD,95,10,95.0,10.0,105,105.0,0.0
E2015,PAQU,BAS,192,81,192.0,81.0,273,273.0,0.0
E2016,PAQU,PAN,138,55,138.0,55.0,193,193.0,0.0
E2021,P008923,MCO,26,0,26.0,0.0,26,26.0,0.0
E2007,PJJY,PAR,3,19,3.0,19.0,22,22.0,0.0
E2008,PJJY,PAR,2,40,2.0,40.0,42,42.0,0.0
E2009,PJJY,PAR,19,78,19.0,78.0,97,97.0,0.0
E2010,PJJY,PAR,7,29,7.0,29.0,36,36.0,0.0
E2011,PJJY,PAR,3,10,3.0,10.0,13,13.0,0.0
E2013,P005284,GSS,27,20,27.0,20.0,47,47.0,0.0
E2007,P000127,ZAL,36,4,36.0,4.0,40,40.0,0.0
E2022,P012203,TEL,11,4,11.0,4.0,15,15.0,0.0
E2012,P002906,PAN,54,135,54.0,135.0,189,189.0,0.0
E2013,P002906,PAN,44,110,44.0,110.0,154,154.0,0.0
E2021,P011263,TEL,0,0,0.0,0.0,0,0.0,0.0
E2023,P007639,MUN,63,9,63.0,9.0,72,72.0,0.0
E2024,P007639,MUN,62,8,62.0,8.0,70,70.0,0.0
E2021,P011243,UNK,63,28,63.0,28.0,91,91.0,0.0
E2019,P009834,MUN,23,32,23.0,32.0,55,55.0,0.0
E2020,P009834,MUN,5,6,5.0,6.0,11,11.0,0.0
E2007,PTFM,LIE,0,0,0.0,0.0,0,0.0,0.0
E2009,PTFM,LIE,0,0,0.0,0.0,0,0.0,0.0
E2022,P011983,ZAL,253,99,253.0,99.0,352,352.0,0.0
E2023,P011983,OLY,73,31,73.0,31.0,104,104.0,0.0
E2024,P011983,ZAL,138,75,138.0,75.0,213,213.0,0.0
E2025,P011983,ZAL,128,65,128.0,65.0,193,193.0,0.0
E2008,P001790,SOP,21,10,21.0,10.0,31,31.0,0.0
E2009,P001790,SOP,6,9,6.0,9.0,15,15.0,0.0
E2011,PJKL,MIL,9,19,9.0,19.0,28,28.0,0.0
E2012,PJKL,ULK,11,13,11.0,13.0,24,24.0,0.0
E2019,P007566,BER,0,0,0.0,0.0,0,0.0,0.0
E2020,P007566,BER,1,0,1.0,0.0,1,1.0,0.0
E2008,PAGH,ROM,101,4,101.0,4.0,105,105.0,0.0
E2025,P014127,TEL,129,100,129.0,100.0,229,229.0,0.0
E2023,P009992,BAR,103,75,103.0,75.0,178,178.0,0.0
E2024,P009992,BAR,122,139,122.0,139.0,261,261.0,0.0
E2025,P009992,BAR,142,148,142.0,148.0,290,290.0,0.0
E2009,PLVA,CIB,0,0,0.0,0.0,0,0.0,0.0
E2010,PLVA,CIB,9,4,9.0,4.0,13,13.0,0.0
E2022,P010458,PAR,5,6,5.0,6.0,11,11.0,0.0
E2015,P005195,TIV,53,123,53.0,123.0,176,176.0,0.0
E2024,P013384,MIL,72,121,72.0,121.0,193,193.0,0.0
E2025,P013384,MIL,143,245,143.0,245.0,388,388.0,0.0
E2012,P004117,CTU,57,10,57.0,10.0,67,67.0,0.0
E2014,P004117,SAS,36,17,36.0,17.0,53,53.0,0.0
E2017,P004117,MAL,137,43,137.0,43.0,180,180.0,0.0
E2018,P004117,MIL,88,48,88.0,48.0,136,136.0,0.0
E2019,P004117,MIL,41,22,41.0,22.0,63,63.0,0.0
E2020,P004117,MIL,33,26,33.0,26.0,59,59.0,0.0
E2014,P005805,MIL,163,94,163.0,94.0,257,257.0,0.0
E2010,P000129,SOP,42,24,42.0,24.0,66,66.0,0.0
E2012,P000129,SIE,176,160,176.0,160.0,336,336.0,0.0
E2017,P000129,OLY,11,20,11.0,20.0,31,31.0,0.0
E2008,P000635,TEL,12,9,12.0,9.0,21,21.0,0.0
E2013,P004425,TIV,217,12,217.0,12.0,229,229.0,0.0
E2015,P004425,IST,165,39,165.0,39.0,204,204.0,0.0
E2016,P004425,IST,282,58,282.0,58.0,340,340.0,0.0
E2017,P004425,IST,106,29,106.0,29.0,135,135.0,0.0
E2019,P004425,RED,21,7,21.0,7.0,28,28.0,0.0
E2011,P003532,SOP,5,2,5.0,2.0,7,7.0,0.0
E2008,P001460,TEL,3,0,3.0,0.0,3,3.0,0.0
E2021,P010588,UNK,208,15,208.0,15.0,223,223.0,0.0
E2022,P010588,MCO,186,8,186.0,8.0,194,194.0,0.0
E2023,P010588,MCO,187,4,187.0,4.0,191,191.0,0.0
E2024,P010588,RED,52,0,52.0,0.0,52,52.0,0.0
E2019,P009622,RED,222,73,222.0,73.0,295,295.0,0.0
E2020,P009622,ULK,217,107,217.0,107.0,324,324.0,0.0
E2021,P009622,UNK,173,87,173.0,87.0,260,260.0,0.0
E2022,P009622,TEL,296,184,296.0,184.0,480,480.0,0.0
E2023,P009622,TEL,295,168,295.0,168.0,463,463.0,0.0
E2024,P009622,PAN,116,81,116.0,81.0,197,197.0,0.0
E2025,P009622,MIL,44,20,44.0,20.0,64,64.0,0.0
E2007,PAHT,ZAL,68,122,68.0,122.0,190,190.0,0.0
E2008,PAHT,TEL,74,60,74.0,60.0,134,134.0,0.0
E2009,PAHT,ZAL,62,78,62.0,78.0,140,140.0,0.0
E2010,PAHT,ZAL,21,13,21.0,13.0,34,34.0,0.0
E2018,P007424,DAR,44,54,44.0,54.0,98,98.0,0.0
E2019,P009817,PAN,0,1,0.0,1.0,1,1.0,0.0
E2023,P012720,BER,129,157,129.0,157.0,286,286.0,0.0
E2024,P012720,PAR,153,147,153.0,147.0,300,300.0,0.0
E2025,P012720,PAR,215,194,215.0,194.0,409,409.0,0.0
E2024,P013365,MCO,46,43,46.0,43.0,89,89.0,0.0
E2010,P000430,CHA,28,16,28.0,16.0,44,44.0,0.0
E2011,P000430,CHA,0,1,0.0,1.0,1,1.0,0.0
E2011,P000582,CTU,22,3,22.0,3.0,25,25.0,0.0
E2019,P009846,TEL,101,84,101.0,84.0,185,185.0,0.0
E2020,P009846,TEL,174,103,174.0,103.0,277,277.0,0.0
E2021,P009846,IST,96,68,96.0,68.0,164,164.0,0.0
E2022,P009846,IST,129,77,129.0,77.0,206,206.0,0.0
E2023,P009846,IST,112,68,112.0,68.0,180,180.0,0.0
E2024,P009846,IST,261,156,261.0,156.0,417,417.0,0.0
E2025,P009846,HTA,272,121,272.0,121.0,393,393.0,0.0
E2013,P004123,MUN,155,25,155.0,25.0,180,180.0,0.0
E2014,P004123,MUN,79,11,79.0,11.0,90,90.0,0.0
E2015,P004123,MUN,56,9,56.0,9.0,65,65.0,0.0
E2012,P004221,LJU,25,7,25.0,7.0,32,32.0,0.0
E2016,P007427,BAS,101,58,101.0,58.0,159,159.0,0.0
E2009,PKQM,BAS,0,0,0.0,0.0,0,0.0,0.0
E2010,PKQM,BAS,0,0,0.0,0.0,0,0.0,0.0
E2024,P011330,ZAL,0,1,0.0,1.0,1,1.0,0.0
E2011,P002001,GAL,0,0,0.0,0.0,0,0.0,0.0
E2009,P001881,OLD,0,1,0.0,1.0,1,1.0,0.0
E2007,PAHU,MIL,21,16,21.0,16.0,37,37.0,0.0
E2008,PAHU,MIL,19,12,19.0,12.0,31,31.0,0.0
E2009,PAHU,MIL,28,28,28.0,28.0,56,56.0,0.0
E2007,PAJO,MAD,59,94,59.0,94.0,153,153.0,0.0
E2008,PAJO,MAD,84,110,84.0,110.0,194,194.0,0.0
E2009,PAJO,MAD,37,44,37.0,44.0,81,81.0,0.0
E2008,PCFN,SOP,119,11,119.0,11.0,130,130.0,0.0
E2018,P005692,MIL,9,1,9.0,1.0,10,10.0,0.0
E2019,P005692,MIL,4,2,4.0,2.0,6,6.0,0.0
E2008,PLGW,SOP,96,20,96.0,20.0,116,116.0,0.0
E2009,PLGW,SOP,95,27,95.0,27.0,122,122.0,0.0
E2010,PLGW,SOP,29,5,29.0,5.0,34,34.0,0.0
E2007,PAOY,TEL,0,1,0.0,1.0,1,1.0,0.0
E2008,PAOY,TEL,40,19,40.0,19.0,59,59.0,0.0
E2010,PAOY,TEL,49,24,49.0,24.0,73,73.0,0.0
E2011,PAOY,TEL,18,19,18.0,19.0,37,37.0,0.0
E2007,PTFO,LIE,0,0,0.0,0.0,0,0.0,0.0
E2009,PTFO,LIE,0,0,0.0,0.0,0,0.0,0.0
E2010,PTFO,LIE,0,0,0.0,0.0,0,0.0,0.0
E2012,PTFO,LIE,4,12,4.0,12.0,16,16.0,0.0
E2023,P010184,ZAL,0,2,0.0,2.0,2,2.0,0.0
E2014,P002676,KLA,26,17,26.0,17.0,43,43.0,0.0
E2022,P002676,ZAL,73,67,73.0,67.0,140,140.0,0.0
E2023,P002676,ZAL,39,36,39.0,36.0,75,75.0,0.0
E2024,P002676,ZAL,43,71,43.0,71.0,114,114.0,0.0
E2025,P002676,ZAL,51,77,51.0,77.0,128,128.0,0.0
E2009,PKKI,ZAL,2,0,2.0,0.0,2,2.0,0.0
E2011,PKKI,ZAL,1,0,1.0,0.0,1,1.0,0.0
E2025,P014163,RED,179,173,179.0,173.0,352,352.0,0.0
E2012,P004187,CED,2,1,2.0,1.0,3,3.0,0.0
E2014,P005859,PAM,24,7,24.0,7.0,31,31.0,0.0
E2019,P005859,OLY,8,2,8.0,2.0,10,10.0,0.0
E2007,P000685,ROA,3,2,3.0,2.0,5,5.0,0.0
E2012,P000685,BER,57,43,57.0,43.0,100,100.0,0.0
E2010,PKOS,CSK,4,2,4.0,2.0,6,6.0,0.0
E2013,PKOS,TIV,46,8,46.0,8.0,54,54.0,0.0
E2014,PKOS,UNK,12,7,12.0,7.0,19,19.0,0.0
E2015,PKOS,TIV,49,33,49.0,33.0,82,82.0,0.0
E2007,PLFR,TEL,112,70,112.0,70.0,182,182.0,0.0
E2007,PAWX,MAL,69,41,69.0,41.0,110,110.0,0.0
E2008,PAWX,MAL,37,33,37.0,33.0,70,70.0,0.0
E2009,PAWX,KHI,57,33,57.0,33.0,90,90.0,0.0
E2012,PAWX,BAS,20,12,20.0,12.0,32,32.0,0.0
E2023,P012096,PAR,100,46,100.0,46.0,146,146.0,0.0
E2025,P012096,DUB,25,10,25.0,10.0,35,35.0,0.0
E2009,P001897,MIL,0,0,0.0,0.0,0,0.0,0.0
E2010,P001897,MIL,0,0,0.0,0.0,0,0.0,0.0
E2023,P012714,VIR,28,0,28.0,0.0,28,28.0,0.0
E2021,P009132,BAR,17,8,17.0,8.0,25,25.0,0.0
E2022,P009132,BAR,0,0,0.0,0.0,0,0.0,0.0
E2011,P000230,PAR,13,10,13.0,10.0,23,23.0,0.0
E2012,P000230,PAR,2,1,2.0,1.0,3,3.0,0.0
E2009,P001932,PAN,22,22,22.0,22.0,44,44.0,0.0
E2010,P001932,PAN,56,17,56.0,17.0,73,73.0,0.0
E2011,P001932,PAN,91,47,91.0,47.0,138,138.0,0.0
E2015,P001932,PAN,151,79,151.0,79.0,230,230.0,0.0
E2016,P001932,PAN,212,114,212.0,114.0,326,326.0,0.0
E2017,P001932,PAN,262,116,262.0,116.0,378,378.0,0.0
E2018,P001932,PAN,268,147,268.0,147.0,415,415.0,0.0
E2019,P001932,PAN,224,114,224.0,114.0,338,338.0,0.0
E2020,P001932,BAR,202,104,202.0,104.0,306,306.0,0.0
E2021,P001932,BAR,126,63,126.0,63.0,189,189.0,0.0
E2022,P001932,ULK,185,113,185.0,113.0,298,298.0,0.0
E2023,P001932,ULK,151,84,151.0,84.0,235,235.0,0.0
E2024,P001932,MCO,29,29,29.0,29.0,58,58.0,0.0
E2025,P001932,MCO,0,0,0.0,0.0,0,0.0,0.0
E2025,P001932,PAR,87,58,87.0,58.0,145,145.0,0.0
E2009,P001142,MAR,25,24,25.0,24.0,49,49.0,0.0
E2011,P001142,PAN,4,0,4.0,0.0,4,4.0,0.0
E2016,P001142,PAN,0,0,0.0,0.0,0,0.0,0.0
E2011,P003509,BAS,0,0,0.0,0.0,0,0.0,0.0
E2012,P003509,BAS,2,0,2.0,0.0,2,2.0,0.0
E2025,P013269,BAR,49,55,49.0,55.0,104,104.0,0.0
E2008,P001150,CIB,90,45,90.0,45.0,135,135.0,0.0
E2012,P001150,MAL,67,88,67.0,88.0,155,155.0,0.0
E2013,P001150,MAL,59,69,59.0,69.0,128,128.0,0.0
E2018,P005771,TEL,90,73,90.0,73.0,163,163.0,0.0
E2019,P005771,TEL,36,32,36.0,32.0,68,68.0,0.0
E2020,P005771,TEL,80,60,80.0,60.0,140,140.0,0.0
E2021,P005771,TEL,52,40,52.0,40.0,92,92.0,0.0
E2022,P008108,VIR,0,0,0.0,0.0,0,0.0,0.0
E2014,P004977,LMG,25,2,25.0,2.0,27,27.0,0.0
E2015,P004977,LMG,17,0,17.0,0.0,17,17.0,0.0
E2014,P005928,MAD,10,11,10.0,11.0,21,21.0,0.0
E2017,P005928,MAD,93,109,93.0,109.0,202,202.0,0.0
E2018,P005928,MAD,116,115,116.0,115.0,231,231.0,0.0
E2019,P005928,MAD,88,113,88.0,113.0,201,201.0,0.0
E2020,P005928,MAD,28,51,28.0,51.0,79,79.0,0.0
E2022,P005928,RED,40,54,40.0,54.0,94,94.0,0.0
E2023,P005928,MAD,154,149,154.0,149.0,303,303.0,0.0
E2024,P005928,MAD,157,154,157.0,154.0,311,311.0,0.0
E2025,P005928,MAD,136,228,136.0,228.0,364,364.0,0.0
E2009,PKOK,ASV,23,19,23.0,19.0,42,42.0,0.0
E2013,P002898,STR,34,42,34.0,42.0,76,76.0,0.0
E2015,P002898,STR,35,41,35.0,41.0,76,76.0,0.0
E2021,P010612,UNK,88,139,88.0,139.0,227,227.0,0.0
E2022,P010612,OLY,79,144,79.0,144.0,223,223.0,0.0
E2023,P010612,OLY,97,221,97.0,221.0,318,318.0,0.0
E2024,P010612,RED,94,183,94.0,183.0,277,277.0,0.0
E2025,P005379,MIL,1,0,1.0,0.0,1,1.0,0.0
E2011,P000981,ULK,0,0,0.0,0.0,0,0.0,0.0
E2019,P000981,ULK,0,0,0.0,0.0,0,0.0,0.0
E2020,P000981,ULK,0,0,0.0,0.0,0,0.0,0.0
E2007,P000079,VIR,19,3,19.0,3.0,22,22.0,0.0
E2012,P000722,TEL,58,33,58.0,33.0,91,91.0,0.0
E2013,P000722,MAL,125,63,125.0,63.0,188,188.0,0.0
E2025,P007705,VIR,0,0,0.0,0.0,0,0.0,0.0
E2009,P002256,IST,0,0,0.0,0.0,0,0.0,0.0
E2012,P003845,CHL,11,0,11.0,0.0,11,11.0,0.0
E2009,PATH,ZAL,28,25,28.0,25.0,53,53.0,0.0
E2010,PATH,ZAL,9,2,9.0,2.0,11,11.0,0.0
E2011,PATH,LJU,22,28,22.0,28.0,50,50.0,0.0
E2013,P005277,SIE,0,0,0.0,0.0,0,0.0,0.0
E2013,P005095,NTR,1,1,1.0,1.0,2,2.0,0.0
E2012,P001810,CED,6,6,6.0,6.0,12,12.0,0.0
E2007,PLMK,SIE,16,23,16.0,23.0,39,39.0,0.0
E2008,PLMK,SIE,16,22,16.0,22.0,38,38.0,0.0
E2009,PLMK,SIE,10,15,10.0,15.0,25,25.0,0.0
E2010,PLMK,SIE,40,33,40.0,33.0,73,73.0,0.0
E2011,PLMK,SIE,19,23,19.0,23.0,42,42.0,0.0
E2012,PLMK,SIE,17,29,17.0,29.0,46,46.0,0.0
E2011,P001960,MAD,85,72,85.0,72.0,157,157.0,0.0
E2012,P001960,MAD,136,127,136.0,127.0,263,263.0,0.0
E2013,P001960,MAD,28,63,28.0,63.0,91,91.0,0.0
E2014,P001960,MAD,93,104,93.0,104.0,197,197.0,0.0
E2015,P001960,MAD,81,109,81.0,109.0,190,190.0,0.0
E2016,P001960,MAD,98,139,98.0,139.0,237,237.0,0.0
E2017,P001960,MAD,116,118,116.0,118.0,234,234.0,0.0
E2018,P001960,MAD,116,108,116.0,108.0,224,224.0,0.0
E2019,P001960,MAD,63,79,63.0,79.0,142,142.0,0.0
E2020,P001960,MAD,90,119,90.0,119.0,209,209.0,0.0
E2009,P001910,OLD,29,43,29.0,43.0,72,72.0,0.0
E2013,P001910,SIE,23,48,23.0,48.0,71,71.0,0.0
E2015,P001910,KSK,19,48,19.0,48.0,67,67.0,0.0
E2014,P006196,GAL,63,31,63.0,31.0,94,94.0,0.0
E2015,P006196,KSK,38,35,38.0,35.0,73,73.0,0.0
E2021,P011305,DYR,5,3,5.0,3.0,8,8.0,0.0
E2025,P011305,RED,31,29,31.0,29.0,60,60.0,0.0
E2023,P006721,MIL,1,1,1.0,1.0,2,2.0,0.0
E2024,P006721,MIL,33,0,33.0,0.0,33,33.0,0.0
E2007,P000273,ROM,0,0,0.0,0.0,0,0.0,0.0
E2008,P000273,ROM,1,1,1.0,1.0,2,2.0,0.0
E2009,P000273,ROM,0,0,0.0,0.0,0,0.0,0.0
E2012,P004122,CTU,0,0,0.0,0.0,0,0.0,0.0
E2009,P001835,ORL,1,0,1.0,0.0,1,1.0,0.0
E2007,PJFO,TEL,52,14,52.0,14.0,66,66.0,0.0
E2008,PJFO,TEL,83,20,83.0,20.0,103,103.0,0.0
E2019,PJFO,TEL,36,8,36.0,8.0,44,44.0,0.0
E2020,PJFO,TEL,49,9,49.0,9.0,58,58.0,0.0
E2007,PJXV,MAL,9,8,9.0,8.0,17,17.0,0.0
E2007,PJXV,ARI,18,41,18.0,41.0,59,59.0,0.0
E2010,P001392,CHO,14,15,14.0,15.0,29,29.0,0.0
E2012,P001392,BAS,99,64,99.0,64.0,163,163.0,0.0
E2013,P001392,BAS,48,37,48.0,37.0,85,85.0,0.0
E2014,P001392,BAS,97,58,97.0,58.0,155,155.0,0.0
E2015,P001392,BAS,88,81,88.0,81.0,169,169.0,0.0
E2016,P001392,BAM,120,95,120.0,95.0,215,215.0,0.0
E2017,P001392,MAD,102,68,102.0,68.0,170,170.0,0.0
E2018,P001392,MAD,111,53,111.0,53.0,164,164.0,0.0
E2019,P001392,MAD,79,55,79.0,55.0,134,134.0,0.0
E2020,P001392,MAD,70,60,70.0,60.0,130,130.0,0.0
E2021,P001392,MAD,76,95,76.0,95.0,171,171.0,0.0
E2022,P001392,MAD,50,55,50.0,55.0,105,105.0,0.0
E2023,P001392,MAD,66,66,66.0,66.0,132,132.0,0.0
E2024,P001392,MIL,57,53,57.0,53.0,110,110.0,0.0
E2024,P013373,PRS,57,10,57.0,10.0,67,67.0,0.0
E2025,P013373,PRS,72,27,72.0,27.0,99,99.0,0.0
E2019,P009601,BER,58,42,58.0,42.0,100,100.0,0.0
E2021,P009601,ZAL,122,119,122.0,119.0,241,241.0,0.0
E2022,P009601,ZAL,40,46,40.0,46.0,86,86.0,0.0
E2007,PTFA,ROA,27,30,27.0,30.0,57,57.0,0.0
E2025,P012925,MIL,0,0,0.0,0.0,0,0.0,0.0
E2012,P004248,PAR,0,0,0.0,0.0,0,0.0,0.0
E2013,PKBV,GSS,30,18,30.0,18.0,48,48.0,0.0
E2008,P000840,SIE,0,1,0.0,1.0,1,1.0,0.0
E2008,PLXK,ZAL,0,0,0.0,0.0,0,0.0,0.0
E2013,P002081,MIL,17,16,17.0,16.0,33,33.0,0.0
E2014,P002081,MIL,25,9,25.0,9.0,34,34.0,0.0
E2015,P002081,MIL,12,12,12.0,12.0,24,24.0,0.0
E2016,P002081,MIL,1,6,1.0,6.0,7,7.0,0.0
E2013,PBVG,GSS,0,0,0.0,0.0,0,0.0,0.0
E2007,P000109,ULK,0,0,0.0,0.0,0,0.0,0.0
E2008,P000109,ULK,2,2,2.0,2.0,4,4.0,0.0
E2009,P000109,ULK,6,11,6.0,11.0,17,17.0,0.0
E2012,P000109,BES,43,78,43.0,78.0,121,121.0,0.0
E2014,P000109,ULK,2,5,2.0,5.0,7,7.0,0.0
E2015,P000109,DAR,8,9,8.0,9.0,17,17.0,0.0
E2013,PBWM,GSS,9,7,9.0,7.0,16,16.0,0.0
E2012,P004218,PAN,0,0,0.0,0.0,0,0.0,0.0
E2013,P004218,PAN,0,0,0.0,0.0,0,0.0,0.0
E2014,P004218,PAN,7,7,7.0,7.0,14,14.0,0.0
E2015,P004218,PAN,4,4,4.0,4.0,8,8.0,0.0
E2016,P004218,PAN,5,1,5.0,1.0,6,6.0,0.0
E2019,P004218,OLY,0,3,0.0,3.0,3,3.0,0.0
E2020,P004218,OLY,12,19,12.0,19.0,31,31.0,0.0
E2008,P001162,LEM,57,51,57.0,51.0,108,108.0,0.0
E2022,P012406,MUN,36,3,36.0,3.0,39,39.0,0.0
E2014,P006058,ZAL,58,38,58.0,38.0,96,96.0,0.0
E2019,P006058,OLY,36,22,36.0,22.0,58,58.0,0.0
E2014,P002038,SAS,5,7,5.0,7.0,12,12.0,0.0
E2007,PBEW,VIR,72,0,72.0,0.0,72,72.0,0.0
E2008,P001225,OLY,98,19,98.0,19.0,117,117.0,0.0
E2009,P001225,OLY,163,58,163.0,58.0,221,221.0,0.0
E2012,P004203,MIL,9,0,9.0,0.0,9,9.0,0.0
E2013,P004203,MIL,12,0,12.0,0.0,12,12.0,0.0
E2021,P011396,PAN,3,1,3.0,1.0,4,4.0,0.0
E2022,P011396,PAN,0,0,0.0,0.0,0,0.0,0.0
E2023,P012765,BAS,26,34,26.0,34.0,60,60.0,0.0
E2019,P010356,OLY,0,0,0.0,0.0,0,0.0,0.0
E2020,P010356,OLY,0,0,0.0,0.0,0,0.0,0.0
E2021,P010356,OLY,0,0,0.0,0.0,0,0.0,0.0
E2012,P003297,CSK,22,36,22.0,36.0,58,58.0,0.0
E2014,P004445,OLY,0,0,0.0,0.0,0,0.0,0.0
E2019,P009888,BAS,35,21,35.0,21.0,56,56.0,0.0
E2012,P003834,BES,124,70,124.0,70.0,194,194.0,0.0
E2008,P000501,BER,74,1,74.0,1.0,75,75.0,0.0
E2007,PLFX,MAL,4,4,4.0,4.0,8,8.0,0.0
E2014,PLFX,ZGO,22,28,22.0,28.0,50,50.0,0.0
E2011,PKIW,CTU,56,23,56.0,23.0,79,79.0,0.0
E2015,PKIW,MIL,32,10,32.0,10.0,42,42.0,0.0
E2016,PKIW,MIL,73,28,73.0,28.0,101,101.0,0.0
E2017,PKIW,MIL,57,19,57.0,19.0,76,76.0,0.0
E2018,PKIW,MIL,24,12,24.0,12.0,36,36.0,0.0
E2019,PKIW,MIL,5,6,5.0,6.0,11,11.0,0.0
E2020,PKIW,MIL,0,2,0.0,2.0,2,2.0,0.0
E2008,PLJM,AVE,8,6,8.0,6.0,14,14.0,0.0
E2021,P011237,BAS,0,0,0.0,0.0,0,0.0,0.0
E2013,P000996,ZAL,18,12,18.0,12.0,30,30.0,0.0
E2007,PKZD,LEM,149,1,149.0,1.0,150,150.0,0.0
E2018,P008857,BUD,225,103,225.0,103.0,328,328.0,0.0
E2016,P007050,UNK,56,21,56.0,21.0,77,77.0,0.0
E2018,P007050,BUD,131,36,131.0,36.0,167,167.0,0.0
E2024,P013699,TEL,43,24,43.0,24.0,67,67.0,0.0
E2025,P013699,TEL,175,143,175.0,143.0,318,318.0,0.0
E2010,P000556,PAM,70,39,70.0,39.0,109,109.0,0.0
E2015,P000556,TIV,133,85,133.0,85.0,218,218.0,0.0
E2016,P000556,BAR,61,61,61.0,61.0,122,122.0,0.0
E2017,P000556,BAR,48,45,48.0,45.0,93,93.0,0.0
E2018,P000556,BAR,72,56,72.0,56.0,128,128.0,0.0
E2019,P000556,BAR,36,33,36.0,33.0,69,69.0,0.0
E2020,P000556,BAR,12,15,12.0,15.0,27,27.0,0.0
E2022,P000556,PAM,39,63,39.0,63.0,102,102.0,0.0
E2023,P000556,PAM,23,39,23.0,39.0,62,62.0,0.0
E2008,P001511,BER,0,0,0.0,0.0,0,0.0,0.0
E2023,P012744,TEL,108,59,108.0,59.0,167,167.0,0.0
E2020,P007889,TEL,4,2,4.0,2.0,6,6.0,0.0
E2016,P004888,DAR,306,83,306.0,83.0,389,389.0,0.0
E2017,P004888,CSK,246,83,246.0,83.0,329,329.0,0.0
E2018,P004888,CSK,243,99,243.0,99.0,342,342.0,0.0
E2019,P004888,CSK,27,11,27.0,11.0,38,38.0,0.0
E2020,P004888,CSK,177,129,177.0,129.0,306,306.0,0.0
E2021,P004888,CSK,146,102,146.0,102.0,248,248.0,0.0
E2022,P004888,IST,246,194,246.0,194.0,440,440.0,0.0
E2023,P004888,IST,155,118,155.0,118.0,273,273.0,0.0
E2024,P004888,VIR,147,126,147.0,126.0,273,273.0,0.0
E2025,P004888,BAR,169,168,169.0,168.0,337,337.0,0.0
E2010,P002877,MAL,1,1,1.0,1.0,2,2.0,0.0
E2013,P005145,TEL,5,0,5.0,0.0,5,5.0,0.0
E2014,P005145,TEL,10,7,10.0,7.0,17,17.0,0.0
E2017,P005145,TEL,23,8,23.0,8.0,31,31.0,0.0
E2018,P005145,TEL,40,20,40.0,20.0,60,60.0,0.0
E2019,P005145,TEL,65,31,65.0,31.0,96,96.0,0.0
E2021,P005145,TEL,14,10,14.0,10.0,24,24.0,0.0
E2022,P005145,TEL,32,34,32.0,34.0,66,66.0,0.0
E2023,P005145,TEL,47,45,47.0,45.0,92,92.0,0.0
E2024,P005145,TEL,28,15,28.0,15.0,43,43.0,0.0
E2019,P009848,TEL,9,3,9.0,3.0,12,12.0,0.0
E2020,P009848,TEL,15,10,15.0,10.0,25,25.0,0.0
E2017,P007989,TEL,247,69,247.0,69.0,316,316.0,0.0
E2018,P007989,BUD,153,50,153.0,50.0,203,203.0,0.0
E2020,P007989,ASV,230,123,230.0,123.0,353,353.0,0.0
E2007,PBDB,ZAL,115,57,115.0,57.0,172,172.0,0.0
E2010,PBDB,ZAL,46,24,46.0,24.0,70,70.0,0.0
E2011,PBDB,ZAL,27,27,27.0,27.0,54,54.0,0.0
E2013,P005463,OLY,31,6,31.0,6.0,37,37.0,0.0
E2014,P005463,ZGO,72,26,72.0,26.0,98,98.0,0.0
E2015,P005463,STR,52,13,52.0,13.0,65,65.0,0.0
E2016,P006533,UNK,130,99,130.0,99.0,229,229.0,0.0
E2019,P006533,PAM,79,89,79.0,89.0,168,168.0,0.0
E2020,P006533,RED,17,15,17.0,15.0,32,32.0,0.0
E2022,P009783,TEL,199,117,199.0,117.0,316,316.0,0.0
E2023,P009783,TEL,234,142,234.0,142.0,376,376.0,0.0
E2024,P009783,ULK,136,98,136.0,98.0,234,234.0,0.0
E2025,P009783,ULK,93,101,93.0,101.0,194,194.0,0.0
E2012,P002403,MAL,3,1,3.0,1.0,4,4.0,0.0
E2013,P002403,MAL,0,0,0.0,0.0,0,0.0,0.0
E2007,PTGT,VIR,24,15,24.0,15.0,39,39.0,0.0
E2013,P005319,NIK,13,17,13.0,17.0,30,30.0,0.0
E2008,P000152,MAL,28,46,28.0,46.0,74,74.0,0.0
E2009,P000152,MAL,42,78,42.0,78.0,120,120.0,0.0
E2010,P000152,PAM,68,74,68.0,74.0,142,142.0,0.0
E2011,P000152,MIL,39,57,39.0,57.0,96,96.0,0.0
E2012,P000152,MIL,11,39,11.0,39.0,50,50.0,0.0
E2012,P000152,BAS,14,45,14.0,45.0,59,59.0,0.0
E2013,P000152,LIE,20,37,20.0,37.0,57,57.0,0.0
E2015,P006735,MAL,50,0,50.0,0.0,50,50.0,0.0
E2016,P007199,BAS,0,1,0.0,1.0,1,1.0,0.0
E2015,PCRU,BAS,11,54,11.0,54.0,65,65.0,0.0
E2022,P009549,VIR,57,46,57.0,46.0,103,103.0,0.0
E2023,P009549,VIR,140,71,140.0,71.0,211,211.0,0.0
E2024,P009549,VIR,206,101,206.0,101.0,307,307.0,0.0
E2025,P009549,IST,116,105,116.0,105.0,221,221.0,0.0
E2022,P004790,MAD,49,86,49.0,86.0,135,135.0,0.0
E2023,P004790,MCO,29,42,29.0,42.0,71,71.0,0.0
E2024,P004790,MCO,14,12,14.0,12.0,26,26.0,0.0
E2013,P000063,NTR,8,9,8.0,9.0,17,17.0,0.0
E2008,PAWR,MAL,3,6,3.0,6.0,9,9.0,0.0
E2014,P004092,IST,0,0,0.0,0.0,0,0.0,0.0
E2021,P010444,BAS,121,65,121.0,65.0,186,186.0,0.0
E2022,P010444,BAS,111,114,111.0,114.0,225,225.0,0.0
E2023,P010444,BAS,123,138,123.0,138.0,261,261.0,0.0
E2025,P010444,PAM,65,119,65.0,119.0,184,184.0,0.0
E2016,P007121,IST,36,32,36.0,32.0,68,68.0,0.0
E2007,PLVW,SIE,0,0,0.0,0.0,0,0.0,0.0
E2008,PLVW,SIE,0,0,0.0,0.0,0,0.0,0.0
E2013,PLVW,SIE,10,6,10.0,6.0,16,16.0,0.0
E2022,P012017,MCO,0,0,0.0,0.0,0,0.0,0.0
E2019,PJDZ,RED,14,27,14.0,27.0,41,41.0,0.0
E2009,P001829,ORL,60,0,60.0,0.0,60,60.0,0.0
E2008,P001156,NAN,44,36,44.0,36.0,80,80.0,0.0
E2018,P006468,BUD,7,2,7.0,2.0,9,9.0,0.0
E2019,P010254,MIL,22,14,22.0,14.0,36,36.0,0.0
E2018,P007916,KHI,100,133,100.0,133.0,233,233.0,0.0
E2007,PTGO,ROM,5,0,5.0,0.0,5,5.0,0.0
E2007,PTGO,VIR,52,0,52.0,0.0,52,52.0,0.0
E2008,PTGO,AVE,23,0,23.0,0.0,23,23.0,0.0
E2009,PTGO,ROM,40,0,40.0,0.0,40,40.0,0.0
E2010,PTGO,ROM,74,1,74.0,1.0,75,75.0,0.0
E2007,PLVZ,SIE,0,0,0.0,0.0,0,0.0,0.0
E2008,PLVZ,SIE,0,0,0.0,0.0,0,0.0,0.0
E2010,P002868,BAM,0,0,0.0,0.0,0,0.0,0.0
E2009,PBUZ,ZAL,6,0,6.0,0.0,6,6.0,0.0
E2015,P005971,LMG,21,11,21.0,11.0,32,32.0,0.0
E2007,PCQD,TEL,78,50,78.0,50.0,128,128.0,0.0
E2013,P000160,PAN,76,66,76.0,66.0,142,142.0,0.0
E2014,P000160,LMG,33,43,33.0,43.0,76,76.0,0.0
E2009,P001830,ORL,27,19,27.0,19.0,46,46.0,0.0
E2012,PBTG,CTU,41,1,41.0,1.0,42,42.0,0.0
E2014,PBTG,SAS,5,0,5.0,0.0,5,5.0,0.0
E2017,PBTG,MIL,2,0,2.0,0.0,2,2.0,0.0
E2013,P001736,RED,0,0,0.0,0.0,0,0.0,0.0
E2008,PKOE,NIO,51,28,51.0,28.0,79,79.0,0.0
E2014,P002524,RED,0,0,0.0,0.0,0,0.0,0.0
E2009,P001712,LIE,1,1,1.0,1.0,2,2.0,0.0
E2009,P001938,ROM,0,0,0.0,0.0,0,0.0,0.0
E2013,P003274,PAR,32,5,32.0,5.0,37,37.0,0.0
E2023,P003274,ASV,1,2,1.0,2.0,3,3.0,0.0
E2013,P001602,LIE,0,0,0.0,0.0,0,0.0,0.0
E2014,P005942,RED,52,38,52.0,38.0,90,90.0,0.0
E2015,P005942,RED,38,31,38.0,31.0,69,69.0,0.0
E2016,P005942,RED,68,54,68.0,54.0,122,122.0,0.0
E2017,P005942,RED,51,47,51.0,47.0,98,98.0,0.0
E2018,P005942,MUN,54,43,54.0,43.0,97,97.0,0.0
E2025,P005942,DUB,15,5,15.0,5.0,20,20.0,0.0
E2007,PTFQ,ROM,13,2,13.0,2.0,15,15.0,0.0
E2021,P011206,MIL,41,94,41.0,94.0,135,135.0,0.0
E2013,P004370,NTR,70,26,70.0,26.0,96,96.0,0.0
E2014,P004370,NOV,10,2,10.0,2.0,12,12.0,0.0
E2015,P004370,LMG,40,18,40.0,18.0,58,58.0,0.0
E2011,P000483,MAL,55,15,55.0,15.0,70,70.0,0.0
E2012,P000483,ZAL,99,29,99.0,29.0,128,128.0,0.0
E2013,P000483,MAD,90,56,90.0,56.0,146,146.0,0.0
E2014,P000483,OLY,77,34,77.0,34.0,111,111.0,0.0
E2007,PTGS,VIR,3,2,3.0,2.0,5,5.0,0.0
E2007,PTEW,ROA,0,1,0.0,1.0,1,1.0,0.0
E2009,PJPR,MAD,8,7,8.0,7.0,15,15.0,0.0
E2010,PJPR,ROM,83,38,83.0,38.0,121,121.0,0.0
E2012,PJPR,BES,28,13,28.0,13.0,41,41.0,0.0
E2021,P011244,BER,178,39,178.0,39.0,217,217.0,0.0
E2022,P011244,BAR,41,20,41.0,20.0,61,61.0,0.0
E2023,P011244,BAR,77,33,77.0,33.0,110,110.0,0.0
E2024,P011244,MUN,69,19,69.0,19.0,88,88.0,0.0
E2025,P011244,MUN,135,16,135.0,16.0,151,151.0,0.0
E2009,A15DSO,ASV,0,0,0.0,0.0,0,0.0,0.0
E2008,PCCD,ROM,37,23,37.0,23.0,60,60.0,0.0
E2009,PCCD,ROM,5,5,5.0,5.0,10,10.0,0.0
E2010,PCCD,ROM,56,49,56.0,49.0,105,105.0,0.0
E2015,PCCD,ULK,155,91,155.0,91.0,246,246.0,0.0
E2016,PCCD,ULK,128,103,128.0,103.0,231,231.0,0.0
E2017,PCCD,ULK,130,117,130.0,117.0,247,247.0,0.0
E2018,PCCD,ULK,104,118,104.0,118.0,222,222.0,0.0
E2019,PCCD,ULK,82,102,82.0,102.0,184,184.0,0.0
E2020,PCCD,MIL,96,90,96.0,90.0,186,186.0,0.0
E2021,PCCD,MIL,72,82,72.0,82.0,154,154.0,0.0
E2022,PCCD,MIL,10,12,10.0,12.0,22,22.0,0.0
E2025,P012185,ZAL,0,0,0.0,0.0,0,0.0,0.0
E2023,P012786,IST,25,46,25.0,46.0,71,71.0,0.0
E2024,P012786,RED,50,42,50.0,42.0,92,92.0,0.0
E2017,P007960,RED,45,47,45.0,47.0,92,92.0,0.0
E2019,P007960,RED,63,46,63.0,46.0,109,109.0,0.0
E2020,P007960,RED,106,74,106.0,74.0,180,180.0,0.0
E2021,P007960,RED,52,54,52.0,54.0,106,106.0,0.0
E2023,P007960,RED,55,68,55.0,68.0,123,123.0,0.0
E2024,P007960,RED,41,25,41.0,25.0,66,66.0,0.0
E2025,P007960,RED,26,12,26.0,12.0,38,38.0,0.0
E2017,P007870,ZAL,208,0,208.0,0.0,208,208.0,0.0
E2018,P007870,ZAL,315,0,315.0,0.0,315,315.0,0.0
E2019,P007870,BAR,189,13,189.0,13.0,202,202.0,0.0
E2020,P007870,BAR,260,14,260.0,14.0,274,274.0,0.0
E2021,P007870,BAR,246,24,246.0,24.0,270,270.0,0.0
E2022,P007870,MIL,211,20,211.0,20.0,231,231.0,0.0
E2023,P007870,PAM,211,49,211.0,49.0,260,260.0,0.0
E2024,P007870,PAR,179,65,179.0,65.0,244,244.0,0.0
E2012,P002934,KHI,194,1,194.0,1.0,195,195.0,0.0
E2015,P002934,KHI,97,1,97.0,1.0,98,98.0,0.0
E2016,P003472,GAL,94,73,94.0,73.0,167,167.0,0.0
E2008,PKBJ,ZAL,23,4,23.0,4.0,27,27.0,0.0
E2009,PLUJ,BAS,1,4,1.0,4.0,5,5.0,0.0
E2009,PLUJ,MAL,31,59,31.0,59.0,90,90.0,0.0
E2007,PLDN,SIE,0,0,0.0,0.0,0,0.0,0.0
E2018,P009005,MAD,66,18,66.0,18.0,84,84.0,0.0
E2019,P009005,MAD,113,27,113.0,27.0,140,140.0,0.0
E2020,P009005,MAD,143,59,143.0,59.0,202,202.0,0.0
E2021,P009005,MAD,50,17,50.0,17.0,67,67.0,0.0
E2022,P009005,MAD,191,47,191.0,47.0,238,238.0,0.0
E2023,P009005,MAD,117,53,117.0,53.0,170,170.0,0.0
E2024,P009005,MAD,102,51,102.0,51.0,153,153.0,0.0
E2025,P009005,MAD,124,71,124.0,71.0,195,195.0,0.0
E2010,P002100,PAM,103,58,103.0,58.0,161,161.0,0.0
E2014,P002100,CSK,204,68,204.0,68.0,272,272.0,0.0
E2015,P002100,CSK,223,100,223.0,100.0,323,323.0,0.0
E2016,P002100,CSK,240,101,240.0,101.0,341,341.0,0.0
E2017,P002100,CSK,216,118,216.0,118.0,334,334.0,0.0
E2018,P002100,CSK,183,137,183.0,137.0,320,320.0,0.0
E2019,P002100,ULK,153,100,153.0,100.0,253,253.0,0.0
E2020,P002100,ULK,212,129,212.0,129.0,341,341.0,0.0
E2021,P002100,ULK,99,79,99.0,79.0,178,178.0,0.0
E2022,P002100,ASV,154,112,154.0,112.0,266,266.0,0.0
E2023,P002100,ASV,84,100,84.0,100.0,184,184.0,0.0
E2024,P002100,ASV,106,143,106.0,143.0,249,249.0,0.0
E2025,P002100,ASV,41,55,41.0,55.0,96,96.0,0.0
E2025,P002100,ULK,52,47,52.0,47.0,99,99.0,0.0
E2024,P013250,TEL,28,38,28.0,38.0,66,66.0,0.0
E2007,PADB,ROM,37,15,37.0,15.0,52,52.0,0.0
E2008,PADB,ROM,52,26,52.0,26.0,78,78.0,0.0
E2009,PADB,ROM,17,6,17.0,6.0,23,23.0,0.0
E2013,P004331,MUN,128,109,128.0,109.0,237,237.0,0.0
E2015,P004331,TIV,161,174,161.0,174.0,335,335.0,0.0
E2019,P004331,BAR,62,128,62.0,128.0,190,190.0,0.0
E2020,P004331,MIL,140,134,140.0,134.0,274,274.0,0.0
E2021,P004331,MIL,114,119,114.0,119.0,233,233.0,0.0
E2022,P010750,PAM,1,0,1.0,0.0,1,1.0,0.0
E2023,P010750,PAM,2,1,2.0,1.0,3,3.0,0.0
E2025,P010750,PAM,51,48,51.0,48.0,99,99.0,0.0
E2014,P004916,CED,10,18,10.0,18.0,28,28.0,0.0
E2009,P002504,ZAL,13,1,13.0,1.0,14,14.0,0.0
E2010,P002504,CIB,13,14,13.0,14.0,27,27.0,0.0
E2012,P002504,ZAL,55,16,55.0,16.0,71,71.0,0.0
E2014,P002504,CED,44,11,44.0,11.0,55,55.0,0.0
E2017,PBCV,BAS,0,1,0.0,1.0,1,1.0,0.0
E2010,PBUW,ZAL,33,66,33.0,66.0,99,99.0,0.0
E2011,PBUW,ZAL,28,30,28.0,30.0,58,58.0,0.0
E2018,P005884,MIL,6,14,6.0,14.0,20,20.0,0.0
E2019,P005884,MIL,42,30,42.0,30.0,72,72.0,0.0
E2019,P008211,BER,3,2,3.0,2.0,5,5.0,0.0
E2020,P008211,BER,24,15,24.0,15.0,39,39.0,0.0
E2021,P008211,BER,49,32,49.0,32.0,81,81.0,0.0
E2022,P008211,BER,40,38,40.0,38.0,78,78.0,0.0
E2023,P008211,BER,71,93,71.0,93.0,164,164.0,0.0
E2024,P008211,BER,71,46,71.0,46.0,117,117.0,0.0
E2021,P008163,MCO,1,3,1.0,3.0,4,4.0,0.0
E2009,PAGU,MAD,2,0,2.0,0.0,2,2.0,0.0
E2016,P004094,IST,0,0,0.0,0.0,0,0.0,0.0
E2017,P004094,IST,3,0,3.0,0.0,3,3.0,0.0
E2018,P004094,DAR,35,28,35.0,28.0,63,63.0,0.0
E2007,PLFV,ULK,5,3,5.0,3.0,8,8.0,0.0
E2008,PLFV,ULK,2,2,2.0,2.0,4,4.0,0.0
E2011,PLFV,ULK,0,0,0.0,0.0,0,0.0,0.0
E2007,PARF,BAM,12,8,12.0,8.0,20,20.0,0.0
E2017,P004195,PAN,46,84,46.0,84.0,130,130.0,0.0
E2013,P005193,ZAL,134,167,134.0,167.0,301,301.0,0.0
E2016,P005193,GAL,31,45,31.0,45.0,76,76.0,0.0
E2009,PKPC,SIE,0,4,0.0,4.0,4,4.0,0.0
E2015,PKPC,SAS,3,9,3.0,9.0,12,12.0,0.0
E2019,P005909,KHI,5,0,5.0,0.0,5,5.0,0.0
E2025,P010318,IST,60,0,60.0,0.0,60,60.0,0.0
E2014,PCLC,SAS,14,8,14.0,8.0,22,22.0,0.0
E2015,PCLC,SAS,7,13,7.0,13.0,20,20.0,0.0
E2009,P001259,ASV,11,20,11.0,20.0,31,31.0,0.0
E2017,P005327,BAR,0,0,0.0,0.0,0,0.0,0.0
E2023,P010868,MAD,0,0,0.0,0.0,0,0.0,0.0
E2015,P006476,BAR,1,0,1.0,0.0,1,1.0,0.0
E2016,P006476,BAR,13,0,13.0,0.0,13,13.0,0.0
E2025,P014027,BAS,139,77,139.0,77.0,216,216.0,0.0
E2015,P006637,LMG,0,0,0.0,0.0,0,0.0,0.0
E2021,P011226,MCO,175,68,175.0,68.0,243,243.0,0.0
E2022,P011226,MCO,229,104,229.0,104.0,333,333.0,0.0
E2023,P011226,MCO,206,95,206.0,95.0,301,301.0,0.0
E2024,P011226,MCO,213,75,213.0,75.0,288,288.0,0.0
E2025,P011226,MCO,242,140,242.0,140.0,382,382.0,0.0
E2025,P014086,BAS,95,22,95.0,22.0,117,117.0,0.0
E2014,P005282,PAN,0,0,0.0,0.0,0,0.0,0.0
E2007,PJKO,PAN,35,62,35.0,62.0,97,97.0,0.0
E2008,PJKO,PAN,52,59,52.0,59.0,111,111.0,0.0
E2009,PJKO,PAN,28,31,28.0,31.0,59,59.0,0.0
E2010,PJKO,PAN,66,100,66.0,100.0,166,166.0,0.0
E2011,PJKO,PAN,61,113,61.0,113.0,174,174.0,0.0
E2012,PJKO,PAN,52,127,52.0,127.0,179,179.0,0.0
E2013,PJKO,PAN,64,152,64.0,152.0,216,216.0,0.0
E2014,PJKO,PAN,53,103,53.0,103.0,156,156.0,0.0
E2015,PJKO,PAN,37,85,37.0,85.0,122,122.0,0.0
E2009,PBZT,MAR,0,1,0.0,1.0,1,1.0,0.0
E2025,P014108,VIR,80,0,80.0,0.0,80,80.0,0.0
E2010,P002862,CHO,19,11,19.0,11.0,30,30.0,0.0
E2011,P003477,ZAG,14,1,14.0,1.0,15,15.0,0.0
E2015,PLCE,LMG,33,16,33.0,16.0,49,49.0,0.0
E2012,P004213,MAL,1,1,1.0,1.0,2,2.0,0.0
E2015,P004213,MAL,22,33,22.0,33.0,55,55.0,0.0
E2017,P004213,MAL,37,75,37.0,75.0,112,112.0,0.0
E2017,P007990,TEL,40,49,40.0,49.0,89,89.0,0.0
E2018,P007990,TEL,29,93,29.0,93.0,122,122.0,0.0
E2019,P007990,TEL,26,34,26.0,34.0,60,60.0,0.0
E2020,P007990,TEL,17,48,17.0,48.0,65,65.0,0.0
E2021,P007990,TEL,29,74,29.0,74.0,103,103.0,0.0
E2022,P007990,TEL,45,120,45.0,120.0,165,165.0,0.0
E2023,P007990,TEL,25,84,25.0,84.0,109,109.0,0.0
E2024,P007990,TEL,21,103,21.0,103.0,124,124.0,0.0
E2025,P007990,TEL,14,68,14.0,68.0,82,82.0,0.0
E2007,PTGQ,VIR,41,17,41.0,17.0,58,58.0,0.0
E2007,PLKE,BAM,6,12,6.0,12.0,18,18.0,0.0
E2015,P004997,IST,31,105,31.0,105.0,136,136.0,0.0
E2016,P004997,GAL,30,91,30.0,91.0,121,121.0,0.0
E2018,P004997,DAR,30,80,30.0,80.0,110,110.0,0.0
E2007,P000754,SIE,5,23,5.0,23.0,28,28.0,0.0
E2008,P000754,AVE,32,31,32.0,31.0,63,63.0,0.0
E2013,P003198,MAD,25,15,25.0,15.0,40,40.0,0.0
E2015,P003198,MAL,40,49,40.0,49.0,89,89.0,0.0
E2017,P003198,MAL,43,35,43.0,35.0,78,78.0,0.0
E2022,P003198,BAS,8,35,8.0,35.0,43,43.0,0.0
E2023,P003198,BAS,11,48,11.0,48.0,59,59.0,0.0
E2007,PJEI,ZAL,0,1,0.0,1.0,1,1.0,0.0
E2012,PJEI,LIE,2,2,2.0,2.0,4,4.0,0.0
E2024,P006085,MIL,113,76,113.0,76.0,189,189.0,0.0
E2025,P006085,MUN,79,36,79.0,36.0,115,115.0,0.0
E2014,P005827,KLA,28,11,28.0,11.0,39,39.0,0.0
E2013,P003211,ZAL,26,22,26.0,22.0,48,48.0,0.0
E2014,P003211,ZAL,21,3,21.0,3.0,24,24.0,0.0
E2022,P003211,ZAL,79,114,79.0,114.0,193,193.0,0.0
E2023,P003211,ZAL,91,97,91.0,97.0,188,188.0,0.0
E2025,P014162,MUN,42,53,42.0,53.0,95,95.0,0.0
E2013,P003540,BAS,24,1,24.0,1.0,25,25.0,0.0
E2014,P003540,BAS,8,0,8.0,0.0,8,8.0,0.0
E2015,P003540,BAS,47,0,47.0,0.0,47,47.0,0.0
E2016,P003540,BAS,89,0,89.0,0.0,89,89.0,0.0
E2017,P003540,BAS,47,7,47.0,7.0,54,54.0,0.0
E2018,P003540,BAS,68,13,68.0,13.0,81,81.0,0.0
E2019,P003540,BAS,46,21,46.0,21.0,67,67.0,0.0
E2020,P003540,BAS,19,15,19.0,15.0,34,34.0,0.0
E2018,P008072,CAN,2,0,2.0,0.0,2,2.0,0.0
E2023,P008072,BAS,25,0,25.0,0.0,25,25.0,0.0
E2024,P008072,BAS,89,2,89.0,2.0,91,91.0,0.0
E2025,P008072,BAS,68,0,68.0,0.0,68,68.0,0.0
E2014,P002826,BAS,0,0,0.0,0.0,0,0.0,0.0
E2015,P002826,BAS,2,3,2.0,3.0,5,5.0,0.0
E2007,P000097,ROA,0,0,0.0,0.0,0,0.0,0.0
E2024,P013385,MIL,37,0,37.0,0.0,37,37.0,0.0
E2025,P013385,MIL,1,0,1.0,0.0,1,1.0,0.0
E2007,PTFK,LEM,18,12,18.0,12.0,30,30.0,0.0
E2008,PTFK,LEM,20,13,20.0,13.0,33,33.0,0.0
E2013,PTFK,STR,26,36,26.0,36.0,62,62.0,0.0
E2019,PTFK,ASV,42,67,42.0,67.0,109,109.0,0.0
E2020,PTFK,ASV,36,80,36.0,80.0,116,116.0,0.0
E2021,PTFK,ASV,9,40,9.0,40.0,49,49.0,0.0
E2022,PTFK,ASV,17,55,17.0,55.0,72,72.0,0.0
E2024,P013374,VIR,110,0,110.0,0.0,110,110.0,0.0
E2025,P013374,VIR,174,0,174.0,0.0,174,174.0,0.0
E2009,P001939,ROM,0,0,0.0,0.0,0,0.0,0.0
E2020,P006487,PAN,1,2,1.0,2.0,3,3.0,0.0
E2011,PKUW,CTU,0,0,0.0,0.0,0,0.0,0.0
E2009,P002107,MAL,25,13,25.0,13.0,38,38.0,0.0
E2007,P000007,BAR,0,0,0.0,0.0,0,0.0,0.0
E2008,P000007,BAR,1,2,1.0,2.0,3,3.0,0.0
E2010,P000007,ROM,93,36,93.0,36.0,129,129.0,0.0
E2012,P000007,BER,126,49,126.0,49.0,175,175.0,0.0
E2013,P000007,MUN,113,55,113.0,55.0,168,168.0,0.0
E2014,P000007,MUN,66,32,66.0,32.0,98,98.0,0.0
E2015,P000007,MUN,56,42,56.0,42.0,98,98.0,0.0
E2018,P000007,MUN,134,97,134.0,97.0,231,231.0,0.0
E2019,P000007,MUN,65,48,65.0,48.0,113,113.0,0.0
E2020,P000007,MUN,36,42,36.0,42.0,78,78.0,0.0
E2021,P000007,MUN,12,16,12.0,16.0,28,28.0,0.0
E2009,PLUT,PAR,16,26,16.0,26.0,42,42.0,0.0
E2010,PLUT,PAR,9,8,9.0,8.0,17,17.0,0.0
E2012,PLUT,PAR,1,0,1.0,0.0,1,1.0,0.0
E2009,P001882,LJU,9,18,9.0,18.0,27,27.0,0.0
E2015,P001430,GSS,37,8,37.0,8.0,45,45.0,0.0
E2007,PLIT,PAR,1,0,1.0,0.0,1,1.0,0.0
E2009,P000035,KHI,11,25,11.0,25.0,36,36.0,0.0
E2010,P000035,KHI,3,4,3.0,4.0,7,7.0,0.0
E2011,P000035,SOP,9,6,9.0,6.0,15,15.0,0.0
E2009,P001831,ORL,32,22,32.0,22.0,54,54.0,0.0
E2016,P004007,RED,10,12,10.0,12.0,22,22.0,0.0
E2017,P004007,RED,58,77,58.0,77.0,135,135.0,0.0
E2019,P004007,RED,48,42,48.0,42.0,90,90.0,0.0
E2020,P004007,RED,83,114,83.0,114.0,197,197.0,0.0
E2021,P004007,RED,139,126,139.0,126.0,265,265.0,0.0
E2022,P004007,RED,132,136,132.0,136.0,268,268.0,0.0
E2023,P004007,VIR,54,49,54.0,49.0,103,103.0,0.0
E2024,P004007,RED,38,45,38.0,45.0,83,83.0,0.0
E2025,P004007,RED,35,62,35.0,62.0,97,97.0,0.0
E2009,P001832,ORL,42,38,42.0,38.0,80,80.0,0.0
E2014,P001832,BAR,146,62,146.0,62.0,208,208.0,0.0
E2015,P001832,BAR,145,62,145.0,62.0,207,207.0,0.0
E2016,P001832,BAR,66,28,66.0,28.0,94,94.0,0.0
E2017,P001832,IST,9,7,9.0,7.0,16,16.0,0.0
E2024,P011626,BER,2,0,2.0,0.0,2,2.0,0.0
E2008,PBKK,BER,19,15,19.0,15.0,34,34.0,0.0
E2025,P014010,PRS,106,0,106.0,0.0,106,106.0,0.0
E2008,PJIS,SIE,96,78,96.0,78.0,174,174.0,0.0
E2009,PJIS,SIE,60,55,60.0,55.0,115,115.0,0.0
E2011,PJIS,UNK,104,97,104.0,97.0,201,201.0,0.0
E2013,PJIS,GAL,58,71,58.0,71.0,129,129.0,0.0
E2015,P005929,MAD,11,16,11.0,16.0,27,27.0,0.0
E2016,P005929,MAD,91,105,91.0,105.0,196,196.0,0.0
E2017,P005929,MAD,173,173,173.0,173.0,346,346.0,0.0
E2007,PTGI,LJU,17,15,17.0,15.0,32,32.0,0.0
E2017,P002763,PAM,57,100,57.0,100.0,157,157.0,0.0
E2019,P002763,PAM,29,79,29.0,79.0,108,108.0,0.0
E2011,P003508,OLY,38,1,38.0,1.0,39,39.0,0.0
E2011,P003508,BAS,11,0,11.0,0.0,11,11.0,0.0
E2012,P003508,OLY,8,1,8.0,1.0,9,9.0,0.0
E2013,P003508,BAR,96,0,96.0,0.0,96,96.0,0.0
E2015,P003508,BAR,27,0,27.0,0.0,27,27.0,0.0
E2016,P003508,BAR,62,0,62.0,0.0,62,62.0,0.0
E2019,P009849,TEL,108,131,108.0,131.0,239,239.0,0.0
E2020,P009849,TEL,123,165,123.0,165.0,288,288.0,0.0
E2021,P009849,OLY,180,195,180.0,195.0,375,375.0,0.0
E2022,P009849,ULK,45,52,45.0,52.0,97,97.0,0.0
E2023,P009849,ULK,117,130,117.0,130.0,247,247.0,0.0
E2024,P009849,OLY,23,41,23.0,41.0,64,64.0,0.0
E2025,P009849,OLY,225,277,225.0,277.0,502,502.0,0.0
E2023,P012044,RED,92,92,92.0,92.0,184,184.0,0.0
E2024,P012044,RED,97,87,97.0,87.0,184,184.0,0.0
E2025,P012044,RED,28,53,28.0,53.0,81,81.0,0.0
E2024,P007483,PRS,4,0,4.0,0.0,4,4.0,0.0
E2008,PJJU,ROM,13,14,13.0,14.0,27,27.0,0.0
E2017,P008152,IST,50,36,50.0,36.0,86,86.0,0.0
E2018,P008152,DAR,139,112,139.0,112.0,251,251.0,0.0
E2009,P000262,MAL,31,13,31.0,13.0,44,44.0,0.0
E2013,P000262,LIE,23,3,23.0,3.0,26,26.0,0.0
E2013,P002015,NIK,21,15,21.0,15.0,36,36.0,0.0
E2025,P014123,TEL,72,55,72.0,55.0,127,127.0,0.0
E2023,P012742,PAR,168,85,168.0,85.0,253,253.0,0.0
E2024,P012742,IST,69,37,69.0,37.0,106,106.0,0.0
E2025,P012742,IST,157,95,157.0,95.0,252,252.0,0.0
E2013,PJQI,IST,20,27,20.0,27.0,47,47.0,0.0
E2013,P000535,GSS,102,1,102.0,1.0,103,103.0,0.0
E2007,PTHB,LJU,68,33,68.0,33.0,101,101.0,0.0
E2011,PTHB,BAS,3,2,3.0,2.0,5,5.0,0.0
E2012,P003514,MAL,62,31,62.0,31.0,93,93.0,0.0
E2013,P003514,MAL,122,79,122.0,79.0,201,201.0,0.0
E2015,P003514,KHI,80,65,80.0,65.0,145,145.0,0.0
E2016,P003514,MIL,83,54,83.0,54.0,137,137.0,0.0
E2017,P003514,IST,63,56,63.0,56.0,119,119.0,0.0
E2019,P003514,BAS,16,14,16.0,14.0,30,30.0,0.0
E2020,P003514,BAS,133,88,133.0,88.0,221,221.0,0.0
E2021,P003514,ZAL,25,16,25.0,16.0,41,41.0,0.0
E2012,P002946,MAD,34,28,34.0,28.0,62,62.0,0.0
E2013,P002946,MAD,18,21,18.0,21.0,39,39.0,0.0
E2014,P002946,IST,73,86,73.0,86.0,159,159.0,0.0
E2015,P002946,TIV,71,102,71.0,102.0,173,173.0,0.0
E2016,P002946,MAD,28,42,28.0,42.0,70,70.0,0.0
E2007,PDIK,ROM,0,1,0.0,1.0,1,1.0,0.0
E2008,1234,NIO,0,0,0.0,0.0,0,0.0,0.0
E2008,P001302,NIO,0,0,0.0,0.0,0,0.0,0.0
E2023,P011375,PAR,0,0,0.0,0.0,0,0.0,0.0
E2008,PATF,BER,0,0,0.0,0.0,0,0.0,0.0
E2008,PKNI,IST,7,4,7.0,4.0,11,11.0,0.0
E2008,P001164,LEM,0,0,0.0,0.0,0,0.0,0.0
E2013,PAZH,NIK,9,11,9.0,11.0,20,20.0,0.0
E2014,P002742,PAM,60,28,60.0,28.0,88,88.0,0.0
E2017,P002742,PAM,127,62,127.0,62.0,189,189.0,0.0
E2019,P002742,PAM,169,86,169.0,86.0,255,255.0,0.0
E2020,P002742,PAM,145,78,145.0,78.0,223,223.0,0.0
E2022,P002742,PAM,110,116,110.0,116.0,226,226.0,0.0
E2010,P000316,IST,13,0,13.0,0.0,13,13.0,0.0
E2013,P000316,GAL,51,0,51.0,0.0,51,51.0,0.0
E2012,P001650,KHI,0,0,0.0,0.0,0,0.0,0.0
E2012,P004167,LIE,13,11,13.0,11.0,24,24.0,0.0
E2013,P003048,OLY,177,2,177.0,2.0,179,179.0,0.0
E2014,P003048,OLY,137,1,137.0,1.0,138,138.0,0.0
E2015,P003048,IST,111,0,111.0,0.0,111,111.0,0.0
E2016,P003048,IST,253,1,253.0,1.0,254,254.0,0.0
E2017,P003048,IST,177,6,177.0,6.0,183,183.0,0.0
E2018,P003048,IST,179,6,179.0,6.0,185,185.0,0.0
E2019,P003048,IST,51,3,51.0,3.0,54,54.0,0.0
E2020,P003048,IST,189,2,189.0,2.0,191,191.0,0.0
E2021,P003048,IST,132,8,132.0,8.0,140,140.0,0.0
E2022,P003048,IST,72,5,72.0,5.0,77,77.0,0.0
E2023,P003048,VIR,108,6,108.0,6.0,114,114.0,0.0
E2024,P003048,ZAL,93,2,93.0,2.0,95,95.0,0.0
E2025,P003048,MIL,25,1,25.0,1.0,26,26.0,0.0
E2010,P001398,CHO,5,2,5.0,2.0,7,7.0,0.0
E2013,P001398,STR,59,0,59.0,0.0,59,59.0,0.0
E2015,P001398,STR,21,1,21.0,1.0,22,22.0,0.0
E2024,P012199,MAD,1,0,1.0,0.0,1,1.0,0.0
E2015,P006399,IST,14,0,14.0,0.0,14,14.0,0.0
E2016,P006399,ULK,16,0,16.0,0.0,16,16.0,0.0
E2017,P006399,ULK,55,0,55.0,0.0,55,55.0,0.0
E2018,P006399,ULK,66,0,66.0,0.0,66,66.0,0.0
E2019,P006399,ULK,35,0,35.0,0.0,35,35.0,0.0
E2020,P006399,ULK,67,0,67.0,0.0,67,67.0,0.0
E2021,P006399,ULK,34,1,34.0,1.0,35,35.0,0.0
E2007,PCLQ,SOP,54,12,54.0,12.0,66,66.0,0.0
E2008,PCLQ,SOP,60,16,60.0,16.0,76,76.0,0.0
E2014,PCLQ,ZGO,15,26,15.0,26.0,41,41.0,0.0
E2014,P005803,SAS,57,45,57.0,45.0,102,102.0,0.0
E2025,P006020,TEL,0,0,0.0,0.0,0,0.0,0.0
E2025,P006725,ASV,48,47,48.0,47.0,95,95.0,0.0
E2020,P010569,ULK,38,98,38.0,98.0,136,136.0,0.0
E2017,P008042,BAM,0,0,0.0,0.0,0,0.0,0.0
E2022,P011987,ULK,130,114,130.0,114.0,244,244.0,0.0
E2023,P011987,MUN,169,187,169.0,187.0,356,356.0,0.0
E2024,P011987,MUN,280,281,280.0,281.0,561,561.0,0.0
E2025,P011987,VIR,289,282,289.0,282.0,571,571.0,0.0
E2025,P014416,HTA,17,15,17.0,15.0,32,32.0,0.0
E2022,P010807,IST,0,0,0.0,0.0,0,0.0,0.0
E2023,P012730,ASV,42,0,42.0,0.0,42,42.0,0.0
E2007,PLOC,LIE,125,47,125.0,47.0,172,172.0,0.0
E2009,PLOC,TEL,113,73,113.0,73.0,186,186.0,0.0
E2010,PLOC,TEL,119,56,119.0,56.0,175,175.0,0.0
E2011,PLOC,BAR,69,52,69.0,52.0,121,121.0,0.0
E2024,P008174,ULK,0,0,0.0,0.0,0,0.0,0.0
E2010,P000317,LIE,75,61,75.0,61.0,136,136.0,0.0
E2010,P003064,SOP,8,3,8.0,3.0,11,11.0,0.0
E2014,P004857,MIL,11,0,11.0,0.0,11,11.0,0.0
E2007,PLGD,TEL,51,0,51.0,0.0,51,51.0,0.0
E2008,PLGD,TEL,149,2,149.0,2.0,151,151.0,0.0
E2009,PLGD,BAS,95,0,95.0,0.0,95,95.0,0.0
E2010,PLGD,TEL,173,5,173.0,5.0,178,178.0,0.0
E2011,PLGD,TEL,137,1,137.0,1.0,138,138.0,0.0
E2012,PLGD,TEL,147,2,147.0,2.0,149,149.0,0.0
E2025,P014157,DUB,21,13,21.0,13.0,34,34.0,0.0
E2019,P009580,OLY,30,0,30.0,0.0,30,30.0,0.0
E2020,P009580,OLY,106,0,106.0,0.0,106,106.0,0.0
E2025,P012593,MIL,157,61,157.0,61.0,218,218.0,0.0
E2009,P000416,BAS,59,92,59.0,92.0,151,151.0,0.0
E2013,P005158,SIE,20,14,20.0,14.0,34,34.0,0.0
E2017,P008066,RED,56,45,56.0,45.0,101,101.0,0.0
E2018,P008858,ULK,8,1,8.0,1.0,9,9.0,0.0
E2025,P008858,HTA,11,18,11.0,18.0,29,29.0,0.0
E2021,P011239,BAS,198,24,198.0,24.0,222,222.0,0.0
E2022,P011239,BAS,75,9,75.0,9.0,84,84.0,0.0
E2007,PJSR,BAM,48,1,48.0,1.0,49,49.0,0.0
E2008,PDHF,OLY,38,22,38.0,22.0,60,60.0,0.0
E2010,PDHF,OLY,38,37,38.0,37.0,75,75.0,0.0
E2012,PDHF,CSK,22,48,22.0,48.0,70,70.0,0.0
E2013,PDHF,GAL,114,111,114.0,111.0,225,225.0,0.0
E2014,PDHF,GAL,116,129,116.0,129.0,245,245.0,0.0
E2007,PJYB,ULK,74,0,74.0,0.0,74,74.0,0.0
E2008,PJYB,ULK,58,1,58.0,1.0,59,59.0,0.0
E2009,PJYB,ULK,42,0,42.0,0.0,42,42.0,0.0
E2012,PJYB,IST,178,0,178.0,0.0,178,178.0,0.0
E2013,PJYB,IST,97,0,97.0,0.0,97,97.0,0.0
E2014,PJYB,ULK,62,0,62.0,0.0,62,62.0,0.0
E2015,PJYB,DAR,143,0,143.0,0.0,143,143.0,0.0
E2016,PJYB,DAR,32,1,32.0,1.0,33,33.0,0.0
E2007,PBDQ,IST,12,32,12.0,32.0,44,44.0,0.0
E2018,P007360,DAR,239,0,239.0,0.0,239,239.0,0.0
E2019,P007360,BAS,125,0,125.0,0.0,125,125.0,0.0
E2020,P007360,CSK,51,0,51.0,0.0,51,51.0,0.0
E2015,P003151,BAR,2,2,2.0,2.0,4,4.0,0.0
E2016,P003151,BAR,16,34,16.0,34.0,50,50.0,0.0
E2018,P003151,CAN,90,147,90.0,147.0,237,237.0,0.0
E2019,P003151,BER,60,118,60.0,118.0,178,178.0,0.0
E2020,P003151,BER,56,131,56.0,131.0,187,187.0,0.0
E2021,P003151,BER,31,79,31.0,79.0,110,110.0,0.0
E2012,PJIR,ULK,32,16,32.0,16.0,48,48.0,0.0
E2013,PJIR,ULK,0,1,0.0,1.0,1,1.0,0.0
E2010,P000932,ULK,1,0,1.0,0.0,1,1.0,0.0
E2008,PAIQ,BAS,4,0,4.0,0.0,4,4.0,0.0
E2014,P005937,LMG,0,0,0.0,0.0,0,0.0,0.0
E2018,P008946,CAN,63,33,63.0,33.0,96,96.0,0.0
E2018,P007432,DAR,129,58,129.0,58.0,187,187.0,0.0
E2019,P007432,KHI,107,16,107.0,16.0,123,123.0,0.0
E2020,P007432,MIL,18,4,18.0,4.0,22,22.0,0.0
E2021,P007432,PAN,96,20,96.0,20.0,116,116.0,0.0
E2021,P011218,TEL,132,85,132.0,85.0,217,217.0,0.0
E2022,P011218,ZAL,76,96,76.0,96.0,172,172.0,0.0
E2023,P011218,ZAL,200,191,200.0,191.0,391,391.0,0.0
E2024,P011218,OLY,0,0,0.0,0.0,0,0.0,0.0
E2025,P011218,OLY,0,0,0.0,0.0,0,0.0,0.0
E2022,P010677,PAM,27,35,27.0,35.0,62,62.0,0.0
E2020,P010654,KHI,2,2,2.0,2.0,4,4.0,0.0
E2012,P000354,CHL,17,47,17.0,47.0,64,64.0,0.0
E2008,P000378,SOP,95,84,95.0,84.0,179,179.0,0.0
E2009,P000378,SOP,90,84,90.0,84.0,174,174.0,0.0
E2010,P000378,SOP,82,35,82.0,35.0,117,117.0,0.0
E2012,P000378,BES,51,36,51.0,36.0,87,87.0,0.0
E2021,P011302,BAR,75,22,75.0,22.0,97,97.0,0.0
E2022,P011302,PAR,189,107,189.0,107.0,296,296.0,0.0
E2008,P001176,JOV,4,0,4.0,0.0,4,4.0,0.0
E2013,P001176,GSS,80,5,80.0,5.0,85,85.0,0.0
E2015,P001176,SAS,67,19,67.0,19.0,86,86.0,0.0
E2007,PCQO,SIE,116,3,116.0,3.0,119,119.0,0.0
E2008,PCQO,SIE,93,0,93.0,0.0,93,93.0,0.0
E2009,PCQO,SIE,82,0,82.0,0.0,82,82.0,0.0
E2010,PCQO,KHI,69,0,69.0,0.0,69,69.0,0.0
E2012,PCQO,SIE,81,1,81.0,1.0,82,82.0,0.0
E2010,P001949,CHO,48,0,48.0,0.0,48,48.0,0.0
E2012,P001949,BES,43,0,43.0,0.0,43,43.0,0.0
E2020,P008811,ASV,147,0,147.0,0.0,147,147.0,0.0
E2021,P008811,OLY,175,0,175.0,0.0,175,175.0,0.0
E2022,P008811,OLY,169,0,169.0,0.0,169,169.0,0.0
E2023,P008811,OLY,142,0,142.0,0.0,142,142.0,0.0
E2024,P008811,OLY,118,0,118.0,0.0,118,118.0,0.0
E2025,P008811,OLY,0,0,0.0,0.0,0,0.0,0.0
E2019,P006568,BAS,109,0,109.0,0.0,109,109.0,0.0
E2020,P006568,BAS,137,0,137.0,0.0,137,137.0,0.0
E2021,P006568,ASV,95,0,95.0,0.0,95,95.0,0.0
E2022,P006568,ASV,181,0,181.0,0.0,181,181.0,0.0
E2023,P006568,ASV,186,0,186.0,0.0,186,186.0,0.0
E2024,P006568,BAR,77,0,77.0,0.0,77,77.0,0.0
E2025,P006568,BAR,32,0,32.0,0.0,32,32.0,0.0
E2007,PAPF,TEL,0,0,0.0,0.0,0,0.0,0.0
E2021,P011284,CSK,15,1,15.0,1.0,16,16.0,0.0
E2025,P011284,PAN,134,1,134.0,1.0,135,135.0,0.0
E2011,P003423,TEL,57,17,57.0,17.0,74,74.0,0.0
E2012,P003423,IST,197,121,197.0,121.0,318,318.0,0.0
E2015,P003423,TEL,26,36,26.0,36.0,62,62.0,0.0
E2008,PKVD,BER,0,0,0.0,0.0,0,0.0,0.0
E2015,P006628,LMG,0,0,0.0,0.0,0,0.0,0.0
E2008,P001215,MAL,15,4,15.0,4.0,19,19.0,0.0
E2015,P001215,TEL,7,0,7.0,0.0,7,7.0,0.0
E2016,P001215,BAR,38,7,38.0,7.0,45,45.0,0.0
E2021,P010428,MCO,21,2,21.0,2.0,23,23.0,0.0
E2025,P012403,PRS,115,0,115.0,0.0,115,115.0,0.0
E2019,P008800,RED,19,27,19.0,27.0,46,46.0,0.0
E2023,P012766,BAS,0,0,0.0,0.0,0,0.0,0.0
E2015,P005918,PAN,85,118,85.0,118.0,203,203.0,0.0
E2016,P005918,PAN,91,111,91.0,111.0,202,202.0,0.0
E2017,P005918,RED,175,119,175.0,119.0,294,294.0,0.0
E2024,P011247,MAD,90,48,90.0,48.0,138,138.0,0.0
E2025,P011247,MAD,129,85,129.0,85.0,214,214.0,0.0
E2008,PAGW,BER,5,0,5.0,0.0,5,5.0,0.0
E2025,P013422,IST,0,0,0.0,0.0,0,0.0,0.0
E2007,PLPI,BAM,55,63,55.0,63.0,118,118.0,0.0
E2007,PTGX,BAS,3,4,3.0,4.0,7,7.0,0.0
E2010,PLIO,PAM,5,5,5.0,5.0,10,10.0,0.0
E2011,PBMT,MAD,31,47,31.0,47.0,78,78.0,0.0
E2012,PBMT,MAD,121,154,121.0,154.0,275,275.0,0.0
E2013,PBMT,MAD,140,170,140.0,170.0,310,310.0,0.0
E2014,PBMT,MAD,105,138,105.0,138.0,243,243.0,0.0
E2015,PBMT,MAD,38,56,38.0,56.0,94,94.0,0.0
E2016,PBMT,MAD,77,133,77.0,133.0,210,210.0,0.0
E2017,PBMT,MAD,49,124,49.0,124.0,173,173.0,0.0
E2018,PBMT,MAD,51,157,51.0,157.0,208,208.0,0.0
E2019,PBMT,MAD,33,125,33.0,125.0,158,158.0,0.0
E2020,PBMT,MAD,19,127,19.0,127.0,146,146.0,0.0
E2021,PBMT,MAD,32,165,32.0,165.0,197,197.0,0.0
E2022,PBMT,MAD,9,77,9.0,77.0,86,86.0,0.0
E2023,PBMT,MAD,4,63,4.0,63.0,67,67.0,0.0
E2024,P013667,MAD,37,1,37.0,1.0,38,38.0,0.0
E2025,P013667,MAD,15,0,15.0,0.0,15,15.0,0.0
E2025,P013667,PAR,161,2,161.0,2.0,163,163.0,0.0
E2019,P009101,PAM,2,0,2.0,0.0,2,2.0,0.0
E2020,P009101,PAM,0,1,0.0,1.0,1,1.0,0.0
E2022,P009101,PAM,1,12,1.0,12.0,13,13.0,0.0
E2023,P009101,PAM,0,10,0.0,10.0,10,10.0,0.0
E2017,P007636,PAM,0,0,0.0,0.0,0,0.0,0.0
E2025,P014219,VIR,9,11,9.0,11.0,20,20.0,0.0
E2021,P011281,PAN,6,8,6.0,8.0,14,14.0,0.0
E2015,P006527,TIV,39,0,39.0,0.0,39,39.0,0.0
E2007,PCTI,BAM,9,0,9.0,0.0,9,9.0,0.0
E2010,P002861,CIB,0,0,0.0,0.0,0,0.0,0.0
E2008,P001230,MIL,3,1,3.0,1.0,4,4.0,0.0
E2009,P001230,MIL,0,0,0.0,0.0,0,0.0,0.0
E2011,P001230,MIL,4,4,4.0,4.0,8,8.0,0.0
E2008,P001202,SIE,26,27,26.0,27.0,53,53.0,0.0
E2009,P001202,MIL,58,39,58.0,39.0,97,97.0,0.0
E2010,P001202,MIL,44,30,44.0,30.0,74,74.0,0.0
E2008,PKZY,TEL,106,0,106.0,0.0,106,106.0,0.0
E2009,PKZY,TEL,105,1,105.0,1.0,106,106.0,0.0
E2010,PKZY,MAD,102,0,102.0,0.0,102,102.0,0.0
E2011,PKZY,BIL,91,4,91.0,4.0,95,95.0,0.0
E2013,PKZY,BAM,24,0,24.0,0.0,24,24.0,0.0
E2014,PKZY,UNK,72,0,72.0,0.0,72,72.0,0.0
E2025,P013579,MUN,0,0,0.0,0.0,0,0.0,0.0
E2018,P007852,CAN,30,0,30.0,0.0,30,30.0,0.0
E2010,PLBZ,MAD,1,1,1.0,1.0,2,2.0,0.0
E2011,PLBZ,BIL,13,11,13.0,11.0,24,24.0,0.0
E2010,PKHU,MAL,14,14,14.0,14.0,28,28.0,0.0
E2011,PKHU,MAL,89,49,89.0,49.0,138,138.0,0.0
E2016,P007595,GAL,27,38,27.0,38.0,65,65.0,0.0
E2007,PTFS,TEL,105,12,105.0,12.0,117,117.0,0.0
E2008,PTFS,TEL,7,1,7.0,1.0,8,8.0,0.0
E2019,P005670,MUN,31,14,31.0,14.0,45,45.0,0.0
E2020,P005670,MUN,19,8,19.0,8.0,27,27.0,0.0
E2023,P005670,MIL,70,42,70.0,42.0,112,112.0,0.0
E2024,P005670,MIL,15,12,15.0,12.0,27,27.0,0.0
E2025,P005670,MIL,3,4,3.0,4.0,7,7.0,0.0
E2021,P010467,PAN,21,0,21.0,0.0,21,21.0,0.0
E2021,P010467,ULK,30,0,30.0,0.0,30,30.0,0.0
E2009,P001258,ASV,11,0,11.0,0.0,11,11.0,0.0
E2015,P001258,STR,18,0,18.0,0.0,18,18.0,0.0
E2009,PAJC,ASV,12,18,12.0,18.0,30,30.0,0.0
E2024,P013406,MCO,0,0,0.0,0.0,0,0.0,0.0
E2017,P006084,BAR,0,0,0.0,0.0,0,0.0,0.0
E2016,P004499,MIL,13,17,13.0,17.0,30,30.0,0.0
E2017,P004499,MIL,0,0,0.0,0.0,0,0.0,0.0
E2018,P004499,MIL,0,2,0.0,2.0,2,2.0,0.0
E2020,P004499,BER,145,103,145.0,103.0,248,248.0,0.0
E2021,P004499,BAS,161,122,161.0,122.0,283,283.0,0.0
E2012,P004246,ZAL,43,0,43.0,0.0,43,43.0,0.0
E2012,PLLX,BAM,110,51,110.0,51.0,161,161.0,0.0
E2013,PLLX,BAM,41,17,41.0,17.0,58,58.0,0.0
E2011,P003672,ZAG,7,3,7.0,3.0,10,10.0,0.0
E2014,P005980,SAS,3,6,3.0,6.0,9,9.0,0.0
E2015,P005980,SAS,4,5,4.0,5.0,9,9.0,0.0
E2024,P013367,BAS,209,58,209.0,58.0,267,267.0,0.0
E2025,P013367,BAS,139,57,139.0,57.0,196,196.0,0.0
E2014,PLMN,TEL,0,1,0.0,1.0,1,1.0,0.0
E2009,P001907,OLD,58,53,58.0,53.0,111,111.0,0.0
E2012,P001907,BER,53,43,53.0,43.0,96,96.0,0.0
E2013,P001907,NTR,23,27,23.0,27.0,50,50.0,0.0
E2020,P010386,PAN,66,36,66.0,36.0,102,102.0,0.0
E2008,PBEZ,PAN,45,67,45.0,67.0,112,112.0,0.0
E2009,PBEZ,PAN,37,32,37.0,32.0,69,69.0,0.0
E2010,PBEZ,PAN,46,71,46.0,71.0,117,117.0,0.0
E2011,PBEZ,MIL,48,58,48.0,58.0,106,106.0,0.0
E2012,PBEZ,MIL,22,41,22.0,41.0,63,63.0,0.0
E2013,PBEZ,PAN,32,106,32.0,106.0,138,138.0,0.0
E2014,PBEZ,PAN,41,85,41.0,85.0,126,126.0,0.0
E2015,PBEZ,PAN,32,67,32.0,67.0,99,99.0,0.0
E2016,PBEZ,PAN,15,31,15.0,31.0,46,46.0,0.0
E2024,P013380,OLY,211,254,211.0,254.0,465,465.0,0.0
E2025,P013380,OLY,139,236,139.0,236.0,375,375.0,0.0
E2008,000595,JOV,2,0,2.0,0.0,2,2.0,0.0
E2023,P007975,MUN,123,164,123.0,164.0,287,287.0,0.0
E2024,P007975,ZAL,146,219,146.0,219.0,365,365.0,0.0
E2025,P007975,ZAL,187,293,187.0,293.0,480,480.0,0.0
E2013,P005265,STR,0,0,0.0,0.0,0,0.0,0.0
E2021,P011223,DYR,49,48,49.0,48.0,97,97.0,0.0
E2011,P003390,SOP,4,12,4.0,12.0,16,16.0,0.0
E2019,P009842,PAN,122,108,122.0,108.0,230,230.0,0.0
E2009,PLOO,MAL,107,19,107.0,19.0,126,126.0,0.0
E2010,PLOO,MAL,125,11,125.0,11.0,136,136.0,0.0
E2011,PLOO,MAL,131,16,131.0,16.0,147,147.0,0.0
E2015,PLOO,CSK,59,0,59.0,0.0,59,59.0,0.0
E2016,PLOO,CSK,17,0,17.0,0.0,17,17.0,0.0
E2020,P010389,ASV,53,64,53.0,64.0,117,117.0,0.0
E2014,P004808,BER,7,0,7.0,0.0,7,7.0,0.0
E2009,PLLH,KHI,28,52,28.0,52.0,80,80.0,0.0
E2010,PLLH,KHI,32,32,32.0,32.0,64,64.0,0.0
E2012,PLLH,KHI,130,88,130.0,88.0,218,218.0,0.0
E2013,PLLH,CSK,56,94,56.0,94.0,150,150.0,0.0
E2014,PLLH,CSK,68,71,68.0,71.0,139,139.0,0.0
E2015,PLLH,CSK,48,70,48.0,70.0,118,118.0,0.0
E2016,PLLH,CSK,77,60,77.0,60.0,137,137.0,0.0
E2017,PLLH,CSK,44,34,44.0,34.0,78,78.0,0.0
E2020,PLLH,DYR,15,16,15.0,16.0,31,31.0,0.0
E2025,P014026,BAS,48,66,48.0,66.0,114,114.0,0.0
E2010,P002838,MAD,0,0,0.0,0.0,0,0.0,0.0
E2007,PADP,ROM,97,8,97.0,8.0,105,105.0,0.0
E2012,P001562,BER,0,0,0.0,0.0,0,0.0,0.0
E2013,P005432,MIL,0,0,0.0,0.0,0,0.0,0.0
E2007,PJKN,ROM,43,64,43.0,64.0,107,107.0,0.0
E2008,PJKN,ROM,20,42,20.0,42.0,62,62.0,0.0
E2007,PBIM,MAL,33,57,33.0,57.0,90,90.0,0.0
E2008,PBIM,MAL,11,15,11.0,15.0,26,26.0,0.0
E2014,PBIM,MAL,8,8,8.0,8.0,16,16.0,0.0
E2015,PBIM,MAL,5,1,5.0,1.0,6,6.0,0.0
E2015,P005881,KSK,37,43,37.0,43.0,80,80.0,0.0
E2016,P005881,PAN,44,49,44.0,49.0,93,93.0,0.0
E2017,P005881,PAN,28,66,28.0,66.0,94,94.0,0.0
E2024,P013383,TEL,43,4,43.0,4.0,47,47.0,0.0
E2024,P013383,PAN,88,1,88.0,1.0,89,89.0,0.0
E2025,P013383,MUN,166,11,166.0,11.0,177,177.0,0.0
E2007,PTES,MIL,15,4,15.0,4.0,19,19.0,0.0
E2012,P004229,PAR,33,0,33.0,0.0,33,33.0,0.0
E2013,P004229,PAR,68,0,68.0,0.0,68,68.0,0.0
E2014,P002009,KLA,56,59,56.0,59.0,115,115.0,0.0
E2012,P004196,CHL,0,0,0.0,0.0,0,0.0,0.0
E2008,PKSH,TEL,24,0,24.0,0.0,24,24.0,0.0
E2007,PTEP,MIL,19,16,19.0,16.0,35,35.0,0.0
E2014,P005023,KLA,38,0,38.0,0.0,38,38.0,0.0
E2007,PLDO,SIE,0,0,0.0,0.0,0,0.0,0.0
E2007,PKRD,MIL,75,44,75.0,44.0,119,119.0,0.0
E2011,PKRD,MIL,35,29,35.0,29.0,64,64.0,0.0
E2019,P008851,ASV,1,11,1.0,11.0,12,12.0,0.0
E2010,P002848,MIL,0,0,0.0,0.0,0,0.0,0.0
E2017,P004623,CSK,0,0,0.0,0.0,0,0.0,0.0
E2024,P012115,MIL,0,0,0.0,0.0,0,0.0,0.0
E2009,PAHV,MAD,72,51,72.0,51.0,123,123.0,0.0
E2010,PAHV,MAD,16,29,16.0,29.0,45,45.0,0.0
E2011,PAHV,MAL,37,48,37.0,48.0,85,85.0,0.0
E2007,P000615,TEL,54,37,54.0,37.0,91,91.0,0.0
E2007,P000018,BAS,2,2,2.0,2.0,4,4.0,0.0
E2010,P000018,BAS,1,0,1.0,0.0,1,1.0,0.0
E2010,P003238,MAL,0,2,0.0,2.0,2,2.0,0.0
E2010,PJCS,BAR,1,0,1.0,0.0,1,1.0,0.0
E2017,P004535,BAR,0,1,0.0,1.0,1,1.0,0.0
E2017,P005458,PAM,14,16,14.0,16.0,30,30.0,0.0
E2019,P005458,BAS,7,11,7.0,11.0,18,18.0,0.0
E2009,PBXR,OLD,12,20,12.0,20.0,32,32.0,0.0
E2017,P007994,BAS,55,22,55.0,22.0,77,77.0,0.0
E2018,P007994,BAS,33,36,33.0,36.0,69,69.0,0.0
E2019,P007994,BAS,25,25,25.0,25.0,50,50.0,0.0
E2020,P007994,ZAL,4,5,4.0,5.0,9,9.0,0.0
E2011,P003476,ZAG,9,5,9.0,5.0,14,14.0,0.0
E2007,PBOF,BAM,31,35,31.0,35.0,66,66.0,0.0
E2007,PLHB,VIR,45,26,45.0,26.0,71,71.0,0.0
E2021,P010107,MAD,3,0,3.0,0.0,3,3.0,0.0
E2019,P007630,MAD,31,6,31.0,6.0,37,37.0,0.0
E2020,P007630,MAD,78,41,78.0,41.0,119,119.0,0.0
E2024,P007630,MAD,55,34,55.0,34.0,89,89.0,0.0
E2025,P007630,MAD,134,5,134.0,5.0,139,139.0,0.0
E2020,PADF,BAR,21,6,21.0,6.0,27,27.0,0.0
E2015,P004836,LMG,11,19,11.0,19.0,30,30.0,0.0
E2010,P001252,BAM,43,33,43.0,33.0,76,76.0,0.0
E2011,P001252,BAM,31,39,31.0,39.0,70,70.0,0.0
E2012,P001252,BAM,111,109,111.0,109.0,220,220.0,0.0
E2013,P001252,BAM,49,34,49.0,34.0,83,83.0,0.0
E2014,P001252,MUN,28,18,28.0,18.0,46,46.0,0.0
E2015,P001252,MUN,20,11,20.0,11.0,31,31.0,0.0
E2017,P004624,CSK,0,0,0.0,0.0,0,0.0,0.0
E2020,P010516,IST,4,8,4.0,8.0,12,12.0,0.0
E2021,P010516,IST,4,5,4.0,5.0,9,9.0,0.0
E2022,P010516,IST,4,7,4.0,7.0,11,11.0,0.0
E2023,P010516,IST,6,17,6.0,17.0,23,23.0,0.0
E2019,P009753,ZAL,44,0,44.0,0.0,44,44.0,0.0
E2020,P009753,ZAL,68,0,68.0,0.0,68,68.0,0.0
E2007,PLTT,LIE,10,28,10.0,28.0,38,38.0,0.0
E2009,PLTT,LIE,41,62,41.0,62.0,103,103.0,0.0
E2010,PLTT,LIE,64,68,64.0,68.0,132,132.0,0.0
E2011,PLTT,OLY,26,46,26.0,46.0,72,72.0,0.0
E2012,PLTT,OLY,5,18,5.0,18.0,23,23.0,0.0
E2013,PLTT,LIE,27,61,27.0,61.0,88,88.0,0.0
E2019,P005686,IST,6,10,6.0,10.0,16,16.0,0.0
E2020,P005686,IST,7,2,7.0,2.0,9,9.0,0.0
E2021,P005686,IST,2,5,2.0,5.0,7,7.0,0.0
E2011,P003392,SOP,21,7,21.0,7.0,28,28.0,0.0
E2012,PBHN,CED,62,19,62.0,19.0,81,81.0,0.0
E2011,P000880,MIL,27,15,27.0,15.0,42,42.0,0.0
E2012,P000880,MIL,26,15,26.0,15.0,41,41.0,0.0
E2013,P000880,MIL,138,63,138.0,63.0,201,201.0,0.0
E2014,P000880,MIL,164,62,164.0,62.0,226,226.0,0.0
E2015,P000880,MIL,73,25,73.0,25.0,98,98.0,0.0
E2016,P000880,MIL,69,14,69.0,14.0,83,83.0,0.0
E2016,P000880,PAN,33,5,33.0,5.0,38,38.0,0.0
E2007,PTER,MIL,3,3,3.0,3.0,6,6.0,0.0
E2008,P000406,NIO,16,8,16.0,8.0,24,24.0,0.0
E2019,P008253,MUN,0,1,0.0,1.0,1,1.0,0.0
E2020,P008253,MUN,0,0,0.0,0.0,0,0.0,0.0
E2021,P008253,MUN,0,7,0.0,7.0,7,7.0,0.0
E2022,P008253,MUN,0,0,0.0,0.0,0,0.0,0.0
E2016,P007122,IST,0,0,0.0,0.0,0,0.0,0.0
E2022,P007122,ULK,1,1,1.0,1.0,2,2.0,0.0
E2007,PKXO,ROM,23,10,23.0,10.0,33,33.0,0.0
E2008,PKXO,ROM,20,4,20.0,4.0,24,24.0,0.0
E2009,PKXO,ROM,15,11,15.0,11.0,26,26.0,0.0
E2010,PKXO,ROM,14,8,14.0,8.0,22,22.0,0.0
E2011,PKXO,MIL,15,15,15.0,15.0,30,30.0,0.0
E2012,PKXO,MIL,1,0,1.0,0.0,1,1.0,0.0
E2011,P003675,CTU,17,7,17.0,7.0,24,24.0,0.0
E2012,PLRH,PAN,3,4,3.0,4.0,7,7.0,0.0
E2008,PAIH,NIO,8,0,8.0,0.0,8,8.0,0.0
E2016,P006702,MIL,0,0,0.0,0.0,0,0.0,0.0
E2010,P002873,SOP,52,19,52.0,19.0,71,71.0,0.0
E2022,P007513,ZAL,21,14,21.0,14.0,35,35.0,0.0
E2023,P007513,ZAL,69,54,69.0,54.0,123,123.0,0.0
E2024,P007513,ZAL,94,64,94.0,64.0,158,158.0,0.0
E2025,P007513,ZAL,16,21,16.0,21.0,37,37.0,0.0
E2019,P006436,BER,115,128,115.0,128.0,243,243.0,0.0
E2020,P006436,BAS,159,163,159.0,163.0,322,322.0,0.0
E2021,P006436,BAS,114,128,114.0,128.0,242,242.0,0.0
E2022,P006436,BAS,153,133,153.0,133.0,286,286.0,0.0
E2023,P006436,RED,145,129,145.0,129.0,274,274.0,0.0
E2024,P006436,RED,56,68,56.0,68.0,124,124.0,0.0
E2014,P001557,BER,58,48,58.0,48.0,106,106.0,0.0
E2019,P001557,BER,112,67,112.0,67.0,179,179.0,0.0
E2020,P001557,BER,101,55,101.0,55.0,156,156.0,0.0
E2021,P001557,ZAL,65,58,65.0,58.0,123,123.0,0.0
E2022,P001557,MUN,68,56,68.0,56.0,124,124.0,0.0
E2023,P001557,MUN,42,47,42.0,47.0,89,89.0,0.0
E2024,P001557,MUN,44,57,44.0,57.0,101,101.0,0.0
E2025,P001557,MUN,60,55,60.0,55.0,115,115.0,0.0
E2008,PKWC,ROM,32,11,32.0,11.0,43,43.0,0.0
E2009,PKWC,ROM,11,8,11.0,8.0,19,19.0,0.0
E2010,PKWC,ROM,4,1,4.0,1.0,5,5.0,0.0
E2013,PKWC,MIL,3,0,3.0,0.0,3,3.0,0.0
E2014,PKWC,MIL,3,0,3.0,0.0,3,3.0,0.0
E2017,P008001,KHI,159,69,159.0,69.0,228,228.0,0.0
E2018,P008001,KHI,66,32,66.0,32.0,98,98.0,0.0
E2019,P008001,KHI,84,50,84.0,50.0,134,134.0,0.0
E2022,P011941,MUN,136,0,136.0,0.0,136,136.0,0.0
E2023,P011941,RED,27,0,27.0,0.0,27,27.0,0.0
E2023,P011941,MUN,26,0,26.0,0.0,26,26.0,0.0
E2024,P011941,MIL,39,0,39.0,0.0,39,39.0,0.0
E2025,P010550,HTA,32,10,32.0,10.0,42,42.0,0.0
E2009,PACQ,LIE,1,5,1.0,5.0,6,6.0,0.0
E2007,P000689,MIL,14,7,14.0,7.0,21,21.0,0.0
E2007,PBXA,VIR,59,32,59.0,32.0,91,91.0,0.0
E2012,PCSI,BAM,68,44,68.0,44.0,112,112.0,0.0
E2014,P005024,KLA,27,18,27.0,18.0,45,45.0,0.0
E2008,PAFI,ULK,31,20,31.0,20.0,51,51.0,0.0
E2009,PAFI,ULK,41,30,41.0,30.0,71,71.0,0.0
E2010,P002980,PAR,93,45,93.0,45.0,138,138.0,0.0
E2011,P002980,ULK,66,28,66.0,28.0,94,94.0,0.0
E2012,P002980,MAL,48,26,48.0,26.0,74,74.0,0.0
E2012,P002980,PAN,79,49,79.0,49.0,128,128.0,0.0
E2013,P002980,PAN,129,38,129.0,38.0,167,167.0,0.0
E2014,P002980,PAN,132,72,132.0,72.0,204,204.0,0.0
E2015,P002980,PAN,151,58,151.0,58.0,209,209.0,0.0
E2016,P002980,PAN,81,18,81.0,18.0,99,99.0,0.0
E2017,P002980,PAN,192,48,192.0,48.0,240,240.0,0.0
E2018,P002980,PAN,153,23,153.0,23.0,176,176.0,0.0
E2019,P002980,RED,144,19,144.0,19.0,163,163.0,0.0
E2020,P002980,MUN,96,12,96.0,12.0,108,108.0,0.0
E2021,P002980,ASV,127,27,127.0,27.0,154,154.0,0.0
E2007,PBZW,ROM,0,2,0.0,2.0,2,2.0,0.0
E2013,P005274,NTR,15,24,15.0,24.0,39,39.0,0.0
E2022,P011261,PAR,0,1,0.0,1.0,1,1.0,0.0
E2009,PBVP,OLY,4,0,4.0,0.0,4,4.0,0.0
E2010,PBVP,OLY,8,0,8.0,0.0,8,8.0,0.0
E2011,PBVP,OLY,26,0,26.0,0.0,26,26.0,0.0
E2013,PBVP,LIE,17,0,17.0,0.0,17,17.0,0.0
E2010,P000499,BAM,9,29,9.0,29.0,38,38.0,0.0
E2012,P000499,BAM,23,44,23.0,44.0,67,67.0,0.0
E2013,P000499,BAM,7,24,7.0,24.0,31,31.0,0.0
E2025,P012336,TEL,0,0,0.0,0.0,0,0.0,0.0
E2009,PAGI,PAN,2,3,2.0,3.0,5,5.0,0.0
E2011,PLCK,UNK,4,2,4.0,2.0,6,6.0,0.0
E2014,PLCK,NOV,3,4,3.0,4.0,7,7.0,0.0
E2008,P001236,LJU,49,0,49.0,0.0,49,49.0,0.0
E2009,P001236,LJU,45,0,45.0,0.0,45,45.0,0.0
E2011,P001236,BAS,7,0,7.0,0.0,7,7.0,0.0
E2014,P001236,MAL,119,0,119.0,0.0,119,119.0,0.0
E2015,P001236,STR,87,0,87.0,0.0,87,87.0,0.0
E2014,P004435,BAS,5,4,5.0,4.0,9,9.0,0.0
E2008,P000074,LEM,0,0,0.0,0.0,0,0.0,0.0
E2008,P001216,MAL,53,26,53.0,26.0,79,79.0,0.0
E2009,P001216,MAL,2,4,2.0,4.0,6,6.0,0.0
E2010,P001216,CHA,66,37,66.0,37.0,103,103.0,0.0
E2007,PAWN,IST,89,10,89.0,10.0,99,99.0,0.0
E2008,PAWN,IST,56,2,56.0,2.0,58,58.0,0.0
E2010,PAWN,IST,84,10,84.0,10.0,94,94.0,0.0
E2011,PAWN,IST,2,0,2.0,0.0,2,2.0,0.0
E2012,PAWN,IST,124,2,124.0,2.0,126,126.0,0.0
E2013,PAWN,IST,78,1,78.0,1.0,79,79.0,0.0
E2014,PAWN,GAL,96,1,96.0,1.0,97,97.0,0.0
E2015,PAWN,KSK,25,9,25.0,9.0,34,34.0,0.0
E2022,P011649,MAD,0,0,0.0,0.0,0,0.0,0.0
E2023,P011649,MAD,1,4,1.0,4.0,5,5.0,0.0
E2024,P011649,MAD,28,27,28.0,27.0,55,55.0,0.0
E2017,P008032,BAS,0,1,0.0,1.0,1,1.0,0.0
E2018,P008032,BAS,0,1,0.0,1.0,1,1.0,0.0
E2019,P008032,BAS,1,3,1.0,3.0,4,4.0,0.0
E2013,P004324,NIK,1,11,1.0,11.0,12,12.0,0.0
E2010,P000531,ROM,17,30,17.0,30.0,47,47.0,0.0
E2012,P000531,PAR,13,7,13.0,7.0,20,20.0,0.0
E2014,P000531,CED,53,39,53.0,39.0,92,92.0,0.0
E2015,P000531,CED,68,36,68.0,36.0,104,104.0,0.0
E2018,P000531,BUD,146,79,146.0,79.0,225,225.0,0.0
E2012,P004230,PAR,74,9,74.0,9.0,83,83.0,0.0
E2009,P001310,CIB,116,51,116.0,51.0,167,167.0,0.0
E2010,P001310,CSK,69,33,69.0,33.0,102,102.0,0.0
E2011,P001310,CSK,75,46,75.0,46.0,121,121.0,0.0
E2013,P001310,GAL,22,18,22.0,18.0,40,40.0,0.0
E2007,PAUC,CSK,120,29,120.0,29.0,149,149.0,0.0
E2007,PBPV,LJU,21,7,21.0,7.0,28,28.0,0.0
E2014,P005944,ZGO,0,0,0.0,0.0,0,0.0,0.0
E2014,P004903,ULK,224,154,224.0,154.0,378,378.0,0.0
E2016,P004903,TEL,143,107,143.0,107.0,250,250.0,0.0
E2017,P004903,MIL,150,128,150.0,128.0,278,278.0,0.0
E2025,P014028,RED,6,24,6.0,24.0,30,30.0,0.0
E2013,P003024,MAL,128,41,128.0,41.0,169,169.0,0.0
E2014,P003024,MAL,141,57,141.0,57.0,198,198.0,0.0
E2015,P003024,IST,134,89,134.0,89.0,223,223.0,0.0
E2016,P003024,IST,188,113,188.0,113.0,301,301.0,0.0
E2017,P003024,BAS,125,116,125.0,116.0,241,241.0,0.0
E2018,P003024,BAS,39,42,39.0,42.0,81,81.0,0.0
E2020,P003024,BER,102,113,102.0,113.0,215,215.0,0.0
E2021,P003024,BAS,88,130,88.0,130.0,218,218.0,0.0
E2021,P011204,MIL,39,37,39.0,37.0,76,76.0,0.0
E2023,P011204,PAN,143,113,143.0,113.0,256,256.0,0.0
E2024,P011204,PAN,131,114,131.0,114.0,245,245.0,0.0
E2025,P011204,PAN,145,93,145.0,93.0,238,238.0,0.0
E2011,P003438,NAN,11,14,11.0,14.0,25,25.0,0.0
E2019,P008250,MUN,0,0,0.0,0.0,0,0.0,0.0
E2020,P008250,MUN,1,4,1.0,4.0,5,5.0,0.0
E2009,P001934,CIB,18,8,18.0,8.0,26,26.0,0.0
E2021,P010549,MCO,16,16,16.0,16.0,32,32.0,0.0
E2024,P005738,VIR,46,37,46.0,37.0,83,83.0,0.0
E2011,P003326,CHA,47,30,47.0,30.0,77,77.0,0.0
E2014,P003326,MAL,77,61,77.0,61.0,138,138.0,0.0
E2011,P003457,LJU,43,32,43.0,32.0,75,75.0,0.0
E2010,PJTH,CHA,42,35,42.0,35.0,77,77.0,0.0
E2007,PKOO,BAM,21,56,21.0,56.0,77,77.0,0.0
E2013,PKOO,MUN,0,0,0.0,0.0,0,0.0,0.0
E2013,P005159,SIE,72,35,72.0,35.0,107,107.0,0.0
E2016,P005159,OLY,174,120,174.0,120.0,294,294.0,0.0
E2017,P005159,PAM,180,103,180.0,103.0,283,283.0,0.0
E2018,P005159,ULK,65,49,65.0,49.0,114,114.0,0.0
E2018,P009037,KHI,31,19,31.0,19.0,50,50.0,0.0
E2008,P001273,ULK,33,54,33.0,54.0,87,87.0,0.0
E2012,P001273,CED,24,38,24.0,38.0,62,62.0,0.0
E2008,PJGM,TEL,34,0,34.0,0.0,34,34.0,0.0
E2009,PJGM,TEL,14,0,14.0,0.0,14,14.0,0.0
E2010,PJGM,TEL,20,0,20.0,0.0,20,20.0,0.0
E2008,PKNA,NAN,21,38,21.0,38.0,59,59.0,0.0
E2007,PCRR,OLY,127,79,127.0,79.0,206,206.0,0.0
E2008,PCRR,OLY,98,80,98.0,80.0,178,178.0,0.0
E2009,PCRR,ULK,40,30,40.0,30.0,70,70.0,0.0
E2010,PCRR,ULK,20,15,20.0,15.0,35,35.0,0.0
E2011,PCRR,UNK,77,36,77.0,36.0,113,113.0,0.0
E2008,PKMZ,NAN,88,26,88.0,26.0,114,114.0,0.0
E2013,PKMZ,STR,45,13,45.0,13.0,58,58.0,0.0
E2007,PKOJ,IST,110,46,110.0,46.0,156,156.0,0.0
E2010,PKOJ,LJU,186,18,186.0,18.0,204,204.0,0.0
E2011,PKOJ,NAN,27,3,27.0,3.0,30,30.0,0.0
E2018,P002328,ZAL,112,77,112.0,77.0,189,189.0,0.0
E2019,P002328,ZAL,41,44,41.0,44.0,85,85.0,0.0
E2020,P002328,ZAL,154,158,154.0,158.0,312,312.0,0.0
E2021,P002328,CSK,34,58,34.0,58.0,92,92.0,0.0
E2022,P002328,PAN,53,85,53.0,85.0,138,138.0,0.0
E2023,P002328,PAN,99,168,99.0,168.0,267,267.0,0.0
E2024,P002328,PAN,4,8,4.0,8.0,12,12.0,0.0
E2025,P002328,PAN,5,16,5.0,16.0,21,21.0,0.0
E2013,P003568,TIV,10,13,10.0,13.0,23,23.0,0.0
E2007,PBKE,BAR,104,59,104.0,59.0,163,163.0,0.0
E2008,PBKE,BAR,80,23,80.0,23.0,103,103.0,0.0
E2009,PBKE,BAR,52,22,52.0,22.0,74,74.0,0.0
E2010,PBKE,BAR,63,13,63.0,13.0,76,76.0,0.0
E2011,PBKE,BIL,60,19,60.0,19.0,79,79.0,0.0
E2025,P013555,MAD,0,0,0.0,0.0,0,0.0,0.0
E2024,P012099,BER,2,0,2.0,0.0,2,2.0,0.0
E2024,P012103,BAR,1,1,1.0,1.0,2,2.0,0.0
E2015,P005004,GSS,8,17,8.0,17.0,25,25.0,0.0
E2014,P001097,PAM,1,0,1.0,0.0,1,1.0,0.0
E2009,PKLS,KHI,7,7,7.0,7.0,14,14.0,0.0
E2011,PKLS,UNK,9,4,9.0,4.0,13,13.0,0.0
E2014,PKLS,UNK,6,5,6.0,5.0,11,11.0,0.0
E2018,PKLS,KHI,6,6,6.0,6.0,12,12.0,0.0
E2013,P003120,ZAL,16,4,16.0,4.0,20,20.0,0.0
E2014,P003120,ZAL,80,5,80.0,5.0,85,85.0,0.0
E2017,P003120,MIL,146,0,146.0,0.0,146,146.0,0.0
E2018,P003120,MIL,122,0,122.0,0.0,122,122.0,0.0
E2019,P003120,MIL,78,1,78.0,1.0,79,79.0,0.0
E2020,P003120,DYR,158,0,158.0,0.0,158,158.0,0.0
E2021,P003120,DYR,77,0,77.0,0.0,77,77.0,0.0
E2022,P003120,PAN,128,0,128.0,0.0,128,128.0,0.0
E2012,P002439,CSK,0,0,0.0,0.0,0,0.0,0.0
E2013,P002439,CSK,0,0,0.0,0.0,0,0.0,0.0
E2015,P004004,RED,57,62,57.0,62.0,119,119.0,0.0
E2016,P004004,RED,82,92,82.0,92.0,174,174.0,0.0
E2017,P004004,ULK,78,83,78.0,83.0,161,161.0,0.0
E2018,P004004,ULK,97,109,97.0,109.0,206,206.0,0.0
E2020,P004004,ULK,92,103,92.0,103.0,195,195.0,0.0
E2021,P004004,ULK,90,127,90.0,127.0,217,217.0,0.0
E2022,P004004,ULK,143,169,143.0,169.0,312,312.0,0.0
E2023,P004004,ULK,115,128,115.0,128.0,243,243.0,0.0
E2024,P004004,ULK,134,125,134.0,125.0,259,259.0,0.0
E2025,P004004,MIL,102,120,102.0,120.0,222,222.0,0.0
E2024,P012262,ASV,0,0,0.0,0.0,0,0.0,0.0
E2024,P012168,MAD,0,0,0.0,0.0,0,0.0,0.0
E2012,PAWQ,BES,47,30,47.0,30.0,77,77.0,0.0
E2008,P000494,IST,1,3,1.0,3.0,4,4.0,0.0
E2009,P000494,IST,6,7,6.0,7.0,13,13.0,0.0
E2010,P000494,IST,34,22,34.0,22.0,56,56.0,0.0
E2011,P000494,IST,35,30,35.0,30.0,65,65.0,0.0
E2012,P000494,IST,34,24,34.0,24.0,58,58.0,0.0
E2013,P000494,GAL,54,31,54.0,31.0,85,85.0,0.0
E2014,P000494,GAL,114,61,114.0,61.0,175,175.0,0.0
E2016,P000494,GAL,171,129,171.0,129.0,300,300.0,0.0
E2017,P000494,ULK,11,10,11.0,10.0,21,21.0,0.0
E2018,P000494,ULK,22,9,22.0,9.0,31,31.0,0.0
E2007,PABC,SOP,79,73,79.0,73.0,152,152.0,0.0
E2021,P009537,RED,0,0,0.0,0.0,0,0.0,0.0
E2015,P004996,KSK,6,0,6.0,0.0,6,6.0,0.0
E2021,P004996,IST,0,0,0.0,0.0,0,0.0,0.0
E2023,P011826,PAN,7,19,7.0,19.0,26,26.0,0.0
E2016,P007355,GAL,1,1,1.0,1.0,2,2.0,0.0
E2012,P001844,SIE,83,45,83.0,45.0,128,128.0,0.0
E2013,P001844,SIE,67,22,67.0,22.0,89,89.0,0.0
E2013,P001844,MIL,95,56,95.0,56.0,151,151.0,0.0
E2014,P001844,MIL,147,84,147.0,84.0,231,231.0,0.0
E2015,P001844,OLY,79,56,79.0,56.0,135,135.0,0.0
E2016,P001844,OLY,33,15,33.0,15.0,48,48.0,0.0
E2017,P001844,BAM,98,65,98.0,65.0,163,163.0,0.0
E2018,P001844,CSK,92,51,92.0,51.0,143,143.0,0.0
E2019,P001844,CSK,76,77,76.0,77.0,153,153.0,0.0
E2020,P001844,CSK,101,95,101.0,95.0,196,196.0,0.0
E2021,P001844,CSK,81,62,81.0,62.0,143,143.0,0.0
E2022,P001844,VIR,70,63,70.0,63.0,133,133.0,0.0
E2023,P001844,VIR,104,89,104.0,89.0,193,193.0,0.0
E2024,P001844,VIR,34,36,34.0,36.0,70,70.0,0.0
E2025,P001844,VIR,36,52,36.0,52.0,88,88.0,0.0
E2008,PKMF,TEL,7,5,7.0,5.0,12,12.0,0.0
E2009,P001909,OLD,8,4,8.0,4.0,12,12.0,0.0
E2010,P002856,SIE,93,19,93.0,19.0,112,112.0,0.0
E2011,P002856,MIL,90,25,90.0,25.0,115,115.0,0.0
E2012,P002856,MIL,70,26,70.0,26.0,96,96.0,0.0
E2013,P002856,GAL,133,28,133.0,28.0,161,161.0,0.0
E2007,PKMV,MAL,120,39,120.0,39.0,159,159.0,0.0
E2008,PKMV,MAL,75,52,75.0,52.0,127,127.0,0.0
E2009,PKMV,PAN,22,8,22.0,8.0,30,30.0,0.0
E2010,PKMV,BAS,9,9,9.0,9.0,18,18.0,0.0
E2014,P003926,BAR,0,5,0.0,5.0,5,5.0,0.0
E2007,P000691,ROA,19,16,19.0,16.0,35,35.0,0.0
E2011,P003538,ZAG,2,0,2.0,0.0,2,2.0,0.0
E2021,P011205,MIL,158,140,158.0,140.0,298,298.0,0.0
E2022,P011205,MIL,86,81,86.0,81.0,167,167.0,0.0
E2023,P011205,MIL,118,96,118.0,96.0,214,214.0,0.0
E2024,P011205,ULK,97,93,97.0,93.0,190,190.0,0.0
E2025,P011205,ULK,128,110,128.0,110.0,238,238.0,0.0
E2021,P011196,MCO,160,2,160.0,2.0,162,162.0,0.0
E2022,P011196,MCO,166,1,166.0,1.0,167,167.0,0.0
E2023,P011196,MCO,99,1,99.0,1.0,100,100.0,0.0
E2024,P011196,BAS,161,1,161.0,1.0,162,162.0,0.0
E2025,P011196,OLY,131,1,131.0,1.0,132,132.0,0.0
E2020,P009578,RED,77,29,77.0,29.0,106,106.0,0.0
E2008,P001231,MIL,60,59,60.0,59.0,119,119.0,0.0
E2009,P001231,MIL,28,42,28.0,42.0,70,70.0,0.0
E2007,PAOZ,TEL,92,72,92.0,72.0,164,164.0,0.0
E2008,PAOZ,OLY,54,48,54.0,48.0,102,102.0,0.0
E2009,PAOZ,OLY,37,27,37.0,27.0,64,64.0,0.0
E2010,PAOZ,OLY,22,20,22.0,20.0,42,42.0,0.0
E2022,P012405,IST,0,0,0.0,0.0,0,0.0,0.0
E2007,PJSS,BAM,68,34,68.0,34.0,102,102.0,0.0
E2008,PJSS,BER,29,25,29.0,25.0,54,54.0,0.0
E2013,PJSS,MUN,4,3,4.0,3.0,7,7.0,0.0
E2020,P009782,ULK,18,0,18.0,0.0,18,18.0,0.0
E2010,PCSW,CHA,23,13,23.0,13.0,36,36.0,0.0
E2011,PCSW,CHA,28,27,28.0,27.0,55,55.0,0.0
E2013,P004317,BAS,71,31,71.0,31.0,102,102.0,0.0
E2014,P004317,BAS,14,8,14.0,8.0,22,22.0,0.0
E2007,PJUH,MAD,5,0,5.0,0.0,5,5.0,0.0
E2008,PJUH,MAD,10,0,10.0,0.0,10,10.0,0.0
E2008,P001455,IST,7,6,7.0,6.0,13,13.0,0.0
E2014,P001455,BER,70,68,70.0,68.0,138,138.0,0.0
E2011,PLFN,BIL,3,0,3.0,0.0,3,3.0,0.0
E2013,P005099,BAS,41,28,41.0,28.0,69,69.0,0.0
E2015,P005099,BAS,107,61,107.0,61.0,168,168.0,0.0
E2016,P005099,BAS,164,119,164.0,119.0,283,283.0,0.0
E2017,P005099,BAR,109,72,109.0,72.0,181,181.0,0.0
E2018,P005099,BAR,123,71,123.0,71.0,194,194.0,0.0
E2019,P005099,BAR,75,58,75.0,58.0,133,133.0,0.0
E2020,P005099,BAR,101,70,101.0,70.0,171,171.0,0.0
E2021,P005099,MAD,95,71,95.0,71.0,166,166.0,0.0
E2022,P005099,MAD,54,47,54.0,47.0,101,101.0,0.0
E2023,P005099,RED,89,99,89.0,99.0,188,188.0,0.0
E2025,P013304,TEL,26,0,26.0,0.0,26,26.0,0.0
E2015,P006598,ZAL,117,64,117.0,64.0,181,181.0,0.0
E2018,P006402,CAN,70,56,70.0,56.0,126,126.0,0.0
E2014,P003500,BAS,9,22,9.0,22.0,31,31.0,0.0
E2009,PJKM,MAD,25,42,25.0,42.0,67,67.0,0.0
E2019,P009864,OLY,0,0,0.0,0.0,0,0.0,0.0
E2014,P004902,PAM,36,35,36.0,35.0,71,71.0,0.0
E2015,P004902,DAR,97,64,97.0,64.0,161,161.0,0.0
E2016,P004902,DAR,43,37,43.0,37.0,80,80.0,0.0
E2013,P003534,TEL,0,0,0.0,0.0,0,0.0,0.0
E2014,P003534,TEL,0,0,0.0,0.0,0,0.0,0.0
E2007,PBCM,SOP,29,35,29.0,35.0,64,64.0,0.0
E2022,P011970,PAM,108,124,108.0,124.0,232,232.0,0.0
E2023,P011970,PAM,68,79,68.0,79.0,147,147.0,0.0
E2008,P001711,LJU,4,3,4.0,3.0,7,7.0,0.0
E2009,P001711,SOP,23,14,23.0,14.0,37,37.0,0.0
E2013,P005460,BAM,0,0,0.0,0.0,0,0.0,0.0
E2015,P005460,BAM,59,4,59.0,4.0,63,63.0,0.0
E2016,P005460,BAM,5,0,5.0,0.0,5,5.0,0.0
E2022,P005460,MUN,46,7,46.0,7.0,53,53.0,0.0
E2023,P005460,MUN,47,2,47.0,2.0,49,49.0,0.0
E2024,P005460,MUN,60,6,60.0,6.0,66,66.0,0.0
E2020,P008930,OLY,65,94,65.0,94.0,159,159.0,0.0
E2018,P009473,KHI,17,15,17.0,15.0,32,32.0,0.0
E2024,P013371,ASV,116,36,116.0,36.0,152,152.0,0.0
E2025,P013371,ASV,137,50,137.0,50.0,187,187.0,0.0
E2016,P005846,ZAL,3,2,3.0,2.0,5,5.0,0.0
E2007,PBCS,PAN,24,27,24.0,27.0,51,51.0,0.0
E2008,PBCS,PAN,9,17,9.0,17.0,26,26.0,0.0
E2007,PKMO,BAM,4,1,4.0,1.0,5,5.0,0.0
E2007,PKZA,ROM,114,48,114.0,48.0,162,162.0,0.0
E2008,PKZA,MIL,108,59,108.0,59.0,167,167.0,0.0
E2009,PKZA,SIE,97,37,97.0,37.0,134,134.0,0.0
E2010,PKZA,MIL,61,43,61.0,43.0,104,104.0,0.0
E2020,P010390,ASV,41,1,41.0,1.0,42,42.0,0.0
E2022,P010390,ZAL,156,0,156.0,0.0,156,156.0,0.0
E2023,P010390,ZAL,140,3,140.0,3.0,143,143.0,0.0
E2024,P010390,PRS,155,1,155.0,1.0,156,156.0,0.0
E2025,P010390,MCO,168,1,168.0,1.0,169,169.0,0.0
E2019,P008962,ZAL,73,78,73.0,78.0,151,151.0,0.0
E2020,P008962,ZAL,122,122,122.0,122.0,244,244.0,0.0
E2021,P008962,BAR,102,45,102.0,45.0,147,147.0,0.0
E2022,P008962,ULK,169,121,169.0,121.0,290,290.0,0.0
E2023,P008962,ULK,192,183,192.0,183.0,375,375.0,0.0
E2024,P008962,ULK,249,222,249.0,222.0,471,471.0,0.0
E2025,P008962,PAN,97,88,97.0,88.0,185,185.0,0.0
E2013,P003601,MIL,16,22,16.0,22.0,38,38.0,0.0
E2014,P003601,TEL,47,73,47.0,73.0,120,120.0,0.0
E2015,P003601,PAN,11,22,11.0,22.0,33,33.0,0.0
E2015,P003601,SAS,49,60,49.0,60.0,109,109.0,0.0
E2021,P011201,ULK,51,41,51.0,41.0,92,92.0,0.0
E2022,P011201,ULK,22,5,22.0,5.0,27,27.0,0.0
E2023,P011201,ULK,3,1,3.0,1.0,4,4.0,0.0
E2025,P011201,IST,103,61,103.0,61.0,164,164.0,0.0
E2015,P006420,BAM,35,24,35.0,24.0,59,59.0,0.0
E2016,P006420,BAM,34,33,34.0,33.0,67,67.0,0.0
E2017,P006420,BAM,20,6,20.0,6.0,26,26.0,0.0
E2022,P012259,BAS,11,14,11.0,14.0,25,25.0,0.0
E2010,P002833,TEL,92,0,92.0,0.0,92,92.0,0.0
E2011,P002833,TEL,133,2,133.0,2.0,135,135.0,0.0
E2012,P002833,MIL,34,0,34.0,0.0,34,34.0,0.0
E2013,P002833,TIV,171,4,171.0,4.0,175,175.0,0.0
E2015,P002833,MAL,108,4,108.0,4.0,112,112.0,0.0
E2019,P006754,BAS,104,61,104.0,61.0,165,165.0,0.0
E2020,P006754,BAS,202,82,202.0,82.0,284,284.0,0.0
E2021,P006754,ULK,110,96,110.0,96.0,206,206.0,0.0
E2022,P006754,BAS,74,31,74.0,31.0,105,105.0,0.0
E2008,PLLY,BER,2,1,2.0,1.0,3,3.0,0.0
E2019,P008780,BER,185,86,185.0,86.0,271,271.0,0.0
E2020,P008780,PAM,107,47,107.0,47.0,154,154.0,0.0
E2022,P008780,PAM,3,4,3.0,4.0,7,7.0,0.0
E2023,P008780,BER,54,23,54.0,23.0,77,77.0,0.0
E2023,P008780,PAM,6,3,6.0,3.0,9,9.0,0.0
E2024,P008780,BER,128,62,128.0,62.0,190,190.0,0.0
E2007,P000699,BAR,0,0,0.0,0.0,0,0.0,0.0
E2008,PAMP,JOV,67,6,67.0,6.0,73,73.0,0.0
E2012,PAMP,BAS,2,0,2.0,0.0,2,2.0,0.0
E2023,P012712,PAN,46,72,46.0,72.0,118,118.0,0.0
E2024,P012712,PAN,153,142,153.0,142.0,295,295.0,0.0
E2025,P012712,PAN,116,149,116.0,149.0,265,265.0,0.0
E2012,P003196,MAD,7,0,7.0,0.0,7,7.0,0.0
E2015,P003196,MAD,42,0,42.0,0.0,42,42.0,0.0
E2023,P003196,BAR,266,11,266.0,11.0,277,277.0,0.0
E2024,P003196,BAR,167,1,167.0,1.0,168,168.0,0.0
E2025,P003196,BAR,143,4,143.0,4.0,147,147.0,0.0
E2024,P012611,PRS,9,54,9.0,54.0,63,63.0,0.0
E2025,P012611,PRS,41,182,41.0,182.0,223,223.0,0.0
E2009,PBRQ,BAS,25,21,25.0,21.0,46,46.0,0.0
E2007,PLIM,IST,2,2,2.0,2.0,4,4.0,0.0
E2012,PLIM,BES,15,10,15.0,10.0,25,25.0,0.0
E2015,PLIM,ULK,10,7,10.0,7.0,17,17.0,0.0
E2016,PLIM,ULK,3,2,3.0,2.0,5,5.0,0.0
E2017,PLIM,ULK,0,0,0.0,0.0,0,0.0,0.0
E2018,PLIM,ULK,0,0,0.0,0.0,0,0.0,0.0
E2017,P008200,BAR,0,0,0.0,0.0,0,0.0,0.0
E2007,PCRF,MAD,82,47,82.0,47.0,129,129.0,0.0
E2008,PCRF,MAD,53,44,53.0,44.0,97,97.0,0.0
E2011,PCRF,BIL,65,9,65.0,9.0,74,74.0,0.0
E2009,P001836,ORL,2,3,2.0,3.0,5,5.0,0.0
E2012,P002334,BER,0,0,0.0,0.0,0,0.0,0.0
E2007,PTEV,ROA,55,54,55.0,54.0,109,109.0,0.0
E2012,P004431,MAD,38,6,38.0,6.0,44,44.0,0.0
E2013,P004431,MAL,40,24,40.0,24.0,64,64.0,0.0
E2011,PKLT,BAS,19,17,19.0,17.0,36,36.0,0.0
E2012,PKLT,BAS,84,71,84.0,71.0,155,155.0,0.0
E2013,PKLT,BAS,105,51,105.0,51.0,156,156.0,0.0
E2014,PKLT,BAS,45,32,45.0,32.0,77,77.0,0.0
E2014,PKLT,IST,90,61,90.0,61.0,151,151.0,0.0
E2015,PKLT,IST,131,82,131.0,82.0,213,213.0,0.0
E2016,PKLT,IST,264,104,264.0,104.0,368,368.0,0.0
E2017,PKLT,BAR,168,92,168.0,92.0,260,260.0,0.0
E2018,PKLT,BAR,207,80,207.0,80.0,287,287.0,0.0
E2019,PKLT,BAR,3,10,3.0,10.0,13,13.0,0.0
E2020,PKLT,BAR,26,19,26.0,19.0,45,45.0,0.0
E2021,PKLT,MAD,112,90,112.0,90.0,202,202.0,0.0
E2025,PKLT,ASV,112,81,112.0,81.0,193,193.0,0.0
E2010,P002818,ROM,28,18,28.0,18.0,46,46.0,0.0
E2011,P002818,ZAG,24,42,24.0,42.0,66,66.0,0.0
E2012,P003108,BAR,6,0,6.0,0.0,6,6.0,0.0
E2013,P003108,BAR,13,8,13.0,8.0,21,21.0,0.0
E2014,P003108,BAR,56,76,56.0,76.0,132,132.0,0.0
E2020,P003108,PAN,41,41,41.0,41.0,82,82.0,0.0
E2021,P003108,UNK,164,129,164.0,129.0,293,293.0,0.0
E2022,P003108,MAD,131,178,131.0,178.0,309,309.0,0.0
E2023,P003108,MAD,184,195,184.0,195.0,379,379.0,0.0
E2024,P003108,MAD,226,232,226.0,232.0,458,458.0,0.0
E2025,P003108,MAD,280,222,280.0,222.0,502,502.0,0.0
E2012,P004159,TEL,149,101,149.0,101.0,250,250.0,0.0
E2013,P004159,TEL,183,92,183.0,92.0,275,275.0,0.0
E2014,P004159,ULK,65,57,65.0,57.0,122,122.0,0.0
E2015,P004159,ULK,42,29,42.0,29.0,71,71.0,0.0
E2016,P004159,MIL,129,109,129.0,109.0,238,238.0,0.0
E2017,P004159,BAM,119,141,119.0,141.0,260,260.0,0.0
E2024,P012640,PRS,188,280,188.0,280.0,468,468.0,0.0
E2025,P012640,PRS,277,248,277.0,248.0,525,525.0,0.0
E2015,P006450,CSK,105,63,105.0,63.0,168,168.0,0.0
E2016,P006450,CSK,152,62,152.0,62.0,214,214.0,0.0
E2017,P006450,CSK,253,88,253.0,88.0,341,341.0,0.0
E2018,P006450,CSK,213,104,213.0,104.0,317,317.0,0.0
E2019,P006450,BAR,143,75,143.0,75.0,218,218.0,0.0
E2020,P006450,BAR,267,105,267.0,105.0,372,372.0,0.0
E2021,P006450,BAR,71,34,71.0,34.0,105,105.0,0.0
E2022,P006450,BAR,130,83,130.0,83.0,213,213.0,0.0
E2010,P001860,CHA,41,39,41.0,39.0,80,80.0,0.0
E2011,P001860,CHA,53,46,53.0,46.0,99,99.0,0.0
E2018,P008989,BAS,136,121,136.0,121.0,257,257.0,0.0
E2019,P008989,CSK,94,136,94.0,136.0,230,230.0,0.0
E2020,P008989,CSK,145,150,145.0,150.0,295,295.0,0.0
E2021,P008989,MUN,86,122,86.0,122.0,208,208.0,0.0
E2022,P008989,TEL,43,94,43.0,94.0,137,137.0,0.0
E2010,P002812,BAM,84,0,84.0,0.0,84,84.0,0.0
E2011,P002812,OLY,158,0,158.0,0.0,158,158.0,0.0
E2012,P002812,OLY,194,2,194.0,2.0,196,196.0,0.0
E2013,P002812,CSK,144,1,144.0,1.0,145,145.0,0.0
E2014,P002812,CSK,127,2,127.0,2.0,129,129.0,0.0
E2015,P002812,CSK,181,0,181.0,0.0,181,181.0,0.0
E2016,P002812,CSK,163,0,163.0,0.0,163,163.0,0.0
E2017,P002812,CSK,166,1,166.0,1.0,167,167.0,0.0
E2018,P002812,CSK,181,0,181.0,0.0,181,181.0,0.0
E2019,P002812,CSK,162,3,162.0,3.0,165,165.0,0.0
E2020,P002812,MIL,239,1,239.0,1.0,240,240.0,0.0
E2021,P002812,MIL,185,1,185.0,1.0,186,186.0,0.0
E2022,P002812,MIL,126,2,126.0,2.0,128,128.0,0.0
E2023,P002812,MIL,77,1,77.0,1.0,78,78.0,0.0
E2008,P000661,BAS,1,2,1.0,2.0,3,3.0,0.0
E2017,P008041,PAM,22,0,22.0,0.0,22,22.0,0.0
E2024,P006835,TEL,198,34,198.0,34.0,232,232.0,0.0
E2025,P006835,TEL,240,46,240.0,46.0,286,286.0,0.0
E2018,P005128,MUN,6,41,6.0,41.0,47,47.0,0.0
E2013,P004271,BAS,59,40,59.0,40.0,99,99.0,0.0
E2007,PAQO,CSK,83,98,83.0,98.0,181,181.0,0.0
E2008,PAQO,CSK,62,50,62.0,50.0,112,112.0,0.0
E2009,PAQO,CSK,99,120,99.0,120.0,219,219.0,0.0
E2010,PAQO,CSK,47,44,47.0,44.0,91,91.0,0.0
E2024,P013695,VIR,15,26,15.0,26.0,41,41.0,0.0
E2007,PTGL,VIR,81,23,81.0,23.0,104,104.0,0.0
E2022,P004267,RED,22,41,22.0,41.0,63,63.0,0.0
E2023,P009513,IST,31,22,31.0,22.0,53,53.0,0.0
E2024,P009513,IST,6,6,6.0,6.0,12,12.0,0.0
E2025,P009513,MUN,31,31,31.0,31.0,62,62.0,0.0
E2019,P009917,DYR,82,147,82.0,147.0,229,229.0,0.0
E2020,P009917,DYR,102,149,102.0,149.0,251,251.0,0.0
E2021,P009917,RED,88,112,88.0,112.0,200,200.0,0.0
E2022,P009917,TEL,15,29,15.0,29.0,44,44.0,0.0
E2023,P009917,ZAL,6,20,6.0,20.0,26,26.0,0.0
E2016,P007434,BAR,11,12,11.0,12.0,23,23.0,0.0
E2025,P014011,PAN,90,0,90.0,0.0,90,90.0,0.0
E2008,P000654,CIB,66,1,66.0,1.0,67,67.0,0.0
E2009,P000654,MAR,140,0,140.0,0.0,140,140.0,0.0
E2022,P011949,BAS,46,108,46.0,108.0,154,154.0,0.0
E2024,P011949,PRS,3,16,3.0,16.0,19,19.0,0.0
E2025,P011949,PRS,16,51,16.0,51.0,67,67.0,0.0
E2015,P005800,KHI,59,39,59.0,39.0,98,98.0,0.0
E2016,P005800,IST,165,109,165.0,109.0,274,274.0,0.0
E2017,P005800,KHI,63,53,63.0,53.0,116,116.0,0.0
E2013,P004998,IST,73,31,73.0,31.0,104,104.0,0.0
E2025,P014124,ULK,338,151,338.0,151.0,489,489.0,0.0
E2007,PLUI,CIB,106,14,106.0,14.0,120,120.0,0.0
E2008,P001196,MAD,59,23,59.0,23.0,82,82.0,0.0
E2009,P000943,ULK,0,0,0.0,0.0,0,0.0,0.0
E2010,P000943,ULK,0,0,0.0,0.0,0,0.0,0.0
E2020,P009088,ASV,0,0,0.0,0.0,0,0.0,0.0
E2021,P009088,ASV,2,1,2.0,1.0,3,3.0,0.0
E2010,P002830,CHO,0,0,0.0,0.0,0,0.0,0.0
E2012,P004430,CHL,15,8,15.0,8.0,23,23.0,0.0
E2022,P011948,BAS,139,241,139.0,241.0,380,380.0,0.0
E2023,P011948,BAS,219,370,219.0,370.0,589,589.0,0.0
E2024,P011948,BAS,108,236,108.0,236.0,344,344.0,0.0
E2025,P011948,BAS,58,149,58.0,149.0,207,207.0,0.0
E2011,P003416,OLY,1,4,1.0,4.0,5,5.0,0.0
E2015,P003416,STR,18,1,18.0,1.0,19,19.0,0.0
E2020,P002534,ASV,48,66,48.0,66.0,114,114.0,0.0
E2021,P002534,ASV,56,44,56.0,44.0,100,100.0,0.0
E2023,P012365,BAS,0,1,0.0,1.0,1,1.0,0.0
E2024,P012365,BAS,0,0,0.0,0.0,0,0.0,0.0
E2025,P012365,BAS,2,1,2.0,1.0,3,3.0,0.0
E2008,P001210,SOP,26,3,26.0,3.0,29,29.0,0.0
E2009,P001210,SOP,51,1,51.0,1.0,52,52.0,0.0
E2010,P001210,SOP,13,1,13.0,1.0,14,14.0,0.0
E2011,P001210,SOP,70,0,70.0,0.0,70,70.0,0.0
E2012,P001210,SOP,70,0,70.0,0.0,70,70.0,0.0
E2013,P001210,GSS,36,0,36.0,0.0,36,36.0,0.0
E2015,P001210,GSS,39,0,39.0,0.0,39,39.0,0.0
E2009,PJUJ,BAS,71,26,71.0,26.0,97,97.0,0.0
E2010,PJUJ,BAS,98,52,98.0,52.0,150,150.0,0.0
E2011,PJUJ,BAR,70,57,70.0,57.0,127,127.0,0.0
E2012,PJUJ,BAR,113,101,113.0,101.0,214,214.0,0.0
E2013,PJUJ,BAR,113,74,113.0,74.0,187,187.0,0.0
E2014,PJUJ,BAR,127,74,127.0,74.0,201,201.0,0.0
E2017,PJUJ,BAS,96,44,96.0,44.0,140,140.0,0.0
E2018,PJUJ,BAS,147,57,147.0,57.0,204,204.0,0.0
E2019,P009723,MUN,24,25,24.0,25.0,49,49.0,0.0
E2007,PAPY,LJU,42,103,42.0,103.0,145,145.0,0.0
E2008,PAPY,LJU,19,30,19.0,30.0,49,49.0,0.0
E2015,P006462,MIL,41,27,41.0,27.0,68,68.0,0.0
E2013,P005160,SIE,57,4,57.0,4.0,61,61.0,0.0
E2014,P005160,OLY,174,0,174.0,0.0,174,174.0,0.0
E2015,P005160,OLY,150,0,150.0,0.0,150,150.0,0.0
E2016,P005160,MAD,171,2,171.0,2.0,173,173.0,0.0
E2017,P005160,CSK,154,2,154.0,2.0,156,156.0,0.0
E2018,P005160,CSK,198,0,198.0,0.0,198,198.0,0.0
E2019,P005160,TEL,199,4,199.0,4.0,203,203.0,0.0
E2020,P005160,TEL,164,3,164.0,3.0,167,167.0,0.0
E2021,P005160,MUN,181,16,181.0,16.0,197,197.0,0.0
E2022,P005160,MUN,91,55,91.0,55.0,146,146.0,0.0
E2015,P007018,PAN,19,1,19.0,1.0,20,20.0,0.0
E2007,PKCH,IST,161,0,161.0,0.0,161,161.0,0.0
E2008,PKCH,ROM,156,0,156.0,0.0,156,156.0,0.0
E2009,PKCH,ROM,77,0,77.0,0.0,77,77.0,0.0
E2009,P002456,MIL,0,0,0.0,0.0,0,0.0,0.0
E2010,P002817,ROM,3,0,3.0,0.0,3,3.0,0.0
E2009,P000843,SIE,0,0,0.0,0.0,0,0.0,0.0
E2010,P001863,CHA,1,0,1.0,0.0,1,1.0,0.0
E2011,P003583,MAD,21,0,21.0,0.0,21,21.0,0.0
E2023,P003583,MUN,199,50,199.0,50.0,249,249.0,0.0
E2024,P003583,MAD,95,41,95.0,41.0,136,136.0,0.0
E2012,PBRS,BER,140,1,140.0,1.0,141,141.0,0.0
E2013,PBRS,MUN,93,3,93.0,3.0,96,96.0,0.0
E2014,PBRS,MUN,9,0,9.0,0.0,9,9.0,0.0
E2015,PBRS,BAM,15,0,15.0,0.0,15,15.0,0.0
E2007,PKRF,ARI,23,8,23.0,8.0,31,31.0,0.0
E2018,P006561,BUD,13,0,13.0,0.0,13,13.0,0.0
E2022,P011964,RED,10,1,10.0,1.0,11,11.0,0.0
E2023,P011964,RED,15,7,15.0,7.0,22,22.0,0.0
E2007,PAPS,SIE,86,61,86.0,61.0,147,147.0,0.0
E2008,PAPS,LJU,28,41,28.0,41.0,69,69.0,0.0
E2008,PAPS,BAS,11,13,11.0,13.0,24,24.0,0.0
E2009,PAPS,LJU,0,2,0.0,2.0,2,2.0,0.0
E2010,PAPS,LJU,68,72,68.0,72.0,140,140.0,0.0
E2011,PAPS,IST,16,14,16.0,14.0,30,30.0,0.0
E2012,PAPS,CED,24,29,24.0,29.0,53,53.0,0.0
E2015,P002618,KHI,1,6,1.0,6.0,7,7.0,0.0
E2019,P008282,IST,0,1,0.0,1.0,1,1.0,0.0
E2022,P008282,IST,0,0,0.0,0.0,0,0.0,0.0
E2007,PJKP,BAR,82,58,82.0,58.0,140,140.0,0.0
E2008,PJKP,BAR,109,77,109.0,77.0,186,186.0,0.0
E2011,PJKP,IST,39,17,39.0,17.0,56,56.0,0.0
E2013,P005200,STR,0,0,0.0,0.0,0,0.0,0.0
E2010,P003062,BAR,35,30,35.0,30.0,65,65.0,0.0
E2011,P003062,BAR,49,39,49.0,39.0,88,88.0,0.0
E2012,P003062,BAR,58,71,58.0,71.0,129,129.0,0.0
E2013,P003062,TEL,74,73,74.0,73.0,147,147.0,0.0
E2023,P003960,PAM,182,25,182.0,25.0,207,207.0,0.0
E2010,P000838,SIE,0,0,0.0,0.0,0,0.0,0.0
E2025,P014133,PAM,3,3,3.0,3.0,6,6.0,0.0
E2010,P001903,IST,0,0,0.0,0.0,0,0.0,0.0
E2007,PAIS,MAD,1,4,1.0,4.0,5,5.0,0.0
E2012,P001266,LIE,44,10,44.0,10.0,54,54.0,0.0
E2018,P003332,BUD,23,27,23.0,27.0,50,50.0,0.0
E2021,P003332,RED,96,71,96.0,71.0,167,167.0,0.0
E2022,P003332,RED,36,47,36.0,47.0,83,83.0,0.0
E2014,P005154,BAS,106,1,106.0,1.0,107,107.0,0.0
E2015,P005154,KSK,62,0,62.0,0.0,62,62.0,0.0
E2016,P005154,TEL,160,0,160.0,0.0,160,160.0,0.0
E2019,P005154,DYR,100,1,100.0,1.0,101,101.0,0.0
E2014,P002072,NOV,20,2,20.0,2.0,22,22.0,0.0
E2021,P002072,CSK,2,0,2.0,0.0,2,2.0,0.0
E2025,P014029,RED,150,0,150.0,0.0,150,150.0,0.0
E2007,P000753,ROM,42,11,42.0,11.0,53,53.0,0.0
E2008,P000753,ROM,92,50,92.0,50.0,142,142.0,0.0
E2009,P000753,ROM,67,40,67.0,40.0,107,107.0,0.0
E2010,P000753,MIL,52,34,52.0,34.0,86,86.0,0.0
E2012,P000753,ZAL,33,36,33.0,36.0,69,69.0,0.0
E2011,P003413,BIL,107,44,107.0,44.0,151,151.0,0.0
E2012,P003413,CSK,66,43,66.0,43.0,109,109.0,0.0
E2013,P003413,CSK,64,43,64.0,43.0,107,107.0,0.0
E2014,P003413,CSK,93,49,93.0,49.0,142,142.0,0.0
E2015,P003413,CSK,52,38,52.0,38.0,90,90.0,0.0
E2016,P003413,CSK,120,65,120.0,65.0,185,185.0,0.0
E2019,P003413,TEL,23,18,23.0,18.0,41,41.0,0.0
E2022,P011939,ASV,56,31,56.0,31.0,87,87.0,0.0
E2014,P000229,BAR,18,15,18.0,15.0,33,33.0,0.0
E2015,P000229,MAL,56,123,56.0,123.0,179,179.0,0.0
E2017,P000229,BAR,24,11,24.0,11.0,35,35.0,0.0
E2018,P000229,BUD,118,119,118.0,119.0,237,237.0,0.0
E2019,P000229,ASV,70,51,70.0,51.0,121,121.0,0.0
E2023,P000229,ASV,68,48,68.0,48.0,116,116.0,0.0
E2024,P000229,ASV,39,48,39.0,48.0,87,87.0,0.0
E2025,P000229,ASV,60,61,60.0,61.0,121,121.0,0.0
E2023,P012732,ASV,20,25,20.0,25.0,45,45.0,0.0
E2007,P000126,OLY,186,26,186.0,26.0,212,212.0,0.0
E2013,P005112,ULK,11,4,11.0,4.0,15,15.0,0.0
E2017,P005112,TEL,177,147,177.0,147.0,324,324.0,0.0
E2008,PKNK,BER,31,62,31.0,62.0,93,93.0,0.0
E2010,PKNK,BAM,23,47,23.0,47.0,70,70.0,0.0
E2011,PKNK,BAM,26,44,26.0,44.0,70,70.0,0.0
E2012,PKNK,BAM,65,91,65.0,91.0,156,156.0,0.0
E2013,PKNK,BAM,17,36,17.0,36.0,53,53.0,0.0
E2008,P000266,NAN,0,0,0.0,0.0,0,0.0,0.0
E2010,P002746,CHA,0,0,0.0,0.0,0,0.0,0.0
E2011,P002746,CHA,5,5,5.0,5.0,10,10.0,0.0
E2008,P000592,JOV,35,43,35.0,43.0,78,78.0,0.0
E2009,P000592,SOP,51,64,51.0,64.0,115,115.0,0.0
E2010,P000592,SOP,27,29,27.0,29.0,56,56.0,0.0
E2014,P000592,MUN,7,11,7.0,11.0,18,18.0,0.0
E2019,P004397,RED,24,8,24.0,8.0,32,32.0,0.0
E2020,P004397,RED,102,37,102.0,37.0,139,139.0,0.0
E2010,PCLR,LJU,60,59,60.0,59.0,119,119.0,0.0
E2011,PCLR,LJU,0,0,0.0,0.0,0,0.0,0.0
E2013,P002581,NTR,32,2,32.0,2.0,34,34.0,0.0
E2022,P002581,VIR,193,0,193.0,0.0,193,193.0,0.0
E2023,P002581,MCO,63,0,63.0,0.0,63,63.0,0.0
E2024,P002581,MCO,151,0,151.0,0.0,151,151.0,0.0
E2023,P012197,BAR,1,0,1.0,0.0,1,1.0,0.0
E2015,P005422,MUN,0,0,0.0,0.0,0,0.0,0.0
E2025,P005422,VIR,117,46,117.0,46.0,163,163.0,0.0
E2014,P005985,BAS,95,62,95.0,62.0,157,157.0,0.0
E2015,P005985,BAS,160,95,160.0,95.0,255,255.0,0.0
E2016,P005985,PAN,155,100,155.0,100.0,255,255.0,0.0
E2017,P005985,PAN,95,62,95.0,62.0,157,157.0,0.0
E2018,P005985,MIL,253,215,253.0,215.0,468,468.0,0.0
E2019,P005985,CSK,228,188,228.0,188.0,416,416.0,0.0
E2020,P005985,CSK,190,198,190.0,198.0,388,388.0,0.0
E2021,P005985,MCO,271,233,271.0,233.0,504,504.0,0.0
E2022,P005985,MCO,296,209,296.0,209.0,505,505.0,0.0
E2023,P005985,MCO,310,234,310.0,234.0,544,544.0,0.0
E2024,P005985,MCO,299,230,299.0,230.0,529,529.0,0.0
E2025,P005985,MCO,305,168,305.0,168.0,473,473.0,0.0
E2011,P001335,TEL,29,0,29.0,0.0,29,29.0,0.0
E2012,P001335,TEL,201,3,201.0,3.0,204,204.0,0.0
E2013,P001335,TEL,62,1,62.0,1.0,63,63.0,0.0
E2014,P001335,MIL,44,3,44.0,3.0,47,47.0,0.0
E2015,P001335,OLY,14,1,14.0,1.0,15,15.0,0.0
E2007,PLCW,ZAL,0,0,0.0,0.0,0,0.0,0.0
E2008,PLCW,ZAL,25,12,25.0,12.0,37,37.0,0.0
E2009,PLCW,ZAL,5,4,5.0,4.0,9,9.0,0.0
E2017,P007961,RED,71,37,71.0,37.0,108,108.0,0.0
E2013,P000411,PAN,4,8,4.0,8.0,12,12.0,0.0
E2014,P000411,PAN,104,96,104.0,96.0,200,200.0,0.0
E2015,P000411,PAN,49,40,49.0,40.0,89,89.0,0.0
E2007,PBWI,ZAL,99,34,99.0,34.0,133,133.0,0.0
E2008,PBWI,ZAL,73,27,73.0,27.0,100,100.0,0.0
E2009,PBWI,KHI,46,53,46.0,53.0,99,99.0,0.0
E2010,PBWI,ZAL,91,33,91.0,33.0,124,124.0,0.0
E2011,PBWI,ZAL,79,24,79.0,24.0,103,103.0,0.0
E2012,PBWI,ZAL,77,24,77.0,24.0,101,101.0,0.0
E2013,PBWI,ZAL,124,35,124.0,35.0,159,159.0,0.0
E2014,PBWI,ZAL,112,40,112.0,40.0,152,152.0,0.0
E2015,PBWI,ZAL,176,42,176.0,42.0,218,218.0,0.0
E2016,PBWI,ZAL,208,48,208.0,48.0,256,256.0,0.0
E2017,PBWI,ZAL,233,24,233.0,24.0,257,257.0,0.0
E2018,PBWI,ZAL,68,4,68.0,4.0,72,72.0,0.0
E2019,PBWI,ZAL,52,21,52.0,21.0,73,73.0,0.0
E2020,PBWI,ZAL,65,29,65.0,29.0,94,94.0,0.0
E2021,PBWI,ZAL,30,22,30.0,22.0,52,52.0,0.0
E2012,P004165,SIE,54,84,54.0,84.0,138,138.0,0.0
E2014,P004165,IST,67,110,67.0,110.0,177,177.0,0.0
E2015,P004165,TIV,36,61,36.0,61.0,97,97.0,0.0
E2017,P004165,BAS,72,160,72.0,160.0,232,232.0,0.0
E2018,P004165,BAS,63,167,63.0,167.0,230,230.0,0.0
E2019,P004165,BAS,65,123,65.0,123.0,188,188.0,0.0
E2024,P012613,PRS,68,147,68.0,147.0,215,215.0,0.0
E2025,P012613,ULK,58,90,58.0,90.0,148,148.0,0.0
E2010,P000912,PAR,0,0,0.0,0.0,0,0.0,0.0
E2011,P000912,PAR,0,1,0.0,1.0,1,1.0,0.0
E2014,P000912,ZGO,38,34,38.0,34.0,72,72.0,0.0
E2021,P004058,MUN,99,102,99.0,102.0,201,201.0,0.0
E2022,P004058,MUN,62,58,62.0,58.0,120,120.0,0.0
E2023,P004058,PAR,37,38,37.0,38.0,75,75.0,0.0
E2024,P004058,BAS,31,26,31.0,26.0,57,57.0,0.0
E2009,PANM,MAD,49,25,49.0,25.0,74,74.0,0.0
E2010,PANM,SIE,41,19,41.0,19.0,60,60.0,0.0
E2007,PBVC,BAS,27,42,27.0,42.0,69,69.0,0.0
E2008,PBVC,JOV,31,38,31.0,38.0,69,69.0,0.0
E2010,PBVC,LIE,18,14,18.0,14.0,32,32.0,0.0
E2013,PBVC,TIV,53,68,53.0,68.0,121,121.0,0.0
E2007,PADG,PAN,92,71,92.0,71.0,163,163.0,0.0
E2008,PADG,PAN,88,72,88.0,72.0,160,160.0,0.0
E2009,PADG,PAN,22,8,22.0,8.0,30,30.0,0.0
E2010,PADG,LIE,16,16,16.0,16.0,32,32.0,0.0
E2010,PADG,ULK,19,8,19.0,8.0,27,27.0,0.0
E2011,PADG,PAN,79,39,79.0,39.0,118,118.0,0.0
E2012,PADG,BAR,70,50,70.0,50.0,120,120.0,0.0
E2013,PADG,ZAL,68,47,68.0,47.0,115,115.0,0.0
E2009,PBVE,KHI,108,2,108.0,2.0,110,110.0,0.0
E2010,PBVE,PAM,127,2,127.0,2.0,129,129.0,0.0
E2011,PBVE,ZAL,93,1,93.0,1.0,94,94.0,0.0
E2012,PBVE,ZAL,22,2,22.0,2.0,24,24.0,0.0
E2013,PBVE,ZAL,140,11,140.0,11.0,151,151.0,0.0
E2014,PBVE,ZAL,118,4,118.0,4.0,122,122.0,0.0
E2015,PBVE,ZAL,31,1,31.0,1.0,32,32.0,0.0
E2016,PBVE,ZAL,28,0,28.0,0.0,28,28.0,0.0
E2010,P002823,PAR,111,0,111.0,0.0,111,111.0,0.0
E2011,P002823,UNK,75,0,75.0,0.0,75,75.0,0.0
E2012,P002823,BAR,122,0,122.0,0.0,122,122.0,0.0
E2013,P002823,GAL,8,0,8.0,0.0,8,8.0,0.0
E2014,P002823,GAL,10,0,10.0,0.0,10,10.0,0.0
E2012,P004193,CHL,38,0,38.0,0.0,38,38.0,0.0
E2019,P002536,ASV,146,48,146.0,48.0,194,194.0,0.0
E2020,P002536,OLY,102,33,102.0,33.0,135,135.0,0.0
E2021,P002536,OLY,65,16,65.0,16.0,81,81.0,0.0
E2009,PKNB,ASV,9,9,9.0,9.0,18,18.0,0.0
E2017,P007992,MIL,25,16,25.0,16.0,41,41.0,0.0
E2018,P007992,CAN,10,12,10.0,12.0,22,22.0,0.0
E2019,P009733,ASV,176,3,176.0,3.0,179,179.0,0.0
E2020,P009733,BAS,149,0,149.0,0.0,149,149.0,0.0
E2021,P009733,UNK,122,0,122.0,0.0,122,122.0,0.0
E2022,P009733,ULK,94,1,94.0,1.0,95,95.0,0.0
E2025,P009733,PAR,88,0,88.0,0.0,88,88.0,0.0
E2012,P000597,BAS,5,9,5.0,9.0,14,14.0,0.0
E2013,P000597,BAS,56,56,56.0,56.0,112,112.0,0.0
E2013,P004796,LIE,32,26,32.0,26.0,58,58.0,0.0
E2013,P005014,RED,55,23,55.0,23.0,78,78.0,0.0
E2014,P005014,RED,105,58,105.0,58.0,163,163.0,0.0
E2015,P005014,MIL,29,24,29.0,24.0,53,53.0,0.0
E2016,P005014,RED,166,73,166.0,73.0,239,239.0,0.0
E2017,P005014,KHI,61,82,61.0,82.0,143,143.0,0.0
E2018,P005014,KHI,63,78,63.0,78.0,141,141.0,0.0
E2019,P005014,RED,55,27,55.0,27.0,82,82.0,0.0
E2020,P005014,OLY,31,40,31.0,40.0,71,71.0,0.0
E2008,PKYC,BER,60,34,60.0,34.0,94,94.0,0.0
E2011,PKYC,BAM,59,33,59.0,33.0,92,92.0,0.0
E2008,P001219,ROM,70,41,70.0,41.0,111,111.0,0.0
E2019,P009748,KHI,136,85,136.0,85.0,221,221.0,0.0
E2020,P009748,KHI,77,57,77.0,57.0,134,134.0,0.0
E2010,P003067,PAR,59,38,59.0,38.0,97,97.0,0.0
E2011,P003067,ULK,63,35,63.0,35.0,98,98.0,0.0
E2012,P003067,BES,119,78,119.0,78.0,197,197.0,0.0
E2013,P003067,MIL,136,121,136.0,121.0,257,257.0,0.0
E2014,P003067,UNK,46,47,46.0,47.0,93,93.0,0.0
E2017,P003067,MIL,76,106,76.0,106.0,182,182.0,0.0
E2018,P003067,MIL,66,102,66.0,102.0,168,168.0,0.0
E2025,P013290,MUN,94,137,94.0,137.0,231,231.0,0.0
E2009,P000140,MAL,12,9,12.0,9.0,21,21.0,0.0
E2007,PAAS,MAL,31,26,31.0,26.0,57,57.0,0.0
E2008,PAAS,MAL,27,36,27.0,36.0,63,63.0,0.0
E2009,PAAS,MAL,34,36,34.0,36.0,70,70.0,0.0
E2010,PAAS,MAL,17,35,17.0,35.0,52,52.0,0.0
E2012,PAAS,MAL,2,5,2.0,5.0,7,7.0,0.0
E2019,P009105,PAM,0,0,0.0,0.0,0,0.0,0.0
E2020,P009105,PAM,0,0,0.0,0.0,0,0.0,0.0
E2022,P009105,PAM,1,1,1.0,1.0,2,2.0,0.0
E2009,P002499,MAD,0,0,0.0,0.0,0,0.0,0.0
E2013,P001487,ZAL,1,0,1.0,0.0,1,1.0,0.0
E2015,P007016,IST,8,13,8.0,13.0,21,21.0,0.0
E2020,P005893,MUN,143,7,143.0,7.0,150,150.0,0.0
E2010,P001320,LIE,0,0,0.0,0.0,0,0.0,0.0
E2007,P000343,BAS,7,2,7.0,2.0,9,9.0,0.0
E2010,P002842,CIB,14,4,14.0,4.0,18,18.0,0.0
E2015,P004684,OLY,29,19,29.0,19.0,48,48.0,0.0
E2014,P005815,BAS,7,2,7.0,2.0,9,9.0,0.0
E2016,P005815,UNK,53,40,53.0,40.0,93,93.0,0.0
E2024,P013364,IST,20,15,20.0,15.0,35,35.0,0.0
E2019,P009816,PAN,35,57,35.0,57.0,92,92.0,0.0
E2025,P014107,BAS,6,8,6.0,8.0,14,14.0,0.0
E2018,P007519,ZAL,17,5,17.0,5.0,22,22.0,0.0
E2019,P007519,ZAL,12,6,12.0,6.0,18,18.0,0.0
E2020,P007519,ZAL,134,49,134.0,49.0,183,183.0,0.0
E2021,P007519,BAR,139,44,139.0,44.0,183,183.0,0.0
E2022,P007519,BAR,127,46,127.0,46.0,173,173.0,0.0
E2023,P007519,BAR,138,47,138.0,47.0,185,185.0,0.0
E2024,P007519,TEL,186,62,186.0,62.0,248,248.0,0.0
E2007,PKNS,LIE,69,14,69.0,14.0,83,83.0,0.0
E2009,PKNS,LIE,49,17,49.0,17.0,66,66.0,0.0
E2010,PKNS,LIE,17,14,17.0,14.0,31,31.0,0.0
E2012,PKNS,LIE,6,0,6.0,0.0,6,6.0,0.0
E2024,P013369,PAR,281,94,281.0,94.0,375,375.0,0.0
E2025,P013369,PAR,135,42,135.0,42.0,177,177.0,0.0
E2020,P010568,TEL,132,69,132.0,69.0,201,201.0,0.0
E2021,P010568,ASV,229,82,229.0,82.0,311,311.0,0.0
E2022,P010568,PAM,182,102,182.0,102.0,284,284.0,0.0
E2023,P010568,PAM,220,112,220.0,112.0,332,332.0,0.0
E2025,P010568,HTA,181,137,181.0,137.0,318,318.0,0.0
E2008,P001373,IST,2,0,2.0,0.0,2,2.0,0.0
E2018,P009298,BAS,29,18,29.0,18.0,47,47.0,0.0
E2025,P014102,IST,63,0,63.0,0.0,63,63.0,0.0
E2017,P007185,BAS,21,20,21.0,20.0,41,41.0,0.0
E2023,P011981,IST,164,0,164.0,0.0,164,164.0,0.0
E2024,P011981,PAR,220,0,220.0,0.0,220,220.0,0.0
E2025,P011981,OLY,53,0,53.0,0.0,53,53.0,0.0
E2025,P011981,PAR,112,0,112.0,0.0,112,112.0,0.0
E2007,P000703,LIE,7,6,7.0,6.0,13,13.0,0.0
E2025,P014316,OLY,31,32,31.0,32.0,63,63.0,0.0
E2022,P010307,PAR,0,0,0.0,0.0,0,0.0,0.0
E2017,P003264,RED,43,3,43.0,3.0,46,46.0,0.0
E2019,P003264,RED,8,0,8.0,0.0,8,8.0,0.0
E2014,P004863,RED,38,23,38.0,23.0,61,61.0,0.0
E2015,P004863,RED,115,59,115.0,59.0,174,174.0,0.0
E2016,P004863,RED,107,55,107.0,55.0,162,162.0,0.0
E2018,P004863,MUN,104,45,104.0,45.0,149,149.0,0.0
E2019,P004863,KHI,64,47,64.0,47.0,111,111.0,0.0
E2020,P004863,KHI,15,13,15.0,13.0,28,28.0,0.0
E2021,P004863,PAN,7,8,7.0,8.0,15,15.0,0.0
E2023,P004863,PAM,66,33,66.0,33.0,99,99.0,0.0
E2025,P004863,MUN,51,29,51.0,29.0,80,80.0,0.0
E2013,P005089,NTR,5,3,5.0,3.0,8,8.0,0.0
E2008,PBCY,NAN,72,0,72.0,0.0,72,72.0,0.0
E2007,PBDE,ZAL,63,32,63.0,32.0,95,95.0,0.0
E2008,PJIV,LJU,4,7,4.0,7.0,11,11.0,0.0
E2009,PLCT,ZAL,11,6,11.0,6.0,17,17.0,0.0
E2012,PLCT,ZAL,21,6,21.0,6.0,27,27.0,0.0
E2024,P012181,ZAL,0,0,0.0,0.0,0,0.0,0.0
E2014,P005962,ZGO,0,0,0.0,0.0,0,0.0,0.0
E2024,P007855,TEL,0,0,0.0,0.0,0,0.0,0.0
E2025,P012796,DUB,285,65,285.0,65.0,350,350.0,0.0
E2010,P002835,TEL,1,0,1.0,0.0,1,1.0,0.0
E2018,P008137,KHI,0,0,0.0,0.0,0,0.0,0.0
E2020,P008137,KHI,4,0,4.0,0.0,4,4.0,0.0
E2007,PCPF,OLY,5,0,5.0,0.0,5,5.0,0.0
E2019,PKIR,ASV,72,63,72.0,63.0,135,135.0,0.0
E2020,PKIR,ASV,68,71,68.0,71.0,139,139.0,0.0
E2021,PKIR,ASV,50,72,50.0,72.0,122,122.0,0.0
E2022,PKIR,ASV,69,77,69.0,77.0,146,146.0,0.0
E2023,PKIR,ASV,77,41,77.0,41.0,118,118.0,0.0
E2024,PKIR,ASV,18,18,18.0,18.0,36,36.0,0.0
E2009,PJUP,MAR,61,43,61.0,43.0,104,104.0,0.0
E2010,PJUP,PAN,18,17,18.0,17.0,35,35.0,0.0
E2011,PJUP,PAN,63,68,63.0,68.0,131,131.0,0.0
E2014,PJUP,UNK,41,32,41.0,32.0,73,73.0,0.0
E2016,PJUP,UNK,43,42,43.0,42.0,85,85.0,0.0
E2008,PABG,IST,26,21,26.0,21.0,47,47.0,0.0
E2017,P006586,PAN,0,0,0.0,0.0,0,0.0,0.0
E2018,P006586,PAN,1,1,1.0,1.0,2,2.0,0.0
E2020,P006586,PAN,11,2,11.0,2.0,13,13.0,0.0
E2022,P006586,PAN,30,19,30.0,19.0,49,49.0,0.0
E2022,P011209,PAN,19,22,19.0,22.0,41,41.0,0.0
E2023,P011209,PAN,29,20,29.0,20.0,49,49.0,0.0
E2024,P011209,PAN,29,21,29.0,21.0,50,50.0,0.0
E2025,P011209,PAN,12,13,12.0,13.0,25,25.0,0.0
E2007,PAPI,ARI,22,15,22.0,15.0,37,37.0,0.0
E2008,PBZQ,NIO,30,21,30.0,21.0,51,51.0,0.0
E2014,P004866,RED,115,62,115.0,62.0,177,177.0,0.0
E2015,P004866,ULK,80,33,80.0,33.0,113,113.0,0.0
E2016,P004866,ULK,123,72,123.0,72.0,195,195.0,0.0
E2017,P004866,ULK,48,35,48.0,35.0,83,83.0,0.0
E2018,P004866,ULK,160,88,160.0,88.0,248,248.0,0.0
E2019,P004866,ULK,85,51,85.0,51.0,136,136.0,0.0
E2020,P004866,PAM,177,63,177.0,63.0,240,240.0,0.0
E2021,P004866,RED,228,116,228.0,116.0,344,344.0,0.0
E2022,P004866,BAR,105,79,105.0,79.0,184,184.0,0.0
E2023,P004866,BAR,124,128,124.0,128.0,252,252.0,0.0
E2024,P004866,RED,123,92,123.0,92.0,215,215.0,0.0
E2025,P004866,RED,86,90,86.0,90.0,176,176.0,0.0
E2007,PJBX,ZAL,16,12,16.0,12.0,28,28.0,0.0
E2008,PJBX,ZAL,52,29,52.0,29.0,81,81.0,0.0
E2009,PJBX,ZAL,67,51,67.0,51.0,118,118.0,0.0
E2010,PJBX,ZAL,68,35,68.0,35.0,103,103.0,0.0
E2011,PJBX,ZAL,75,45,75.0,45.0,120,120.0,0.0
E2013,PJBX,TIV,127,72,127.0,72.0,199,199.0,0.0
E2015,PJBX,ZAL,54,50,54.0,50.0,104,104.0,0.0
E2016,PJBX,MIL,85,76,85.0,76.0,161,161.0,0.0
E2017,PJBX,MIL,45,34,45.0,34.0,79,79.0,0.0
E2021,PJBX,ZAL,50,48,50.0,48.0,98,98.0,0.0
E2022,PJBX,ZAL,3,1,3.0,1.0,4,4.0,0.0
E2023,P011926,MIL,9,0,9.0,0.0,9,9.0,0.0
E2025,P008325,DUB,80,2,80.0,2.0,82,82.0,0.0
E2023,P012743,PAR,122,64,122.0,64.0,186,186.0,0.0
E2017,P005781,TEL,134,38,134.0,38.0,172,172.0,0.0
E2018,P005781,TEL,109,71,109.0,71.0,180,180.0,0.0
E2009,P000326,ASV,18,12,18.0,12.0,30,30.0,0.0
E2012,P000326,SIE,53,98,53.0,98.0,151,151.0,0.0
E2013,P000326,MIL,18,38,18.0,38.0,56,56.0,0.0
E2015,P000326,BAS,6,3,6.0,3.0,9,9.0,0.0
E2008,P001223,NIO,1,1,1.0,1.0,2,2.0,0.0
E2014,P005817,LMG,2,1,2.0,1.0,3,3.0,0.0
E2008,P000936,ULK,7,0,7.0,0.0,7,7.0,0.0
E2013,P005100,TIV,1,0,1.0,0.0,1,1.0,0.0
E2015,P005100,TIV,0,0,0.0,0.0,0,0.0,0.0
E2014,P004006,RED,0,0,0.0,0.0,0,0.0,0.0
E2012,P004456,PAN,18,26,18.0,26.0,44,44.0,0.0
E2007,PKTP,ARI,0,0,0.0,0.0,0,0.0,0.0
E2014,P004490,MAL,3,5,3.0,5.0,8,8.0,0.0
E2015,P004490,MAL,2,4,2.0,4.0,6,6.0,0.0
E2010,P002872,PAN,0,0,0.0,0.0,0,0.0,0.0
E2012,P004206,ULK,60,25,60.0,25.0,85,85.0,0.0
E2013,P004206,ULK,0,0,0.0,0.0,0,0.0,0.0
E2019,P004302,KHI,27,40,27.0,40.0,67,67.0,0.0
E2020,P004302,KHI,47,77,47.0,77.0,124,124.0,0.0
E2021,P004302,DYR,22,43,22.0,43.0,65,65.0,0.0
E2014,P003212,ZAL,39,16,39.0,16.0,55,55.0,0.0
E2014,P005848,ZGO,2,3,2.0,3.0,5,5.0,0.0
E2010,P002776,KHI,0,0,0.0,0.0,0,0.0,0.0
E2016,P006594,UNK,0,2,0.0,2.0,2,2.0,0.0
E2020,P005146,PAN,17,29,17.0,29.0,46,46.0,0.0
E2021,P005146,PAN,61,40,61.0,40.0,101,101.0,0.0
E2007,PJEQ,CSK,9,0,9.0,0.0,9,9.0,0.0
E2015,PJEQ,KHI,0,0,0.0,0.0,0,0.0,0.0
E2011,P002628,LJU,5,4,5.0,4.0,9,9.0,0.0
E2007,PCJE,CIB,9,0,9.0,0.0,9,9.0,0.0
E2008,PCJE,CIB,0,0,0.0,0.0,0,0.0,0.0
E2007,PBOD,BAR,129,0,129.0,0.0,129,129.0,0.0
E2008,PBOD,IST,5,0,5.0,0.0,5,5.0,0.0
E2009,PBOD,IST,83,1,83.0,1.0,84,84.0,0.0
E2011,PBOD,ZAG,83,1,83.0,1.0,84,84.0,0.0
E2012,PBOD,SIE,30,0,30.0,0.0,30,30.0,0.0
E2007,P000664,MIL,25,12,25.0,12.0,37,37.0,0.0
E2008,P000664,MIL,39,14,39.0,14.0,53,53.0,0.0
E2012,P000664,LIE,43,20,43.0,20.0,63,63.0,0.0
E2010,PJQH,PAR,90,0,90.0,0.0,90,90.0,0.0
E2011,PJQH,PAR,22,0,22.0,0.0,22,22.0,0.0
E2013,PJQH,RED,63,0,63.0,0.0,63,63.0,0.0
E2015,P001771,CED,9,4,9.0,4.0,13,13.0,0.0
E2010,P002867,OLY,1,2,1.0,2.0,3,3.0,0.0
E2011,P002867,OLY,12,7,12.0,7.0,19,19.0,0.0
E2012,P002867,OLY,2,4,2.0,4.0,6,6.0,0.0
E2013,P002867,OLY,6,7,6.0,7.0,13,13.0,0.0
E2014,P002867,OLY,5,6,5.0,6.0,11,11.0,0.0
E2007,PBJR,SIE,71,31,71.0,31.0,102,102.0,0.0
E2008,PBJR,SIE,157,38,157.0,38.0,195,195.0,0.0
E2009,PBJR,MAD,98,34,98.0,34.0,132,132.0,0.0
E2010,PBJR,SIE,148,52,148.0,52.0,200,200.0,0.0
E2011,PBJR,SIE,36,14,36.0,14.0,50,50.0,0.0
E2012,PBJR,ZAL,135,32,135.0,32.0,167,167.0,0.0
E2013,PBJR,BAS,12,5,12.0,5.0,17,17.0,0.0
E2008,P001228,CSK,7,0,7.0,0.0,7,7.0,0.0
E2009,P001228,CSK,108,0,108.0,0.0,108,108.0,0.0
E2011,P001228,CSK,52,0,52.0,0.0,52,52.0,0.0
E2012,P001228,CSK,134,0,134.0,0.0,134,134.0,0.0
E2013,P001228,CSK,144,0,144.0,0.0,144,144.0,0.0
E2014,P001228,CSK,162,0,162.0,0.0,162,162.0,0.0
E2016,P000399,ZAL,97,1,97.0,1.0,98,98.0,0.0
E2017,P000399,ZAL,125,1,125.0,1.0,126,126.0,0.0
E2018,P000399,ZAL,68,0,68.0,0.0,68,68.0,0.0
E2013,P004289,OLY,9,0,9.0,0.0,9,9.0,0.0
E2014,P004289,OLY,14,0,14.0,0.0,14,14.0,0.0
E2021,P004289,PAN,36,0,36.0,0.0,36,36.0,0.0
E2007,PBFE,PAR,97,75,97.0,75.0,172,172.0,0.0
E2008,PBFE,PAN,12,16,12.0,16.0,28,28.0,0.0
E2009,PBFE,PAR,59,82,59.0,82.0,141,141.0,0.0
E2010,PBFE,PAR,56,52,56.0,52.0,108,108.0,0.0
E2011,PBFE,PAR,32,13,32.0,13.0,45,45.0,0.0
E2024,P012885,BAR,0,0,0.0,0.0,0,0.0,0.0
E2025,P012885,BAR,12,0,12.0,0.0,12,12.0,0.0
E2008,P000545,MAL,48,99,48.0,99.0,147,147.0,0.0
E2010,P000545,KHI,9,16,9.0,16.0,25,25.0,0.0
E2013,P000545,BAS,7,13,7.0,13.0,20,20.0,0.0
E2007,PTFE,CIB,65,32,65.0,32.0,97,97.0,0.0
E2021,P011307,MIL,12,3,12.0,3.0,15,15.0,0.0
E2010,PKKK,LIE,0,0,0.0,0.0,0,0.0,0.0
E2012,P004247,SIE,19,13,19.0,13.0,32,32.0,0.0
E2008,P000393,NIO,34,5,34.0,5.0,39,39.0,0.0
E2009,P000393,MAR,13,7,13.0,7.0,20,20.0,0.0
E2010,P000577,OLY,11,23,11.0,23.0,34,34.0,0.0
E2011,P000577,OLY,16,37,16.0,37.0,53,53.0,0.0
E2017,P000577,RED,1,5,1.0,5.0,6,6.0,0.0
E2024,P003481,PRS,0,0,0.0,0.0,0,0.0,0.0
E2025,P014168,PAM,119,53,119.0,53.0,172,172.0,0.0
E2008,P000179,CSK,5,8,5.0,8.0,13,13.0,0.0
E2009,P000179,CSK,2,2,2.0,2.0,4,4.0,0.0
E2009,PKIG,MAR,40,88,40.0,88.0,128,128.0,0.0
E2016,P005717,UNK,0,0,0.0,0.0,0,0.0,0.0
E2023,P012123,MUN,5,8,5.0,8.0,13,13.0,0.0
E2024,P012123,MUN,32,21,32.0,21.0,53,53.0,0.0
E2025,P014106,BAS,0,0,0.0,0.0,0,0.0,0.0
E2012,P004173,SOP,1,3,1.0,3.0,4,4.0,0.0
E2018,P006710,CSK,1,1,1.0,1.0,2,2.0,0.0
E2020,P006710,CSK,17,7,17.0,7.0,24,24.0,0.0
E2021,P006710,CSK,4,1,4.0,1.0,5,5.0,0.0
E2007,PBCQ,CSK,14,16,14.0,16.0,30,30.0,0.0
E2008,PBCQ,CSK,44,35,44.0,35.0,79,79.0,0.0
E2009,PBCQ,CSK,87,67,87.0,67.0,154,154.0,0.0
E2010,PBCQ,CSK,8,3,8.0,3.0,11,11.0,0.0
E2011,PBCQ,CSK,61,58,61.0,58.0,119,119.0,0.0
E2012,PBCQ,CSK,127,73,127.0,73.0,200,200.0,0.0
E2013,PBCQ,CSK,82,64,82.0,64.0,146,146.0,0.0
E2014,PBCQ,CSK,9,7,9.0,7.0,16,16.0,0.0
E2015,PBCQ,CSK,25,19,25.0,19.0,44,44.0,0.0
E2016,PBCQ,CSK,80,38,80.0,38.0,118,118.0,0.0
E2017,PBCQ,CSK,12,9,12.0,9.0,21,21.0,0.0
E2012,PLKY,KHI,5,4,5.0,4.0,9,9.0,0.0
E2014,PLKY,NOV,51,52,51.0,52.0,103,103.0,0.0
E2019,PLKY,DYR,32,32,32.0,32.0,64,64.0,0.0
E2020,PLKY,DYR,6,12,6.0,12.0,18,18.0,0.0
E2018,P007868,DAR,102,95,102.0,95.0,197,197.0,0.0
E2009,P001883,LJU,1,9,1.0,9.0,10,10.0,0.0
E2013,P004999,IST,16,0,16.0,0.0,16,16.0,0.0
E2014,P004999,IST,14,0,14.0,0.0,14,14.0,0.0
E2018,P009227,PAN,77,48,77.0,48.0,125,125.0,0.0
E2014,PBOG,BER,33,69,33.0,69.0,102,102.0,0.0
E2018,PBOG,MUN,1,9,1.0,9.0,10,10.0,0.0
E2019,PBOG,MUN,3,23,3.0,23.0,26,26.0,0.0
E2007,P000738,ULK,61,31,61.0,31.0,92,92.0,0.0
E2009,P000738,ULK,58,20,58.0,20.0,78,78.0,0.0
E2010,P000738,ULK,85,12,85.0,12.0,97,97.0,0.0
E2011,P000738,IST,54,18,54.0,18.0,72,72.0,0.0
E2013,P000738,PAR,167,31,167.0,31.0,198,198.0,0.0
E2014,P000738,NOV,128,51,128.0,51.0,179,179.0,0.0
E2015,P000738,RED,107,31,107.0,31.0,138,138.0,0.0
E2011,P003530,CSK,87,48,87.0,48.0,135,135.0,0.0
E2014,P003530,CSK,43,13,43.0,13.0,56,56.0,0.0
E2016,P007616,IST,40,1,40.0,1.0,41,41.0,0.0
E2012,P004217,PAN,15,6,15.0,6.0,21,21.0,0.0
E2021,P010100,MAD,2,3,2.0,3.0,5,5.0,0.0
E2012,P003072,BER,0,0,0.0,0.0,0,0.0,0.0
E2009,P001925,OLY,189,86,189.0,86.0,275,275.0,0.0
E2013,P001925,ULK,115,59,115.0,59.0,174,174.0,0.0
E2014,P001925,MIL,49,91,49.0,91.0,140,140.0,0.0
E2008,PBDK,ZAL,31,6,31.0,6.0,37,37.0,0.0
E2009,PBDK,ZAL,56,30,56.0,30.0,86,86.0,0.0
E2010,PBDK,ZAL,39,26,39.0,26.0,65,65.0,0.0
E2011,PBDK,ZAL,30,17,30.0,17.0,47,47.0,0.0
E2013,PBDK,ZAL,70,18,70.0,18.0,88,88.0,0.0
E2016,P006360,UNK,11,0,11.0,0.0,11,11.0,0.0
E2021,P006360,UNK,7,0,7.0,0.0,7,7.0,0.0
E2018,P007560,CAN,1,1,1.0,1.0,2,2.0,0.0
E2008,P001235,LJU,22,15,22.0,15.0,37,37.0,0.0
E2009,P001235,LJU,8,12,8.0,12.0,20,20.0,0.0
E2010,P001235,PAR,17,31,17.0,31.0,48,48.0,0.0
E2021,P010394,ASV,99,26,99.0,26.0,125,125.0,0.0
E2020,P007487,CSK,0,0,0.0,0.0,0,0.0,0.0
E2015,PJVK,KSK,1,2,1.0,2.0,3,3.0,0.0
E2007,PCOB,LEM,80,0,80.0,0.0,80,80.0,0.0
E2008,PCOB,LEM,77,0,77.0,0.0,77,77.0,0.0
E2011,P002104,GAL,10,11,10.0,11.0,21,21.0,0.0
E2013,P002104,GAL,11,17,11.0,17.0,28,28.0,0.0
E2016,P002104,GAL,57,37,57.0,37.0,94,94.0,0.0
E2013,P003570,TIV,1,0,1.0,0.0,1,1.0,0.0
E2015,P003570,TIV,4,3,4.0,3.0,7,7.0,0.0
E2021,P002279,UNK,0,0,0.0,0.0,0,0.0,0.0
E2025,P014031,DUB,16,38,16.0,38.0,54,54.0,0.0
E2007,P000066,ROA,2,1,2.0,1.0,3,3.0,0.0
E2014,P005255,PAN,0,0,0.0,0.0,0,0.0,0.0
E2019,P005255,OLY,26,48,26.0,48.0,74,74.0,0.0
E2020,P005255,OLY,0,0,0.0,0.0,0,0.0,0.0
E2012,P004178,KHI,52,49,52.0,49.0,101,101.0,0.0
E2015,P004178,KHI,85,84,85.0,84.0,169,169.0,0.0
E2016,P004178,BAR,86,119,86.0,119.0,205,205.0,0.0
E2017,P004178,BAR,79,92,79.0,92.0,171,171.0,0.0
E2018,P004178,MUN,81,109,81.0,109.0,190,190.0,0.0
E2019,P004178,MUN,38,82,38.0,82.0,120,120.0,0.0
E2022,P011050,PAR,6,0,6.0,0.0,6,6.0,0.0
E2023,P011050,PAR,24,0,24.0,0.0,24,24.0,0.0
E2024,P011050,PAR,35,0,35.0,0.0,35,35.0,0.0
E2016,P004300,GAL,10,15,10.0,15.0,25,25.0,0.0
E2014,P005763,IST,20,29,20.0,29.0,49,49.0,0.0
E2015,P005763,IST,20,26,20.0,26.0,46,46.0,0.0
E2016,P005763,IST,4,1,4.0,1.0,5,5.0,0.0
E2024,P005763,MCO,8,3,8.0,3.0,11,11.0,0.0
E2014,P003571,CSK,23,4,23.0,4.0,27,27.0,0.0
E2015,P003571,CSK,25,6,25.0,6.0,31,31.0,0.0
E2017,P003571,CSK,5,0,5.0,0.0,5,5.0,0.0
E2024,P012443,RED,0,0,0.0,0.0,0,0.0,0.0
E2008,PLEA,SOP,0,0,0.0,0.0,0,0.0,0.0
E2009,PLEA,SOP,2,1,2.0,1.0,3,3.0,0.0
E2010,PLEA,SOP,2,1,2.0,1.0,3,3.0,0.0
E2013,P004096,IST,3,1,3.0,1.0,4,4.0,0.0
E2014,P004096,IST,3,3,3.0,3.0,6,6.0,0.0
E2015,P004096,IST,0,0,0.0,0.0,0,0.0,0.0
E2018,P004096,DAR,37,3,37.0,3.0,40,40.0,0.0
E2012,P000218,SOP,41,41,41.0,41.0,82,82.0,0.0
E2013,P000218,GSS,55,35,55.0,35.0,90,90.0,0.0
E2015,P000218,GSS,45,24,45.0,24.0,69,69.0,0.0
E2022,P004603,BAS,202,0,202.0,0.0,202,202.0,0.0
E2023,P004603,BAS,168,0,168.0,0.0,168,168.0,0.0
E2019,P009766,CSK,53,0,53.0,0.0,53,53.0,0.0
E2020,P009766,OLY,34,0,34.0,0.0,34,34.0,0.0
E2020,P010791,BER,10,0,10.0,0.0,10,10.0,0.0
E2021,P010791,BER,71,0,71.0,0.0,71,71.0,0.0
E2022,P010791,BER,116,0,116.0,0.0,116,116.0,0.0
E2023,P010791,BER,102,0,102.0,0.0,102,102.0,0.0
E2024,P010791,BER,19,0,19.0,0.0,19,19.0,0.0
E2009,P001140,MAR,0,1,0.0,1.0,1,1.0,0.0
E2025,P004451,PAN,0,0,0.0,0.0,0,0.0,0.0
E2015,P005427,MUN,0,0,0.0,0.0,0,0.0,0.0
E2019,P004810,KHI,46,29,46.0,29.0,75,75.0,0.0
E2020,P006482,MUN,2,4,2.0,4.0,6,6.0,0.0
E2025,P006482,MAD,11,25,11.0,25.0,36,36.0,0.0
E2007,PAON,CIB,21,19,21.0,19.0,40,40.0,0.0
E2016,P004512,BAM,0,0,0.0,0.0,0,0.0,0.0
E2024,P004512,PRS,21,0,21.0,0.0,21,21.0,0.0
E2025,P004512,MUN,3,0,3.0,0.0,3,3.0,0.0
E2015,P000139,CSK,11,0,11.0,0.0,11,11.0,0.0
E2019,P009328,ZAL,0,1,0.0,1.0,1,1.0,0.0
E2021,P010185,ZAL,0,0,0.0,0.0,0,0.0,0.0
E2022,P010185,ZAL,0,0,0.0,0.0,0,0.0,0.0
E2014,P005835,NOV,23,0,23.0,0.0,23,23.0,0.0
E2010,P001081,CIB,2,1,2.0,1.0,3,3.0,0.0
E2011,PAUO,CSK,178,0,178.0,0.0,178,178.0,0.0
E2012,PAUO,CSK,221,1,221.0,1.0,222,222.0,0.0
E2013,PAUO,CSK,218,5,218.0,5.0,223,223.0,0.0
E2014,PAUO,IST,146,0,146.0,0.0,146,146.0,0.0
E2011,PCKI,BIL,0,0,0.0,0.0,0,0.0,0.0
E2007,PLEE,CIB,2,2,2.0,2.0,4,4.0,0.0
E2022,P010824,ZAL,0,0,0.0,0.0,0,0.0,0.0
E2013,P005207,GSS,1,3,1.0,3.0,4,4.0,0.0
E2012,P004120,CTU,2,2,2.0,2.0,4,4.0,0.0
E2011,P003549,SOP,11,10,11.0,10.0,21,21.0,0.0
E2014,P003657,NOV,18,27,18.0,27.0,45,45.0,0.0
E2015,P001108,CSK,17,12,17.0,12.0,29,29.0,0.0
E2016,P001108,CSK,37,30,37.0,30.0,67,67.0,0.0
E2021,P001108,DYR,46,40,46.0,40.0,86,86.0,0.0
E2015,P002276,CSK,0,4,0.0,4.0,4,4.0,0.0
E2016,P002276,CSK,6,12,6.0,12.0,18,18.0,0.0
E2017,P002276,CSK,7,14,7.0,14.0,21,21.0,0.0
E2018,P002276,CSK,5,12,5.0,12.0,17,17.0,0.0
E2019,P002276,CSK,0,0,0.0,0.0,0,0.0,0.0
E2014,P005849,ZGO,67,36,67.0,36.0,103,103.0,0.0
E2013,P001490,ZAL,31,0,31.0,0.0,31,31.0,0.0
E2007,PBKM,IST,98,42,98.0,42.0,140,140.0,0.0
E2009,PBKM,IST,20,1,20.0,1.0,21,21.0,0.0
E2011,PBKM,IST,29,2,29.0,2.0,31,31.0,0.0
E2012,PBKM,IST,21,3,21.0,3.0,24,24.0,0.0
E2007,PJLX,CSK,3,2,3.0,2.0,5,5.0,0.0
E2009,PJLX,CSK,16,8,16.0,8.0,24,24.0,0.0
E2010,PJLX,CSK,4,2,4.0,2.0,6,6.0,0.0
E2011,PJLX,CSK,17,3,17.0,3.0,20,20.0,0.0
E2015,PJLX,CSK,86,46,86.0,46.0,132,132.0,0.0
E2016,PJLX,CSK,90,48,90.0,48.0,138,138.0,0.0
E2017,PJLX,CSK,83,54,83.0,54.0,137,137.0,0.0
E2018,PJLX,CSK,62,47,62.0,47.0,109,109.0,0.0
E2019,PJLX,CSK,47,63,47.0,63.0,110,110.0,0.0
E2020,PJLX,CSK,50,68,50.0,68.0,118,118.0,0.0
E2021,PJLX,CSK,35,38,35.0,38.0,73,73.0,0.0
E2018,P005789,BAR,88,136,88.0,136.0,224,224.0,0.0
E2019,P005789,BAR,92,97,92.0,97.0,189,189.0,0.0
E2020,P005789,BAR,78,121,78.0,121.0,199,199.0,0.0
E2021,P005789,BAR,84,125,84.0,125.0,209,209.0,0.0
E2022,P005789,BAR,32,55,32.0,55.0,87,87.0,0.0
E2011,P003436,NAN,0,0,0.0,0.0,0,0.0,0.0
E2018,P007265,BAS,0,0,0.0,0.0,0,0.0,0.0
E2020,P007265,BAS,8,12,8.0,12.0,20,20.0,0.0
E2021,P007265,BAS,10,23,10.0,23.0,33,33.0,0.0
E2022,P007265,BAS,10,22,10.0,22.0,32,32.0,0.0
E2016,P005713,BAR,1,1,1.0,1.0,2,2.0,0.0
E2017,P005713,BAR,2,0,2.0,0.0,2,2.0,0.0
E2025,P005713,BAS,94,62,94.0,62.0,156,156.0,0.0
E2007,PAFJ,MAL,62,65,62.0,65.0,127,127.0,0.0
E2008,PAFJ,CIB,70,61,70.0,61.0,131,131.0,0.0
E2025,P014128,BAR,1,0,1.0,0.0,1,1.0,0.0
E2007,PABI,ULK,13,24,13.0,24.0,37,37.0,0.0
E2011,P003479,MAL,0,0,0.0,0.0,0,0.0,0.0
E2015,P003479,PAN,102,0,102.0,0.0,102,102.0,0.0
E2016,P003479,RED,205,0,205.0,0.0,205,205.0,0.0
E2017,P003479,MAD,3,0,3.0,0.0,3,3.0,0.0
E2018,P003479,MAD,11,0,11.0,0.0,11,11.0,0.0
E2019,P003479,RED,50,0,50.0,0.0,50,50.0,0.0
E2020,P003479,RED,90,0,90.0,0.0,90,90.0,0.0
E2021,P003479,RED,127,0,127.0,0.0,127,127.0,0.0
E2022,P003479,RED,38,0,38.0,0.0,38,38.0,0.0
E2023,P003479,RED,4,0,4.0,0.0,4,4.0,0.0
E2010,P002008,ZAL,8,6,8.0,6.0,14,14.0,0.0
E2011,P002008,ZAL,11,7,11.0,7.0,18,18.0,0.0
E2012,P002008,ZAL,78,34,78.0,34.0,112,112.0,0.0
E2013,P002008,MAL,92,35,92.0,35.0,127,127.0,0.0
E2014,P002008,MAL,120,69,120.0,69.0,189,189.0,0.0
E2015,P002008,MAL,133,77,133.0,77.0,210,210.0,0.0
E2017,P002008,MIL,78,37,78.0,37.0,115,115.0,0.0
E2018,P002008,MIL,107,64,107.0,64.0,171,171.0,0.0
E2019,P002008,OLY,19,11,19.0,11.0,30,30.0,0.0
E2021,P002008,DYR,54,35,54.0,35.0,89,89.0,0.0
E2011,PJXU,PAN,4,2,4.0,2.0,6,6.0,0.0
E2010,P002503,TEL,0,0,0.0,0.0,0,0.0,0.0
E2019,P004884,PAM,58,37,58.0,37.0,95,95.0,0.0
E2020,P004884,PAM,72,75,72.0,75.0,147,147.0,0.0
E2009,P001261,ASV,0,0,0.0,0.0,0,0.0,0.0
E2013,P001261,STR,31,12,31.0,12.0,43,43.0,0.0
E2015,P001261,STR,32,7,32.0,7.0,39,39.0,0.0
E2020,P001261,ASV,46,15,46.0,15.0,61,61.0,0.0
E2021,P001261,ASV,96,25,96.0,25.0,121,121.0,0.0
E2022,P001261,ASV,5,2,5.0,2.0,7,7.0,0.0
E2010,P002870,PAR,42,26,42.0,26.0,68,68.0,0.0
E2011,P002870,IST,27,16,27.0,16.0,43,43.0,0.0
E2011,P002870,SOP,48,42,48.0,42.0,90,90.0,0.0
E2012,P002870,ZAL,70,99,70.0,99.0,169,169.0,0.0
E2014,P002870,OLY,62,109,62.0,109.0,171,171.0,0.0
E2015,P002870,MIL,23,54,23.0,54.0,77,77.0,0.0
E2016,P006705,MIL,0,0,0.0,0.0,0,0.0,0.0
E2024,P007736,PAR,8,12,8.0,12.0,20,20.0,0.0
E2025,P007736,PAR,18,43,18.0,43.0,61,61.0,0.0
E2009,P001571,MAR,0,0,0.0,0.0,0,0.0,0.0
E2007,PATA,BAR,75,134,75.0,134.0,209,209.0,0.0
E2008,PATA,BAR,44,80,44.0,80.0,124,124.0,0.0
E2009,PATA,BAR,21,57,21.0,57.0,78,78.0,0.0
E2010,PATA,BAR,31,63,31.0,63.0,94,94.0,0.0
E2011,PATA,GAL,34,72,34.0,72.0,106,106.0,0.0
E2010,PCLL,CIB,13,0,13.0,0.0,13,13.0,0.0
E2020,P010385,BER,183,19,183.0,19.0,202,202.0,0.0
E2021,P010385,BER,146,10,146.0,10.0,156,156.0,0.0
E2022,P010385,BER,141,33,141.0,33.0,174,174.0,0.0
E2009,PBBY,TEL,36,18,36.0,18.0,54,54.0,0.0
E2012,PBBY,BAS,266,44,266.0,44.0,310,310.0,0.0
E2013,PBBY,BAR,87,18,87.0,18.0,105,105.0,0.0
E2014,PBBY,BAR,106,21,106.0,21.0,127,127.0,0.0
E2019,P008820,ZAL,127,63,127.0,63.0,190,190.0,0.0
E2010,P002089,BAM,0,0,0.0,0.0,0,0.0,0.0
E2012,P004160,TEL,44,23,44.0,23.0,67,67.0,0.0
E2013,P004160,TEL,30,16,30.0,16.0,46,46.0,0.0
E2014,P004160,TEL,84,54,84.0,54.0,138,138.0,0.0
E2015,P004160,TEL,54,42,54.0,42.0,96,96.0,0.0
E2016,P004160,TEL,69,57,69.0,57.0,126,126.0,0.0
E2007,PBEB,CSK,97,120,97.0,120.0,217,217.0,0.0
E2008,PBEB,CSK,73,81,73.0,81.0,154,154.0,0.0
E2009,PBEB,CSK,94,100,94.0,100.0,194,194.0,0.0
E2010,PBEB,CSK,38,35,38.0,35.0,73,73.0,0.0
E2009,P001887,KHI,100,57,100.0,57.0,157,157.0,0.0
E2010,P001887,KHI,94,37,94.0,37.0,131,131.0,0.0
E2011,P001887,TEL,128,40,128.0,40.0,168,168.0,0.0
E2012,P001887,MIL,91,39,91.0,39.0,130,130.0,0.0
E2013,P001887,MIL,182,132,182.0,132.0,314,314.0,0.0
E2014,P001887,UNK,88,38,88.0,38.0,126,126.0,0.0
E2016,P001887,UNK,313,157,313.0,157.0,470,470.0,0.0
E2018,P001887,PAN,149,64,149.0,64.0,213,213.0,0.0
E2012,P004192,CHL,12,24,12.0,24.0,36,36.0,0.0
E2007,PJHV,SOP,12,0,12.0,0.0,12,12.0,0.0
E2008,PJHV,SOP,4,1,4.0,1.0,5,5.0,0.0
E2009,PJHV,SOP,13,0,13.0,0.0,13,13.0,0.0
E2010,PJHV,SOP,23,0,23.0,0.0,23,23.0,0.0
E2011,PJHV,SOP,32,1,32.0,1.0,33,33.0,0.0
E2016,P006435,BAS,18,31,18.0,31.0,49,49.0,0.0
E2019,P006435,MAD,45,46,45.0,46.0,91,91.0,0.0
E2020,P006435,MAD,66,121,66.0,121.0,187,187.0,0.0
E2021,P006435,BAR,92,166,92.0,166.0,258,258.0,0.0
E2022,P006435,BAR,94,189,94.0,189.0,283,283.0,0.0
E2023,P006435,BAR,111,196,111.0,196.0,307,307.0,0.0
E2024,P006435,BAR,12,13,12.0,13.0,25,25.0,0.0
E2025,P006435,BAR,37,88,37.0,88.0,125,125.0,0.0
E2020,P010392,OLY,21,58,21.0,58.0,79,79.0,0.0
E2021,P010392,OLY,30,98,30.0,98.0,128,128.0,0.0
E2022,P010392,OLY,64,147,64.0,147.0,211,211.0,0.0
E2023,P010392,OLY,61,106,61.0,106.0,167,167.0,0.0
E2024,P010392,OLY,10,26,10.0,26.0,36,36.0,0.0
E2025,P010392,OLY,1,5,1.0,5.0,6,6.0,0.0
E2016,P007200,BAS,202,143,202.0,143.0,345,345.0,0.0
E2018,P007200,IST,128,145,128.0,145.0,273,273.0,0.0
E2019,P007200,IST,144,173,144.0,173.0,317,317.0,0.0
E2020,P007200,IST,138,222,138.0,222.0,360,360.0,0.0
E2021,P007200,IST,170,241,170.0,241.0,411,411.0,0.0
E2022,P007200,IST,48,96,48.0,96.0,144,144.0,0.0
E2023,P007200,IST,177,225,177.0,225.0,402,402.0,0.0
E2024,P007200,IST,108,145,108.0,145.0,253,253.0,0.0
E2025,P007200,IST,65,65,65.0,65.0,130,130.0,0.0
E2008,P001287,PAR,124,9,124.0,9.0,133,133.0,0.0
E2009,P001287,TEL,87,2,87.0,2.0,89,89.0,0.0
E2012,P001287,PAN,184,0,184.0,0.0,184,184.0,0.0
E2013,P001287,PAN,164,1,164.0,1.0,165,165.0,0.0
E2014,P001287,IST,158,2,158.0,2.0,160,160.0,0.0
E2018,P001287,PAN,64,2,64.0,2.0,66,66.0,0.0
E2012,P004194,CHL,24,8,24.0,8.0,32,32.0,0.0
E2013,P004194,PAR,162,35,162.0,35.0,197,197.0,0.0
E2018,P004194,ULK,125,20,125.0,20.0,145,145.0,0.0
E2019,P004194,ULK,87,7,87.0,7.0,94,94.0,0.0
E2020,P004194,ZAL,256,5,256.0,5.0,261,261.0,0.0
E2021,P004194,ZAL,86,0,86.0,0.0,86,86.0,0.0
E2022,P004194,ASV,15,0,15.0,0.0,15,15.0,0.0
E2023,P004194,ASV,257,53,257.0,53.0,310,310.0,0.0
E2024,P004194,ASV,133,24,133.0,24.0,157,157.0,0.0
E2025,P014120,TEL,26,12,26.0,12.0,38,38.0,0.0
E2008,PLGE,JOV,22,20,22.0,20.0,42,42.0,0.0
E2009,PBWK,MAD,113,17,113.0,17.0,130,130.0,0.0
E2010,PBWK,ULK,70,31,70.0,31.0,101,101.0,0.0
E2011,PBWK,CSK,33,20,33.0,20.0,53,53.0,0.0
E2012,PBWK,ZAL,99,42,99.0,42.0,141,141.0,0.0
E2013,PBWK,NIK,65,32,65.0,32.0,97,97.0,0.0
E2023,P006860,ZAL,8,14,8.0,14.0,22,22.0,0.0
E2007,PBLH,SIE,99,57,99.0,57.0,156,156.0,0.0
E2008,PBLH,SIE,81,53,81.0,53.0,134,134.0,0.0
E2009,PBLH,SIE,64,35,64.0,35.0,99,99.0,0.0
E2010,PBLH,SIE,116,62,116.0,62.0,178,178.0,0.0
E2011,PBLH,SIE,66,36,66.0,36.0,102,102.0,0.0
E2012,PBLH,ZAL,84,52,84.0,52.0,136,136.0,0.0
E2013,PBLH,ZAL,51,26,51.0,26.0,77,77.0,0.0
E2011,P003431,OLY,45,13,45.0,13.0,58,58.0,0.0
E2011,P003431,PAR,80,21,80.0,21.0,101,101.0,0.0
E2012,P003431,OLY,143,46,143.0,46.0,189,189.0,0.0
E2013,P003431,OLY,19,8,19.0,8.0,27,27.0,0.0
E2013,P004812,MIL,89,0,89.0,0.0,89,89.0,0.0
E2014,P004812,PAN,12,0,12.0,0.0,12,12.0,0.0
E2015,P004812,MIL,12,0,12.0,0.0,12,12.0,0.0
E2014,P005804,SAS,60,0,60.0,0.0,60,60.0,0.0
E2015,P005804,BAR,52,0,52.0,0.0,52,52.0,0.0
E2011,P003442,ZAL,34,8,34.0,8.0,42,42.0,0.0
E2017,P004720,RED,2,0,2.0,0.0,2,2.0,0.0
E2021,P004720,RED,29,11,29.0,11.0,40,40.0,0.0
E2022,P004720,RED,48,21,48.0,21.0,69,69.0,0.0
E2023,P004720,RED,12,6,12.0,6.0,18,18.0,0.0
E2015,P002073,CSK,10,0,10.0,0.0,10,10.0,0.0
E2013,PLUO,RED,12,7,12.0,7.0,19,19.0,0.0
E2014,PLUO,RED,37,29,37.0,29.0,66,66.0,0.0
E2015,PLUO,RED,47,39,47.0,39.0,86,86.0,0.0
E2016,PLUO,RED,48,57,48.0,57.0,105,105.0,0.0
E2017,PLUO,RED,47,58,47.0,58.0,105,105.0,0.0
E2019,PLUO,RED,48,48,48.0,48.0,96,96.0,0.0
E2020,PLUO,RED,36,48,36.0,48.0,84,84.0,0.0
E2021,PLUO,RED,22,53,22.0,53.0,75,75.0,0.0
E2022,PLUO,RED,17,34,17.0,34.0,51,51.0,0.0
E2023,PLUO,RED,21,38,21.0,38.0,59,59.0,0.0
E2024,PLUO,RED,3,4,3.0,4.0,7,7.0,0.0
E2025,P014012,TEL,130,12,130.0,12.0,142,142.0,0.0
E2013,P000144,NIK,2,2,2.0,2.0,4,4.0,0.0
E2012,P003176,CED,0,0,0.0,0.0,0,0.0,0.0
E2009,P001838,ORL,0,0,0.0,0.0,0,0.0,0.0
E2008,PBFQ,SIE,15,0,15.0,0.0,15,15.0,0.0
E2011,PBFQ,SIE,1,0,1.0,0.0,1,1.0,0.0
E2012,PBFQ,SIE,5,0,5.0,0.0,5,5.0,0.0
E2018,P008987,OLY,158,28,158.0,28.0,186,186.0,0.0
E2019,P008987,ZAL,192,30,192.0,30.0,222,222.0,0.0
E2020,P008987,MIL,185,73,185.0,73.0,258,258.0,0.0
E2022,P008987,PAR,234,86,234.0,86.0,320,320.0,0.0
E2023,P008987,PAR,150,58,150.0,58.0,208,208.0,0.0
E2024,P008987,MIL,205,119,205.0,119.0,324,324.0,0.0
E2025,P008987,MIL,148,103,148.0,103.0,251,251.0,0.0
E2017,P007969,IST,74,53,74.0,53.0,127,127.0,0.0
E2021,P011225,MCO,78,133,78.0,133.0,211,211.0,0.0
E2022,P011225,PAN,139,171,139.0,171.0,310,310.0,0.0
E2023,P011225,ASV,138,159,138.0,159.0,297,297.0,0.0
E2024,P011225,ASV,90,126,90.0,126.0,216,216.0,0.0
E2024,P013389,OLY,23,12,23.0,12.0,35,35.0,0.0
E2024,P013389,TEL,42,19,42.0,19.0,61,61.0,0.0
E2025,P013389,OLY,18,11,18.0,11.0,29,29.0,0.0
E2025,P013389,IST,82,43,82.0,43.0,125,125.0,0.0
E2014,P003210,ZAL,73,42,73.0,42.0,115,115.0,0.0
E2015,P003210,ZAL,48,31,48.0,31.0,79,79.0,0.0
E2016,P003210,ZAL,138,74,138.0,74.0,212,212.0,0.0
E2017,P003210,PAN,56,35,56.0,35.0,91,91.0,0.0
E2018,P003210,PAN,69,42,69.0,42.0,111,111.0,0.0
E2019,P003210,ZAL,149,51,149.0,51.0,200,200.0,0.0
E2020,P003210,ZAL,139,50,139.0,50.0,189,189.0,0.0
E2021,P003210,ZAL,174,88,174.0,88.0,262,262.0,0.0
E2022,P003210,ZAL,93,67,93.0,67.0,160,160.0,0.0
E2023,P003210,ZAL,84,53,84.0,53.0,137,137.0,0.0
E2024,P003210,ZAL,18,19,18.0,19.0,37,37.0,0.0
E2021,P010190,ZAL,0,0,0.0,0.0,0,0.0,0.0
E2022,P010190,ZAL,1,0,1.0,0.0,1,1.0,0.0
E2007,PLGQ,LEM,2,11,2.0,11.0,13,13.0,0.0
E2008,PLGQ,LEM,4,10,4.0,10.0,14,14.0,0.0
E2013,PLGQ,STR,30,31,30.0,31.0,61,61.0,0.0
E2015,PLGQ,STR,30,31,30.0,31.0,61,61.0,0.0
E2025,P014169,MAD,44,1,44.0,1.0,45,45.0,0.0
E2010,P001947,CHO,22,3,22.0,3.0,25,25.0,0.0
E2009,P001928,PAR,0,0,0.0,0.0,0,0.0,0.0
E2010,P001928,PAR,3,0,3.0,0.0,3,3.0,0.0
E2017,P003842,RED,181,1,181.0,1.0,182,182.0,0.0
E2019,P003842,MUN,53,0,53.0,0.0,53,53.0,0.0
E2021,P003842,TEL,19,0,19.0,0.0,19,19.0,0.0
E2022,P003842,PAR,241,1,241.0,1.0,242,242.0,0.0
E2023,P003842,PAN,326,1,326.0,1.0,327,327.0,0.0
E2024,P003842,PAN,124,2,124.0,2.0,126,126.0,0.0
E2025,P003842,PAN,80,0,80.0,0.0,80,80.0,0.0
E2007,PTGZ,VIR,13,13,13.0,13.0,26,26.0,0.0
E2014,P005979,TEL,0,0,0.0,0.0,0,0.0,0.0
E2011,P003013,CTU,57,73,57.0,73.0,130,130.0,0.0
E2012,P003013,CTU,23,35,23.0,35.0,58,58.0,0.0
E2016,P007768,TEL,2,4,2.0,4.0,6,6.0,0.0
E2018,P007768,TEL,1,1,1.0,1.0,2,2.0,0.0
E2009,PCTS,MAL,17,4,17.0,4.0,21,21.0,0.0
E2013,P004797,LIE,13,0,13.0,0.0,13,13.0,0.0
E2011,P003526,CTU,8,5,8.0,5.0,13,13.0,0.0
E2013,P003526,NTR,44,26,44.0,26.0,70,70.0,0.0
E2019,P003526,ASV,138,79,138.0,79.0,217,217.0,0.0
E2020,P003526,ASV,217,74,217.0,74.0,291,291.0,0.0
E2021,P003526,ASV,51,24,51.0,24.0,75,75.0,0.0
E2022,P003526,ASV,121,54,121.0,54.0,175,175.0,0.0
E2023,P003526,ASV,50,43,50.0,43.0,93,93.0,0.0
E2024,P003526,ASV,55,69,55.0,69.0,124,124.0,0.0
E2025,P003526,ASV,64,64,64.0,64.0,128,128.0,0.0
E2013,PJAV,TIV,23,64,23.0,64.0,87,87.0,0.0
E2014,PJAV,UNK,1,0,1.0,0.0,1,1.0,0.0
E2009,P001098,MAL,21,6,21.0,6.0,27,27.0,0.0
E2010,P001098,MAL,19,0,19.0,0.0,19,19.0,0.0
E2011,P001098,MAL,17,0,17.0,0.0,17,17.0,0.0
E2012,P001098,MAL,49,11,49.0,11.0,60,60.0,0.0
E2015,P001098,MAD,15,0,15.0,0.0,15,15.0,0.0
E2016,P001098,ZAL,101,0,101.0,0.0,101,101.0,0.0
E2007,PDID,LEM,75,35,75.0,35.0,110,110.0,0.0
E2009,PDID,TEL,12,8,12.0,8.0,20,20.0,0.0
E2011,PLNP,NAN,38,25,38.0,25.0,63,63.0,0.0
E2014,P005825,TEL,40,44,40.0,44.0,84,84.0,0.0
E2011,PLXI,ZAL,9,3,9.0,3.0,12,12.0,0.0
E2012,PLXI,ZAL,15,8,15.0,8.0,23,23.0,0.0
E2013,PLXI,ZAL,55,25,55.0,25.0,80,80.0,0.0
E2014,PLXI,ZAL,15,5,15.0,5.0,20,20.0,0.0
E2015,PLXI,ZAL,2,1,2.0,1.0,3,3.0,0.0
E2010,P000236,PAM,102,3,102.0,3.0,105,105.0,0.0
E2014,P000236,PAM,18,0,18.0,0.0,18,18.0,0.0
E2008,PAND,AVE,2,2,2.0,2.0,4,4.0,0.0
E2007,PTGB,MAD,21,6,21.0,6.0,27,27.0,0.0
E2008,PTGB,MAD,44,50,44.0,50.0,94,94.0,0.0
E2009,PTGB,MAD,50,67,50.0,67.0,117,117.0,0.0
E2010,PTGB,MAD,125,99,125.0,99.0,224,224.0,0.0
E2011,PTGB,MAD,52,44,52.0,44.0,96,96.0,0.0
E2012,PTGB,MAD,111,124,111.0,124.0,235,235.0,0.0
E2013,PTGB,MAD,133,149,133.0,149.0,282,282.0,0.0
E2014,PTGB,MAD,105,140,105.0,140.0,245,245.0,0.0
E2015,PTGB,MAD,89,157,89.0,157.0,246,246.0,0.0
E2016,PTGB,MAD,204,221,204.0,221.0,425,425.0,0.0
E2017,PTGB,MAD,12,24,12.0,24.0,36,36.0,0.0
E2018,PTGB,MAD,92,165,92.0,165.0,257,257.0,0.0
E2019,PTGB,MAD,56,73,56.0,73.0,129,129.0,0.0
E2020,PTGB,MAD,82,115,82.0,115.0,197,197.0,0.0
E2021,PTGB,MAD,126,193,126.0,193.0,319,319.0,0.0
E2022,PTGB,MAD,61,109,61.0,109.0,170,170.0,0.0
E2023,PTGB,MAD,84,153,84.0,153.0,237,237.0,0.0
E2024,PTGB,MAD,79,185,79.0,185.0,264,264.0,0.0
E2025,PTGB,MAD,42,97,42.0,97.0,139,139.0,0.0
E2009,P001995,BAS,1,4,1.0,4.0,5,5.0,0.0
E2008,P000541,SOP,139,95,139.0,95.0,234,234.0,0.0
E2009,P000541,SOP,130,124,130.0,124.0,254,254.0,0.0
E2010,P000541,BAS,76,83,76.0,83.0,159,159.0,0.0
E2011,P000541,PAN,87,41,87.0,41.0,128,128.0,0.0
E2012,P000541,TEL,88,129,88.0,129.0,217,217.0,0.0
E2014,P000541,SAS,51,72,51.0,72.0,123,123.0,0.0
E2015,P000541,SAS,37,54,37.0,54.0,91,91.0,0.0
E2013,P003608,OLY,129,100,129.0,100.0,229,229.0,0.0
E2014,P003608,OLY,100,88,100.0,88.0,188,188.0,0.0
E2015,P003608,OLY,39,40,39.0,40.0,79,79.0,0.0
E2016,P003608,OLY,92,88,92.0,88.0,180,180.0,0.0
E2017,P003608,PAN,60,66,60.0,66.0,126,126.0,0.0
E2018,P003608,PAN,73,45,73.0,45.0,118,118.0,0.0
E2016,P007032,BAM,68,50,68.0,50.0,118,118.0,0.0
E2017,P007032,BAM,93,87,93.0,87.0,180,180.0,0.0
E2018,P007032,MUN,91,64,91.0,64.0,155,155.0,0.0
E2019,P007032,MUN,92,122,92.0,122.0,214,214.0,0.0
E2020,P007032,BER,106,104,106.0,104.0,210,210.0,0.0
E2021,P007032,BER,158,151,158.0,151.0,309,309.0,0.0
E2022,P007032,BER,116,130,116.0,130.0,246,246.0,0.0
E2023,P007032,MIL,55,72,55.0,72.0,127,127.0,0.0
E2024,P007032,PRS,127,117,127.0,117.0,244,244.0,0.0
E2025,P007032,ZAL,104,115,104.0,115.0,219,219.0,0.0
E2019,P005553,ASV,46,57,46.0,57.0,103,103.0,0.0
E2020,P005553,ASV,6,7,6.0,7.0,13,13.0,0.0
E2023,P005553,VIR,9,8,9.0,8.0,17,17.0,0.0
E2024,P012113,MIL,2,1,2.0,1.0,3,3.0,0.0
E2010,PBEJ,KHI,54,17,54.0,17.0,71,71.0,0.0
E2012,PBEJ,KHI,140,3,140.0,3.0,143,143.0,0.0
E2014,PBEJ,PAM,50,4,50.0,4.0,54,54.0,0.0
E2008,PAFL,CIB,1,1,1.0,1.0,2,2.0,0.0
E2018,P006135,CSK,0,0,0.0,0.0,0,0.0,0.0
E2019,P006135,CSK,0,0,0.0,0.0,0,0.0,0.0
E2020,P006135,CSK,0,1,0.0,1.0,1,1.0,0.0
E2021,P006135,CSK,0,0,0.0,0.0,0,0.0,0.0
E2022,P005356,PAM,95,61,95.0,61.0,156,156.0,0.0
E2023,P005356,PAM,58,52,58.0,52.0,110,110.0,0.0
E2025,P005356,PAM,7,14,7.0,14.0,21,21.0,0.0
E2008,P001450,MAL,1,1,1.0,1.0,2,2.0,0.0
E2019,P009918,BAS,2,0,2.0,0.0,2,2.0,0.0
E2007,PAIT,MAD,39,50,39.0,50.0,89,89.0,0.0
E2008,PAIT,MAD,60,44,60.0,44.0,104,104.0,0.0
E2009,PAIT,KHI,32,39,32.0,39.0,71,71.0,0.0
E2010,PAIT,KHI,15,40,15.0,40.0,55,55.0,0.0
E2011,PAIT,BIL,30,50,30.0,50.0,80,80.0,0.0
E2007,PBWL,ROM,159,41,159.0,41.0,200,200.0,0.0
E2008,PBWL,CSK,155,18,155.0,18.0,173,173.0,0.0
E2009,PBWL,BAR,111,27,111.0,27.0,138,138.0,0.0
E2010,PBWL,BAR,92,35,92.0,35.0,127,127.0,0.0
E2011,PBWL,BAR,143,60,143.0,60.0,203,203.0,0.0
E2012,PBWL,BAR,176,43,176.0,43.0,219,219.0,0.0
E2013,PBWL,BAR,88,40,88.0,40.0,128,128.0,0.0
E2010,PLSN,LJU,1,0,1.0,0.0,1,1.0,0.0
E2014,P006302,PAN,2,1,2.0,1.0,3,3.0,0.0
E2015,P006302,PAN,1,0,1.0,0.0,1,1.0,0.0
E2016,P006302,PAN,0,0,0.0,0.0,0,0.0,0.0
E2021,P006302,OLY,6,6,6.0,6.0,12,12.0,0.0
E2022,P006302,OLY,14,14,14.0,14.0,28,28.0,0.0
E2023,P006302,OLY,12,17,12.0,17.0,29,29.0,0.0
E2019,P009754,PAM,74,77,74.0,77.0,151,151.0,0.0
E2020,P009754,RED,214,177,214.0,177.0,391,391.0,0.0
E2021,P009754,DYR,143,98,143.0,98.0,241,241.0,0.0
E2022,P009754,MCO,155,140,155.0,140.0,295,295.0,0.0
E2023,P009754,MCO,88,83,88.0,83.0,171,171.0,0.0
E2024,P009754,MCO,103,115,103.0,115.0,218,218.0,0.0
E2024,P009754,TEL,16,7,16.0,7.0,23,23.0,0.0
E2025,P009754,IST,136,156,136.0,156.0,292,292.0,0.0
E2009,P001867,MAR,141,30,141.0,30.0,171,171.0,0.0
E2010,P001867,OLY,62,13,62.0,13.0,75,75.0,0.0
E2011,P001867,GAL,115,23,115.0,23.0,138,138.0,0.0
E2012,P001867,IST,195,39,195.0,39.0,234,234.0,0.0
E2013,P001867,IST,183,33,183.0,33.0,216,216.0,0.0
E2015,P001867,DAR,139,43,139.0,43.0,182,182.0,0.0
E2011,P003417,OLY,36,13,36.0,13.0,49,49.0,0.0
E2019,P003417,RED,5,3,5.0,3.0,8,8.0,0.0
E2008,P001288,PAR,0,0,0.0,0.0,0,0.0,0.0
E2009,P001288,PAR,0,0,0.0,0.0,0,0.0,0.0
E2010,P001288,PAR,17,6,17.0,6.0,23,23.0,0.0
E2011,P001288,PAR,26,26,26.0,26.0,52,52.0,0.0
E2012,P001288,PAR,71,31,71.0,31.0,102,102.0,0.0
E2014,P001288,PAM,23,19,23.0,19.0,42,42.0,0.0
E2018,P001288,MUN,125,74,125.0,74.0,199,199.0,0.0
E2019,P001288,MUN,129,61,129.0,61.0,190,190.0,0.0
E2020,P001288,MUN,104,136,104.0,136.0,240,240.0,0.0
E2021,P001288,MUN,123,144,123.0,144.0,267,267.0,0.0
E2022,P001288,MUN,56,49,56.0,49.0,105,105.0,0.0
E2023,P001288,MUN,43,50,43.0,50.0,93,93.0,0.0
E2024,P001288,MUN,40,41,40.0,41.0,81,81.0,0.0
E2025,P001288,MUN,105,78,105.0,78.0,183,183.0,0.0
E2007,PBUU,LIE,56,74,56.0,74.0,130,130.0,0.0
E2009,PBUU,ASV,31,33,31.0,33.0,64,64.0,0.0
E2019,P006158,ZAL,1,5,1.0,5.0,6,6.0,0.0
E2020,P006158,ZAL,2,27,2.0,27.0,29,29.0,0.0
E2021,P006158,ZAL,6,66,6.0,66.0,72,72.0,0.0
E2022,P006158,ZAL,3,33,3.0,33.0,36,36.0,0.0
E2023,P006158,ZAL,0,6,0.0,6.0,6,6.0,0.0
E2020,P010781,CSK,62,55,62.0,55.0,117,117.0,0.0
E2021,P010781,CSK,106,80,106.0,80.0,186,186.0,0.0
E2022,P010781,VIR,96,91,96.0,91.0,187,187.0,0.0
E2023,P010781,VIR,145,128,145.0,128.0,273,273.0,0.0
E2024,P010781,PAR,83,104,83.0,104.0,187,187.0,0.0
E2025,P010781,TEL,64,71,64.0,71.0,135,135.0,0.0
E2022,P012080,MIL,123,72,123.0,72.0,195,195.0,0.0
E2023,P012080,ASV,181,93,181.0,93.0,274,274.0,0.0
E2024,P012080,BAS,136,101,136.0,101.0,237,237.0,0.0
E2025,P012080,BAS,208,233,208.0,233.0,441,441.0,0.0
E2009,P001633,MAL,3,3,3.0,3.0,6,6.0,0.0
E2010,P001633,MAL,20,13,20.0,13.0,33,33.0,0.0
E2016,P001633,BAS,36,18,36.0,18.0,54,54.0,0.0
E2011,PCOX,UNK,104,50,104.0,50.0,154,154.0,0.0
E2025,P014117,MAD,220,148,220.0,148.0,368,368.0,0.0
E2022,P011620,BER,1,2,1.0,2.0,3,3.0,0.0
E2007,PCBV,OLY,58,29,58.0,29.0,87,87.0,0.0
E2007,PJCC,ZAL,102,77,102.0,77.0,179,179.0,0.0
E2008,PJCC,ZAL,58,56,58.0,56.0,114,114.0,0.0
E2009,PJCC,MIL,53,35,53.0,35.0,88,88.0,0.0
E2010,PJCC,MIL,41,12,41.0,12.0,53,53.0,0.0
E2012,PJCC,PAN,94,122,94.0,122.0,216,216.0,0.0
E2013,PJCC,PAN,82,100,82.0,100.0,182,182.0,0.0
E2014,PJCC,MAD,47,45,47.0,45.0,92,92.0,0.0
E2015,PJCC,MAD,49,61,49.0,61.0,110,110.0,0.0
E2016,PJCC,MAD,52,68,52.0,68.0,120,120.0,0.0
E2017,PJCC,MAD,18,43,18.0,43.0,61,61.0,0.0
E2019,P009902,MIL,48,12,48.0,12.0,60,60.0,0.0
E2020,P009902,PAN,71,60,71.0,60.0,131,131.0,0.0
E2021,P011236,PAN,150,144,150.0,144.0,294,294.0,0.0
E2010,PJEA,TEL,27,5,27.0,5.0,32,32.0,0.0
E2011,PJEA,PAR,72,32,72.0,32.0,104,104.0,0.0
E2013,PJEA,GAL,86,40,86.0,40.0,126,126.0,0.0
E2015,PJEA,MIL,30,11,30.0,11.0,41,41.0,0.0
E2016,PJEA,MIL,131,56,131.0,56.0,187,187.0,0.0
E2022,P011052,PAR,108,71,108.0,71.0,179,179.0,0.0
E2023,P011052,ULK,54,40,54.0,40.0,94,94.0,0.0
E2024,P011052,MUN,14,7,14.0,7.0,21,21.0,0.0
E2025,P011052,HTA,28,25,28.0,25.0,53,53.0,0.0
E2018,P008796,CAN,15,15,15.0,15.0,30,30.0,0.0
E2015,P006463,MIL,0,0,0.0,0.0,0,0.0,0.0
E2010,P003042,ULK,0,0,0.0,0.0,0,0.0,0.0
E2012,P003042,SOP,67,0,67.0,0.0,67,67.0,0.0
E2013,P002969,ULK,43,53,43.0,53.0,96,96.0,0.0
E2014,P002969,ULK,9,28,9.0,28.0,37,37.0,0.0
E2015,P002969,ULK,9,52,9.0,52.0,61,61.0,0.0
E2016,P002969,ULK,13,48,13.0,48.0,61,61.0,0.0
E2017,P002969,ULK,19,21,19.0,21.0,40,40.0,0.0
E2018,P002969,ULK,42,76,42.0,76.0,118,118.0,0.0
E2019,P002969,ULK,43,65,43.0,65.0,108,108.0,0.0
E2020,P002969,ULK,39,67,39.0,67.0,106,106.0,0.0
E2021,P002969,ULK,32,64,32.0,64.0,96,96.0,0.0
E2022,P002969,ULK,13,67,13.0,67.0,80,80.0,0.0
E2023,P002969,ULK,3,12,3.0,12.0,15,15.0,0.0
E2024,P002969,ULK,2,10,2.0,10.0,12,12.0,0.0
E2025,P002969,ULK,4,13,4.0,13.0,17,17.0,0.0
E2013,PBUL,BAS,24,55,24.0,55.0,79,79.0,0.0
E2009,PCIU,OLD,30,25,30.0,25.0,55,55.0,0.0
E2017,P006357,CSK,0,0,0.0,0.0,0,0.0,0.0
E2022,P011935,MCO,28,5,28.0,5.0,33,33.0,0.0
E2025,P011935,MCO,13,1,13.0,1.0,14,14.0,0.0
E2024,P012609,PRS,103,104,103.0,104.0,207,207.0,0.0
E2025,P012609,HTA,120,84,120.0,84.0,204,204.0,0.0
E2019,P007027,ASV,76,49,76.0,49.0,125,125.0,0.0
E2024,P007027,ASV,179,160,179.0,160.0,339,339.0,0.0
E2025,P007027,MAD,151,75,151.0,75.0,226,226.0,0.0
E2008,PCMF,JOV,16,59,16.0,59.0,75,75.0,0.0
E2010,PCMF,CHA,39,56,39.0,56.0,95,95.0,0.0
E2011,PCMF,CHA,80,64,80.0,64.0,144,144.0,0.0
E2011,PCMF,TEL,14,23,14.0,23.0,37,37.0,0.0
E2017,P004185,BAS,14,8,14.0,8.0,22,22.0,0.0
E2009,PANH,MIL,48,19,48.0,19.0,67,67.0,0.0
E2010,PANH,MIL,56,33,56.0,33.0,89,89.0,0.0
E2011,PANH,MIL,62,23,62.0,23.0,85,85.0,0.0
E2023,P012715,ZAL,56,118,56.0,118.0,174,174.0,0.0
E2024,P012715,ZAL,16,56,16.0,56.0,72,72.0,0.0
E2022,P011064,VIR,40,55,40.0,55.0,95,95.0,0.0
E2023,P011064,BAS,24,20,24.0,20.0,44,44.0,0.0
E2024,P011064,MIL,89,88,89.0,88.0,177,177.0,0.0
E2025,P011064,MIL,48,44,48.0,44.0,92,92.0,0.0
E2011,P003537,OLY,10,22,10.0,22.0,32,32.0,0.0
E2012,P003537,OLY,11,32,11.0,32.0,43,43.0,0.0
E2013,P003537,OLY,34,77,34.0,77.0,111,111.0,0.0
E2014,P003537,OLY,35,84,35.0,84.0,119,119.0,0.0
E2015,P003537,OLY,45,76,45.0,76.0,121,121.0,0.0
E2016,P003537,OLY,56,151,56.0,151.0,207,207.0,0.0
E2017,P003537,OLY,30,91,30.0,91.0,121,121.0,0.0
E2018,P003537,OLY,10,38,10.0,38.0,48,48.0,0.0
E2021,P008084,PAN,8,19,8.0,19.0,27,27.0,0.0
E2022,P008084,PAN,19,31,19.0,31.0,50,50.0,0.0
E2023,P008084,PAN,4,12,4.0,12.0,16,16.0,0.0
E2016,P002871,OLY,0,0,0.0,0.0,0,0.0,0.0
E2010,P002299,ROM,0,0,0.0,0.0,0,0.0,0.0
E2007,PAHW,BAR,60,4,60.0,4.0,64,64.0,0.0
E2009,PAHW,SIE,14,1,14.0,1.0,15,15.0,0.0
E2011,PAHW,CTU,76,0,76.0,0.0,76,76.0,0.0
E2015,PAHW,SAS,2,1,2.0,1.0,3,3.0,0.0
E2025,P009948,BAR,21,50,21.0,50.0,71,71.0,0.0
E2007,P000088,MIL,0,0,0.0,0.0,0,0.0,0.0
E2007,P000089,MIL,0,0,0.0,0.0,0,0.0,0.0
E2009,P001922,PAR,138,2,138.0,2.0,140,140.0,0.0
E2010,P001922,PAN,18,0,18.0,0.0,18,18.0,0.0
E2011,P001922,PAN,49,0,49.0,0.0,49,49.0,0.0
E2013,P001922,TIV,83,0,83.0,0.0,83,83.0,0.0
E2014,P001922,GAL,13,0,13.0,0.0,13,13.0,0.0
E2014,P001922,TEL,14,0,14.0,0.0,14,14.0,0.0
E2023,P010754,PAM,0,0,0.0,0.0,0,0.0,0.0
E2022,P011974,PAM,0,0,0.0,0.0,0,0.0,0.0
E2019,P004761,PAM,65,70,65.0,70.0,135,135.0,0.0
E2020,P004761,PAM,29,58,29.0,58.0,87,87.0,0.0
E2021,P004761,BAS,23,70,23.0,70.0,93,93.0,0.0
E2022,P004761,BAS,87,154,87.0,154.0,241,241.0,0.0
E2023,P004761,BAS,112,203,112.0,203.0,315,315.0,0.0
E2024,P004761,PAR,47,74,47.0,74.0,121,121.0,0.0
E2025,P004761,PAR,32,69,32.0,69.0,101,101.0,0.0
E2014,P003993,MUN,0,0,0.0,0.0,0,0.0,0.0
E2010,PLMG,CSK,24,0,24.0,0.0,24,24.0,0.0
E2010,PLMG,ZAL,17,0,17.0,0.0,17,17.0,0.0
E2013,PLMG,RED,73,0,73.0,0.0,73,73.0,0.0
E2014,PLMG,RED,239,0,239.0,0.0,239,239.0,0.0
E2024,PLMG,ULK,22,1,22.0,1.0,23,23.0,0.0
E2011,PBED,CTU,79,52,79.0,52.0,131,131.0,0.0
E2012,PBED,CTU,68,41,68.0,41.0,109,109.0,0.0
E2013,PBED,GAL,25,41,25.0,41.0,66,66.0,0.0
E2014,PBED,CSK,21,25,21.0,25.0,46,46.0,0.0
E2015,PBED,DAR,62,70,62.0,70.0,132,132.0,0.0
E2007,PBCC,ZAL,13,10,13.0,10.0,23,23.0,0.0
E2010,PBCC,LJU,63,51,63.0,51.0,114,114.0,0.0
E2011,PBCC,LJU,13,14,13.0,14.0,27,27.0,0.0
E2012,PBCC,BES,98,69,98.0,69.0,167,167.0,0.0
E2013,PBCC,BAM,16,14,16.0,14.0,30,30.0,0.0
E2014,PLME,MAL,39,43,39.0,43.0,82,82.0,0.0
E2015,PLME,MAL,11,24,11.0,24.0,35,35.0,0.0
E2017,PLME,KHI,70,94,70.0,94.0,164,164.0,0.0
E2018,PLME,KHI,48,83,48.0,83.0,131,131.0,0.0
E2021,PLME,RED,13,37,13.0,37.0,50,50.0,0.0
E2022,PLME,RED,16,46,16.0,46.0,62,62.0,0.0
E2010,PBHR,CHO,54,1,54.0,1.0,55,55.0,0.0
E2008,P000670,CIB,44,39,44.0,39.0,83,83.0,0.0
E2009,P000670,ASV,41,16,41.0,16.0,57,57.0,0.0
E2012,P003715,MAD,0,0,0.0,0.0,0,0.0,0.0
E2013,P003715,MAD,0,0,0.0,0.0,0,0.0,0.0
E2013,P003395,BAS,0,0,0.0,0.0,0,0.0,0.0
E2014,P003395,BAS,0,0,0.0,0.0,0,0.0,0.0
E2017,P007995,BAS,1,2,1.0,2.0,3,3.0,0.0
E2010,P001351,PAM,83,94,83.0,94.0,177,177.0,0.0
E2014,P001351,PAM,11,22,11.0,22.0,33,33.0,0.0
E2017,P001351,PAM,47,77,47.0,77.0,124,124.0,0.0
E2019,P006768,BAR,0,0,0.0,0.0,0,0.0,0.0
E2020,P006768,BAR,33,14,33.0,14.0,47,47.0,0.0
E2021,P006768,BAR,29,21,29.0,21.0,50,50.0,0.0
E2022,P006768,BAR,5,2,5.0,2.0,7,7.0,0.0
E2020,P009540,OLY,132,0,132.0,0.0,132,132.0,0.0
E2021,P009540,OLY,104,0,104.0,0.0,104,104.0,0.0
E2022,P009540,RED,79,0,79.0,0.0,79,79.0,0.0
E2022,P011967,TEL,109,119,109.0,119.0,228,228.0,0.0
E2023,P012713,VIR,4,0,4.0,0.0,4,4.0,0.0
E2017,P008015,TEL,9,4,9.0,4.0,13,13.0,0.0
E2011,P003474,ZAG,2,23,2.0,23.0,25,25.0,0.0
E2017,P006183,ZAL,6,1,6.0,1.0,7,7.0,0.0
E2007,PACX,SOP,23,11,23.0,11.0,34,34.0,0.0
E2008,PACX,ZAL,1,1,1.0,1.0,2,2.0,0.0
E2019,P009600,BER,48,34,48.0,34.0,82,82.0,0.0
E2025,P012618,ASV,133,2,133.0,2.0,135,135.0,0.0
E2007,PLGV,ARI,222,30,222.0,30.0,252,252.0,0.0
E2008,PLGV,MAD,103,19,103.0,19.0,122,122.0,0.0
E2012,PLGV,BAM,20,15,20.0,15.0,35,35.0,0.0
E2022,P011936,ASV,187,100,187.0,100.0,287,287.0,0.0
E2008,P010414,LJU,1,3,1.0,3.0,4,4.0,0.0
E2019,P007025,BER,17,53,17.0,53.0,70,70.0,0.0
E2020,P007025,BER,21,64,21.0,64.0,85,85.0,0.0
E2021,P007025,BER,15,41,15.0,41.0,56,56.0,0.0
E2022,P007025,BER,9,29,9.0,29.0,38,38.0,0.0
E2023,P007025,BER,15,53,15.0,53.0,68,68.0,0.0
E2024,P007025,BER,19,74,19.0,74.0,93,93.0,0.0
E2009,PKRK,MAR,88,0,88.0,0.0,88,88.0,0.0
E2011,PKRK,BIL,56,0,56.0,0.0,56,56.0,0.0
E2012,PKRK,OLY,10,0,10.0,0.0,10,10.0,0.0
E2007,PJRC,OLY,34,1,34.0,1.0,35,35.0,0.0
E2009,PJRC,OLY,46,3,46.0,3.0,49,49.0,0.0
E2010,PJRC,OLY,116,6,116.0,6.0,122,122.0,0.0
E2013,PJRC,PAN,74,5,74.0,5.0,79,79.0,0.0
E2014,PJRC,PAN,113,15,113.0,15.0,128,128.0,0.0
E2023,P011433,TEL,0,5,0.0,5.0,5,5.0,0.0
E2024,P011433,TEL,8,10,8.0,10.0,18,18.0,0.0
E2021,P011264,UNK,44,51,44.0,51.0,95,95.0,0.0
E2014,P004511,MUN,0,0,0.0,0.0,0,0.0,0.0
E2015,P004511,MUN,1,0,1.0,0.0,1,1.0,0.0
E2010,P003069,ULK,29,3,29.0,3.0,32,32.0,0.0
E2011,P003069,ZAG,67,21,67.0,21.0,88,88.0,0.0
E2024,P013396,ULK,34,17,34.0,17.0,51,51.0,0.0
E2014,P004401,CED,8,1,8.0,1.0,9,9.0,0.0
E2015,P004401,CED,8,0,8.0,0.0,8,8.0,0.0
E2014,PJMF,KLA,34,24,34.0,24.0,58,58.0,0.0
E2011,PCQJ,CTU,26,52,26.0,52.0,78,78.0,0.0
E2012,PCQJ,CTU,8,21,8.0,21.0,29,29.0,0.0
E2015,P005061,TEL,49,0,49.0,0.0,49,49.0,0.0
E2017,P007993,MIL,68,66,68.0,66.0,134,134.0,0.0
E2022,P007993,IST,59,87,59.0,87.0,146,146.0,0.0
E2025,P007993,PRS,95,96,95.0,96.0,191,191.0,0.0
E2010,P001062,BAR,0,0,0.0,0.0,0,0.0,0.0
E2012,P001062,BAR,0,0,0.0,0.0,0,0.0,0.0
E2014,P005730,SAS,5,0,5.0,0.0,5,5.0,0.0
E2009,P002014,PAR,163,56,163.0,56.0,219,219.0,0.0
E2010,P002014,SIE,95,16,95.0,16.0,111,111.0,0.0
E2011,P002014,SIE,135,38,135.0,38.0,173,173.0,0.0
E2012,P002014,ULK,184,51,184.0,51.0,235,235.0,0.0
E2013,P002014,ULK,139,39,139.0,39.0,178,178.0,0.0
E2014,P002014,MUN,35,14,35.0,14.0,49,49.0,0.0
E2017,P008002,MAL,193,63,193.0,63.0,256,256.0,0.0
E2018,P008002,DAR,120,35,120.0,35.0,155,155.0,0.0
E2009,PDHI,KHI,96,74,96.0,74.0,170,170.0,0.0
E2011,PDHI,UNK,59,30,59.0,30.0,89,89.0,0.0
E2017,P005216,IST,210,130,210.0,130.0,340,340.0,0.0
E2020,P005216,KHI,159,93,159.0,93.0,252,252.0,0.0
E2024,P005216,ULK,72,71,72.0,71.0,143,143.0,0.0
E2024,P013386,MIL,8,0,8.0,0.0,8,8.0,0.0
E2024,P013386,BER,146,2,146.0,2.0,148,148.0,0.0
E2025,P013386,MUN,130,3,130.0,3.0,133,133.0,0.0
E2008,PAPC,SIE,7,11,7.0,11.0,18,18.0,0.0
E2007,PJTT,BAS,145,0,145.0,0.0,145,145.0,0.0
E2008,PJTT,BAS,119,14,119.0,14.0,133,133.0,0.0
E2017,P008062,BAM,0,1,0.0,1.0,1,1.0,0.0
E2024,P008062,BER,47,64,47.0,64.0,111,111.0,0.0
E2007,000117,BAM,0,0,0.0,0.0,0,0.0,0.0
E2008,PJNP,BER,104,39,104.0,39.0,143,143.0,0.0
E2007,P000672,VIR,23,38,23.0,38.0,61,61.0,0.0
E2012,P000672,ZAL,10,15,10.0,15.0,25,25.0,0.0
E2014,P000672,IST,10,8,10.0,8.0,18,18.0,0.0
E2023,P012800,MIL,25,20,25.0,20.0,45,45.0,0.0
E2007,PKWI,SIE,89,176,89.0,176.0,265,265.0,0.0
E2008,PKWI,SIE,83,124,83.0,124.0,207,207.0,0.0
E2009,PKWI,SIE,49,97,49.0,97.0,146,146.0,0.0
E2010,PKWI,MAL,22,47,22.0,47.0,69,69.0,0.0
E2019,P007853,OLY,23,11,23.0,11.0,34,34.0,0.0
E2020,P007853,OLY,161,114,161.0,114.0,275,275.0,0.0
E2021,P007853,OLY,105,79,105.0,79.0,184,184.0,0.0
E2022,P007853,OLY,138,119,138.0,119.0,257,257.0,0.0
E2023,P007853,OLY,87,81,87.0,81.0,168,168.0,0.0
E2024,P007853,OLY,102,109,102.0,109.0,211,211.0,0.0
E2025,P007853,OLY,47,39,47.0,39.0,86,86.0,0.0
E2014,P004418,BER,158,3,158.0,3.0,161,161.0,0.0
E2015,P004418,MIL,59,5,59.0,5.0,64,64.0,0.0
E2016,P004418,MIL,154,12,154.0,12.0,166,166.0,0.0
E2017,P004418,OLY,165,4,165.0,4.0,169,169.0,0.0
E2007,P000731,SIE,4,11,4.0,11.0,15,15.0,0.0
E2016,P006338,BAM,26,26,26.0,26.0,52,52.0,0.0
E2017,P007996,BAS,11,6,11.0,6.0,17,17.0,0.0
E2013,P002982,NTR,43,48,43.0,48.0,91,91.0,0.0
E2014,P002982,MIL,2,7,2.0,7.0,9,9.0,0.0
E2010,P001946,CHO,90,34,90.0,34.0,124,124.0,0.0
E2011,P001946,CSK,18,5,18.0,5.0,23,23.0,0.0
E2013,P005196,MAD,60,3,60.0,3.0,63,63.0,0.0
E2014,P005196,MAD,24,1,24.0,1.0,25,25.0,0.0
E2019,P005196,MAD,3,1,3.0,1.0,4,4.0,0.0
E2009,PKJP,TEL,0,0,0.0,0.0,0,0.0,0.0
E2014,PKJP,NOV,48,7,48.0,7.0,55,55.0,0.0
E2015,PKJP,RED,23,3,23.0,3.0,26,26.0,0.0
E2016,PKJP,TEL,73,25,73.0,25.0,98,98.0,0.0
E2010,P002849,MIL,21,11,21.0,11.0,32,32.0,0.0
E2011,P002849,MIL,23,9,23.0,9.0,32,32.0,0.0
E2012,P002849,MIL,20,24,20.0,24.0,44,44.0,0.0
E2013,P002849,MIL,67,48,67.0,48.0,115,115.0,0.0
E2014,P002849,MIL,55,60,55.0,60.0,115,115.0,0.0
E2015,P002849,BAM,101,53,101.0,53.0,154,154.0,0.0
E2016,P002849,BAM,172,83,172.0,83.0,255,255.0,0.0
E2017,P002849,ULK,140,79,140.0,79.0,219,219.0,0.0
E2018,P002849,ULK,118,96,118.0,96.0,214,214.0,0.0
E2021,P002849,MIL,149,48,149.0,48.0,197,197.0,0.0
E2022,P002849,MIL,126,69,126.0,69.0,195,195.0,0.0
E2023,P002849,MIL,125,75,125.0,75.0,200,200.0,0.0
E2024,P002849,ULK,63,83,63.0,83.0,146,146.0,0.0
E2025,P002849,ULK,94,107,94.0,107.0,201,201.0,0.0
E2022,P008296,VIR,0,0,0.0,0.0,0,0.0,0.0
E2023,P008296,VIR,0,0,0.0,0.0,0,0.0,0.0
E2022,P004233,TEL,10,17,10.0,17.0,27,27.0,0.0
E2023,P004233,TEL,21,26,21.0,26.0,47,47.0,0.0
E2024,P004233,TEL,8,22,8.0,22.0,30,30.0,0.0
E2008,P000186,JOV,29,0,29.0,0.0,29,29.0,0.0
E2009,P000186,CSK,27,1,27.0,1.0,28,28.0,0.0
E2013,P000186,GAL,103,2,103.0,2.0,105,105.0,0.0
E2024,P013514,OLY,0,0,0.0,0.0,0,0.0,0.0
E2013,P005091,NTR,0,0,0.0,0.0,0,0.0,0.0
E2008,100,MIL,0,0,0.0,0.0,0,0.0,0.0
E2008,P001233,MIL,0,0,0.0,0.0,0,0.0,0.0
E2013,MER,MIL,0,0,0.0,0.0,0,0.0,0.0
E2011,P003525,CTU,0,0,0.0,0.0,0,0.0,0.0
E2023,P012724,ULK,0,0,0.0,0.0,0,0.0,0.0
E2008,PLWB,SIE,2,1,2.0,1.0,3,3.0,0.0
E2009,PLWB,SIE,0,0,0.0,0.0,0,0.0,0.0
E2024,P013379,BAR,141,55,141.0,55.0,196,196.0,0.0
E2023,P011520,MIL,0,0,0.0,0.0,0,0.0,0.0
E2008,PKKV,MIL,0,0,0.0,0.0,0,0.0,0.0
E2007,PJNX,VIR,14,2,14.0,2.0,16,16.0,0.0
E2010,PJNX,SIE,20,0,20.0,0.0,20,20.0,0.0
E2011,PJNX,SIE,11,0,11.0,0.0,11,11.0,0.0
E2025,P003836,MCO,3,1,3.0,1.0,4,4.0,0.0
E2011,P001473,LJU,0,0,0.0,0.0,0,0.0,0.0
E2014,P002580,MUN,30,10,30.0,10.0,40,40.0,0.0
E2015,P002580,RED,52,36,52.0,36.0,88,88.0,0.0
E2015,P002580,MUN,3,4,3.0,4.0,7,7.0,0.0
E2017,P002580,ZAL,165,62,165.0,62.0,227,227.0,0.0
E2018,P002580,IST,173,177,173.0,177.0,350,350.0,0.0
E2019,P002580,IST,128,131,128.0,131.0,259,259.0,0.0
E2020,P002580,IST,263,193,263.0,193.0,456,456.0,0.0
E2021,P002580,IST,225,224,225.0,224.0,449,449.0,0.0
E2022,P002580,IST,160,210,160.0,210.0,370,370.0,0.0
E2025,P002580,HTA,173,204,173.0,204.0,377,377.0,0.0
E2007,PJWO,BAS,90,22,90.0,22.0,112,112.0,0.0
E2008,PJWO,BAS,116,25,116.0,25.0,141,141.0,0.0
E2009,PJWO,BAR,133,25,133.0,25.0,158,158.0,0.0
E2010,PJWO,BAR,34,10,34.0,10.0,44,44.0,0.0
E2011,PJWO,BAR,130,29,130.0,29.0,159,159.0,0.0
E2012,PJWO,BAR,150,30,150.0,30.0,180,180.0,0.0
E2018,P008847,KHI,229,55,229.0,55.0,284,284.0,0.0
E2019,P008847,MAD,124,21,124.0,21.0,145,145.0,0.0
E2020,P008847,KHI,266,71,266.0,71.0,337,337.0,0.0
E2021,P008847,DYR,119,56,119.0,56.0,175,175.0,0.0
E2022,P008847,VIR,143,67,143.0,67.0,210,210.0,0.0
E2023,P008847,VIR,133,41,133.0,41.0,174,174.0,0.0
E2009,P000529,BAS,13,4,13.0,4.0,17,17.0,0.0
E2011,P000529,CTU,92,33,92.0,33.0,125,125.0,0.0
E2012,P000529,CSK,111,88,111.0,88.0,199,199.0,0.0
E2013,P000529,CSK,99,80,99.0,80.0,179,179.0,0.0
E2014,P000529,GAL,111,61,111.0,61.0,172,172.0,0.0
E2016,P000529,GAL,151,125,151.0,125.0,276,276.0,0.0
E2017,P000529,MIL,133,106,133.0,106.0,239,239.0,0.0
E2018,P000529,MIL,185,142,185.0,142.0,327,327.0,0.0
E2019,P000529,MIL,138,105,138.0,105.0,243,243.0,0.0
E2020,P000529,MIL,100,48,100.0,48.0,148,148.0,0.0
E2025,P012943,PAR,1,0,1.0,0.0,1,1.0,0.0
E2025,P012977,ZAL,2,3,2.0,3.0,5,5.0,0.0
E2024,P011836,PAR,38,39,38.0,39.0,77,77.0,0.0
E2025,P011836,MUN,173,122,173.0,122.0,295,295.0,0.0
E2007,PKPD,ZAL,1,1,1.0,1.0,2,2.0,0.0
E2008,PKPD,ZAL,4,14,4.0,14.0,18,18.0,0.0
E2009,PKPD,ZAL,2,16,2.0,16.0,18,18.0,0.0
E2010,PKPD,ZAL,18,39,18.0,39.0,57,57.0,0.0
E2011,PKPD,ZAL,0,0,0.0,0.0,0,0.0,0.0
E2013,PKPD,ZAL,23,95,23.0,95.0,118,118.0,0.0
E2014,PKPD,ZAL,41,130,41.0,130.0,171,171.0,0.0
E2016,PKPD,ZAL,38,145,38.0,145.0,183,183.0,0.0
E2017,PKPD,ZAL,39,167,39.0,167.0,206,206.0,0.0
E2018,PKPD,ZAL,42,144,42.0,144.0,186,186.0,0.0
E2019,PKPD,ZAL,34,114,34.0,114.0,148,148.0,0.0
E2020,PKPD,ZAL,29,83,29.0,83.0,112,112.0,0.0
E2021,PKPD,ZAL,29,137,29.0,137.0,166,166.0,0.0
E2008,PLIZ,NIO,75,20,75.0,20.0,95,95.0,0.0
E2007,P000713,SOP,4,10,4.0,10.0,14,14.0,0.0
E2007,PAIV,LJU,173,8,173.0,8.0,181,181.0,0.0
E2008,PAIV,LJU,45,0,45.0,0.0,45,45.0,0.0
E2009,PAIV,ORL,2,0,2.0,0.0,2,2.0,0.0
E2025,P014094,RED,9,10,9.0,10.0,19,19.0,0.0
E2009,P000435,LJU,8,2,8.0,2.0,10,10.0,0.0
E2021,P010857,MAD,0,0,0.0,0.0,0,0.0,0.0
E2015,P006421,BAM,97,77,97.0,77.0,174,174.0,0.0
E2016,P006421,BAM,127,151,127.0,151.0,278,278.0,0.0
E2023,P009048,BAS,213,93,213.0,93.0,306,306.0,0.0
E2024,P009048,RED,202,128,202.0,128.0,330,330.0,0.0
E2025,P009048,RED,224,209,224.0,209.0,433,433.0,0.0
E2015,P006657,RED,141,110,141.0,110.0,251,251.0,0.0
E2016,P006657,TEL,19,11,19.0,11.0,30,30.0,0.0
E2010,P002822,PAR,36,27,36.0,27.0,63,63.0,0.0
E2011,P002822,PAR,35,46,35.0,46.0,81,81.0,0.0
E2012,P002822,PAR,47,22,47.0,22.0,69,69.0,0.0
E2013,P002822,PAR,83,64,83.0,64.0,147,147.0,0.0
E2017,P002822,MAL,97,54,97.0,54.0,151,151.0,0.0
E2009,PJPP,PAR,3,0,3.0,0.0,3,3.0,0.0
E2007,PTHY,PAR,3,4,3.0,4.0,7,7.0,0.0
E2008,PTHY,PAR,18,4,18.0,4.0,22,22.0,0.0
E2009,PTHY,PAR,27,2,27.0,2.0,29,29.0,0.0
E2008,PKPH,OLY,0,2,0.0,2.0,2,2.0,0.0
E2009,PKPH,MAR,11,13,11.0,13.0,24,24.0,0.0
E2010,PKPH,LIE,16,5,16.0,5.0,21,21.0,0.0
E2025,P014007,PAR,99,35,99.0,35.0,134,134.0,0.0
E2012,P003941,PAR,18,0,18.0,0.0,18,18.0,0.0
E2013,P003941,PAR,80,0,80.0,0.0,80,80.0,0.0
E2015,P003941,OLY,48,0,48.0,0.0,48,48.0,0.0
E2016,P003941,OLY,106,1,106.0,1.0,107,107.0,0.0
E2017,P003941,OLY,147,0,147.0,0.0,147,147.0,0.0
E2018,P003941,OLY,189,1,189.0,1.0,190,190.0,0.0
E2019,P003941,OLY,128,0,128.0,0.0,128,128.0,0.0
E2020,P003941,CSK,115,2,115.0,2.0,117,117.0,0.0
E2021,P003941,CSK,82,1,82.0,1.0,83,83.0,0.0
E2023,P003941,OLY,123,0,123.0,0.0,123,123.0,0.0
E2024,P003941,OLY,146,0,146.0,0.0,146,146.0,0.0
E2025,P003941,OLY,208,3,208.0,3.0,211,211.0,0.0
E2009,PKWH,ROM,57,24,57.0,24.0,81,81.0,0.0
E2012,PKWH,BES,44,10,44.0,10.0,54,54.0,0.0
E2013,PKWH,NIK,69,12,69.0,12.0,81,81.0,0.0
E2016,P007423,ULK,2,1,2.0,1.0,3,3.0,0.0
E2021,P004645,ZAL,13,5,13.0,5.0,18,18.0,0.0
E2012,PBFT,BER,91,2,91.0,2.0,93,93.0,0.0
E2008,P000796,MAD,1,0,1.0,0.0,1,1.0,0.0
E2010,P000796,MAD,65,31,65.0,31.0,96,96.0,0.0
E2011,P000796,MAD,79,41,79.0,41.0,120,120.0,0.0
E2012,P000796,MAD,156,80,156.0,80.0,236,236.0,0.0
E2013,P000796,MAD,148,89,148.0,89.0,237,237.0,0.0
E2019,P000796,BAR,195,163,195.0,163.0,358,358.0,0.0
E2020,P000796,BAR,221,109,221.0,109.0,330,330.0,0.0
E2021,P000796,BAR,206,162,206.0,162.0,368,368.0,0.0
E2022,P000796,BAR,151,148,151.0,148.0,299,299.0,0.0
E2023,P000796,MIL,105,110,105.0,110.0,215,215.0,0.0
E2024,P000796,MIL,180,157,180.0,157.0,337,337.0,0.0
E2025,P000796,MCO,111,117,111.0,117.0,228,228.0,0.0
E2007,P000275,LIE,5,5,5.0,5.0,10,10.0,0.0
E2024,P012622,ZAL,61,36,61.0,36.0,97,97.0,0.0
E2017,P007866,PAN,2,2,2.0,2.0,4,4.0,0.0
E2018,P007866,PAN,71,25,71.0,25.0,96,96.0,0.0
E2019,P007866,PAN,91,27,91.0,27.0,118,118.0,0.0
E2020,P007866,PAN,179,61,179.0,61.0,240,240.0,0.0
E2021,P007866,MIL,60,27,60.0,27.0,87,87.0,0.0
E2023,P007866,PAN,221,110,221.0,110.0,331,331.0,0.0
E2024,P007866,PAN,122,65,122.0,65.0,187,187.0,0.0
E2025,P007866,PAN,84,43,84.0,43.0,127,127.0,0.0
E2022,P011965,MIL,44,88,44.0,88.0,132,132.0,0.0
E2023,P011965,ZAL,19,21,19.0,21.0,40,40.0,0.0
E2023,P011965,OLY,10,14,10.0,14.0,24,24.0,0.0
E2024,P011965,OLY,0,0,0.0,0.0,0,0.0,0.0
E2009,P001929,PAR,3,2,3.0,2.0,5,5.0,0.0
E2010,P001929,PAR,0,0,0.0,0.0,0,0.0,0.0
E2013,P002553,RED,14,8,14.0,8.0,22,22.0,0.0
E2014,P002553,RED,128,63,128.0,63.0,191,191.0,0.0
E2015,P002553,RED,12,2,12.0,2.0,14,14.0,0.0
E2016,P002553,RED,91,18,91.0,18.0,109,109.0,0.0
E2017,P002553,BAM,47,8,47.0,8.0,55,55.0,0.0
E2021,P002553,RED,159,1,159.0,1.0,160,160.0,0.0
E2022,P002553,RED,146,1,146.0,1.0,147,147.0,0.0
E2023,P002553,RED,191,3,191.0,3.0,194,194.0,0.0
E2024,P002553,RED,80,0,80.0,0.0,80,80.0,0.0
E2007,PTGJ,LJU,3,16,3.0,16.0,19,19.0,0.0
E2011,PTGJ,LJU,2,10,2.0,10.0,12,12.0,0.0
E2012,PTGJ,LJU,3,9,3.0,9.0,12,12.0,0.0
E2009,P001833,ORL,27,31,27.0,31.0,58,58.0,0.0
E2011,P001833,NAN,77,32,77.0,32.0,109,109.0,0.0
E2014,P001833,LMG,46,38,46.0,38.0,84,84.0,0.0
E2016,P001833,DAR,140,119,140.0,119.0,259,259.0,0.0
E2017,P001833,BAR,99,105,99.0,105.0,204,204.0,0.0
E2018,P001833,IST,200,133,200.0,133.0,333,333.0,0.0
E2019,P001833,IST,30,13,30.0,13.0,43,43.0,0.0
E2020,P001833,IST,119,99,119.0,99.0,218,218.0,0.0
E2021,P001833,IST,105,142,105.0,142.0,247,247.0,0.0
E2022,P001833,MCO,23,44,23.0,44.0,67,67.0,0.0
E2008,PLGT,JOV,8,0,8.0,0.0,8,8.0,0.0
E2014,P003362,ZGO,24,28,24.0,28.0,52,52.0,0.0
E2015,P003362,GSS,26,24,26.0,24.0,50,50.0,0.0
E2008,P001199,MAD,0,0,0.0,0.0,0,0.0,0.0
E2011,P001477,SIE,0,0,0.0,0.0,0,0.0,0.0
E2007,PJCL,BAR,11,0,11.0,0.0,11,11.0,0.0
E2022,P012201,MCO,39,3,39.0,3.0,42,42.0,0.0
E2023,P012201,BAS,205,85,205.0,85.0,290,290.0,0.0
E2024,P012201,BAS,172,129,172.0,129.0,301,301.0,0.0
E2025,P012201,RED,213,67,213.0,67.0,280,280.0,0.0
E2019,P009835,MUN,277,0,277.0,0.0,277,277.0,0.0
E2020,P009835,KHI,65,1,65.0,1.0,66,66.0,0.0
E2011,P003412,BAM,0,0,0.0,0.0,0,0.0,0.0
E2012,P003412,BER,0,0,0.0,0.0,0,0.0,0.0
E2025,P010042,PAM,201,210,201.0,210.0,411,411.0,0.0
E2023,P012784,ZAL,0,1,0.0,1.0,1,1.0,0.0
E2010,PBFX,KHI,17,41,17.0,41.0,58,58.0,0.0
E2012,PBFX,KHI,59,101,59.0,101.0,160,160.0,0.0
E2015,PBFX,KHI,48,90,48.0,90.0,138,138.0,0.0
E2017,PBFX,KHI,25,61,25.0,61.0,86,86.0,0.0
E2018,PBFX,KHI,24,65,24.0,65.0,89,89.0,0.0
E2019,PBFX,KHI,6,23,6.0,23.0,29,29.0,0.0
E2020,PBFX,KHI,20,91,20.0,91.0,111,111.0,0.0
E2013,P005668,OLY,0,3,0.0,3.0,3,3.0,0.0
E2025,P014115,PAM,170,97,170.0,97.0,267,267.0,0.0
E2023,P006544,PAN,4,4,4.0,4.0,8,8.0,0.0
E2024,P006544,PAN,0,1,0.0,1.0,1,1.0,0.0
E2007,PJOB,BAR,15,15,15.0,15.0,30,30.0,0.0
E2008,PJOB,NAN,19,31,19.0,31.0,50,50.0,0.0
E2007,P000726,VIR,1,3,1.0,3.0,4,4.0,0.0
E2019,P000726,MIL,27,31,27.0,31.0,58,58.0,0.0
E2020,P000726,MIL,29,21,29.0,21.0,50,50.0,0.0
E2021,P000726,MIL,0,0,0.0,0.0,0,0.0,0.0
E2010,P001862,CHA,0,0,0.0,0.0,0,0.0,0.0
E2011,P001862,CHA,0,0,0.0,0.0,0,0.0,0.0
E2008,PBUF,MIL,21,36,21.0,36.0,57,57.0,0.0
E2009,PBUF,MIL,30,24,30.0,24.0,54,54.0,0.0
E2010,PBUF,MIL,23,27,23.0,27.0,50,50.0,0.0
E2020,P005404,MIL,0,1,0.0,1.0,1,1.0,0.0
E2025,P010431,PRS,36,97,36.0,97.0,133,133.0,0.0
E2024,P012585,VIR,75,133,75.0,133.0,208,208.0,0.0
E2025,P012585,VIR,118,169,118.0,169.0,287,287.0,0.0
E2021,P006481,ASV,10,1,10.0,1.0,11,11.0,0.0
E2011,P001471,LJU,1,1,1.0,1.0,2,2.0,0.0
E2012,P002693,BER,111,25,111.0,25.0,136,136.0,0.0
E2007,PAFY,CIB,0,0,0.0,0.0,0,0.0,0.0
E2025,P014212,OLY,10,7,10.0,7.0,17,17.0,0.0
E2007,PLTS,TEL,159,61,159.0,61.0,220,220.0,0.0
E2008,PLTS,CSK,61,44,61.0,44.0,105,105.0,0.0
E2009,PLTS,BAR,41,53,41.0,53.0,94,94.0,0.0
E2010,PLTS,BAR,49,64,49.0,64.0,113,113.0,0.0
E2010,P002852,SIE,99,31,99.0,31.0,130,130.0,0.0
E2011,P002852,SIE,84,50,84.0,50.0,134,134.0,0.0
E2012,P002852,SIE,99,106,99.0,106.0,205,205.0,0.0
E2013,P002852,MIL,45,99,45.0,99.0,144,144.0,0.0
E2014,P002852,MIL,36,61,36.0,61.0,97,97.0,0.0
E2007,PLCZ,ZAL,3,2,3.0,2.0,5,5.0,0.0
E2011,PLCZ,SOP,64,46,64.0,46.0,110,110.0,0.0
E2021,PLCZ,MCO,219,55,219.0,55.0,274,274.0,0.0
E2022,PLCZ,MCO,208,40,208.0,40.0,248,248.0,0.0
E2023,PLCZ,MCO,179,61,179.0,61.0,240,240.0,0.0
E2024,PLCZ,MCO,113,19,113.0,19.0,132,132.0,0.0
E2025,PLCZ,RED,90,14,90.0,14.0,104,104.0,0.0
E2022,P011157,ULK,327,13,327.0,13.0,340,340.0,0.0
E2023,P011157,ULK,232,4,232.0,4.0,236,236.0,0.0
E2025,P011157,HTA,133,41,133.0,41.0,174,174.0,0.0
E2007,PBDH,ARI,81,37,81.0,37.0,118,118.0,0.0
E2015,P006599,ZAL,97,37,97.0,37.0,134,134.0,0.0
E2016,P006599,ZAL,152,78,152.0,78.0,230,230.0,0.0
E2017,P006599,IST,131,73,131.0,73.0,204,204.0,0.0
E2018,P006599,IST,102,49,102.0,49.0,151,151.0,0.0
E2019,P006599,PAM,58,31,58.0,31.0,89,89.0,0.0
E2021,P006599,MCO,40,27,40.0,27.0,67,67.0,0.0
E2015,P006636,OLY,1,0,1.0,0.0,1,1.0,0.0
E2009,PLLK,KHI,77,0,77.0,0.0,77,77.0,0.0
E2007,PLGA,ULK,8,79,8.0,79.0,87,87.0,0.0
E2008,PLGA,ULK,12,81,12.0,81.0,93,93.0,0.0
E2009,PLGA,ULK,3,31,3.0,31.0,34,34.0,0.0
E2021,P011200,ZAL,27,13,27.0,13.0,40,40.0,0.0
E2009,P001324,ASV,40,51,40.0,51.0,91,91.0,0.0
E2015,P001324,ULK,96,161,96.0,161.0,257,257.0,0.0
E2016,P001324,ULK,113,201,113.0,201.0,314,314.0,0.0
E2017,P001324,ULK,33,78,33.0,78.0,111,111.0,0.0
E2018,P001324,ULK,85,131,85.0,131.0,216,216.0,0.0
E2019,P001324,ULK,26,66,26.0,66.0,92,92.0,0.0
E2020,P001324,ULK,28,52,28.0,52.0,80,80.0,0.0
E2007,P000437,LJU,0,0,0.0,0.0,0,0.0,0.0
E2007,PAPL,CIB,30,34,30.0,34.0,64,64.0,0.0
E2011,PAPL,ZAG,53,20,53.0,20.0,73,73.0,0.0
E2015,P003246,BAM,0,0,0.0,0.0,0,0.0,0.0
E2007,PBFJ,MAD,72,51,72.0,51.0,123,123.0,0.0
E2008,PBFJ,MAD,60,60,60.0,60.0,120,120.0,0.0
E2011,PBFJ,BIL,106,84,106.0,84.0,190,190.0,0.0
E2016,P007759,BAR,6,3,6.0,3.0,9,9.0,0.0
E2007,P000719,BAS,33,16,33.0,16.0,49,49.0,0.0
E2021,P011235,OLY,0,0,0.0,0.0,0,0.0,0.0
E2010,P000977,LJU,4,0,4.0,0.0,4,4.0,0.0
E2011,P000977,LJU,12,4,12.0,4.0,16,16.0,0.0
E2012,P000977,LJU,51,4,51.0,4.0,55,55.0,0.0
E2008,P003515,LJU,0,1,0.0,1.0,1,1.0,0.0
E2017,P003515,IST,13,11,13.0,11.0,24,24.0,0.0
E2013,P005201,STR,29,6,29.0,6.0,35,35.0,0.0
E2010,P003235,IST,19,13,19.0,13.0,32,32.0,0.0
E2015,P006540,CED,16,12,16.0,12.0,28,28.0,0.0
E2020,P006540,IST,0,2,0.0,2.0,2,2.0,0.0
E2022,P006540,MAD,203,170,203.0,170.0,373,373.0,0.0
E2023,P006540,MAD,182,143,182.0,143.0,325,325.0,0.0
E2024,P006540,MAD,169,121,169.0,121.0,290,290.0,0.0
E2025,P006540,DUB,101,75,101.0,75.0,176,176.0,0.0
E2015,P006634,STR,0,0,0.0,0.0,0,0.0,0.0
E2010,PLUR,BAS,1,0,1.0,0.0,1,1.0,0.0
E2011,PLUR,BAS,0,0,0.0,0.0,0,0.0,0.0
E2012,PLUR,PAR,74,0,74.0,0.0,74,74.0,0.0
E2013,PLUR,PAR,101,1,101.0,1.0,102,102.0,0.0
E2017,PLUR,BAM,101,0,101.0,0.0,101,101.0,0.0
E2017,PLUR,MAL,33,0,33.0,0.0,33,33.0,0.0
E2017,P007991,IST,6,4,6.0,4.0,10,10.0,0.0
E2025,P008176,IST,9,11,9.0,11.0,20,20.0,0.0
E2007,PLQV,ULK,0,0,0.0,0.0,0,0.0,0.0
E2008,PLQV,ULK,0,1,0.0,1.0,1,1.0,0.0
E2009,PLQV,ULK,0,0,0.0,0.0,0,0.0,0.0
E2010,PLQV,ULK,2,4,2.0,4.0,6,6.0,0.0
E2012,PLQV,ULK,0,0,0.0,0.0,0,0.0,0.0
E2016,PLQV,IST,4,17,4.0,17.0,21,21.0,0.0
E2025,P012997,PAR,0,1,0.0,1.0,1,1.0,0.0
E2009,PAHX,IST,34,31,34.0,31.0,65,65.0,0.0
E2010,PAHX,IST,62,29,62.0,29.0,91,91.0,0.0
E2011,PAHX,UNK,21,6,21.0,6.0,27,27.0,0.0
E2012,PAHX,BAM,191,92,191.0,92.0,283,283.0,0.0
E2013,PAHX,BAR,108,75,108.0,75.0,183,183.0,0.0
E2014,PAHX,BAR,35,53,35.0,53.0,88,88.0,0.0
E2014,P005828,KLA,0,0,0.0,0.0,0,0.0,0.0
E2008,PBPN,BER,107,3,107.0,3.0,110,110.0,0.0
E2009,PAUI,MAR,21,28,21.0,28.0,49,49.0,0.0
E2013,PCOT,TEL,0,0,0.0,0.0,0,0.0,0.0
E2019,P007632,MAD,4,0,4.0,0.0,4,4.0,0.0
E2024,P007632,PAR,10,12,10.0,12.0,22,22.0,0.0
E2025,P007632,PAR,1,0,1.0,0.0,1,1.0,0.0
E2010,P000634,LIE,47,0,47.0,0.0,47,47.0,0.0
E2012,P000634,BES,23,1,23.0,1.0,24,24.0,0.0
E2022,P011224,MIL,42,68,42.0,68.0,110,110.0,0.0
E2023,P011224,RED,50,59,50.0,59.0,109,109.0,0.0
E2023,P011224,MIL,56,88,56.0,88.0,144,144.0,0.0
E2024,P011224,MUN,90,129,90.0,129.0,219,219.0,0.0
E2008,PLZO,AVE,3,4,3.0,4.0,7,7.0,0.0
E2010,PLZO,MIL,1,1,1.0,1.0,2,2.0,0.0
E2015,P006635,RED,7,0,7.0,0.0,7,7.0,0.0
E2007,PLAC,MAL,0,0,0.0,0.0,0,0.0,0.0
E2010,P003298,PAM,2,1,2.0,1.0,3,3.0,0.0
E2008,PADI,BAR,116,113,116.0,113.0,229,229.0,0.0
E2009,PADI,BAR,82,132,82.0,132.0,214,214.0,0.0
E2010,PADI,BAR,55,83,55.0,83.0,138,138.0,0.0
E2011,PADI,BAR,78,101,78.0,101.0,179,179.0,0.0
E2012,PADI,BAR,106,146,106.0,146.0,252,252.0,0.0
E2013,PADI,BAR,102,133,102.0,133.0,235,235.0,0.0
E2014,PADI,BAR,51,87,51.0,87.0,138,138.0,0.0
E2015,PADI,BAR,78,123,78.0,123.0,201,201.0,0.0
E2016,PADI,BAR,38,56,38.0,56.0,94,94.0,0.0
E2017,PADI,BAR,50,84,50.0,84.0,134,134.0,0.0
E2010,P001124,PAM,0,0,0.0,0.0,0,0.0,0.0
E2021,P009213,MAD,2,0,2.0,0.0,2,2.0,0.0
E2022,P009213,MAD,7,6,7.0,6.0,13,13.0,0.0
E2023,P009213,MAD,30,25,30.0,25.0,55,55.0,0.0
E2024,P009213,MAD,33,44,33.0,44.0,77,77.0,0.0
E2007,P000459,ZAL,39,0,39.0,0.0,39,39.0,0.0
E2023,P012731,ASV,58,11,58.0,11.0,69,69.0,0.0
E2024,P012731,ASV,40,32,40.0,32.0,72,72.0,0.0
E2025,P012731,ASV,122,72,122.0,72.0,194,194.0,0.0
E2022,P012058,BAS,0,0,0.0,0.0,0,0.0,0.0
E2024,P012058,BAS,19,17,19.0,17.0,36,36.0,0.0
E2015,P004587,MAD,0,0,0.0,0.0,0,0.0,0.0
E2020,P008097,ASV,0,0,0.0,0.0,0,0.0,0.0
E2007,PTGE,MAL,110,1,110.0,1.0,111,111.0,0.0
E2008,PTGE,MAL,106,1,106.0,1.0,107,107.0,0.0
E2009,PTGE,BAR,120,1,120.0,1.0,121,121.0,0.0
E2010,PTGE,BAR,74,0,74.0,0.0,74,74.0,0.0
E2011,PTGE,BAR,99,0,99.0,0.0,99,99.0,0.0
E2015,P006726,MAD,7,2,7.0,2.0,9,9.0,0.0
E2019,P006726,PAM,101,10,101.0,10.0,111,111.0,0.0
E2008,PJXC,LEM,28,28,28.0,28.0,56,56.0,0.0
E2007,P000751,BAR,14,16,14.0,16.0,30,30.0,0.0
E2021,P011199,ZAL,157,1,157.0,1.0,158,158.0,0.0
E2022,P011199,TEL,179,0,179.0,0.0,179,179.0,0.0
E2023,P011199,TEL,254,1,254.0,1.0,255,255.0,0.0
E2024,P011199,MIL,23,0,23.0,0.0,23,23.0,0.0
E2025,P011199,MIL,144,1,144.0,1.0,145,145.0,0.0
E2025,P012948,RED,0,0,0.0,0.0,0,0.0,0.0
E2012,P000848,LIE,63,35,63.0,35.0,98,98.0,0.0
E2014,P000848,PAM,22,15,22.0,15.0,37,37.0,0.0
E2015,P000848,MAL,70,86,70.0,86.0,156,156.0,0.0
E2017,P000848,MAL,161,151,161.0,151.0,312,312.0,0.0
E2018,P000848,MIL,58,70,58.0,70.0,128,128.0,0.0
E2019,P000848,MIL,40,70,40.0,70.0,110,110.0,0.0
E2020,P000848,PAN,125,181,125.0,181.0,306,306.0,0.0
E2021,P000848,PAN,117,158,117.0,158.0,275,275.0,0.0
E2022,P000848,RED,153,157,153.0,157.0,310,310.0,0.0
E2023,P000848,RED,172,142,172.0,142.0,314,314.0,0.0
E2024,P000848,RED,77,115,77.0,115.0,192,192.0,0.0
E2025,P000848,MCO,61,98,61.0,98.0,159,159.0,0.0
E2010,P002829,CHO,62,16,62.0,16.0,78,78.0,0.0
E2013,P002829,RED,66,28,66.0,28.0,94,94.0,0.0
E2014,P002829,PAN,84,23,84.0,23.0,107,107.0,0.0
E2015,P002829,MAL,60,23,60.0,23.0,83,83.0,0.0
E2019,P002829,MUN,48,17,48.0,17.0,65,65.0,0.0
E2011,P003931,ZAL,2,0,2.0,0.0,2,2.0,0.0
E2013,PKXL,SIE,18,12,18.0,12.0,30,30.0,0.0
E2019,P008807,RED,1,0,1.0,0.0,1,1.0,0.0
E2013,P005172,NIK,2,0,2.0,0.0,2,2.0,0.0
E2008,PCIA,SOP,23,22,23.0,22.0,45,45.0,0.0
E2010,P002815,OLY,139,2,139.0,2.0,141,141.0,0.0
E2024,P013505,BAR,2,1,2.0,1.0,3,3.0,0.0
E2025,P014122,OLY,4,1,4.0,1.0,5,5.0,0.0
E2010,P002090,BAM,0,0,0.0,0.0,0,0.0,0.0
E2011,P002090,BAM,2,0,2.0,0.0,2,2.0,0.0
E2012,P002090,BAM,43,0,43.0,0.0,43,43.0,0.0
E2013,P002090,BAM,12,1,12.0,1.0,13,13.0,0.0
E2010,P000396,LIE,67,33,67.0,33.0,100,100.0,0.0
E2012,P002341,BER,0,1,0.0,1.0,1,1.0,0.0
E2025,P009556,ASV,30,24,30.0,24.0,54,54.0,0.0
E2013,P004215,MAL,0,0,0.0,0.0,0,0.0,0.0
E2014,P004215,MAL,1,0,1.0,0.0,1,1.0,0.0
E2025,P012687,VIR,158,12,158.0,12.0,170,170.0,0.0
E2007,PKNG,IST,84,102,84.0,102.0,186,186.0,0.0
E2008,PKNG,PAN,51,103,51.0,103.0,154,154.0,0.0
E2009,PKNG,PAN,63,78,63.0,78.0,141,141.0,0.0
E2010,PKNG,PAN,94,82,94.0,82.0,176,176.0,0.0
E2011,PKNG,MIL,45,74,45.0,74.0,119,119.0,0.0
E2012,PKNG,CSK,6,9,6.0,9.0,15,15.0,0.0
E2009,P001834,ORL,49,40,49.0,40.0,89,89.0,0.0
E2014,P003482,CSK,41,40,41.0,40.0,81,81.0,0.0
E2015,P003482,CSK,32,41,32.0,41.0,73,73.0,0.0
E2016,P003482,PAN,64,48,64.0,48.0,112,112.0,0.0
E2007,PJRD,LIE,67,24,67.0,24.0,91,91.0,0.0
E2010,PJRD,OLY,43,14,43.0,14.0,57,57.0,0.0
E2012,PJRD,KHI,23,3,23.0,3.0,26,26.0,0.0
E2019,P006819,BER,26,1,26.0,1.0,27,27.0,0.0
E2020,P006819,BER,22,0,22.0,0.0,22,22.0,0.0
E2021,P006819,BER,3,0,3.0,0.0,3,3.0,0.0
E2023,P006819,BER,23,0,23.0,0.0,23,23.0,0.0
E2019,P010063,OLY,2,2,2.0,2.0,4,4.0,0.0
E2020,P010063,OLY,1,1,1.0,1.0,2,2.0,0.0
E2015,P003703,BAM,3,8,3.0,8.0,11,11.0,0.0
E2016,P003703,BAM,12,14,12.0,14.0,26,26.0,0.0
E2017,P003703,BAM,32,31,32.0,31.0,63,63.0,0.0
E2018,P002551,BUD,47,59,47.0,59.0,106,106.0,0.0
E2008,PBOS,NIO,16,11,16.0,11.0,27,27.0,0.0
E2014,PJMS,ZGO,24,0,24.0,0.0,24,24.0,0.0
E2018,P005357,BUD,5,0,5.0,0.0,5,5.0,0.0
E2014,P005963,GAL,7,13,7.0,13.0,20,20.0,0.0
E2009,P001908,OLD,1,1,1.0,1.0,2,2.0,0.0
E2008,PLNM,NAN,0,0,0.0,0.0,0,0.0,0.0
E2021,P010641,BAR,16,0,16.0,0.0,16,16.0,0.0
E2022,P010641,BAR,21,0,21.0,0.0,21,21.0,0.0
E2023,P010641,BAR,25,0,25.0,0.0,25,25.0,0.0
E2019,P009051,BER,157,0,157.0,0.0,157,157.0,0.0
E2020,P009051,RED,55,0,55.0,0.0,55,55.0,0.0
E2021,P009051,BAS,68,1,68.0,1.0,69,69.0,0.0
E2008,P001241,BAS,4,2,4.0,2.0,6,6.0,0.0
E2012,PAPR,BAS,139,95,139.0,95.0,234,234.0,0.0
E2013,PAPR,BAS,133,83,133.0,83.0,216,216.0,0.0
E2014,PAPR,MAD,102,91,102.0,91.0,193,193.0,0.0
E2015,PAPR,MAD,44,71,44.0,71.0,115,115.0,0.0
E2016,PAPR,MAD,16,26,16.0,26.0,42,42.0,0.0
E2025,P010162,PAM,2,2,2.0,2.0,4,4.0,0.0
E2007,PJSU,ROA,20,3,20.0,3.0,23,23.0,0.0
E2008,PLHH,JOV,32,2,32.0,2.0,34,34.0,0.0
E2025,P014134,BAR,45,71,45.0,71.0,116,116.0,0.0
E2019,P006068,ASV,56,46,56.0,46.0,102,102.0,0.0
E2020,P006068,ASV,66,63,66.0,63.0,129,129.0,0.0
E2022,P006068,ASV,94,85,94.0,85.0,179,179.0,0.0
E2023,P006068,ULK,21,16,21.0,16.0,37,37.0,0.0
E2010,P001890,KHI,0,0,0.0,0.0,0,0.0,0.0
E2007,P000078,VIR,0,0,0.0,0.0,0,0.0,0.0
E2025,P014119,BAS,47,85,47.0,85.0,132,132.0,0.0
E2007,PABB,PAN,65,17,65.0,17.0,82,82.0,0.0
E2008,PABB,NIO,14,4,14.0,4.0,18,18.0,0.0
E2015,P006591,STR,6,1,6.0,1.0,7,7.0,0.0
E2024,P006591,PAR,49,69,49.0,69.0,118,118.0,0.0
E2025,P006591,OLY,45,52,45.0,52.0,97,97.0,0.0
E2024,P012100,BER,0,1,0.0,1.0,1,1.0,0.0
E2021,P010106,MAD,13,3,13.0,3.0,16,16.0,0.0
E2024,P010106,BAR,73,40,73.0,40.0,113,113.0,0.0
E2025,P010106,BAR,2,0,2.0,0.0,2,2.0,0.0
E2016,P007400,ULK,88,71,88.0,71.0,159,159.0,0.0
E2017,P007400,ULK,91,83,91.0,83.0,174,174.0,0.0
E2018,P007400,MIL,57,38,57.0,38.0,95,95.0,0.0
E2019,P007400,ULK,12,12,12.0,12.0,24,24.0,0.0
E2021,P007400,TEL,161,150,161.0,150.0,311,311.0,0.0
E2022,P007400,PAR,119,121,119.0,121.0,240,240.0,0.0
E2023,P007400,PAR,165,104,165.0,104.0,269,269.0,0.0
E2023,P012774,PAN,298,173,298.0,173.0,471,471.0,0.0
E2024,P012774,PAN,316,278,316.0,278.0,594,594.0,0.0
E2025,P012774,PAN,308,200,308.0,200.0,508,508.0,0.0
E2012,P004053,CED,7,1,7.0,1.0,8,8.0,0.0
E2024,P013363,IST,124,119,124.0,119.0,243,243.0,0.0
E2025,P013363,RED,257,174,257.0,174.0,431,431.0,0.0
E2013,P005092,NTR,15,14,15.0,14.0,29,29.0,0.0
E2022,P011938,ASV,146,73,146.0,73.0,219,219.0,0.0
E2021,P008262,MUN,0,0,0.0,0.0,0,0.0,0.0
E2018,P009004,TEL,182,121,182.0,121.0,303,303.0,0.0
E2020,P009004,RED,104,37,104.0,37.0,141,141.0,0.0
E2021,P004508,MUN,16,69,16.0,69.0,85,85.0,0.0
E2022,P004508,MUN,37,167,37.0,167.0,204,204.0,0.0
E2023,P004508,MUN,16,115,16.0,115.0,131,131.0,0.0
E2024,P004508,MUN,51,240,51.0,240.0,291,291.0,0.0
E2025,P004508,MUN,133,267,133.0,267.0,400,400.0,0.0
E2025,P011823,HTA,68,0,68.0,0.0,68,68.0,0.0
E2020,P008140,KHI,5,7,5.0,7.0,12,12.0,0.0
E2013,P005667,BAS,0,1,0.0,1.0,1,1.0,0.0
E2015,P004982,TEL,7,4,7.0,4.0,11,11.0,0.0
E2019,P003242,BER,26,13,26.0,13.0,39,39.0,0.0
E2012,P002926,BAM,42,0,42.0,0.0,42,42.0,0.0
E2018,P007057,MUN,8,3,8.0,3.0,11,11.0,0.0
E2021,P007057,MUN,0,0,0.0,0.0,0,0.0,0.0
E2011,P000622,TEL,82,26,82.0,26.0,108,108.0,0.0
E2012,P000622,TEL,111,52,111.0,52.0,163,163.0,0.0
E2013,P000622,TEL,91,47,91.0,47.0,138,138.0,0.0
E2014,P000622,TEL,88,58,88.0,58.0,146,146.0,0.0
E2015,P000622,TEL,32,20,32.0,20.0,52,52.0,0.0
E2016,P000622,TEL,76,50,76.0,50.0,126,126.0,0.0
E2007,PLPK,BAM,28,2,28.0,2.0,30,30.0,0.0
E2021,P009461,OLY,0,0,0.0,0.0,0,0.0,0.0
E2022,P011982,VIR,90,76,90.0,76.0,166,166.0,0.0
E2023,P011982,PAM,132,85,132.0,85.0,217,217.0,0.0
E2025,P011982,RED,127,81,127.0,81.0,208,208.0,0.0
E2019,P008801,RED,45,0,45.0,0.0,45,45.0,0.0
E2025,P014006,MAD,64,127,64.0,127.0,191,191.0,0.0
E2021,P011212,ASV,198,114,198.0,114.0,312,312.0,0.0
E2022,P011212,MCO,204,164,204.0,164.0,368,368.0,0.0
E2023,P011212,MCO,191,136,191.0,136.0,327,327.0,0.0
E2024,P011212,MCO,211,108,211.0,108.0,319,319.0,0.0
E2025,P011212,MCO,255,151,255.0,151.0,406,406.0,0.0
E2017,P005363,MAL,19,0,19.0,0.0,19,19.0,0.0
E2007,PASB,BAM,71,41,71.0,41.0,112,112.0,0.0
E2015,P006600,BAM,12,0,12.0,0.0,12,12.0,0.0
E2009,P001972,BAS,14,35,14.0,35.0,49,49.0,0.0
E2010,P001972,BAS,61,52,61.0,52.0,113,113.0,0.0
E2011,P001972,BAS,18,29,18.0,29.0,47,47.0,0.0
E2012,P001972,BAS,41,46,41.0,46.0,87,87.0,0.0
E2013,P001972,BAR,66,66,66.0,66.0,132,132.0,0.0
E2014,P001972,BAR,39,66,39.0,66.0,105,105.0,0.0
E2015,P001972,BAR,34,64,34.0,64.0,98,98.0,0.0
E2016,P001972,BAR,43,58,43.0,58.0,101,101.0,0.0
E2016,P006919,BAM,2,0,2.0,0.0,2,2.0,0.0
E2017,P006919,BAM,12,8,12.0,8.0,20,20.0,0.0
E2020,P006919,BER,60,42,60.0,42.0,102,102.0,0.0
E2021,P006919,BER,58,42,58.0,42.0,100,100.0,0.0
E2022,P006919,BER,90,64,90.0,64.0,154,154.0,0.0
E2023,P006919,BER,51,53,51.0,53.0,104,104.0,0.0
E2024,P006919,BER,58,56,58.0,56.0,114,114.0,0.0
E2018,P000554,CAN,63,48,63.0,48.0,111,111.0,0.0
E2013,P004443,ULK,1,0,1.0,0.0,1,1.0,0.0
E2012,P004222,LJU,34,2,34.0,2.0,36,36.0,0.0
E2016,P004222,IST,40,0,40.0,0.0,40,40.0,0.0
E2017,P004222,RED,54,0,54.0,0.0,54,54.0,0.0
E2018,P004222,MIL,37,1,37.0,1.0,38,38.0,0.0
E2018,P004222,BUD,92,3,92.0,3.0,95,95.0,0.0
E2025,P014121,TEL,2,0,2.0,0.0,2,2.0,0.0
E2025,P014207,BAS,109,66,109.0,66.0,175,175.0,0.0
E2007,PARO,ULK,81,74,81.0,74.0,155,155.0,0.0
E2008,PARO,ULK,47,35,47.0,35.0,82,82.0,0.0
E2009,PARO,ULK,17,20,17.0,20.0,37,37.0,0.0
E2010,PARO,ULK,62,44,62.0,44.0,106,106.0,0.0
E2011,PARO,ULK,49,28,49.0,28.0,77,77.0,0.0
E2012,PARO,ULK,48,56,48.0,56.0,104,104.0,0.0
E2013,PARO,ULK,21,20,21.0,20.0,41,41.0,0.0
E2023,P010400,IST,0,0,0.0,0.0,0,0.0,0.0
E2024,P010400,IST,2,0,2.0,0.0,2,2.0,0.0
E2015,P006647,TEL,32,0,32.0,0.0,32,32.0,0.0
E2020,P010776,ULK,56,9,56.0,9.0,65,65.0,0.0
E2013,P002012,LIE,3,3,3.0,3.0,6,6.0,0.0
E2017,P005917,BAR,112,32,112.0,32.0,144,144.0,0.0
E2018,P005917,BAR,105,45,105.0,45.0,150,150.0,0.0
E2019,P005917,BAR,37,28,37.0,28.0,65,65.0,0.0
E2020,P005917,BAR,137,10,137.0,10.0,147,147.0,0.0
E2021,P005917,BAR,25,6,25.0,6.0,31,31.0,0.0
E2011,PKWG,CTU,10,0,10.0,0.0,10,10.0,0.0
E2012,PKWG,SIE,56,0,56.0,0.0,56,56.0,0.0
E2013,PKWG,SIE,38,1,38.0,1.0,39,39.0,0.0
E2021,P010581,ASV,82,64,82.0,64.0,146,146.0,0.0
E2025,P010581,PAR,95,106,95.0,106.0,201,201.0,0.0
E2013,P004088,IST,18,21,18.0,21.0,39,39.0,0.0
E2014,P004088,IST,85,66,85.0,66.0,151,151.0,0.0
E2015,P004088,IST,72,71,72.0,71.0,143,143.0,0.0
E2016,P004088,IST,109,106,109.0,106.0,215,215.0,0.0
E2024,P004088,PAN,116,138,116.0,138.0,254,254.0,0.0
E2025,P004088,PAN,172,168,172.0,168.0,340,340.0,0.0
E2023,P012710,IST,51,38,51.0,38.0,89,89.0,0.0
E2024,P012710,IST,115,74,115.0,74.0,189,189.0,0.0
E2025,P012710,IST,194,91,194.0,91.0,285,285.0,0.0
E2023,P012788,IST,98,0,98.0,0.0,98,98.0,0.0
E2024,P012788,IST,190,1,190.0,1.0,191,191.0,0.0
E2025,P012788,HTA,355,1,355.0,1.0,356,356.0,0.0
E2012,P004197,CHL,0,0,0.0,0.0,0,0.0,0.0
E2021,P004197,MCO,46,46,46.0,46.0,92,92.0,0.0
E2022,P004197,MCO,48,65,48.0,65.0,113,113.0,0.0
E2023,P004197,MCO,32,48,32.0,48.0,80,80.0,0.0
E2024,P004197,PRS,61,92,61.0,92.0,153,153.0,0.0
E2025,P004197,PRS,89,98,89.0,98.0,187,187.0,0.0
E2011,P003552,CHA,4,3,4.0,3.0,7,7.0,0.0
E2008,PAQA,LJU,14,36,14.0,36.0,50,50.0,0.0
E2009,PAQA,LJU,31,41,31.0,41.0,72,72.0,0.0
E2010,PAQA,LJU,56,61,56.0,61.0,117,117.0,0.0
E2011,PAQA,ZAG,12,13,12.0,13.0,25,25.0,0.0
E2015,P006640,DAR,0,1,0.0,1.0,1,1.0,0.0
E2018,P006640,DAR,37,43,37.0,43.0,80,80.0,0.0
E2024,P006640,IST,7,14,7.0,14.0,21,21.0,0.0
E2011,PBNW,GAL,21,32,21.0,32.0,53,53.0,0.0
E2012,PBNW,BES,34,63,34.0,63.0,97,97.0,0.0
E2012,P004179,BES,1,1,1.0,1.0,2,2.0,0.0
E2018,P004179,DAR,51,59,51.0,59.0,110,110.0,0.0
E2011,PAWO,GAL,18,0,18.0,0.0,18,18.0,0.0
E2007,PLIF,IST,0,0,0.0,0.0,0,0.0,0.0
E2012,P002705,LJU,38,36,38.0,36.0,74,74.0,0.0
E2022,P006739,VIR,42,37,42.0,37.0,79,79.0,0.0
E2023,P006739,VIR,35,71,35.0,71.0,106,106.0,0.0
E2024,P006739,VIR,51,89,51.0,89.0,140,140.0,0.0
E2025,P006739,VIR,29,59,29.0,59.0,88,88.0,0.0
E2007,PTGU,PAR,168,67,168.0,67.0,235,235.0,0.0
E2013,P003603,LIE,84,7,84.0,7.0,91,91.0,0.0
E2015,P003603,KSK,67,17,67.0,17.0,84,84.0,0.0
E2025,P013283,HTA,1,1,1.0,1.0,2,2.0,0.0
E2012,P004175,SOP,7,15,7.0,15.0,22,22.0,0.0
E2016,P006433,ZAL,102,129,102.0,129.0,231,231.0,0.0
E2017,P006433,ZAL,186,158,186.0,158.0,344,344.0,0.0
E2018,P006433,BAR,116,104,116.0,104.0,220,220.0,0.0
E2020,P006433,DYR,182,228,182.0,228.0,410,410.0,0.0
E2022,P006433,MIL,53,89,53.0,89.0,142,142.0,0.0
E2023,P006433,MIL,15,20,15.0,20.0,35,35.0,0.0
E2023,P006433,PAM,11,20,11.0,20.0,31,31.0,0.0
E2010,PLSK,KHI,2,5,2.0,5.0,7,7.0,0.0
E2014,PLSK,UNK,0,6,0.0,6.0,6,6.0,0.0
E2016,PLSK,UNK,15,48,15.0,48.0,63,63.0,0.0
E2012,PLRF,MAL,56,24,56.0,24.0,80,80.0,0.0
E2012,PLRF,PAN,58,16,58.0,16.0,74,74.0,0.0
E2007,PABK,ARI,2,2,2.0,2.0,4,4.0,0.0
E2018,P007634,MAD,1,2,1.0,2.0,3,3.0,0.0
E2019,P009815,PAN,0,0,0.0,0.0,0,0.0,0.0
E2007,PAPP,MAD,95,0,95.0,0.0,95,95.0,0.0
E2008,PAPP,MAD,16,1,16.0,1.0,17,17.0,0.0
E2011,PAPP,OLY,48,0,48.0,0.0,48,48.0,0.0
E2014,P005844,PAN,0,0,0.0,0.0,0,0.0,0.0
E2015,P005844,PAN,13,0,13.0,0.0,13,13.0,0.0
E2018,P005844,PAN,72,0,72.0,0.0,72,72.0,0.0
E2019,P005844,PAN,135,2,135.0,2.0,137,137.0,0.0
E2020,P005844,PAN,190,8,190.0,8.0,198,198.0,0.0
E2021,P005844,PAN,210,0,210.0,0.0,210,210.0,0.0
E2022,P005844,PAN,168,37,168.0,37.0,205,205.0,0.0
E2023,P005844,ULK,108,41,108.0,41.0,149,149.0,0.0
E2024,P005844,MCO,120,28,120.0,28.0,148,148.0,0.0
E2025,P005844,IST,10,5,10.0,5.0,15,15.0,0.0
E2007,PATW,CSK,97,33,97.0,33.0,130,130.0,0.0
E2008,PATW,OLY,78,38,78.0,38.0,116,116.0,0.0
E2009,PATW,OLY,61,37,61.0,37.0,98,98.0,0.0
E2010,PATW,OLY,55,28,55.0,28.0,83,83.0,0.0
E2011,PATW,TEL,40,6,40.0,6.0,46,46.0,0.0
E2012,PATW,CSK,17,12,17.0,12.0,29,29.0,0.0
E2007,PACJ,OLY,7,5,7.0,5.0,12,12.0,0.0
E2009,P001255,OLY,4,4,4.0,4.0,8,8.0,0.0
E2010,P001255,OLY,24,23,24.0,23.0,47,47.0,0.0
E2011,P001255,OLY,58,42,58.0,42.0,100,100.0,0.0
E2012,P001255,OLY,91,96,91.0,96.0,187,187.0,0.0
E2013,P001255,BAR,91,61,91.0,61.0,152,152.0,0.0
E2015,P001255,OLY,22,17,22.0,17.0,39,39.0,0.0
E2016,P001255,OLY,127,117,127.0,117.0,244,244.0,0.0
E2017,P001255,OLY,80,67,80.0,67.0,147,147.0,0.0
E2018,P001255,OLY,55,105,55.0,105.0,160,160.0,0.0
E2019,P001255,OLY,66,92,66.0,92.0,158,158.0,0.0
E2020,P001255,OLY,17,46,17.0,46.0,63,63.0,0.0
E2021,P001255,OLY,72,139,72.0,139.0,211,211.0,0.0
E2022,P001255,OLY,102,126,102.0,126.0,228,228.0,0.0
E2023,P001255,OLY,89,141,89.0,141.0,230,230.0,0.0
E2024,P001255,OLY,47,100,47.0,100.0,147,147.0,0.0
E2025,P001255,OLY,14,90,14.0,90.0,104,104.0,0.0
E2009,P001567,MAR,0,0,0.0,0.0,0,0.0,0.0
E2009,P001144,MAR,0,0,0.0,0.0,0,0.0,0.0
E2013,P005161,OLY,14,23,14.0,23.0,37,37.0,0.0
E2014,P005161,OLY,18,15,18.0,15.0,33,33.0,0.0
E2015,P005161,OLY,78,40,78.0,40.0,118,118.0,0.0
E2016,P005161,OLY,76,78,76.0,78.0,154,154.0,0.0
E2017,P005161,OLY,117,84,117.0,84.0,201,201.0,0.0
E2018,P005161,PAN,114,75,114.0,75.0,189,189.0,0.0
E2019,P005161,PAN,126,90,126.0,90.0,216,216.0,0.0
E2020,P005161,PAN,170,124,170.0,124.0,294,294.0,0.0
E2021,P005161,PAN,141,107,141.0,107.0,248,248.0,0.0
E2022,P005161,PAR,107,76,107.0,76.0,183,183.0,0.0
E2023,P005161,PAN,32,31,32.0,31.0,63,63.0,0.0
E2024,P005161,PAN,37,27,37.0,27.0,64,64.0,0.0
E2022,P012023,OLY,3,1,3.0,1.0,4,4.0,0.0
E2023,P012023,OLY,1,2,1.0,2.0,3,3.0,0.0
E2013,P000464,PAN,32,13,32.0,13.0,45,45.0,0.0
E2014,P000464,PAN,96,62,96.0,62.0,158,158.0,0.0
E2015,P000464,PAN,4,5,4.0,5.0,9,9.0,0.0
E2016,P000464,PAN,72,50,72.0,50.0,122,122.0,0.0
E2017,P000464,PAN,122,86,122.0,86.0,208,208.0,0.0
E2018,P000464,PAN,52,59,52.0,59.0,111,111.0,0.0
E2019,P000464,PAN,24,16,24.0,16.0,40,40.0,0.0
E2022,P000464,PAN,0,0,0.0,0.0,0,0.0,0.0
E2008,P001303,NIO,0,0,0.0,0.0,0,0.0,0.0
E2008,11111,NIO,0,0,0.0,0.0,0,0.0,0.0
E2014,P003034,NOV,191,2,191.0,2.0,193,193.0,0.0
E2016,P003034,UNK,216,0,216.0,0.0,216,216.0,0.0
E2017,P003034,TEL,149,0,149.0,0.0,149,149.0,0.0
E2008,P001276,OLY,18,21,18.0,21.0,39,39.0,0.0
E2010,P002834,TEL,147,80,147.0,80.0,227,227.0,0.0
E2013,P002834,CSK,89,35,89.0,35.0,124,124.0,0.0
E2014,P002834,TEL,209,124,209.0,124.0,333,333.0,0.0
E2018,P002834,TEL,43,37,43.0,37.0,80,80.0,0.0
E2023,P012745,BAR,190,134,190.0,134.0,324,324.0,0.0
E2024,P012745,BAR,237,196,237.0,196.0,433,433.0,0.0
E2025,P012745,PAR,69,41,69.0,41.0,110,110.0,0.0
E2009,P000264,ASV,0,0,0.0,0.0,0,0.0,0.0
E2023,P007464,BAR,33,44,33.0,44.0,77,77.0,0.0
E2024,P007464,BAR,87,46,87.0,46.0,133,133.0,0.0
E2025,P007464,BAR,107,68,107.0,68.0,175,175.0,0.0
E2010,PCJB,CIB,40,17,40.0,17.0,57,57.0,0.0
E2016,P006385,MIL,88,18,88.0,18.0,106,106.0,0.0
E2017,P006385,MIL,35,7,35.0,7.0,42,42.0,0.0
E2018,P003921,CAN,125,7,125.0,7.0,132,132.0,0.0
E2007,PAYU,CSK,9,5,9.0,5.0,14,14.0,0.0
E2011,PAYU,UNK,8,5,8.0,5.0,13,13.0,0.0
E2013,P005093,NTR,34,0,34.0,0.0,34,34.0,0.0
E2015,P004804,KHI,3,0,3.0,0.0,3,3.0,0.0
E2017,P004804,KHI,0,0,0.0,0.0,0,0.0,0.0
E2014,P005973,NOV,15,14,15.0,14.0,29,29.0,0.0
E2016,P004945,IST,53,94,53.0,94.0,147,147.0,0.0
E2019,P004945,OLY,49,126,49.0,126.0,175,175.0,0.0
E2009,PJFX,OLD,50,61,50.0,61.0,111,111.0,0.0
E2018,P003204,CAN,85,42,85.0,42.0,127,127.0,0.0
E2022,P003204,BAR,4,4,4.0,4.0,8,8.0,0.0
E2023,P003204,BAR,15,16,15.0,16.0,31,31.0,0.0
E2024,P013377,ASV,4,0,4.0,0.0,4,4.0,0.0
E2019,P007533,PAM,0,0,0.0,0.0,0,0.0,0.0
E2007,PJSE,BAM,6,1,6.0,1.0,7,7.0,0.0
E2025,P012934,RED,0,0,0.0,0.0,0,0.0,0.0
E2013,PANE,PAR,60,21,60.0,21.0,81,81.0,0.0
E2015,PANE,PAN,83,48,83.0,48.0,131,131.0,0.0
E2017,P008348,PAN,38,5,38.0,5.0,43,43.0,0.0
E2018,P008348,PAN,8,0,8.0,0.0,8,8.0,0.0
E2019,P008348,ASV,47,43,47.0,43.0,90,90.0,0.0
E2025,P014213,PAR,34,63,34.0,63.0,97,97.0,0.0
E2011,P003673,MAL,10,1,10.0,1.0,11,11.0,0.0
E2015,P003673,LMG,23,9,23.0,9.0,32,32.0,0.0
E2015,P005438,MIL,0,0,0.0,0.0,0,0.0,0.0
E2010,P002850,MIL,9,17,9.0,17.0,26,26.0,0.0
E2007,PLGN,ZAL,0,0,0.0,0.0,0,0.0,0.0
E2018,P005922,DAR,83,30,83.0,30.0,113,113.0,0.0
E2008,PARV,IST,45,0,45.0,0.0,45,45.0,0.0
E2009,PARV,IST,102,4,102.0,4.0,106,106.0,0.0
E2010,PARV,ULK,44,1,44.0,1.0,45,45.0,0.0
E2011,PARV,ULK,49,0,49.0,0.0,49,49.0,0.0
E2012,PARV,ULK,47,0,47.0,0.0,47,47.0,0.0
E2007,PKNN,PAR,245,0,245.0,0.0,245,245.0,0.0
E2008,PKNN,PAN,142,0,142.0,0.0,142,142.0,0.0
E2009,PKNN,PAN,112,0,112.0,0.0,112,112.0,0.0
E2011,PKNN,PAR,71,0,71.0,0.0,71,71.0,0.0
E2007,PACK,MAD,33,19,33.0,19.0,52,52.0,0.0
E2008,PACK,OLY,10,11,10.0,11.0,21,21.0,0.0
E2009,PACK,MAR,37,43,37.0,43.0,80,80.0,0.0
E2010,PACK,OLY,5,7,5.0,7.0,12,12.0,0.0
E2011,PACK,OLY,16,19,16.0,19.0,35,35.0,0.0
E2015,P006459,SAS,1,0,1.0,0.0,1,1.0,0.0
E2007,PTEX,ROA,38,17,38.0,17.0,55,55.0,0.0
E2018,P005415,BAS,1,4,1.0,4.0,5,5.0,0.0
E2019,P005415,BAS,0,0,0.0,0.0,0,0.0,0.0
E2011,P003327,CHA,2,0,2.0,0.0,2,2.0,0.0
E2007,PBXD,IST,84,84,84.0,84.0,168,168.0,0.0
E2009,PBXD,OLY,6,19,6.0,19.0,25,25.0,0.0
E2016,P004588,BAR,5,3,5.0,3.0,8,8.0,0.0
E2021,P004588,BER,0,0,0.0,0.0,0,0.0,0.0
E2019,P009752,ZAL,14,6,14.0,6.0,20,20.0,0.0
E2020,P009752,ULK,8,3,8.0,3.0,11,11.0,0.0
E2008,P001198,MAD,1,0,1.0,0.0,1,1.0,0.0
E2011,P003205,BAR,1,1,1.0,1.0,2,2.0,0.0
E2012,P003205,BAR,0,0,0.0,0.0,0,0.0,0.0
E2014,P005238,PAM,1,0,1.0,0.0,1,1.0,0.0
E2011,PCJF,MAL,75,14,75.0,14.0,89,89.0,0.0
E2009,P001920,TEL,87,38,87.0,38.0,125,125.0,0.0
E2010,P001920,TEL,85,67,85.0,67.0,152,152.0,0.0
E2011,P001920,CTU,12,7,12.0,7.0,19,19.0,0.0
E2012,P001920,OLY,3,2,3.0,2.0,5,5.0,0.0
E2014,P001920,BAS,9,14,9.0,14.0,23,23.0,0.0
E2009,PBQK,OLD,39,13,39.0,13.0,52,52.0,0.0
E2010,PBFG,BAR,59,0,59.0,0.0,59,59.0,0.0
E2011,PBFG,BAR,64,0,64.0,0.0,64,64.0,0.0
E2012,PBFG,MAL,57,0,57.0,0.0,57,57.0,0.0
E2007,PKRH,PAN,25,8,25.0,8.0,33,33.0,0.0
E2008,PKRH,PAN,52,40,52.0,40.0,92,92.0,0.0
E2009,PKRH,PAN,34,30,34.0,30.0,64,64.0,0.0
E2010,PKRH,PAN,71,47,71.0,47.0,118,118.0,0.0
E2011,PKRH,PAN,31,12,31.0,12.0,43,43.0,0.0
E2012,PKRH,OLY,109,67,109.0,67.0,176,176.0,0.0
E2013,PKRH,OLY,103,65,103.0,65.0,168,168.0,0.0
E2014,PKRH,IST,126,96,126.0,96.0,222,222.0,0.0
E2015,PKRH,BAR,109,95,109.0,95.0,204,204.0,0.0
E2016,PKRH,BAR,86,53,86.0,53.0,139,139.0,0.0
E2019,PKRH,RED,50,42,50.0,42.0,92,92.0,0.0
E2021,P010413,PAN,53,46,53.0,46.0,99,99.0,0.0
E2010,PXBB,LJU,19,6,19.0,6.0,25,25.0,0.0
E2020,P010387,PAN,0,0,0.0,0.0,0,0.0,0.0
E2018,P008829,CSK,60,90,60.0,90.0,150,150.0,0.0
E2019,P008829,IST,34,36,34.0,36.0,70,70.0,0.0
E2020,P008829,BAS,121,141,121.0,141.0,262,262.0,0.0
E2021,P008829,BAS,47,41,47.0,41.0,88,88.0,0.0
E2022,P008829,OLY,61,73,61.0,73.0,134,134.0,0.0
E2023,P008829,OLY,191,142,191.0,142.0,333,333.0,0.0
E2024,P008829,OLY,114,88,114.0,88.0,202,202.0,0.0
E2025,P008829,OLY,100,98,100.0,98.0,198,198.0,0.0
E2021,P010683,BAS,42,40,42.0,40.0,82,82.0,0.0
E2007,PJZN,LIE,116,0,116.0,0.0,116,116.0,0.0
E2009,PJZN,MIL,31,0,31.0,0.0,31,31.0,0.0
E2010,PJZN,MIL,27,0,27.0,0.0,27,27.0,0.0
E2021,P011194,IST,72,5,72.0,5.0,77,77.0,0.0
E2022,P011194,RED,192,57,192.0,57.0,249,249.0,0.0
E2023,P011194,OLY,89,14,89.0,14.0,103,103.0,0.0
E2024,P011194,RED,198,53,198.0,53.0,251,251.0,0.0
E2024,P011194,OLY,15,3,15.0,3.0,18,18.0,0.0
E2025,P011194,DUB,230,33,230.0,33.0,263,263.0,0.0
E2013,P005162,OLY,48,64,48.0,64.0,112,112.0,0.0
E2014,P005162,OLY,34,73,34.0,73.0,107,107.0,0.0
E2015,P005162,SAS,15,14,15.0,14.0,29,29.0,0.0
E2020,P010560,ULK,140,72,140.0,72.0,212,212.0,0.0
E2021,P010560,ULK,125,64,125.0,64.0,189,189.0,0.0
E2022,P010560,ULK,94,70,94.0,70.0,164,164.0,0.0
E2023,P010560,ULK,74,53,74.0,53.0,127,127.0,0.0
E2024,P010560,ULK,34,30,34.0,30.0,64,64.0,0.0
E2010,PAZK,PAM,32,5,32.0,5.0,37,37.0,0.0
E2014,P004316,CED,31,47,31.0,47.0,78,78.0,0.0
E2015,P004316,CED,34,64,34.0,64.0,98,98.0,0.0
E2011,P003439,NAN,0,0,0.0,0.0,0,0.0,0.0
E2010,P002063,LJU,73,33,73.0,33.0,106,106.0,0.0
E2014,P006300,GAL,1,0,1.0,0.0,1,1.0,0.0
E2010,P002017,ZAL,17,0,17.0,0.0,17,17.0,0.0
E2014,P002017,LMG,22,0,22.0,0.0,22,22.0,0.0
E2012,P004575,TEL,47,0,47.0,0.0,47,47.0,0.0
E2015,P004575,BAS,53,0,53.0,0.0,53,53.0,0.0
E2007,PAFP,BAS,140,56,140.0,56.0,196,196.0,0.0
E2008,PAFP,CSK,50,44,50.0,44.0,94,94.0,0.0
E2009,PAFP,CSK,88,44,88.0,44.0,132,132.0,0.0
E2010,PAFP,KHI,51,31,51.0,31.0,82,82.0,0.0
E2012,PAFP,KHI,180,55,180.0,55.0,235,235.0,0.0
E2013,PAFP,IST,131,57,131.0,57.0,188,188.0,0.0
E2024,P006240,RED,45,0,45.0,0.0,45,45.0,0.0
E2025,P006240,RED,7,0,7.0,0.0,7,7.0,0.0
E2010,PLHK,BAM,49,9,49.0,9.0,58,58.0,0.0
E2011,PLHK,BAM,49,1,49.0,1.0,50,50.0,0.0
E2012,PLHK,BAS,81,3,81.0,3.0,84,84.0,0.0
E2013,PLHK,BAS,201,0,201.0,0.0,201,201.0,0.0
E2014,PLHK,BAR,87,2,87.0,2.0,89,89.0,0.0
E2016,PLHK,GAL,150,5,150.0,5.0,155,155.0,0.0
E2017,PLHK,PAM,199,10,199.0,10.0,209,209.0,0.0
E2018,PLHK,IST,169,30,169.0,30.0,199,199.0,0.0
E2019,PLHK,IST,178,16,178.0,16.0,194,194.0,0.0
E2020,PLHK,IST,98,17,98.0,17.0,115,115.0,0.0
E2021,PLHK,IST,229,52,229.0,52.0,281,281.0,0.0
E2022,PLHK,IST,126,46,126.0,46.0,172,172.0,0.0
E2023,PLHK,IST,86,62,86.0,62.0,148,148.0,0.0
E2024,PLHK,PAN,15,5,15.0,5.0,20,20.0,0.0
E2012,P004438,KHI,0,0,0.0,0.0,0,0.0,0.0
E2009,PLKX,TEL,25,45,25.0,45.0,70,70.0,0.0
E2010,PLKX,TEL,35,72,35.0,72.0,107,107.0,0.0
E2011,PLKX,TEL,19,41,19.0,41.0,60,60.0,0.0
E2012,PLKX,TEL,29,43,29.0,43.0,72,72.0,0.0
E2013,PLKX,TEL,26,92,26.0,92.0,118,118.0,0.0
E2014,PLKX,TEL,8,15,8.0,15.0,23,23.0,0.0
E2015,PLKX,TEL,6,30,6.0,30.0,36,36.0,0.0
E2016,PLKX,TEL,27,47,27.0,47.0,74,74.0,0.0
E2022,PLKX,TEL,0,0,0.0,0.0,0,0.0,0.0
E2009,P001878,ZAL,49,47,49.0,47.0,96,96.0,0.0
E2010,P001878,ZAL,79,60,79.0,60.0,139,139.0,0.0
E2011,P001878,MAD,52,32,52.0,32.0,84,84.0,0.0
E2012,P001878,MAD,16,19,16.0,19.0,35,35.0,0.0
E2013,P001878,ZAL,78,95,78.0,95.0,173,173.0,0.0
E2014,P001878,GAL,41,60,41.0,60.0,101,101.0,0.0
E2015,P001878,ZAL,44,26,44.0,26.0,70,70.0,0.0
E2013,P002083,BAS,14,12,14.0,12.0,26,26.0,0.0
E2017,P004887,BAS,192,0,192.0,0.0,192,192.0,0.0
E2018,P004887,BAS,274,0,274.0,0.0,274,274.0,0.0
E2021,P004887,MAD,176,6,176.0,6.0,182,182.0,0.0
E2022,P004887,MAD,121,5,121.0,5.0,126,126.0,0.0
E2023,P004887,MAD,197,5,197.0,5.0,202,202.0,0.0
E2024,P004887,IST,223,5,223.0,5.0,228,228.0,0.0
E2025,P004887,IST,84,0,84.0,0.0,84,84.0,0.0
E2018,P008232,OLY,2,1,2.0,1.0,3,3.0,0.0
E2019,P008232,OLY,1,0,1.0,0.0,1,1.0,0.0
E2024,P008232,PAR,46,44,46.0,44.0,90,90.0,0.0
E2025,P008232,PAR,48,50,48.0,50.0,98,98.0,0.0
E2022,P011937,ASV,8,4,8.0,4.0,12,12.0,0.0
E2019,P002084,BAS,49,40,49.0,40.0,89,89.0,0.0
E2020,P002084,BAS,173,122,173.0,122.0,295,295.0,0.0
E2021,P002084,ULK,82,106,82.0,106.0,188,188.0,0.0
E2022,P002084,IST,16,14,16.0,14.0,30,30.0,0.0
E2022,P002084,ZAL,32,44,32.0,44.0,76,76.0,0.0
E2023,P002084,VIR,28,29,28.0,29.0,57,57.0,0.0
E2024,P002084,VIR,57,76,57.0,76.0,133,133.0,0.0
E2022,P012088,MCO,0,0,0.0,0.0,0,0.0,0.0
E2015,P005292,GSS,3,0,3.0,0.0,3,3.0,0.0
E2012,P004172,SOP,41,31,41.0,31.0,72,72.0,0.0
E2015,P004172,GSS,71,20,71.0,20.0,91,91.0,0.0
E2019,P004172,DYR,83,37,83.0,37.0,120,120.0,0.0
E2020,P004172,DYR,114,72,114.0,72.0,186,186.0,0.0
E2021,P004172,DYR,61,26,61.0,26.0,87,87.0,0.0
E2022,P004172,PAN,102,43,102.0,43.0,145,145.0,0.0
E2023,P004172,PAR,40,21,40.0,21.0,61,61.0,0.0
E2009,PJAN,CSK,41,14,41.0,14.0,55,55.0,0.0
E2011,PJAN,CSK,14,6,14.0,6.0,20,20.0,0.0
E2012,PJAN,CSK,31,13,31.0,13.0,44,44.0,0.0
E2013,PJAN,TIV,25,9,25.0,9.0,34,34.0,0.0
E2016,PJAN,UNK,40,22,40.0,22.0,62,62.0,0.0
E2019,PJAN,DYR,28,47,28.0,47.0,75,75.0,0.0
E2020,PJAN,KHI,16,20,16.0,20.0,36,36.0,0.0
E2022,P006832,ASV,50,37,50.0,37.0,87,87.0,0.0
E2007,PBOV,MAL,36,33,36.0,33.0,69,69.0,0.0
E2009,PBOV,LIE,48,34,48.0,34.0,82,82.0,0.0
E2009,PBOV,IST,12,5,12.0,5.0,17,17.0,0.0
E2007,PATP,ZAL,56,106,56.0,106.0,162,162.0,0.0
E2011,PATP,ZAL,34,75,34.0,75.0,109,109.0,0.0
E2012,PATP,ZAL,68,107,68.0,107.0,175,175.0,0.0
E2018,P007398,BUD,59,24,59.0,24.0,83,83.0,0.0
E2014,P004426,NOV,6,0,6.0,0.0,6,6.0,0.0
E2008,P001172,AVE,10,10,10.0,10.0,20,20.0,0.0
E2007,PTFC,ROA,18,20,18.0,20.0,38,38.0,0.0
E2011,P002541,NAN,0,0,0.0,0.0,0,0.0,0.0
E2012,P004422,OLY,98,2,98.0,2.0,100,100.0,0.0
E2020,P009960,DYR,198,7,198.0,7.0,205,205.0,0.0
E2021,P009960,DYR,111,2,111.0,2.0,113,113.0,0.0
E2022,P009960,TEL,78,10,78.0,10.0,88,88.0,0.0
E2023,P009960,MIL,107,5,107.0,5.0,112,112.0,0.0
E2011,P001626,MAL,0,0,0.0,0.0,0,0.0,0.0
E2020,P010393,PAM,34,5,34.0,5.0,39,39.0,0.0
E2022,P010393,PAM,76,21,76.0,21.0,97,97.0,0.0
E2023,P010393,PAM,67,10,67.0,10.0,77,77.0,0.0
E2025,P010393,PAM,142,90,142.0,90.0,232,232.0,0.0
E2007,PTFH,ULK,46,47,46.0,47.0,93,93.0,0.0
E2008,PTFH,ULK,58,49,58.0,49.0,107,107.0,0.0
E2009,PTFH,ULK,37,32,37.0,32.0,69,69.0,0.0
E2010,PTFH,ULK,53,32,53.0,32.0,85,85.0,0.0
E2011,PTFH,ULK,64,36,64.0,36.0,100,100.0,0.0
E2012,PTFH,ULK,79,36,79.0,36.0,115,115.0,0.0
E2013,PTFH,ULK,114,63,114.0,63.0,177,177.0,0.0
E2014,PTFH,ULK,86,55,86.0,55.0,141,141.0,0.0
E2015,PTFH,DAR,40,44,40.0,44.0,84,84.0,0.0
E2016,PTFH,GAL,43,39,43.0,39.0,82,82.0,0.0
E2012,P002661,LJU,14,57,14.0,57.0,71,71.0,0.0
E2018,P002661,MAD,29,39,29.0,39.0,68,68.0,0.0
E2020,P002661,PAM,73,171,73.0,171.0,244,244.0,0.0
E2022,P002661,PAM,42,104,42.0,104.0,146,146.0,0.0
E2025,P002661,DUB,14,56,14.0,56.0,70,70.0,0.0
E2017,P007997,BAR,39,35,39.0,35.0,74,74.0,0.0
E2007,P000002,MAL,10,0,10.0,0.0,10,10.0,0.0
E2008,P000002,MAL,5,0,5.0,0.0,5,5.0,0.0
E2007,PCOH,LIE,109,128,109.0,128.0,237,237.0,0.0
E2008,PCOH,MIL,18,33,18.0,33.0,51,51.0,0.0
E2007,PCBX,BAS,23,113,23.0,113.0,136,136.0,0.0
E2008,PCBX,BAS,29,76,29.0,76.0,105,105.0,0.0
E2009,PCBX,MAD,35,67,35.0,67.0,102,102.0,0.0
E2010,PCBX,MAD,17,64,17.0,64.0,81,81.0,0.0
E2011,PCBX,BAS,18,39,18.0,39.0,57,57.0,0.0
E2016,PCBX,BAS,2,0,2.0,0.0,2,2.0,0.0
E2007,P000092,CIB,3,3,3.0,3.0,6,6.0,0.0
E2008,P000092,CIB,8,11,8.0,11.0,19,19.0,0.0
E2009,P000092,CIB,9,14,9.0,14.0,23,23.0,0.0
E2007,PAMM,OLY,98,21,98.0,21.0,119,119.0,0.0
E2008,PAMM,OLY,107,14,107.0,14.0,121,121.0,0.0
E2009,PAMM,MAL,97,19,97.0,19.0,116,116.0,0.0
E2010,PAMM,MAL,61,22,61.0,22.0,83,83.0,0.0
E2011,PAMM,OLY,108,58,108.0,58.0,166,166.0,0.0
E2012,PAMM,OLY,165,93,165.0,93.0,258,258.0,0.0
E2013,PAMM,OLY,139,55,139.0,55.0,194,194.0,0.0
E2014,PAMM,OLY,123,60,123.0,60.0,183,183.0,0.0
E2015,PAMM,OLY,171,55,171.0,55.0,226,226.0,0.0
E2016,PAMM,OLY,266,67,266.0,67.0,333,333.0,0.0
E2017,PAMM,OLY,210,67,210.0,67.0,277,277.0,0.0
E2018,PAMM,OLY,238,39,238.0,39.0,277,277.0,0.0
E2019,PAMM,OLY,195,35,195.0,35.0,230,230.0,0.0
E2020,PAMM,OLY,134,55,134.0,55.0,189,189.0,0.0
E2021,PAMM,OLY,73,24,73.0,24.0,97,97.0,0.0
E2007,PAFQ,PAN,7,0,7.0,0.0,7,7.0,0.0
E2008,PAFQ,CIB,105,5,105.0,5.0,110,110.0,0.0
E2022,P008384,BER,59,79,59.0,79.0,138,138.0,0.0
E2023,P008384,BER,79,93,79.0,93.0,172,172.0,0.0
E2024,P008384,BER,118,96,118.0,96.0,214,214.0,0.0
E2025,P008384,MAD,5,5,5.0,5.0,10,10.0,0.0
E2011,P000048,ZAG,0,0,0.0,0.0,0,0.0,0.0
E2017,P006643,PAM,7,1,7.0,1.0,8,8.0,0.0
E2020,P006643,PAM,12,6,12.0,6.0,18,18.0,0.0
E2022,P006643,PAM,43,53,43.0,53.0,96,96.0,0.0
E2023,P006643,PAM,38,41,38.0,41.0,79,79.0,0.0
E2025,P006643,PAM,56,97,56.0,97.0,153,153.0,0.0
E2013,P004355,BAR,32,44,32.0,44.0,76,76.0,0.0
E2015,P004355,CED,125,137,125.0,137.0,262,262.0,0.0
E2019,P009862,OLY,51,39,51.0,39.0,90,90.0,0.0
E2019,P009862,RED,78,52,78.0,52.0,130,130.0,0.0
E2020,P009862,MIL,207,166,207.0,166.0,373,373.0,0.0
E2022,P009862,PAR,224,183,224.0,183.0,407,407.0,0.0
E2023,P009862,PAR,192,117,192.0,117.0,309,309.0,0.0
E2024,P009862,BAR,228,202,228.0,202.0,430,430.0,0.0
E2025,P009862,BAR,234,191,234.0,191.0,425,425.0,0.0
E2012,P003370,KHI,0,0,0.0,0.0,0,0.0,0.0
E2019,P003370,DYR,32,3,32.0,3.0,35,35.0,0.0
E2020,P003370,DYR,13,0,13.0,0.0,13,13.0,0.0
E2021,P003370,DYR,7,0,7.0,0.0,7,7.0,0.0
E2018,P004834,BAR,18,0,18.0,0.0,18,18.0,0.0
E2019,P004834,BAR,1,0,1.0,0.0,1,1.0,0.0
E2020,P004834,BAR,23,0,23.0,0.0,23,23.0,0.0
E2023,P010788,BAS,0,0,0.0,0.0,0,0.0,0.0
E2024,P010788,BAS,2,1,2.0,1.0,3,3.0,0.0
E2025,P010788,BAS,0,0,0.0,0.0,0,0.0,0.0
E2007,PLEV,BAR,0,0,0.0,0.0,0,0.0,0.0
E2008,PLEV,BAR,0,0,0.0,0.0,0,0.0,0.0
E2009,PLEV,BAR,1,2,1.0,2.0,3,3.0,0.0
E2011,PLEV,BAR,14,17,14.0,17.0,31,31.0,0.0
E2012,PLEV,BAR,23,24,23.0,24.0,47,47.0,0.0
E2018,PLEV,CAN,63,84,63.0,84.0,147,147.0,0.0
E2020,P005683,RED,29,10,29.0,10.0,39,39.0,0.0
E2025,P005683,PAR,6,7,6.0,7.0,13,13.0,0.0
E2025,P005683,MUN,0,0,0.0,0.0,0,0.0,0.0
E2022,P011972,PAM,89,80,89.0,80.0,169,169.0,0.0
E2009,PBFF,CSK,12,0,12.0,0.0,12,12.0,0.0
E2013,PBFF,RED,40,17,40.0,17.0,57,57.0,0.0
E2017,P002561,RED,26,12,26.0,12.0,38,38.0,0.0
E2018,P002561,CAN,36,23,36.0,23.0,59,59.0,0.0
E2008,PLDH,LJU,0,0,0.0,0.0,0,0.0,0.0
E2015,P006543,MAD,1,0,1.0,0.0,1,1.0,0.0
E2017,P006543,MAD,3,6,3.0,6.0,9,9.0,0.0
E2023,P006543,MUN,11,3,11.0,3.0,14,14.0,0.0
E2019,P003501,BER,1,0,1.0,0.0,1,1.0,0.0
E2009,PLEM,CIB,42,1,42.0,1.0,43,43.0,0.0
E2010,PLEM,CIB,92,1,92.0,1.0,93,93.0,0.0
E2011,PLEM,MIL,34,0,34.0,0.0,34,34.0,0.0
E2012,PLEM,LIE,70,1,70.0,1.0,71,71.0,0.0
E2014,PLEM,BER,163,1,163.0,1.0,164,164.0,0.0
E2015,PLEM,BAM,96,0,96.0,0.0,96,96.0,0.0
E2016,PLEM,BAM,129,0,129.0,0.0,129,129.0,0.0
E2017,PLEM,BAM,148,1,148.0,1.0,149,149.0,0.0
E2018,PLEM,MUN,105,1,105.0,1.0,106,106.0,0.0
E2019,PLEM,MUN,56,0,56.0,0.0,56,56.0,0.0
E2020,PLEM,MUN,96,22,96.0,22.0,118,118.0,0.0
E2021,PLEM,MUN,26,32,26.0,32.0,58,58.0,0.0
E2025,P011686,RED,0,0,0.0,0.0,0,0.0,0.0
E2010,PJDU,IST,2,0,2.0,0.0,2,2.0,0.0
E2011,PJDU,PAR,39,0,39.0,0.0,39,39.0,0.0
E2015,PJDU,PAN,220,0,220.0,0.0,220,220.0,0.0
E2016,PJDU,MIL,173,1,173.0,1.0,174,174.0,0.0
E2022,PJDU,RED,2,0,2.0,0.0,2,2.0,0.0
E2008,PAQE,AVE,13,25,13.0,25.0,38,38.0,0.0
E2025,P014190,BAS,51,40,51.0,40.0,91,91.0,0.0
E2014,P005181,MIL,79,78,79.0,78.0,157,157.0,0.0
E2015,P005181,KSK,41,28,41.0,28.0,69,69.0,0.0
E2008,PKPM,NIO,20,18,20.0,18.0,38,38.0,0.0
E2018,P008850,BAS,0,0,0.0,0.0,0,0.0,0.0
E2020,P008850,BAS,8,2,8.0,2.0,10,10.0,0.0
E2021,P008850,BAS,5,7,5.0,7.0,12,12.0,0.0
E2022,P008850,BAS,14,11,14.0,11.0,25,25.0,0.0
E2023,P008850,BAS,13,18,13.0,18.0,31,31.0,0.0
E2024,P008850,BAS,6,21,6.0,21.0,27,27.0,0.0
E2016,P007395,RED,0,0,0.0,0.0,0,0.0,0.0
E2007,PANB,BAS,124,106,124.0,106.0,230,230.0,0.0
E2008,PANB,BAS,144,107,144.0,107.0,251,251.0,0.0
E2009,PANB,IST,63,56,63.0,56.0,119,119.0,0.0
E2010,PANB,IST,102,62,102.0,62.0,164,164.0,0.0
E2011,PANB,SIE,110,43,110.0,43.0,153,153.0,0.0
E2008,PBGI,PAR,59,0,59.0,0.0,59,59.0,0.0
E2009,PBGI,PAR,0,0,0.0,0.0,0,0.0,0.0
E2010,P002031,SIE,149,0,149.0,0.0,149,149.0,0.0
E2011,P002031,ZAL,92,0,92.0,0.0,92,92.0,0.0
E2014,P004917,CED,23,12,23.0,12.0,35,35.0,0.0
E2011,PCIZ,ZAG,17,39,17.0,39.0,56,56.0,0.0
E2010,PCWH,BAS,32,6,32.0,6.0,38,38.0,0.0
E2012,P002911,BER,8,0,8.0,0.0,8,8.0,0.0
E2014,P002911,TEL,190,25,190.0,25.0,215,215.0,0.0
E2015,P002911,TEL,40,5,40.0,5.0,45,45.0,0.0
E2017,P008038,MAD,30,20,30.0,20.0,50,50.0,0.0
E2015,P007019,ZAL,53,16,53.0,16.0,69,69.0,0.0
E2015,P005757,TIV,213,75,213.0,75.0,288,288.0,0.0
E2016,P005757,MAD,175,79,175.0,79.0,254,254.0,0.0
E2017,P005757,MAD,99,45,99.0,45.0,144,144.0,0.0
E2018,P005757,MAD,150,145,150.0,145.0,295,295.0,0.0
E2019,P005757,MAD,64,106,64.0,106.0,170,170.0,0.0
E2020,P005757,MAD,46,51,46.0,51.0,97,97.0,0.0
E2021,P005757,MAD,19,31,19.0,31.0,50,50.0,0.0
E2022,P005757,MAD,9,5,9.0,5.0,14,14.0,0.0
E2024,P013382,TEL,222,82,222.0,82.0,304,304.0,0.0
E2025,P013382,HTA,21,6,21.0,6.0,27,27.0,0.0
E2012,PBPB,LJU,9,17,9.0,17.0,26,26.0,0.0
E2022,P011631,BER,0,1,0.0,1.0,1,1.0,0.0
E2023,P011631,BER,3,5,3.0,5.0,8,8.0,0.0
E2024,P011631,BER,74,36,74.0,36.0,110,110.0,0.0
E2008,PKGH,PAR,42,68,42.0,68.0,110,110.0,0.0
E2009,PKGH,PAR,46,97,46.0,97.0,143,143.0,0.0
E2012,PKGH,SIE,21,33,21.0,33.0,54,54.0,0.0
E2024,P013378,MAD,33,70,33.0,70.0,103,103.0,0.0
E2025,P013378,MUN,111,129,111.0,129.0,240,240.0,0.0
E2019,P010150,PAN,2,12,2.0,12.0,14,14.0,0.0
E2007,PTFR,ROM,66,67,66.0,67.0,133,133.0,0.0
E2008,PTFR,ROM,30,15,30.0,15.0,45,45.0,0.0
E2018,P009003,TEL,40,24,40.0,24.0,64,64.0,0.0
E2024,P013381,TEL,40,20,40.0,20.0,60,60.0,0.0
E2025,P013381,TEL,36,50,36.0,50.0,86,86.0,0.0
E2020,P010603,RED,46,40,46.0,40.0,86,86.0,0.0
E2013,P003269,RED,0,0,0.0,0.0,0,0.0,0.0
E2014,P003269,RED,0,1,0.0,1.0,1,1.0,0.0
E2015,P003269,RED,13,22,13.0,22.0,35,35.0,0.0
E2016,P003269,RED,4,0,4.0,0.0,4,4.0,0.0
E2014,P004844,BER,178,63,178.0,63.0,241,241.0,0.0
E2015,P004844,DAR,100,37,100.0,37.0,137,137.0,0.0
E2012,P001604,LIE,3,0,3.0,0.0,3,3.0,0.0
E2019,P009946,OLY,42,1,42.0,1.0,43,43.0,0.0
E2014,P005945,BER,97,70,97.0,70.0,167,167.0,0.0
E2015,P005945,MUN,49,25,49.0,25.0,74,74.0,0.0
E2016,P005945,BAR,27,31,27.0,31.0,58,58.0,0.0
E2019,P005945,DYR,69,45,69.0,45.0,114,114.0,0.0
E2007,PJHL,SIE,25,17,25.0,17.0,42,42.0,0.0
E2008,PJHL,SIE,13,11,13.0,11.0,24,24.0,0.0
E2009,PJHL,SIE,13,15,13.0,15.0,28,28.0,0.0
E2010,PJHL,SIE,25,10,25.0,10.0,35,35.0,0.0
E2011,PJHL,SIE,21,38,21.0,38.0,59,59.0,0.0
E2012,PJHL,SIE,49,57,49.0,57.0,106,106.0,0.0
E2013,PJHL,SIE,19,27,19.0,27.0,46,46.0,0.0
E2023,P012738,PAM,73,64,73.0,64.0,137,137.0,0.0
E2025,P012738,PAM,159,123,159.0,123.0,282,282.0,0.0
E2007,PAAX,MAD,156,0,156.0,0.0,156,156.0,0.0
E2008,PAAX,MAD,182,2,182.0,2.0,184,184.0,0.0
E2009,PAAX,MAD,80,1,80.0,1.0,81,81.0,0.0
E2010,PAAX,MAD,137,10,137.0,10.0,147,147.0,0.0
E2011,PAAX,MAD,94,0,94.0,0.0,94,94.0,0.0
E2012,PAAX,MAD,152,17,152.0,17.0,169,169.0,0.0
E2013,PAAX,MAD,163,23,163.0,23.0,186,186.0,0.0
E2014,PAAX,MAD,206,17,206.0,17.0,223,223.0,0.0
E2015,PAAX,MAD,146,29,146.0,29.0,175,175.0,0.0
E2016,PAAX,MAD,97,12,97.0,12.0,109,109.0,0.0
E2017,PAAX,MAD,163,7,163.0,7.0,170,170.0,0.0
E2018,PAAX,MAD,53,1,53.0,1.0,54,54.0,0.0
E2019,PAAX,MAD,16,5,16.0,5.0,21,21.0,0.0
E2020,PAAX,MAD,7,1,7.0,1.0,8,8.0,0.0
E2019,P007942,TEL,50,1,50.0,1.0,51,51.0,0.0
E2020,P007942,MUN,371,8,371.0,8.0,379,379.0,0.0
E2021,P007942,TEL,245,12,245.0,12.0,257,257.0,0.0
E2015,P001257,GSS,18,15,18.0,15.0,33,33.0,0.0
E2008,PJJH,BAR,1,0,1.0,0.0,1,1.0,0.0
E2025,P014178,PRS,115,118,115.0,118.0,233,233.0,0.0
E2008,PJUG,JOV,28,32,28.0,32.0,60,60.0,0.0
E2009,PJUG,BAS,37,50,37.0,50.0,87,87.0,0.0
E2010,PJUG,BAS,20,25,20.0,25.0,45,45.0,0.0
E2011,PJUG,BAS,33,17,33.0,17.0,50,50.0,0.0
E2014,PJUG,PAM,51,41,51.0,41.0,92,92.0,0.0
E2015,PJUG,BAR,64,59,64.0,59.0,123,123.0,0.0
E2016,PJUG,BAR,1,6,1.0,6.0,7,7.0,0.0
E2017,PJUG,BAR,38,90,38.0,90.0,128,128.0,0.0
E2018,PJUG,BAR,44,88,44.0,88.0,132,132.0,0.0
E2019,PJUG,BAR,7,16,7.0,16.0,23,23.0,0.0
E2021,P001518,MIL,38,58,38.0,58.0,96,96.0,0.0
E2022,P001518,MIL,28,34,28.0,34.0,62,62.0,0.0
E2023,P001518,MIL,8,23,8.0,23.0,31,31.0,0.0
E2024,P001518,MIL,23,58,23.0,58.0,81,81.0,0.0
E2025,P001518,MIL,39,95,39.0,95.0,134,134.0,0.0
E2007,PTFJ,LEM,88,15,88.0,15.0,103,103.0,0.0
E2013,P003367,TEL,167,68,167.0,68.0,235,235.0,0.0
E2015,P003367,KHI,150,117,150.0,117.0,267,267.0,0.0
E2016,P003367,BAR,192,172,192.0,172.0,364,364.0,0.0
E2019,P003367,PAN,98,108,98.0,108.0,206,206.0,0.0
E2010,P001865,PAM,44,32,44.0,32.0,76,76.0,0.0
E2012,P000799,SOP,12,0,12.0,0.0,12,12.0,0.0
E2012,P004182,BAM,0,0,0.0,0.0,0,0.0,0.0
E2010,PBMK,CHA,35,0,35.0,0.0,35,35.0,0.0
E2011,PBMK,CHA,37,0,37.0,0.0,37,37.0,0.0
E2021,P010718,ASV,1,1,1.0,1.0,2,2.0,0.0
E2022,P010718,ASV,29,18,29.0,18.0,47,47.0,0.0
E2013,P003273,RED,1,0,1.0,0.0,1,1.0,0.0
E2022,P011214,PAM,136,14,136.0,14.0,150,150.0,0.0
E2023,P011214,TEL,202,7,202.0,7.0,209,209.0,0.0
E2024,P011214,TEL,137,11,137.0,11.0,148,148.0,0.0
E2025,P011214,RED,28,0,28.0,0.0,28,28.0,0.0
E2012,P002429,KHI,101,99,101.0,99.0,200,200.0,0.0
E2014,P002429,MAD,66,73,66.0,73.0,139,139.0,0.0
E2015,P002429,MUN,35,51,35.0,51.0,86,86.0,0.0
E2015,P002429,MAD,46,54,46.0,54.0,100,100.0,0.0
E2016,P002429,PAN,127,169,127.0,169.0,296,296.0,0.0
E2017,P002429,PAN,82,148,82.0,148.0,230,230.0,0.0
E2019,P002429,ZAL,36,97,36.0,97.0,133,133.0,0.0
E2020,P002429,DYR,77,138,77.0,138.0,215,215.0,0.0
E2021,P002429,MUN,22,16,22.0,16.0,38,38.0,0.0
E2007,P000013,PAR,0,0,0.0,0.0,0,0.0,0.0
E2008,P000013,PAR,0,0,0.0,0.0,0,0.0,0.0
E2007,PJYE,LJU,43,0,43.0,0.0,43,43.0,0.0
E2024,P013405,ASV,105,70,105.0,70.0,175,175.0,0.0
E2010,P002091,BAM,55,40,55.0,40.0,95,95.0,0.0
E2011,P002091,BAM,48,38,48.0,38.0,86,86.0,0.0
E2017,P002091,OLY,86,74,86.0,74.0,160,160.0,0.0
E2009,PTFU,PAR,104,69,104.0,69.0,173,173.0,0.0
E2010,PTFU,IST,56,29,56.0,29.0,85,85.0,0.0
E2023,P012740,PAM,41,86,41.0,86.0,127,127.0,0.0
E2010,P000702,CHO,86,27,86.0,27.0,113,113.0,0.0
E2008,P001354,LJU,34,7,34.0,7.0,41,41.0,0.0
E2012,P001354,SOP,27,26,27.0,26.0,53,53.0,0.0
E2025,P014008,PRS,184,198,184.0,198.0,382,382.0,0.0
E2017,P008003,KHI,126,1,141.0,1.0,127,142.0,-15.0
E2019,P008003,KHI,13,0,13.0,0.0,13,13.0,0.0
E2008,PJQS,MIL,54,0,54.0,0.0,54,54.0,0.0
E2009,PJQS,MIL,47,0,47.0,0.0,47,47.0,0.0
E2010,PJQS,MIL,52,1,52.0,1.0,53,53.0,0.0
E2011,PJQS,MIL,49,0,49.0,0.0,49,49.0,0.0
E2012,P002972,BAS,7,4,7.0,4.0,11,11.0,0.0
E2013,P002972,SIE,39,23,39.0,23.0,62,62.0,0.0
E2014,P002972,NOV,158,107,158.0,107.0,265,265.0,0.0
E2015,P002972,TEL,70,47,70.0,47.0,117,117.0,0.0
E2017,P002972,RED,185,123,185.0,123.0,308,308.0,0.0
E2019,P002972,OLY,45,34,45.0,34.0,79,79.0,0.0
E2020,P002972,RED,16,11,16.0,11.0,27,27.0,0.0
E2012,P001720,BAM,0,0,0.0,0.0,0,0.0,0.0
E2007,PAWS,MAL,50,53,50.0,53.0,103,103.0,0.0
E2008,PAWS,MAL,21,17,21.0,17.0,38,38.0,0.0
E2009,PAWS,MAL,28,31,28.0,31.0,59,59.0,0.0
E2010,PAWS,MAL,43,54,43.0,54.0,97,97.0,0.0
E2011,PAWS,MAL,30,44,30.0,44.0,74,74.0,0.0
E2010,PCVM,MAD,72,20,72.0,20.0,92,92.0,0.0
E2011,PCVM,MAD,49,32,49.0,32.0,81,81.0,0.0
E2012,PCVM,MAD,111,95,111.0,95.0,206,206.0,0.0
E2013,PCVM,MAD,150,138,150.0,138.0,288,288.0,0.0
E2014,PCVM,MAD,134,113,134.0,113.0,247,247.0,0.0
E2015,PCVM,MAD,97,127,97.0,127.0,224,224.0,0.0
E2017,PCVM,CSK,138,210,138.0,210.0,348,348.0,0.0
E2018,PCVM,CSK,131,171,131.0,171.0,302,302.0,0.0
E2019,PCVM,MIL,153,155,153.0,155.0,308,308.0,0.0
E2020,PCVM,MIL,105,175,105.0,175.0,280,280.0,0.0
E2021,PCVM,MIL,84,154,84.0,154.0,238,238.0,0.0
E2022,PCVM,MAD,79,87,79.0,87.0,166,166.0,0.0
E2023,PCVM,MAD,59,87,59.0,87.0,146,146.0,0.0
E2012,P002947,CED,0,0,0.0,0.0,0,0.0,0.0
E2023,P011085,BAS,49,73,49.0,73.0,122,122.0,0.0
E2024,P011085,BAS,93,147,93.0,147.0,240,240.0,0.0
E2025,P011085,PAN,68,81,68.0,81.0,149,149.0,0.0
E2017,P004974,TEL,129,76,129.0,76.0,205,205.0,0.0
E2018,P004974,TEL,136,86,136.0,86.0,222,222.0,0.0
E2019,P004974,MIL,84,89,84.0,89.0,173,173.0,0.0
E2020,P004974,MIL,58,69,58.0,69.0,127,127.0,0.0
E2007,P000717,SIE,11,2,11.0,2.0,13,13.0,0.0
E2017,P006737,MAL,0,0,0.0,0.0,0,0.0,0.0
E2007,PTFZ,SOP,32,22,32.0,22.0,54,54.0,0.0
E2012,PTFZ,SOP,1,1,1.0,1.0,2,2.0,0.0
E2011,P003451,LJU,58,2,58.0,2.0,60,60.0,0.0
E2012,P004158,TEL,12,9,12.0,9.0,21,21.0,0.0
E2011,P000498,MAL,81,17,81.0,17.0,98,98.0,0.0
E2023,P012779,OLY,0,0,0.0,0.0,0,0.0,0.0
E2007,PJJV,CIB,48,23,48.0,23.0,71,71.0,0.0
E2008,PJJV,CIB,57,31,57.0,31.0,88,88.0,0.0
E2009,PJJV,CIB,53,22,53.0,22.0,75,75.0,0.0
E2010,PJJV,CIB,0,0,0.0,0.0,0,0.0,0.0
E2009,P001900,MAL,16,3,16.0,3.0,19,19.0,0.0
E2010,P001900,MAL,21,17,21.0,17.0,38,38.0,0.0
E2008,PLFW,JOV,7,3,7.0,3.0,10,10.0,0.0
E2009,PLFW,BAR,55,53,55.0,53.0,108,108.0,0.0
E2010,PLFW,BAR,51,49,51.0,49.0,100,100.0,0.0
E2023,PLFW,BAR,40,22,40.0,22.0,62,62.0,0.0
E2017,P006477,BAM,182,19,182.0,19.0,201,201.0,0.0
E2019,P006477,OLY,78,16,78.0,16.0,94,94.0,0.0
E2020,P006477,ZAL,173,15,173.0,15.0,188,188.0,0.0
E2021,P006477,MUN,228,45,228.0,45.0,273,273.0,0.0
E2022,P006477,MUN,116,20,116.0,20.0,136,136.0,0.0
E2020,P009299,ZAL,0,0,0.0,0.0,0,0.0,0.0
E2025,P009299,ZAL,9,16,9.0,16.0,25,25.0,0.0
E2020,P007645,MUN,0,0,0.0,0.0,0,0.0,0.0
E2016,P006536,TEL,151,88,151.0,88.0,239,239.0,0.0
E2017,P006536,CSK,12,14,12.0,14.0,26,26.0,0.0
E2008,PJZH,LJU,27,19,27.0,19.0,46,46.0,0.0
E2017,PJZH,PAM,13,21,13.0,21.0,34,34.0,0.0
E2023,P011630,BER,0,0,0.0,0.0,0,0.0,0.0
E2012,P003283,LJU,7,6,7.0,6.0,13,13.0,0.0
E2007,PTEZ,ROA,99,89,99.0,89.0,188,188.0,0.0
E2012,PTEZ,CHL,36,52,36.0,52.0,88,88.0,0.0
E2025,P014177,DUB,1,6,1.0,6.0,7,7.0,0.0
E2009,000000,SIE,0,0,0.0,0.0,0,0.0,0.0
E2018,P008856,ZAL,0,0,0.0,0.0,0,0.0,0.0
E2013,P004485,MAL,46,0,46.0,0.0,46,46.0,0.0
E2014,P004380,SAS,3,15,3.0,15.0,18,18.0,0.0
E2015,P004380,SAS,13,15,13.0,15.0,28,28.0,0.0
E2008,PBGO,BAR,18,24,18.0,24.0,42,42.0,0.0
E2009,PBGO,BAR,20,15,20.0,15.0,35,35.0,0.0
E2010,PBGO,BAR,24,22,24.0,22.0,46,46.0,0.0
E2011,PBGO,BAR,43,23,43.0,23.0,66,66.0,0.0
E2012,PBGO,BAR,74,34,74.0,34.0,108,108.0,0.0
E2013,PBGO,BAR,59,15,59.0,15.0,74,74.0,0.0
E2009,P001839,ORL,0,1,0.0,1.0,1,1.0,0.0
E2020,P007679,TEL,3,3,3.0,3.0,6,6.0,0.0
E2015,P005519,ZAL,14,0,14.0,0.0,14,14.0,0.0
E2017,P005519,ZAL,4,0,4.0,0.0,4,4.0,0.0
E2018,P008854,PAN,0,0,0.0,0.0,0,0.0,0.0
E2024,P010545,ASV,185,0,185.0,0.0,185,185.0,0.0
E2025,P010545,PAM,142,0,142.0,0.0,142,142.0,0.0
E2008,PJAB,PAN,6,19,6.0,19.0,25,25.0,0.0
E2007,PANY,ZAL,26,20,26.0,20.0,46,46.0,0.0
E2008,PANY,ZAL,51,46,51.0,46.0,97,97.0,0.0
E2009,PANY,ZAL,83,56,83.0,56.0,139,139.0,0.0
E2010,PANY,ZAL,32,15,32.0,15.0,47,47.0,0.0
E2011,PANY,ZAL,18,16,18.0,16.0,34,34.0,0.0
E2013,PANY,NIK,25,18,25.0,18.0,43,43.0,0.0
E2013,P003712,PAR,5,1,5.0,1.0,6,6.0,0.0
E2010,P002820,LJU,5,12,5.0,12.0,17,17.0,0.0
E2011,P002820,LJU,20,36,20.0,36.0,56,56.0,0.0
E2012,P002820,LJU,14,40,14.0,40.0,54,54.0,0.0
E2017,P002820,MAL,46,105,46.0,105.0,151,151.0,0.0
E2007,PTEU,ROA,149,83,149.0,83.0,232,232.0,0.0
E2024,P007579,BAS,81,30,81.0,30.0,111,111.0,0.0
E2025,P007579,BAS,15,8,15.0,8.0,23,23.0,0.0
E2012,PAZW,LIE,46,0,46.0,0.0,46,46.0,0.0
E2023,P007550,BER,35,15,35.0,15.0,50,50.0,0.0
E2024,P007550,BER,30,15,30.0,15.0,45,45.0,0.0
E2009,P001998,MAD,0,0,0.0,0.0,0,0.0,0.0
E2008,PLEZ,BAR,3,1,3.0,1.0,4,4.0,0.0
E2011,PLEZ,BIL,0,0,0.0,0.0,0,0.0,0.0
E2010,P002825,ZAL,1,0,1.0,0.0,1,1.0,0.0
E2008,PLNY,NAN,54,7,54.0,7.0,61,61.0,0.0
E2009,PLNY,ASV,25,1,25.0,1.0,26,26.0,0.0
E2011,PLNY,NAN,52,8,52.0,8.0,60,60.0,0.0
E2022,P011442,PAN,3,0,3.0,0.0,3,3.0,0.0
E2023,P011442,PAN,1,1,1.0,1.0,2,2.0,0.0
E2024,P011442,PAN,1,3,1.0,3.0,4,4.0,0.0
E2025,P011442,PAN,11,12,11.0,12.0,23,23.0,0.0
E2011,PKVK,UNK,25,39,25.0,39.0,64,64.0,0.0
E2013,P005269,MIL,170,9,170.0,9.0,179,179.0,0.0
E2014,P005269,MIL,169,30,169.0,30.0,199,199.0,0.0
E2015,P005269,BAR,102,5,102.0,5.0,107,107.0,0.0
E2019,P008177,ULK,1,1,1.0,1.0,2,2.0,0.0
E2009,P001937,ASV,0,0,0.0,0.0,0,0.0,0.0
E2007,PAZU,BAR,46,60,46.0,60.0,106,106.0,0.0
E2008,PAZU,MAD,10,10,10.0,10.0,20,20.0,0.0
E2007,PLTZ,MAL,11,18,11.0,18.0,29,29.0,0.0
E2013,P005001,BAM,42,20,42.0,20.0,62,62.0,0.0
E2014,P005001,SAS,53,43,53.0,43.0,96,96.0,0.0
E2016,P005001,MIL,147,96,147.0,96.0,243,243.0,0.0
E2017,P005001,BAR,78,48,78.0,48.0,126,126.0,0.0
E2008,P000518,BAS,41,21,41.0,21.0,62,62.0,0.0
E2009,P000518,BAS,85,68,85.0,68.0,153,153.0,0.0
E2010,P000518,BAS,107,60,107.0,60.0,167,167.0,0.0
E2011,P000518,BAS,54,35,54.0,35.0,89,89.0,0.0
E2012,P000518,BAS,129,80,129.0,80.0,209,209.0,0.0
E2013,P000518,BAS,74,69,74.0,69.0,143,143.0,0.0
E2014,P000518,BAS,111,91,111.0,91.0,202,202.0,0.0
E2017,P000518,PAM,79,72,79.0,72.0,151,151.0,0.0
E2019,P000518,PAM,59,62,59.0,62.0,121,121.0,0.0
E2020,P000518,PAM,52,47,52.0,47.0,99,99.0,0.0
E2008,PJJN,MIL,26,25,26.0,25.0,51,51.0,0.0
E2012,P004164,SIE,90,26,90.0,26.0,116,116.0,0.0
E2014,P004164,UNK,15,5,15.0,5.0,20,20.0,0.0
E2012,P003097,ULK,0,0,0.0,0.0,0,0.0,0.0
E2011,P002968,GAL,5,0,5.0,0.0,5,5.0,0.0
E2018,P002968,IST,8,1,8.0,1.0,9,9.0,0.0
E2019,P002968,IST,84,7,84.0,7.0,91,91.0,0.0
E2020,P002968,IST,127,43,127.0,43.0,170,170.0,0.0
E2021,P002968,BAR,111,56,111.0,56.0,167,167.0,0.0
E2022,P002968,BAR,106,83,106.0,83.0,189,189.0,0.0
E2023,P002968,ULK,81,57,81.0,57.0,138,138.0,0.0
E2024,P002968,ULK,68,61,68.0,61.0,129,129.0,0.0
E2025,P002968,DUB,6,3,6.0,3.0,9,9.0,0.0
E2008,P001197,MAD,0,0,0.0,0.0,0,0.0,0.0
E2007,PKML,MAL,84,0,84.0,0.0,84,84.0,0.0
E2008,PKML,BAR,104,1,104.0,1.0,105,105.0,0.0
E2009,PKML,IST,41,2,41.0,2.0,43,43.0,0.0
E2010,PKML,CHA,42,0,42.0,0.0,42,42.0,0.0
E2025,P013289,TEL,92,60,92.0,60.0,152,152.0,0.0
E2014,P010657,MAL,0,0,0.0,0.0,0,0.0,0.0
E2019,P007869,CSK,34,23,34.0,23.0,57,57.0,0.0
E2020,P007869,PAN,80,112,80.0,112.0,192,192.0,0.0
E2021,P007869,PAN,109,83,109.0,83.0,192,192.0,0.0
E2011,P002392,MAD,2,3,2.0,3.0,5,5.0,0.0
E2008,P000919,LJU,17,19,17.0,19.0,36,36.0,0.0
E2014,P002013,KLA,2,1,2.0,1.0,3,3.0,0.0
E2020,P010327,RED,0,0,0.0,0.0,0,0.0,0.0
E2021,P010182,ZAL,0,0,0.0,0.0,0,0.0,0.0
E2011,P003112,ZAG,9,6,9.0,6.0,15,15.0,0.0
E2014,P003112,IST,148,62,148.0,62.0,210,210.0,0.0
E2015,P003112,IST,134,72,134.0,72.0,206,206.0,0.0
E2023,P011666,BAR,1,2,1.0,2.0,3,3.0,0.0
E2024,P011666,BAR,11,8,11.0,8.0,19,19.0,0.0
E2017,P002936,PAM,38,39,38.0,39.0,77,77.0,0.0
E2019,P002936,PAM,17,18,17.0,18.0,35,35.0,0.0
E2020,P002936,PAM,33,39,33.0,39.0,72,72.0,0.0
E2014,P002939,BAR,88,46,88.0,46.0,134,134.0,0.0
E2015,P002939,BAR,127,71,127.0,71.0,198,198.0,0.0
E2022,P002939,BAR,134,76,134.0,76.0,210,210.0,0.0
E2023,P002939,BAR,114,101,114.0,101.0,215,215.0,0.0
E2024,P002939,BAR,130,72,130.0,72.0,202,202.0,0.0
E2025,P002939,BAR,89,94,89.0,94.0,183,183.0,0.0
E2007,PLMO,SIE,136,72,136.0,72.0,208,208.0,0.0
E2008,PLMO,SIE,95,50,95.0,50.0,145,145.0,0.0
E2009,PLMO,SIE,95,48,95.0,48.0,143,143.0,0.0
E2010,PLMO,PAN,96,49,96.0,49.0,145,145.0,0.0
E2011,PLMO,PAN,85,49,85.0,49.0,134,134.0,0.0
E2012,PLMO,ULK,103,44,103.0,44.0,147,147.0,0.0
E2014,PLMO,PAM,34,24,34.0,24.0,58,58.0,0.0
E2010,PKOD,PAM,127,74,127.0,74.0,201,201.0,0.0
E2011,PKOD,IST,74,58,74.0,58.0,132,132.0,0.0
E2012,PKOD,IST,156,75,156.0,75.0,231,231.0,0.0
E2013,PKOD,IST,150,64,150.0,64.0,214,214.0,0.0
E2014,PKOD,MUN,63,39,63.0,39.0,102,102.0,0.0
E2015,PKOD,MUN,55,40,55.0,40.0,95,95.0,0.0
E2007,PJPF,ULK,88,16,88.0,16.0,104,104.0,0.0
E2008,PJPF,ULK,84,17,84.0,17.0,101,101.0,0.0
E2009,PJPF,ULK,45,5,45.0,5.0,50,50.0,0.0
E2010,PJPF,ULK,76,2,76.0,2.0,78,78.0,0.0
E2011,PJPF,ULK,81,0,81.0,0.0,81,81.0,0.0
E2012,PJPF,ULK,89,3,89.0,3.0,92,92.0,0.0
E2013,PJPF,ULK,13,0,13.0,0.0,13,13.0,0.0
E2014,PJPF,ULK,91,0,91.0,0.0,91,91.0,0.0
E2015,PJPF,DAR,6,0,6.0,0.0,6,6.0,0.0
E2016,PJPF,DAR,15,0,15.0,0.0,15,15.0,0.0
E2018,PJPF,DAR,121,0,121.0,0.0,121,121.0,0.0
E2014,P004946,NOV,11,4,11.0,4.0,15,15.0,0.0
E2024,P010784,BAS,3,8,3.0,8.0,11,11.0,0.0
E2011,PJMR,GAL,11,7,11.0,7.0,18,18.0,0.0
E2013,PJMR,MUN,69,30,69.0,30.0,99,99.0,0.0
E2007,PALR,CSK,21,0,21.0,0.0,21,21.0,0.0
E2008,PALR,CSK,26,0,26.0,0.0,26,26.0,0.0
E2010,PALR,KHI,22,0,22.0,0.0,22,22.0,0.0
E2011,PALR,UNK,55,0,55.0,0.0,55,55.0,0.0
E2017,P006693,IST,3,2,3.0,2.0,5,5.0,0.0
E2018,P006693,IST,0,0,0.0,0.0,0,0.0,0.0
E2019,P006693,IST,1,0,1.0,0.0,1,1.0,0.0
E2020,P006693,IST,2,1,2.0,1.0,3,3.0,0.0
E2021,P006693,IST,0,0,0.0,0.0,0,0.0,0.0
E2009,P000540,OLD,57,11,57.0,11.0,68,68.0,0.0
E2011,P000540,CTU,21,3,21.0,3.0,24,24.0,0.0
E2012,P000540,CTU,8,0,8.0,0.0,8,8.0,0.0
E2012,PBGQ,BER,36,82,36.0,82.0,118,118.0,0.0
E2013,PBGQ,MUN,34,79,34.0,79.0,113,113.0,0.0
E2014,PBGQ,MUN,16,39,16.0,39.0,55,55.0,0.0
E2015,PBGQ,LMG,17,51,17.0,51.0,68,68.0,0.0
E2007,PTET,BAM,0,0,0.0,0.0,0,0.0,0.0
E2012,P000357,CHL,74,44,74.0,44.0,118,118.0,0.0
E2013,P000357,RED,64,29,64.0,29.0,93,93.0,0.0
E2016,P000357,GAL,138,71,138.0,71.0,209,209.0,0.0
E2021,P008823,MUN,13,0,13.0,0.0,13,13.0,0.0
E2011,P001468,BAM,0,0,0.0,0.0,0,0.0,0.0
E2012,P001468,BAM,10,7,10.0,7.0,17,17.0,0.0
E2013,P001468,BAM,2,1,2.0,1.0,3,3.0,0.0
E2019,P006251,BER,13,38,13.0,38.0,51,51.0,0.0
E2020,P006251,BER,47,44,47.0,44.0,91,91.0,0.0
E2021,P006251,BER,27,41,27.0,41.0,68,68.0,0.0
E2022,P006251,BER,26,37,26.0,37.0,63,63.0,0.0
E2023,P006251,BER,60,81,60.0,81.0,141,141.0,0.0
E2024,P006251,BER,73,89,73.0,89.0,162,162.0,0.0
E2024,P013372,ASV,8,22,8.0,22.0,30,30.0,0.0
E2008,PJXX,OLY,36,1,36.0,1.0,37,37.0,0.0
E2009,PJXX,OLY,83,0,83.0,0.0,83,83.0,0.0
E2010,PJXX,TEL,172,0,172.0,0.0,172,172.0,0.0
E2011,PJXX,TEL,116,0,116.0,0.0,116,116.0,0.0
E2012,PJXX,PAN,125,0,125.0,0.0,125,125.0,0.0
E2013,PJXX,TEL,181,0,181.0,0.0,181,181.0,0.0
E2014,PJXX,TEL,123,0,123.0,0.0,123,123.0,0.0
E2015,PJXX,RED,8,0,8.0,0.0,8,8.0,0.0
E2021,P011234,BER,0,0,0.0,0.0,0,0.0,0.0
E2022,P011234,BER,1,1,1.0,1.0,2,2.0,0.0
E2012,PAQX,BER,18,18,18.0,18.0,36,36.0,0.0
E2011,P003424,TEL,1,4,1.0,4.0,5,5.0,0.0
E2009,PKFH,ORL,4,13,4.0,13.0,17,17.0,0.0
E2019,PAJG,MIL,148,68,148.0,68.0,216,216.0,0.0
E2023,P012729,ASV,132,108,132.0,108.0,240,240.0,0.0
E2016,P007230,BAS,9,1,9.0,1.0,10,10.0,0.0
E2018,P007230,BAS,3,0,3.0,0.0,3,3.0,0.0
E2020,P007230,BAS,53,30,53.0,30.0,83,83.0,0.0
E2021,P007230,BAS,55,48,55.0,48.0,103,103.0,0.0
E2022,P007230,BAS,54,28,54.0,28.0,82,82.0,0.0
E2023,P007230,BAS,142,54,142.0,54.0,196,196.0,0.0
E2024,P007230,BAS,81,45,81.0,45.0,126,126.0,0.0
E2025,P007230,BAS,37,46,37.0,46.0,83,83.0,0.0
E2016,P004862,TEL,75,62,75.0,62.0,137,137.0,0.0
E2020,P004862,MUN,76,66,76.0,66.0,142,142.0,0.0
E2022,P004862,MUN,38,29,38.0,29.0,67,67.0,0.0
E2011,PBIX,ULK,37,14,37.0,14.0,51,51.0,0.0
E2012,P004161,TEL,1,1,1.0,1.0,2,2.0,0.0
E2015,P004161,TEL,1,0,1.0,0.0,1,1.0,0.0
E2016,P004161,TEL,11,0,11.0,0.0,11,11.0,0.0
E2017,P004161,TEL,17,1,17.0,1.0,18,18.0,0.0
E2025,P004161,HTA,1,0,1.0,0.0,1,1.0,0.0
E2018,P000532,BUD,10,3,10.0,3.0,13,13.0,0.0
E2018,P000202,BUD,4,55,4.0,55.0,59,59.0,0.0
E2007,PKNO,OLY,0,1,0.0,1.0,1,1.0,0.0
E2012,PKNO,LIE,81,28,81.0,28.0,109,109.0,0.0
E2013,PKNO,LIE,68,26,68.0,26.0,94,94.0,0.0
E2015,PKNO,ZAL,93,47,93.0,47.0,140,140.0,0.0
E2016,PKNO,ZAL,49,24,49.0,24.0,73,73.0,0.0
E2015,P001171,MUN,0,0,0.0,0.0,0,0.0,0.0
E2014,P005756,BER,2,0,2.0,0.0,2,2.0,0.0
E2007,PAFB,MAD,56,2,56.0,2.0,58,58.0,0.0
E2008,PAFB,BER,20,0,20.0,0.0,20,20.0,0.0
E2013,PAFB,ULK,8,0,8.0,0.0,8,8.0,0.0
E2025,P014088,ASV,53,169,53.0,169.0,222,222.0,0.0
E2016,P005681,BAR,0,0,0.0,0.0,0,0.0,0.0
E2015,PBTO,KSK,5,4,5.0,4.0,9,9.0,0.0
E2011,P001948,BAS,49,0,49.0,0.0,49,49.0,0.0
E2017,P001948,BAR,125,1,125.0,1.0,126,126.0,0.0
E2018,P001948,BAR,152,0,152.0,0.0,152,152.0,0.0
E2007,PBAO,ARI,8,20,8.0,20.0,28,28.0,0.0
E2009,P001901,MAL,0,0,0.0,0.0,0,0.0,0.0
E2007,PLGS,MIL,79,57,79.0,57.0,136,136.0,0.0
E2008,PLGS,BER,69,51,69.0,51.0,120,120.0,0.0
E2013,P002807,LIE,0,0,0.0,0.0,0,0.0,0.0
E2018,P009030,TEL,14,6,14.0,6.0,20,20.0,0.0
E2023,P011980,ULK,34,65,34.0,65.0,99,99.0,0.0
E2025,P011980,MIL,11,19,11.0,19.0,30,30.0,0.0
E2025,P011980,PAM,3,10,3.0,10.0,13,13.0,0.0
E2009,P001885,SOP,1,6,1.0,6.0,7,7.0,0.0
E2011,P001885,SOP,7,38,7.0,38.0,45,45.0,0.0
E2024,P012612,PRS,5,0,5.0,0.0,5,5.0,0.0
E2025,P012612,PRS,13,0,13.0,0.0,13,13.0,0.0
E2007,P000668,SOP,42,13,42.0,13.0,55,55.0,0.0
E2008,P000668,BAS,28,12,28.0,12.0,40,40.0,0.0
E2014,P000668,KLA,70,21,70.0,21.0,91,91.0,0.0
E2013,P005165,PAN,0,0,0.0,0.0,0,0.0,0.0
E2020,P010653,KHI,12,0,12.0,0.0,12,12.0,0.0
E2007,PAOU,TEL,31,52,31.0,52.0,83,83.0,0.0
E2008,PAOU,TEL,4,16,4.0,16.0,20,20.0,0.0
E2009,PAOU,TEL,0,6,0.0,6.0,6,6.0,0.0
E2010,PAOU,TEL,4,3,4.0,3.0,7,7.0,0.0
E2020,P010771,CSK,0,0,0.0,0.0,0,0.0,0.0
E2007,PCUG,MIL,29,0,29.0,0.0,29,29.0,0.0
E2021,P011202,ULK,43,23,43.0,23.0,66,66.0,0.0
E2024,P011202,TEL,44,57,44.0,57.0,101,101.0,0.0
E2015,PKLN,KHI,1,1,1.0,1.0,2,2.0,0.0
E2011,P001133,CHA,48,14,48.0,14.0,62,62.0,0.0
E2014,P001133,BAS,148,35,148.0,35.0,183,183.0,0.0
E2015,P001133,BAS,41,14,41.0,14.0,55,55.0,0.0
E2016,P001133,BAS,154,24,154.0,24.0,178,178.0,0.0
E2017,P001133,BAS,251,46,251.0,46.0,297,297.0,0.0
E2018,P001133,BAS,135,28,135.0,28.0,163,163.0,0.0
E2019,P001133,BAS,232,87,232.0,87.0,319,319.0,0.0
E2020,P001133,CSK,240,92,240.0,92.0,332,332.0,0.0
E2021,P001133,CSK,111,41,111.0,41.0,152,152.0,0.0
E2022,P001133,VIR,129,26,129.0,26.0,155,155.0,0.0
E2023,P001133,VIR,248,98,248.0,98.0,346,346.0,0.0
E2024,P001133,VIR,240,69,240.0,69.0,309,309.0,0.0
E2025,P001133,BAR,220,63,220.0,63.0,283,283.0,0.0
E2008,P001386,PAN,3,1,3.0,1.0,4,4.0,0.0
E2009,P001386,PAN,26,1,26.0,1.0,27,27.0,0.0
E2010,P001386,LJU,56,4,56.0,4.0,60,60.0,0.0
E2011,P001386,CTU,94,0,94.0,0.0,94,94.0,0.0
E2012,P001386,OLY,44,0,44.0,0.0,44,44.0,0.0
E2012,P001386,TEL,25,0,25.0,0.0,25,25.0,0.0
E2013,P001386,OLY,24,0,24.0,0.0,24,24.0,0.0
E2017,P001386,MAL,100,1,100.0,1.0,101,101.0,0.0
E2019,P006713,DYR,0,0,0.0,0.0,0,0.0,0.0
E2018,P007831,BAS,170,73,170.0,73.0,243,243.0,0.0
E2019,P007831,BAS,129,81,129.0,81.0,210,210.0,0.0
E2020,P007831,MIL,227,125,227.0,125.0,352,352.0,0.0
E2021,P007831,MIL,165,98,165.0,98.0,263,263.0,0.0
E2022,P007831,MIL,38,29,38.0,29.0,67,67.0,0.0
E2023,P007831,MIL,144,190,144.0,190.0,334,334.0,0.0
E2024,P007831,MIL,141,102,141.0,102.0,243,243.0,0.0
E2025,P007831,MIL,158,179,158.0,179.0,337,337.0,0.0
E2011,P002973,GAL,75,35,75.0,35.0,110,110.0,0.0
E2012,P002973,IST,82,57,82.0,57.0,139,139.0,0.0
E2008,PBUA,MAL,10,3,10.0,3.0,13,13.0,0.0
E2024,P012608,PRS,444,83,444.0,83.0,527,527.0,0.0
E2025,P012608,PAN,249,48,249.0,48.0,297,297.0,0.0
E2013,PLKZ,CSK,1,0,1.0,0.0,1,1.0,0.0
E2015,PLKZ,TIV,0,0,0.0,0.0,0,0.0,0.0
E2011,P003437,NAN,63,23,63.0,23.0,86,86.0,0.0
E2008,PKNH,IST,28,10,28.0,10.0,38,38.0,0.0
E2009,PKNH,IST,44,42,44.0,42.0,86,86.0,0.0
E2011,PKNH,GAL,56,57,56.0,57.0,113,113.0,0.0
E2007,PKVZ,CSK,5,8,5.0,8.0,13,13.0,0.0
E2008,PKVZ,CSK,0,1,0.0,1.0,1,1.0,0.0
E2009,PKVZ,CSK,1,0,1.0,0.0,1,1.0,0.0
E2010,PKVZ,CSK,11,9,11.0,9.0,20,20.0,0.0
E2011,PKVZ,CSK,91,67,91.0,67.0,158,158.0,0.0
E2015,PKVZ,KHI,144,164,144.0,164.0,308,308.0,0.0
E2017,PKVZ,KHI,263,324,263.0,324.0,587,587.0,0.0
E2018,PKVZ,KHI,82,139,82.0,139.0,221,221.0,0.0
E2019,PKVZ,KHI,186,252,186.0,252.0,438,438.0,0.0
E2020,PKVZ,KHI,165,216,165.0,216.0,381,381.0,0.0
E2021,PKVZ,CSK,108,126,108.0,126.0,234,234.0,0.0
E2019,P006589,BER,137,67,137.0,67.0,204,204.0,0.0
E2020,P006589,BER,139,57,139.0,57.0,196,196.0,0.0
E2021,P006589,BER,162,56,162.0,56.0,218,218.0,0.0
E2022,P006589,BER,152,49,152.0,49.0,201,201.0,0.0
E2023,P006589,OLY,40,7,40.0,7.0,47,47.0,0.0
E2008,P001211,SOP,2,1,2.0,1.0,3,3.0,0.0
E2011,P001211,SOP,1,0,1.0,0.0,1,1.0,0.0
E2010,P002007,LIE,1,2,1.0,2.0,3,3.0,0.0
E2025,P014220,ULK,44,0,44.0,0.0,44,44.0,0.0
E2015,P005618,RED,3,7,3.0,7.0,10,10.0,0.0
E2016,P005618,RED,3,2,3.0,2.0,5,5.0,0.0
E2019,P005618,RED,24,31,24.0,31.0,55,55.0,0.0
E2020,P005618,RED,0,2,0.0,2.0,2,2.0,0.0
E2025,P005596,PAM,12,3,12.0,3.0,15,15.0,0.0
E2010,P001129,PAM,13,2,13.0,2.0,15,15.0,0.0
E2013,P005163,OLY,57,1,57.0,1.0,58,58.0,0.0
E2014,P005163,OLY,0,0,0.0,0.0,0,0.0,0.0
E2008,PLOL,TEL,21,17,21.0,17.0,38,38.0,0.0
E2025,P014152,BAS,145,101,145.0,101.0,246,246.0,0.0
E2011,PCPR,ZAG,68,44,68.0,44.0,112,112.0,0.0
E2012,PCPR,MAL,74,100,74.0,100.0,174,174.0,0.0
E2013,PCPR,TIV,90,97,90.0,97.0,187,187.0,0.0
E2015,PCPR,MIL,45,59,45.0,59.0,104,104.0,0.0
E2016,PCPR,MIL,94,81,94.0,81.0,175,175.0,0.0
E2017,PCPR,IST,104,112,104.0,112.0,216,216.0,0.0
E2018,PCPR,IST,101,134,101.0,134.0,235,235.0,0.0
E2019,PCPR,IST,108,84,108.0,84.0,192,192.0,0.0
E2020,PCPR,IST,149,129,149.0,129.0,278,278.0,0.0
E2021,PCPR,IST,95,73,95.0,73.0,168,168.0,0.0
E2013,PLRU,RED,11,32,11.0,32.0,43,43.0,0.0
E2015,PLRU,RED,44,107,44.0,107.0,151,151.0,0.0
E2016,PLRU,RED,133,146,133.0,146.0,279,279.0,0.0
E2020,PLRU,RED,35,59,35.0,59.0,94,94.0,0.0
E2021,PLRU,RED,7,21,7.0,21.0,28,28.0,0.0
E2023,P012711,RED,20,11,20.0,11.0,31,31.0,0.0
E2016,P007765,TEL,41,0,41.0,0.0,41,41.0,0.0
E2009,P002455,CSK,3,0,3.0,0.0,3,3.0,0.0
E2009,PCRM,MAL,4,0,4.0,0.0,4,4.0,0.0
E2010,PCRM,MAL,32,0,32.0,0.0,32,32.0,0.0
E2011,PCRM,MAL,32,1,32.0,1.0,33,33.0,0.0
E2011,P003822,MAD,41,13,41.0,13.0,54,54.0,0.0
E2009,P002079,BAS,41,14,41.0,14.0,55,55.0,0.0
E2015,P006614,TIV,150,79,150.0,79.0,229,229.0,0.0
E2016,P006614,PAN,146,110,146.0,110.0,256,256.0,0.0
E2017,P006614,PAN,104,128,104.0,128.0,232,232.0,0.0
E2018,P006614,BAR,127,119,127.0,119.0,246,246.0,0.0
E2019,P006614,IST,76,82,76.0,82.0,158,158.0,0.0
E2020,P006614,IST,76,96,76.0,96.0,172,172.0,0.0
E2021,P006614,IST,68,66,68.0,66.0,134,134.0,0.0
E2022,P006614,IST,12,16,12.0,16.0,28,28.0,0.0
E2007,PTGD,BAS,14,7,14.0,7.0,21,21.0,0.0
E2009,P001271,LIE,0,17,0.0,17.0,17,17.0,0.0
E2014,P001271,KLA,10,35,10.0,35.0,45,45.0,0.0
E2009,P001930,PAR,5,1,5.0,1.0,6,6.0,0.0
E2013,P005275,ULK,18,11,18.0,11.0,29,29.0,0.0
E2014,P005275,ULK,18,26,18.0,26.0,44,44.0,0.0
E2015,P005275,KSK,33,20,33.0,20.0,53,53.0,0.0
E2020,P005275,ULK,9,6,9.0,6.0,15,15.0,0.0
E2011,P003522,IST,2,1,2.0,1.0,3,3.0,0.0
E2012,P003522,IST,0,0,0.0,0.0,0,0.0,0.0
E2008,P000924,LJU,0,0,0.0,0.0,0,0.0,0.0
E2024,P007029,ZAL,66,147,66.0,147.0,213,213.0,0.0
E2025,P007029,ZAL,34,74,34.0,74.0,108,108.0,0.0
E2007,PJMM,CSK,107,95,107.0,95.0,202,202.0,0.0
E2008,PJMM,CSK,82,66,82.0,66.0,148,148.0,0.0
E2009,PJMM,CSK,87,80,87.0,80.0,167,167.0,0.0
E2010,PJMM,CSK,22,23,22.0,23.0,45,45.0,0.0
E2011,PJMM,CSK,66,61,66.0,61.0,127,127.0,0.0
E2019,P004571,MUN,13,10,13.0,10.0,23,23.0,0.0
E2020,P004571,MUN,74,51,74.0,51.0,125,125.0,0.0
E2021,P004571,MUN,75,36,75.0,36.0,111,111.0,0.0
E2022,P004571,MUN,1,0,1.0,0.0,1,1.0,0.0
E2024,P012263,ASV,1,2,1.0,2.0,3,3.0,0.0
E2019,P007125,BER,53,73,53.0,73.0,126,126.0,0.0
E2020,P007125,BER,79,129,79.0,129.0,208,208.0,0.0
E2007,PLJT,ARI,0,0,0.0,0.0,0,0.0,0.0
E2012,PLJT,PAN,7,0,7.0,0.0,7,7.0,0.0
E2007,PLVJ,TEL,0,0,0.0,0.0,0,0.0,0.0
E2007,PACY,SOP,55,59,55.0,59.0,114,114.0,0.0
E2014,P003637,PAN,97,109,97.0,109.0,206,206.0,0.0
E2011,P000659,BAM,78,0,78.0,0.0,78,78.0,0.0
E2012,P000659,MAD,97,0,97.0,0.0,97,97.0,0.0
E2013,P000659,MAD,59,2,59.0,2.0,61,61.0,0.0
E2014,P000659,MAD,50,0,50.0,0.0,50,50.0,0.0
E2015,P000659,DAR,57,0,57.0,0.0,57,57.0,0.0
E2016,P000659,DAR,26,0,26.0,0.0,26,26.0,0.0
E2008,PKQI,AVE,68,38,68.0,38.0,106,106.0,0.0
E2025,P011927,ZAL,102,120,102.0,120.0,222,222.0,0.0
E2007,PBUX,LIE,2,13,2.0,13.0,15,15.0,0.0
E2009,PBWY,LJU,32,20,32.0,20.0,52,52.0,0.0
E2009,PBWY,SIE,2,0,2.0,0.0,2,2.0,0.0
E2009,P001926,OLY,0,1,0.0,1.0,1,1.0,0.0
E2011,P001926,OLY,32,18,32.0,18.0,50,50.0,0.0
E2012,P001926,OLY,53,51,53.0,51.0,104,104.0,0.0
E2013,P001926,OLY,75,69,75.0,69.0,144,144.0,0.0
E2014,P001926,OLY,100,52,100.0,52.0,152,152.0,0.0
E2015,P001926,ULK,69,29,69.0,29.0,98,98.0,0.0
E2016,P001926,ULK,130,70,130.0,70.0,200,200.0,0.0
E2017,P001926,ULK,158,113,158.0,113.0,271,271.0,0.0
E2018,P001926,ULK,138,107,138.0,107.0,245,245.0,0.0
E2019,P001926,ULK,112,83,112.0,83.0,195,195.0,0.0
E2020,P001926,OLY,145,141,145.0,141.0,286,286.0,0.0
E2021,P001926,OLY,168,146,168.0,146.0,314,314.0,0.0
E2022,P001926,OLY,149,117,149.0,117.0,266,266.0,0.0
E2023,P001926,PAN,132,142,132.0,142.0,274,274.0,0.0
E2024,P001926,PAN,97,142,97.0,142.0,239,239.0,0.0
E2025,P001926,PAN,138,128,138.0,128.0,266,266.0,0.0
E2022,P011051,PAR,65,43,65.0,43.0,108,108.0,0.0
E2023,P011051,PAR,81,26,81.0,26.0,107,107.0,0.0
E2024,P011051,ZAL,99,63,99.0,63.0,162,162.0,0.0
E2025,P011051,VIR,88,83,88.0,83.0,171,171.0,0.0
E2010,PLVC,CIB,0,2,0.0,2.0,2,2.0,0.0
E2023,P012801,RED,39,46,39.0,46.0,85,85.0,0.0
E2007,PCTN,MAD,78,97,78.0,97.0,175,175.0,0.0
E2008,PCTN,IST,39,63,39.0,63.0,102,102.0,0.0
E2009,PCTN,IST,68,92,68.0,92.0,160,160.0,0.0
E2010,PCTN,ROM,32,65,32.0,65.0,97,97.0,0.0
E2008,P001274,ULK,60,47,60.0,47.0,107,107.0,0.0
E2011,P001274,TEL,86,70,86.0,70.0,156,156.0,0.0
E2012,P001274,TEL,136,114,136.0,114.0,250,250.0,0.0
E2013,P001274,TEL,114,95,114.0,95.0,209,209.0,0.0
E2014,P001274,TEL,135,149,135.0,149.0,284,284.0,0.0
E2015,P001274,TEL,50,46,50.0,46.0,96,96.0,0.0
E2016,P001274,TEL,132,108,132.0,108.0,240,240.0,0.0
E2008,P001355,LJU,0,0,0.0,0.0,0,0.0,0.0
E2021,P011192,BER,131,145,131.0,145.0,276,276.0,0.0
E2022,P011192,BER,102,187,102.0,187.0,289,289.0,0.0
E2023,P011192,PAR,18,18,18.0,18.0,36,36.0,0.0
E2023,P011192,VIR,21,29,21.0,29.0,50,50.0,0.0
E2013,P005002,BAM,49,52,49.0,52.0,101,101.0,0.0
E2014,P005002,LMG,42,59,42.0,59.0,101,101.0,0.0
E2015,P005002,MAL,66,57,66.0,57.0,123,123.0,0.0
E2012,P004118,CTU,18,9,18.0,9.0,27,27.0,0.0
E2024,P013666,MAD,6,4,6.0,4.0,10,10.0,0.0
E2014,P004918,GAL,8,1,8.0,1.0,9,9.0,0.0
E2016,P007356,GAL,33,12,33.0,12.0,45,45.0,0.0
E2011,P002901,PAN,66,46,66.0,46.0,112,112.0,0.0
E2018,P007109,BAR,27,27,27.0,27.0,54,54.0,0.0
E2019,P007109,BAR,24,19,24.0,19.0,43,43.0,0.0
E2020,P007109,BAR,102,48,102.0,48.0,150,150.0,0.0
E2021,P007109,BAR,79,51,79.0,51.0,130,130.0,0.0
E2022,P007109,ZAL,151,120,151.0,120.0,271,271.0,0.0
E2023,P007109,ZAL,132,112,132.0,112.0,244,244.0,0.0
E2024,P007109,IST,93,83,93.0,83.0,176,176.0,0.0
E2025,P007109,IST,103,73,103.0,73.0,176,176.0,0.0
E2007,PALC,CSK,59,34,59.0,34.0,93,93.0,0.0
E2008,PALC,CSK,85,44,85.0,44.0,129,129.0,0.0
E2009,PALC,CSK,1,2,1.0,2.0,3,3.0,0.0
E2010,PALC,CSK,37,23,37.0,23.0,60,60.0,0.0
E2009,PKLP,KHI,0,0,0.0,0.0,0,0.0,0.0
E2012,P004176,SOP,0,0,0.0,0.0,0,0.0,0.0
E2009,PLTF,CSK,23,0,23.0,0.0,23,23.0,0.0
E2010,PLTF,CSK,43,1,43.0,1.0,44,44.0,0.0
E2011,PLTF,CSK,3,0,3.0,0.0,3,3.0,0.0
E2012,PLTF,CSK,4,0,4.0,0.0,4,4.0,0.0
E2014,PLTF,UNK,9,0,9.0,0.0,9,9.0,0.0
E2015,PLTF,KHI,15,0,15.0,0.0,15,15.0,0.0
E2017,PLTF,KHI,1,0,1.0,0.0,1,1.0,0.0
E2007,PTFB,ROA,38,3,38.0,3.0,41,41.0,0.0
E2007,PCOS,ULK,127,135,127.0,135.0,262,262.0,0.0
E2009,PCOS,ULK,10,8,10.0,8.0,18,18.0,0.0
E2014,P004479,MAL,7,9,7.0,9.0,16,16.0,0.0
E2017,P004479,MAL,12,18,12.0,18.0,30,30.0,0.0
E2011,PBCP,GAL,66,0,66.0,0.0,66,66.0,0.0
E2013,PBCP,LIE,74,0,74.0,0.0,74,74.0,0.0
E2014,PBCP,ZAL,126,0,126.0,0.0,126,126.0,0.0
E2013,P002970,GAL,3,0,3.0,0.0,3,3.0,0.0
E2021,P011219,TEL,32,10,32.0,10.0,42,42.0,0.0
E2022,P011219,TEL,148,13,148.0,13.0,161,161.0,0.0
E2023,P011219,TEL,133,32,133.0,32.0,165,165.0,0.0
E2024,P011219,TEL,227,91,227.0,91.0,318,318.0,0.0
E2025,P011219,TEL,293,91,293.0,91.0,384,384.0,0.0
E2014,P005242,SAS,58,39,58.0,39.0,97,97.0,0.0
E2014,P005955,LMG,7,13,7.0,13.0,20,20.0,0.0
E2007,P000747,SOP,16,0,16.0,0.0,16,16.0,0.0
E2008,P000747,MIL,75,3,75.0,3.0,78,78.0,0.0
E2009,P000747,SOP,44,0,44.0,0.0,44,44.0,0.0
E2010,P000747,BAS,9,0,9.0,0.0,9,9.0,0.0
E2023,P008173,BER,141,36,141.0,36.0,177,177.0,0.0
E2024,P008173,BER,192,46,192.0,46.0,238,238.0,0.0
E2025,P008173,BAS,109,41,109.0,41.0,150,150.0,0.0
E2010,P002626,LJU,2,3,2.0,3.0,5,5.0,0.0
E2007,PJUO,PAN,109,62,109.0,62.0,171,171.0,0.0
E2008,PJUO,PAN,84,55,84.0,55.0,139,139.0,0.0
E2009,PJUO,PAN,56,47,56.0,47.0,103,103.0,0.0
E2010,PJUO,OLY,112,75,112.0,75.0,187,187.0,0.0
E2011,PJUO,OLY,134,83,134.0,83.0,217,217.0,0.0
E2012,PJUO,OLY,190,165,190.0,165.0,355,355.0,0.0
E2013,PJUO,OLY,156,151,156.0,151.0,307,307.0,0.0
E2014,PJUO,OLY,129,149,129.0,149.0,278,278.0,0.0
E2015,PJUO,OLY,117,100,117.0,100.0,217,217.0,0.0
E2016,PJUO,OLY,163,168,163.0,168.0,331,331.0,0.0
E2017,PJUO,OLY,135,130,135.0,130.0,265,265.0,0.0
E2018,PJUO,OLY,99,121,99.0,121.0,220,220.0,0.0
E2019,PJUO,OLY,86,119,86.0,119.0,205,205.0,0.0
E2020,PJUO,OLY,83,120,83.0,120.0,203,203.0,0.0
E2024,P012294,OLY,0,0,0.0,0.0,0,0.0,0.0
E2007,PTGM,VIR,71,63,71.0,63.0,134,134.0,0.0
E2008,PTGM,LEM,57,58,57.0,58.0,115,115.0,0.0
E2021,P004381,UNK,31,51,31.0,51.0,82,82.0,0.0
E2007,PCBY,BAS,209,3,209.0,3.0,212,212.0,0.0
E2008,PCBY,BAS,138,1,138.0,1.0,139,139.0,0.0
E2009,PCBY,BAS,141,1,141.0,1.0,142,142.0,0.0
E2013,PKPW,GSS,11,11,11.0,11.0,22,22.0,0.0
E2013,P002506,MUN,19,77,19.0,77.0,96,96.0,0.0
E2014,P002506,MUN,6,21,6.0,21.0,27,27.0,0.0
E2015,P002506,BAM,6,44,6.0,44.0,50,50.0,0.0
E2016,P002506,BAM,2,48,2.0,48.0,50,50.0,0.0
E2017,P002506,BAM,6,80,6.0,80.0,86,86.0,0.0
E2007,PAUL,SOP,71,0,71.0,0.0,71,71.0,0.0
E2021,P011317,ULK,3,6,3.0,6.0,9,9.0,0.0
E2018,P008000,BUD,0,0,0.0,0.0,0,0.0,0.0
E2019,P009836,BAS,71,90,71.0,90.0,161,161.0,0.0
E2007,PLUK,ROM,53,61,53.0,61.0,114,114.0,0.0
E2014,PLUK,MAL,47,49,47.0,49.0,96,96.0,0.0
E2007,P000070,SOP,0,0,0.0,0.0,0,0.0,0.0
E2007,PAWI,LIE,1,0,1.0,0.0,1,1.0,0.0
E2025,P014009,PRS,123,48,123.0,48.0,171,171.0,0.0
E2011,P000564,BIL,0,0,0.0,0.0,0,0.0,0.0
E2013,PLBJ,MAL,124,2,124.0,2.0,126,126.0,0.0
E2014,PLBJ,MUN,45,3,45.0,3.0,48,48.0,0.0
E2015,PLBJ,RED,120,0,120.0,0.0,120,120.0,0.0
E2017,PLBJ,IST,190,2,190.0,2.0,192,192.0,0.0
E2019,PLBJ,ULK,20,0,20.0,0.0,20,20.0,0.0
E2019,PLBJ,RED,89,8,89.0,8.0,97,97.0,0.0
E2010,PDGX,CIB,40,42,40.0,42.0,82,82.0,0.0
E2012,PDGX,MIL,7,20,7.0,20.0,27,27.0,0.0
E2015,PDGX,SAS,24,34,24.0,34.0,58,58.0,0.0
E2014,P003934,BER,26,19,26.0,19.0,45,45.0,0.0
E2025,P013013,RED,0,0,0.0,0.0,0,0.0,0.0
E2007,P000688,VIR,2,5,2.0,5.0,7,7.0,0.0
E2016,P006668,UNK,12,37,12.0,37.0,49,49.0,0.0
E2007,PJOC,SIE,36,90,36.0,90.0,126,126.0,0.0
E2008,PJOC,SIE,37,76,37.0,76.0,113,113.0,0.0
E2009,PJOC,SIE,18,38,18.0,38.0,56,56.0,0.0
E2010,PJOC,SIE,30,38,30.0,38.0,68,68.0,0.0
E2011,PJOC,SIE,14,29,14.0,29.0,43,43.0,0.0
E2019,P007069,TEL,4,1,4.0,1.0,5,5.0,0.0
E2009,P001906,OLD,1,4,1.0,4.0,5,5.0,0.0
E2010,P001433,LIE,18,12,18.0,12.0,30,30.0,0.0
E2015,P001433,OLY,73,55,73.0,55.0,128,128.0,0.0
E2018,P001433,CAN,121,108,121.0,108.0,229,229.0,0.0
E2019,P008099,ASV,24,29,24.0,29.0,53,53.0,0.0
E2020,P008099,ASV,28,34,28.0,34.0,62,62.0,0.0
E2021,P008099,ASV,50,55,50.0,55.0,105,105.0,0.0
E2022,P008099,MCO,25,25,25.0,25.0,50,50.0,0.0
E2023,P008099,MCO,36,26,36.0,26.0,62,62.0,0.0
E2024,P008099,MCO,99,139,99.0,139.0,238,238.0,0.0
E2025,P008099,MCO,125,150,125.0,150.0,275,275.0,0.0
E2014,PLWP,CSK,2,12,2.0,12.0,14,14.0,0.0
E2013,P000046,NIK,29,28,29.0,28.0,57,57.0,0.0
E2015,P000046,BAM,77,89,77.0,89.0,166,166.0,0.0
E2016,P000046,BAM,93,85,93.0,85.0,178,178.0,0.0
E2017,P000046,OLY,82,102,82.0,102.0,184,184.0,0.0
E2018,P000046,OLY,54,61,54.0,61.0,115,115.0,0.0
E2019,P000046,CSK,52,48,52.0,48.0,100,100.0,0.0
E2020,P000046,CSK,50,48,50.0,48.0,98,98.0,0.0
E2021,P000046,ZAL,50,83,50.0,83.0,133,133.0,0.0
E2010,P002092,BAM,2,4,2.0,4.0,6,6.0,0.0
E2016,P002358,MAD,0,0,0.0,0.0,0,0.0,0.0
E2010,PJJS,MAD,45,76,45.0,76.0,121,121.0,0.0
E2011,PJJS,MAD,28,37,28.0,37.0,65,65.0,0.0
E2012,PJJS,MAD,46,50,46.0,50.0,96,96.0,0.0
E2013,PJJS,MAL,40,83,40.0,83.0,123,123.0,0.0
E2014,PJJS,MAL,51,47,51.0,47.0,98,98.0,0.0
E2015,PJJS,MAL,33,55,33.0,55.0,88,88.0,0.0
E2017,PJJS,MAL,59,54,59.0,54.0,113,113.0,0.0
E2024,P012116,MIL,0,0,0.0,0.0,0,0.0,0.0
E2012,P003992,LJU,1,0,1.0,0.0,1,1.0,0.0
E2014,P003992,BAR,0,0,0.0,0.0,0,0.0,0.0
E2011,P003529,SIE,4,0,4.0,0.0,4,4.0,0.0
E2013,P003529,NIK,81,27,81.0,27.0,108,108.0,0.0
E2023,P012787,ZAL,65,56,65.0,56.0,121,121.0,0.0
E2008,PDIJ,CIB,9,5,9.0,5.0,14,14.0,0.0
E2007,PJJZ,BAM,61,37,61.0,37.0,98,98.0,0.0
E2010,PJJZ,BAM,53,23,53.0,23.0,76,76.0,0.0
E2011,PJJZ,BAM,62,30,62.0,30.0,92,92.0,0.0
E2012,PJJZ,CED,47,19,47.0,19.0,66,66.0,0.0
E2012,P002106,CED,22,15,22.0,15.0,37,37.0,0.0
E2009,P001432,LJU,0,1,0.0,1.0,1,1.0,0.0
E2025,P014025,IST,23,79,23.0,79.0,102,102.0,0.0
E2008,PCLW,SOP,3,4,3.0,4.0,7,7.0,0.0
E2024,P005793,PRS,28,48,28.0,48.0,76,76.0,0.0
E2019,P010093,MIL,43,44,43.0,44.0,87,87.0,0.0
E2020,P010093,PAN,4,10,4.0,10.0,14,14.0,0.0
E2011,P001965,NAN,21,0,21.0,0.0,21,21.0,0.0
E2008,P001209,SOP,4,2,4.0,2.0,6,6.0,0.0
E2009,P001209,SOP,7,2,7.0,2.0,9,9.0,0.0
E2010,P001209,SOP,17,2,17.0,2.0,19,19.0,0.0
E2011,P001209,SOP,29,6,29.0,6.0,35,35.0,0.0
E2012,P001209,SOP,32,1,32.0,1.0,33,33.0,0.0
E2015,PCCH,GSS,19,23,19.0,23.0,42,42.0,0.0
E2012,PJPJ,CTU,36,41,36.0,41.0,77,77.0,0.0
E2014,PJPJ,BER,13,23,13.0,23.0,36,36.0,0.0
E2007,P000118,BAM,1,1,1.0,1.0,2,2.0,0.0
E2010,P000118,BAM,4,10,4.0,10.0,14,14.0,0.0
E2011,P000118,BAM,3,11,3.0,11.0,14,14.0,0.0
E2012,P000118,BAM,39,33,39.0,33.0,72,72.0,0.0
E2013,P000118,BAM,2,4,2.0,4.0,6,6.0,0.0
E2015,P000118,BAM,0,0,0.0,0.0,0,0.0,0.0
E2023,P010631,OLY,0,0,0.0,0.0,0,0.0,0.0
E2017,P008004,MIL,101,0,101.0,0.0,101,101.0,0.0
E2018,P008004,MIL,87,0,87.0,0.0,87,87.0,0.0
E2019,P008004,MIL,136,0,136.0,0.0,136,136.0,0.0
E2020,P008004,MIL,107,0,107.0,0.0,107,107.0,0.0
E2021,P008004,MIL,53,0,53.0,0.0,53,53.0,0.0
E2014,P005860,ZAL,1,0,1.0,0.0,1,1.0,0.0
E2023,P012515,MCO,6,2,6.0,2.0,8,8.0,0.0
E2024,P012515,MCO,15,21,15.0,21.0,36,36.0,0.0
E2025,P012515,MCO,25,24,25.0,24.0,49,49.0,0.0
E2007,PKSP,PAN,0,0,0.0,0.0,0,0.0,0.0
E2017,P005791,MAD,110,0,110.0,0.0,110,110.0,0.0
E2018,P005791,MAD,131,0,131.0,0.0,131,131.0,0.0
E2019,P005791,MAD,124,1,124.0,1.0,125,125.0,0.0
E2020,P005791,MAD,258,0,258.0,0.0,258,258.0,0.0
E2021,P005791,MAD,223,2,223.0,2.0,225,225.0,0.0
E2022,P005791,MAD,256,0,256.0,0.0,256,256.0,0.0
E2023,P005791,MAD,201,0,201.0,0.0,201,201.0,0.0
E2024,P005791,MAD,229,0,229.0,0.0,229,229.0,0.0
E2025,P005791,MAD,206,0,206.0,0.0,206,206.0,0.0
E2025,P014004,VIR,5,17,5.0,17.0,22,22.0,0.0
E2013,P001988,MUN,98,49,98.0,49.0,147,147.0,0.0
E2014,P001988,MUN,3,4,3.0,4.0,7,7.0,0.0
E2015,P001988,MUN,30,23,30.0,23.0,53,53.0,0.0
E2017,P001988,BAM,25,30,25.0,30.0,55,55.0,0.0
E2022,P012068,IST,17,7,17.0,7.0,24,24.0,0.0
E2022,P012068,ZAL,80,15,80.0,15.0,95,95.0,0.0
E2015,P006546,MAD,60,31,60.0,31.0,91,91.0,0.0
E2016,P006546,MAD,49,51,49.0,51.0,100,100.0,0.0
E2017,P006546,MAD,89,71,89.0,71.0,160,160.0,0.0
E2018,P006546,MAD,66,67,66.0,67.0,133,133.0,0.0
E2019,P006546,MAD,43,56,43.0,56.0,99,99.0,0.0
E2020,P006546,MAD,51,49,51.0,49.0,100,100.0,0.0
E2021,P006546,MAD,21,37,21.0,37.0,58,58.0,0.0
E2019,P005247,ASV,116,72,116.0,72.0,188,188.0,0.0
E2021,P011217,TEL,33,25,33.0,25.0,58,58.0,0.0
E2025,P011217,PAM,188,150,188.0,150.0,338,338.0,0.0
E2008,P001794,MIL,17,4,17.0,4.0,21,21.0,0.0
E2007,PTGG,LJU,57,26,57.0,26.0,83,83.0,0.0
E2014,P005850,ZGO,55,19,55.0,19.0,74,74.0,0.0
E2008,P001157,NAN,45,20,45.0,20.0,65,65.0,0.0
E2012,P001157,CHL,43,39,43.0,39.0,82,82.0,0.0
E2014,P001157,LMG,5,6,5.0,6.0,11,11.0,0.0
E2013,P004008,RED,2,1,2.0,1.0,3,3.0,0.0
E2014,P004008,RED,16,12,16.0,12.0,28,28.0,0.0
E2015,P004008,RED,10,5,10.0,5.0,15,15.0,0.0
E2007,PJZJ,BAS,78,120,78.0,120.0,198,198.0,0.0
E2008,PJZJ,BAS,66,121,66.0,121.0,187,187.0,0.0
E2009,PJZJ,BAS,84,133,84.0,133.0,217,217.0,0.0
E2010,PJZJ,BAS,136,136,136.0,136.0,272,272.0,0.0
E2011,PJZJ,BAS,94,72,94.0,72.0,166,166.0,0.0
E2007,PJDR,OLY,51,55,51.0,55.0,106,106.0,0.0
E2008,PJDR,OLY,20,34,20.0,34.0,54,54.0,0.0
E2009,PJDR,OLY,78,108,78.0,108.0,186,186.0,0.0
E2010,PJDR,OLY,64,107,64.0,107.0,171,171.0,0.0
E2011,PJDR,CSK,61,108,61.0,108.0,169,169.0,0.0
E2012,PJDR,CSK,116,162,116.0,162.0,278,278.0,0.0
E2013,PJDR,CSK,78,124,78.0,124.0,202,202.0,0.0
E2014,PJDR,CSK,88,173,88.0,173.0,261,261.0,0.0
E2015,PJDR,CSK,115,180,115.0,180.0,295,295.0,0.0
E2016,PJDR,CSK,120,202,120.0,202.0,322,322.0,0.0
E2022,PJDR,VIR,46,142,46.0,142.0,188,188.0,0.0
E2023,PJDR,RED,49,144,49.0,144.0,193,193.0,0.0
E2024,PJDR,RED,21,54,21.0,54.0,75,75.0,0.0
E2007,PLGH,PAR,92,72,92.0,72.0,164,164.0,0.0
E2008,PLGH,PAR,84,73,84.0,73.0,157,157.0,0.0
E2009,PLGH,PAN,32,23,32.0,23.0,55,55.0,0.0
E2010,PLGH,PAN,39,14,39.0,14.0,53,53.0,0.0
E2013,PLGH,PAR,50,25,50.0,25.0,75,75.0,0.0
E2013,PLGH,LIE,28,18,28.0,18.0,46,46.0,0.0
E2020,P010652,RED,31,0,31.0,0.0,31,31.0,0.0
E2007,PTEO,ARI,83,47,83.0,47.0,130,130.0,0.0
E2010,PTEO,BAM,34,24,34.0,24.0,58,58.0,0.0
E2011,P003435,NAN,0,1,0.0,1.0,1,1.0,0.0
E2015,P004132,BAM,117,36,117.0,36.0,153,153.0,0.0
E2016,P004132,BAM,155,39,155.0,39.0,194,194.0,0.0
E2024,P004132,MCO,78,26,78.0,26.0,104,104.0,0.0
E2025,P004132,MCO,182,59,182.0,59.0,241,241.0,0.0
E2017,P007946,MIL,165,68,165.0,68.0,233,233.0,0.0
E2023,P007946,BAS,21,6,21.0,6.0,27,27.0,0.0
E2019,P003958,BER,51,13,51.0,13.0,64,64.0,0.0
E2020,P003958,BER,131,61,131.0,61.0,192,192.0,0.0
E2021,P003958,BER,89,39,89.0,39.0,128,128.0,0.0
E2022,P003958,BER,126,39,126.0,39.0,165,165.0,0.0
E2023,P003958,BER,192,64,192.0,64.0,256,256.0,0.0
E2013,P005094,NTR,43,41,43.0,41.0,84,84.0,0.0
E2014,P005094,BAR,116,38,116.0,38.0,154,154.0,0.0
E2016,P005094,IST,98,128,98.0,128.0,226,226.0,0.0
E2017,P005094,TEL,198,87,198.0,87.0,285,285.0,0.0
E2018,P005094,PAN,174,93,174.0,93.0,267,267.0,0.0
E2019,P005094,PAN,189,103,189.0,103.0,292,292.0,0.0
E2021,P005094,MUN,179,105,179.0,105.0,284,284.0,0.0
E2022,P005094,MIL,47,30,47.0,30.0,77,77.0,0.0
E2023,P005094,ASV,48,23,48.0,23.0,71,71.0,0.0
E2008,P001234,MIL,62,76,62.0,76.0,138,138.0,0.0
E2021,P011313,TEL,32,21,32.0,21.0,53,53.0,0.0
E2012,P004251,TEL,62,0,62.0,0.0,62,62.0,0.0
E2017,P004251,KHI,145,41,145.0,41.0,186,186.0,0.0
E2018,P004251,KHI,134,37,134.0,37.0,171,171.0,0.0
E2019,P004251,ULK,31,1,31.0,1.0,32,32.0,0.0
E2020,P004251,MUN,25,6,25.0,6.0,31,31.0,0.0
E2022,P008967,PAN,16,42,16.0,42.0,58,58.0,0.0
E2023,P008967,BER,86,146,86.0,146.0,232,232.0,0.0
E2024,P008967,BER,68,119,68.0,119.0,187,187.0,0.0
E2023,P012095,TEL,4,6,4.0,6.0,10,10.0,0.0
E2012,P004231,PAR,10,8,10.0,8.0,18,18.0,0.0
E2014,P005856,MAL,103,28,103.0,28.0,131,131.0,0.0
E2015,P005856,MAL,110,51,110.0,51.0,161,161.0,0.0
E2017,P005856,PAM,94,52,94.0,52.0,146,146.0,0.0
E2019,P005856,DYR,129,76,129.0,76.0,205,205.0,0.0
E2020,P005856,DYR,151,74,151.0,74.0,225,225.0,0.0
E2021,P005856,MCO,137,49,137.0,49.0,186,186.0,0.0
E2014,P005836,NOV,176,92,176.0,92.0,268,268.0,0.0
E2015,P005836,MAD,42,40,42.0,40.0,82,82.0,0.0
E2016,P005836,MAD,57,61,57.0,61.0,118,118.0,0.0
E2017,P005836,MAD,105,100,105.0,100.0,205,205.0,0.0
E2018,P005836,MAD,80,74,80.0,74.0,154,154.0,0.0
E2019,P005836,MAD,83,66,83.0,66.0,149,149.0,0.0
E2020,P005836,MAD,134,144,134.0,144.0,278,278.0,0.0
E2021,P005836,MAD,39,28,39.0,28.0,67,67.0,0.0
E2023,P005836,RED,1,2,1.0,2.0,3,3.0,0.0
E2022,P011078,BAS,206,112,206.0,112.0,318,318.0,0.0
E2023,P011078,IST,197,119,197.0,119.0,316,316.0,0.0
E2024,P011078,IST,133,136,133.0,136.0,269,269.0,0.0
E2025,P011078,PAM,135,169,135.0,169.0,304,304.0,0.0
E2011,P003453,LJU,81,7,81.0,7.0,88,88.0,0.0
E2012,P003453,BER,204,4,204.0,4.0,208,208.0,0.0
E2013,P003453,MUN,136,5,136.0,5.0,141,141.0,0.0
E2015,P003453,MUN,84,1,84.0,1.0,85,85.0,0.0
E2016,P003453,GAL,48,0,48.0,0.0,48,48.0,0.0
E2016,P003453,RED,41,0,41.0,0.0,41,41.0,0.0
E2018,P003453,ZAL,57,1,57.0,1.0,58,58.0,0.0
E2014,P000134,NOV,12,2,12.0,2.0,14,14.0,0.0
E2017,P008014,OLY,90,49,90.0,49.0,139,139.0,0.0
E2017,P007998,ULK,137,0,137.0,0.0,137,137.0,0.0
E2015,P004957,RED,30,21,30.0,21.0,51,51.0,0.0
E2007,PCCA,SIE,114,80,114.0,80.0,194,194.0,0.0
E2008,PCCA,IST,41,41,41.0,41.0,82,82.0,0.0
E2009,PCCA,IST,78,49,78.0,49.0,127,127.0,0.0
E2010,PCCA,IST,60,42,60.0,42.0,102,102.0,0.0
E2011,PCCA,SIE,47,14,47.0,14.0,61,61.0,0.0
E2014,P002744,BAS,88,26,88.0,26.0,114,114.0,0.0
E2015,P002744,BAS,117,30,117.0,30.0,147,147.0,0.0
E2016,P002744,BAS,99,54,99.0,54.0,153,153.0,0.0
E2017,P002744,OLY,13,14,13.0,14.0,27,27.0,0.0
E2018,P002744,CAN,63,88,63.0,88.0,151,151.0,0.0
E2017,P005718,BAS,49,131,49.0,131.0,180,180.0,0.0
E2018,P005718,OLY,19,47,19.0,47.0,66,66.0,0.0
E2019,P005718,KHI,63,160,63.0,160.0,223,223.0,0.0
E2020,P005718,KHI,27,80,27.0,80.0,107,107.0,0.0
E2021,P005718,UNK,0,6,0.0,6.0,6,6.0,0.0
E2025,P004846,HTA,10,5,10.0,5.0,15,15.0,0.0
E2018,P007497,ULK,1,0,1.0,0.0,1,1.0,0.0
E2013,P005173,NIK,7,7,7.0,7.0,14,14.0,0.0
E2020,P008275,MAD,0,0,0.0,0.0,0,0.0,0.0
E2019,P008966,PAM,89,39,89.0,39.0,128,128.0,0.0
E2020,P008966,PAM,163,53,163.0,53.0,216,216.0,0.0
E2022,P008966,BAR,62,68,62.0,68.0,130,130.0,0.0
E2023,P008966,RED,67,45,67.0,45.0,112,112.0,0.0
E2014,PJPE,SAS,40,37,40.0,37.0,77,77.0,0.0
E2012,P004214,MAL,0,0,0.0,0.0,0,0.0,0.0
E2013,P004214,MAL,1,2,1.0,2.0,3,3.0,0.0
E2012,P001612,BAR,25,5,25.0,5.0,30,30.0,0.0
E2013,P001612,BAR,14,0,14.0,0.0,14,14.0,0.0
E2015,P001612,KHI,52,3,52.0,3.0,55,55.0,0.0
E2017,P001612,KHI,57,0,57.0,0.0,57,57.0,0.0
E2015,P004292,OLY,0,0,0.0,0.0,0,0.0,0.0
E2016,P004292,OLY,1,3,1.0,3.0,4,4.0,0.0
E2017,P004292,OLY,4,13,4.0,13.0,17,17.0,0.0
E2018,P004292,OLY,0,0,0.0,0.0,0,0.0,0.0
E2025,P004292,PAN,15,32,15.0,32.0,47,47.0,0.0
E2007,PAFC,PAN,5,0,5.0,0.0,5,5.0,0.0
E2008,P001184,JOV,0,0,0.0,0.0,0,0.0,0.0
E2008,PCPS,MAD,34,32,34.0,32.0,66,66.0,0.0
E2009,PCPS,CIB,86,112,86.0,112.0,198,198.0,0.0
E2010,PCPS,ULK,47,55,47.0,55.0,102,102.0,0.0
E2011,PCPS,ULK,11,14,11.0,14.0,25,25.0,0.0
E2012,PCPS,CED,7,9,7.0,9.0,16,16.0,0.0
E2014,PCPS,CED,4,5,4.0,5.0,9,9.0,0.0
E2008,PLJB,JOV,6,8,6.0,8.0,14,14.0,0.0
E2009,P002507,MAD,74,0,74.0,0.0,74,74.0,0.0
E2010,P002507,MAD,191,0,191.0,0.0,191,191.0,0.0
E2011,P002507,MAD,81,0,81.0,0.0,81,81.0,0.0
E2012,P002507,BAR,234,1,234.0,1.0,235,235.0,0.0
E2013,P002507,BAR,224,0,224.0,0.0,224,224.0,0.0
E2014,P002507,BAR,192,0,192.0,0.0,192,192.0,0.0
E2015,P002507,BAR,192,0,192.0,0.0,192,192.0,0.0
E2016,P002507,BAR,199,1,199.0,1.0,200,200.0,0.0
E2017,P002507,BAR,177,1,177.0,1.0,178,178.0,0.0
E2018,P002507,BAR,237,0,237.0,0.0,237,237.0,0.0
E2019,P002507,BAR,116,1,116.0,1.0,117,117.0,0.0
E2007,PCCI,ROM,6,21,6.0,21.0,27,27.0,0.0
E2008,PCCI,ROM,0,2,0.0,2.0,2,2.0,0.0
E2009,PCCI,ROM,2,2,2.0,2.0,4,4.0,0.0
E2010,PCCI,ROM,2,1,2.0,1.0,3,3.0,0.0
E2022,P006509,MIL,48,31,48.0,31.0,79,79.0,0.0
E2023,P006509,MIL,62,61,62.0,61.0,123,123.0,0.0
E2024,P006509,MIL,36,31,36.0,31.0,67,67.0,0.0
E2025,P006509,MIL,4,4,4.0,4.0,8,8.0,0.0
E2013,P002893,MAL,72,57,72.0,57.0,129,129.0,0.0
E2014,P002893,MAL,103,100,103.0,100.0,203,203.0,0.0
E2011,PBGD,GAL,8,4,8.0,4.0,12,12.0,0.0
E2021,P010985,RED,1,0,1.0,0.0,1,1.0,0.0
E2022,P010985,RED,1,1,1.0,1.0,2,2.0,0.0
E2023,P010985,RED,6,2,6.0,2.0,8,8.0,0.0
E2009,PKVM,KHI,0,4,0.0,4.0,4,4.0,0.0
E2021,P011238,DYR,0,0,0.0,0.0,0,0.0,0.0
E2025,P006277,MIL,5,0,5.0,0.0,5,5.0,0.0
E2013,P002582,STR,24,7,24.0,7.0,31,31.0,0.0
E2017,P002582,ZAL,115,40,115.0,40.0,155,155.0,0.0
E2018,P002582,OLY,30,72,30.0,72.0,102,102.0,0.0
E2023,P012739,PAM,62,0,62.0,0.0,62,62.0,0.0
E2007,PBAP,MIL,4,1,4.0,1.0,5,5.0,0.0
E2009,PBAP,ROM,27,18,27.0,18.0,45,45.0,0.0
E2010,PBAP,ROM,4,1,4.0,1.0,5,5.0,0.0
E2013,P005018,MIL,0,0,0.0,0.0,0,0.0,0.0
E2009,PBBE,ASV,108,0,108.0,0.0,108,108.0,0.0
E2010,PBBE,ROM,99,1,99.0,1.0,100,100.0,0.0
E2012,PBBE,BER,45,0,45.0,0.0,45,45.0,0.0
E2013,PBBE,NTR,56,0,56.0,0.0,56,56.0,0.0
E2015,PBBE,LMG,71,0,71.0,0.0,71,71.0,0.0
E2021,P010319,MCO,0,0,0.0,0.0,0,0.0,0.0
E2025,P010319,ASV,93,60,93.0,60.0,153,153.0,0.0
E2015,P004840,STR,28,1,28.0,1.0,29,29.0,0.0
E2007,PJJF,BAR,98,1,98.0,1.0,99,99.0,0.0
E2008,PJJF,BAR,15,6,15.0,6.0,21,21.0,0.0
E2009,PJJF,BAR,14,8,14.0,8.0,22,22.0,0.0
E2022,P007673,PAR,27,28,27.0,28.0,55,55.0,0.0
E2023,P007673,PAR,20,25,20.0,25.0,45,45.0,0.0
E2025,P007673,TEL,1,1,1.0,1.0,2,2.0,0.0
E2007,PBFB,PAR,55,102,55.0,102.0,157,157.0,0.0
E2008,PBFB,PAR,61,106,61.0,106.0,167,167.0,0.0
E2010,PBFB,MAL,41,63,41.0,63.0,104,104.0,0.0
E2011,PBFB,MAL,0,0,0.0,0.0,0,0.0,0.0
E2012,PBFB,ULK,12,14,12.0,14.0,26,26.0,0.0
E2008,PJYF,CIB,12,17,12.0,17.0,29,29.0,0.0
E2009,PJYF,CIB,6,14,6.0,14.0,20,20.0,0.0
E2013,P000227,MUN,81,21,81.0,21.0,102,102.0,0.0
E2019,P007851,DYR,19,67,19.0,67.0,86,86.0,0.0
E2020,P007851,DYR,4,3,4.0,3.0,7,7.0,0.0
E2007,PTEN,ARI,0,0,0.0,0.0,0,0.0,0.0
E2014,PTEN,OLY,1,0,1.0,0.0,1,1.0,0.0
E2015,PTEN,OLY,14,2,14.0,2.0,16,16.0,0.0
E2007,PTFW,OLY,26,0,26.0,0.0,26,26.0,0.0
E2007,PLGM,ARI,71,77,71.0,77.0,148,148.0,0.0
E2022,P010057,OLY,1,0,1.0,0.0,1,1.0,0.0
E2007,PACN,PAN,29,27,29.0,27.0,56,56.0,0.0
E2008,PACN,PAN,39,21,39.0,21.0,60,60.0,0.0
E2009,PACN,PAN,11,3,11.0,3.0,14,14.0,0.0
E2010,PACN,PAN,58,17,58.0,17.0,75,75.0,0.0
E2011,PACN,PAN,40,26,40.0,26.0,66,66.0,0.0
E2012,PACN,PAN,59,27,59.0,27.0,86,86.0,0.0
E2008,P001165,LEM,0,0,0.0,0.0,0,0.0,0.0
E2025,P008192,ZAL,273,79,273.0,79.0,352,352.0,0.0
E2011,P002908,BAM,67,3,67.0,3.0,70,70.0,0.0
E2010,P000749,MAD,125,86,125.0,86.0,211,211.0,0.0
E2024,P012591,VIR,36,27,36.0,27.0,63,63.0,0.0
E2016,P007051,UNK,0,0,0.0,0.0,0,0.0,0.0
E2023,P012415,IST,2,1,2.0,1.0,3,3.0,0.0
E2018,P002925,IST,6,13,6.0,13.0,19,19.0,0.0
E2019,P002925,IST,7,13,7.0,13.0,20,20.0,0.0
E2020,P002925,IST,14,23,14.0,23.0,37,37.0,0.0
E2021,P002925,IST,5,10,5.0,10.0,15,15.0,0.0
E2022,P002925,IST,5,8,5.0,8.0,13,13.0,0.0
E2007,PARR,MAD,28,87,28.0,87.0,115,115.0,0.0
E2009,PARR,IST,20,45,20.0,45.0,65,65.0,0.0
E2010,PARR,IST,49,56,49.0,56.0,105,105.0,0.0
E2011,PARR,IST,52,40,52.0,40.0,92,92.0,0.0
E2012,PARR,IST,35,52,35.0,52.0,87,87.0,0.0
E2015,P006641,DAR,4,4,4.0,4.0,8,8.0,0.0
E2016,P006641,DAR,0,0,0.0,0.0,0,0.0,0.0
E2007,PAYR,ULK,72,29,72.0,29.0,101,101.0,0.0
E2008,PAYR,ULK,104,39,104.0,39.0,143,143.0,0.0
E2009,PAYR,ULK,2,2,2.0,2.0,4,4.0,0.0
E2010,PAYR,ULK,42,36,42.0,36.0,78,78.0,0.0
E2011,PAYR,ULK,14,5,14.0,5.0,19,19.0,0.0
E2013,P002728,ULK,6,2,6.0,2.0,8,8.0,0.0
E2014,P002728,ULK,0,0,0.0,0.0,0,0.0,0.0
E2008,PAVJ,AVE,20,46,20.0,46.0,66,66.0,0.0
E2012,P004119,CTU,58,1,58.0,1.0,59,59.0,0.0
E2013,P004119,TEL,130,1,130.0,1.0,131,131.0,0.0
E2014,P004119,TEL,126,0,126.0,0.0,126,126.0,0.0
E2015,P004119,IST,107,1,107.0,1.0,108,108.0,0.0
E2016,P004119,GAL,188,1,188.0,1.0,189,189.0,0.0
E2017,P004119,TEL,181,0,181.0,0.0,181,181.0,0.0
E2018,P004119,TEL,146,0,146.0,0.0,146,146.0,0.0
E2020,P004119,MAD,54,0,54.0,0.0,54,54.0,0.0
E2022,P004119,ASV,89,1,89.0,1.0,90,90.0,0.0
E2021,P010062,BAR,0,0,0.0,0.0,0,0.0,0.0
E2015,P006503,ULK,236,2,236.0,2.0,238,238.0,0.0
E2016,P006503,ULK,256,1,256.0,1.0,257,257.0,0.0
E2011,P001479,SIE,0,0,0.0,0.0,0,0.0,0.0
E2013,P001479,SIE,0,0,0.0,0.0,0,0.0,0.0
E2017,PAGP,ZAL,48,8,48.0,8.0,56,56.0,0.0
E2009,PBDF,CIB,14,16,14.0,16.0,30,30.0,0.0
E2010,PBDF,LJU,7,6,7.0,6.0,13,13.0,0.0
E2013,P003783,ULK,7,1,7.0,1.0,8,8.0,0.0
E2014,P003783,ULK,4,1,4.0,1.0,5,5.0,0.0
E2015,P003783,ULK,21,5,21.0,5.0,26,26.0,0.0
E2016,P003783,ULK,4,3,4.0,3.0,7,7.0,0.0
E2018,P008995,CSK,11,5,11.0,5.0,16,16.0,0.0
E2019,P008995,CSK,3,5,3.0,5.0,8,8.0,0.0
E2020,P008995,CSK,21,39,21.0,39.0,60,60.0,0.0
E2021,P008995,CSK,7,37,7.0,37.0,44,44.0,0.0
E2007,PCJA,ROM,121,77,121.0,77.0,198,198.0,0.0
E2009,PCJA,ULK,13,3,13.0,3.0,16,16.0,0.0
E2010,PCJA,ULK,102,43,102.0,43.0,145,145.0,0.0
E2011,PCJA,ULK,116,41,116.0,41.0,157,157.0,0.0
E2012,PCJA,PAN,146,85,146.0,85.0,231,231.0,0.0
E2013,PCJA,PAN,145,69,145.0,69.0,214,214.0,0.0
E2014,PCJA,CED,44,32,44.0,32.0,76,76.0,0.0
E2014,P002329,ZAL,68,31,68.0,31.0,99,99.0,0.0
E2015,P002329,ZAL,91,38,91.0,38.0,129,129.0,0.0
E2016,P002329,ZAL,117,42,117.0,42.0,159,159.0,0.0
E2017,P002329,ZAL,137,46,137.0,46.0,183,183.0,0.0
E2018,P002329,ZAL,115,65,115.0,65.0,180,180.0,0.0
E2019,P002329,ZAL,103,68,103.0,68.0,171,171.0,0.0
E2020,P002329,ULK,62,40,62.0,40.0,102,102.0,0.0
E2021,P002329,ZAL,130,72,130.0,72.0,202,202.0,0.0
E2022,P002329,ZAL,184,81,184.0,81.0,265,265.0,0.0
E2023,P002329,ZAL,136,67,136.0,67.0,203,203.0,0.0
E2024,P002329,ZAL,79,66,79.0,66.0,145,145.0,0.0
E2025,P002329,ZAL,88,63,88.0,63.0,151,151.0,0.0
E2018,P006900,ZAL,3,4,3.0,4.0,7,7.0,0.0
E2013,P005000,IST,0,0,0.0,0.0,0,0.0,0.0
E2014,P005000,IST,6,3,6.0,3.0,9,9.0,0.0
E2016,P005000,DAR,0,0,0.0,0.0,0,0.0,0.0
E2020,P007491,CSK,0,0,0.0,0.0,0,0.0,0.0
E2014,P005814,GAL,8,3,8.0,3.0,11,11.0,0.0
E2009,P001997,BAS,0,0,0.0,0.0,0,0.0,0.0
E2012,P002938,MAL,85,66,85.0,66.0,151,151.0,0.0
E2013,P002938,MAL,24,18,24.0,18.0,42,42.0,0.0
E2020,P006985,RED,40,14,40.0,14.0,54,54.0,0.0
E2021,P006985,RED,4,4,4.0,4.0,8,8.0,0.0
E2015,P005367,MAL,0,0,0.0,0.0,0,0.0,0.0
E2021,P007338,UNK,21,34,21.0,34.0,55,55.0,0.0
E2010,P000898,LIE,65,0,65.0,0.0,65,65.0,0.0
E2007,P000274,ROM,0,0,0.0,0.0,0,0.0,0.0
E2019,P001954,KHI,0,0,0.0,0.0,0,0.0,0.0
E2020,P001954,KHI,21,5,21.0,5.0,26,26.0,0.0
E2016,P004664,ZAL,2,1,2.0,1.0,3,3.0,0.0
E2017,P004664,ZAL,33,29,33.0,29.0,62,62.0,0.0
E2011,PLOZ,MAL,29,59,29.0,59.0,88,88.0,0.0
E2007,PASG,CSK,18,0,18.0,0.0,18,18.0,0.0
E2007,PASG,SOP,67,0,67.0,0.0,67,67.0,0.0
E2008,PASG,MAD,39,0,39.0,0.0,39,39.0,0.0
E2009,PASG,MAD,1,0,1.0,0.0,1,1.0,0.0
E2010,PASG,MIL,6,0,6.0,0.0,6,6.0,0.0
E2013,P001971,BAS,7,11,7.0,11.0,18,18.0,0.0
E2014,PLRQ,PAM,28,21,28.0,21.0,49,49.0,0.0
E2017,PLRQ,PAM,46,81,46.0,81.0,127,127.0,0.0
E2019,PLRQ,PAM,34,46,34.0,46.0,80,80.0,0.0
E2020,PLRQ,PAM,85,100,85.0,100.0,185,185.0,0.0
E2022,PLRQ,PAM,9,25,9.0,25.0,34,34.0,0.0
E2014,PCKZ,SAS,0,2,0.0,2.0,2,2.0,0.0
E2008,PBTS,ZAL,2,2,2.0,2.0,4,4.0,0.0
E2009,PBTS,SOP,71,11,71.0,11.0,82,82.0,0.0
E2010,PBTS,SOP,71,17,71.0,17.0,88,88.0,0.0
E2011,PBTS,LJU,48,12,48.0,12.0,60,60.0,0.0
E2014,P004845,BER,18,34,18.0,34.0,52,52.0,0.0
E2015,P003496,SAS,55,0,55.0,0.0,55,55.0,0.0
E2007,PALG,OLY,14,39,14.0,39.0,53,53.0,0.0
E2011,PALG,BIL,53,101,53.0,101.0,154,154.0,0.0
E2013,PALG,IST,49,139,49.0,139.0,188,188.0,0.0
E2014,PALG,MAL,33,74,33.0,74.0,107,107.0,0.0
E2008,PLCR,ZAL,8,2,8.0,2.0,10,10.0,0.0
E2009,PLCR,ZAL,2,0,2.0,0.0,2,2.0,0.0
E2007,PJRF,OLY,66,47,66.0,47.0,113,113.0,0.0
E2008,PJRF,OLY,23,30,23.0,30.0,53,53.0,0.0
E2009,PJRF,OLY,18,20,18.0,20.0,38,38.0,0.0
E2010,PJRF,OLY,1,0,1.0,0.0,1,1.0,0.0
E2011,PJRF,OLY,0,0,0.0,0.0,0,0.0,0.0
E2020,P008198,ZAL,22,22,22.0,22.0,44,44.0,0.0
E2014,P000553,KLA,33,23,33.0,23.0,56,56.0,0.0
E2009,PLHG,ORL,48,0,48.0,0.0,48,48.0,0.0
E2025,P014014,ASV,154,0,154.0,0.0,154,154.0,0.0
E2007,PAXC,BAR,110,4,110.0,4.0,114,114.0,0.0
E2008,PAXC,BAR,129,0,129.0,0.0,129,129.0,0.0
E2009,PAXC,BAR,103,0,103.0,0.0,103,103.0,0.0
E2010,PAXC,BAR,101,0,101.0,0.0,101,101.0,0.0
E2011,PAXC,BAR,61,2,61.0,2.0,63,63.0,0.0
E2012,PAXC,MAL,100,1,100.0,1.0,101,101.0,0.0
E2013,PAXC,MAL,107,0,107.0,0.0,107,107.0,0.0
E2014,PAXC,MAL,117,0,117.0,0.0,117,117.0,0.0
E2015,PAXC,MAL,106,0,106.0,0.0,106,106.0,0.0
E2010,PBJB,CHO,34,1,34.0,1.0,35,35.0,0.0
E2013,P002431,ZAL,10,9,10.0,9.0,19,19.0,0.0
E2015,P002431,ZAL,23,20,23.0,20.0,43,43.0,0.0
E2007,PJNN,PAR,108,87,108.0,87.0,195,195.0,0.0
E2008,PJNN,PAR,113,68,113.0,68.0,181,181.0,0.0
E2009,PJNN,MAD,91,12,91.0,12.0,103,103.0,0.0
E2010,PJNN,MAD,54,6,54.0,6.0,60,60.0,0.0
E2011,PJNN,MAD,19,10,19.0,10.0,29,29.0,0.0
E2013,PJNN,BAM,30,12,30.0,12.0,42,42.0,0.0
E2009,PLXL,ZAL,6,6,6.0,6.0,12,12.0,0.0
E2013,PLXL,ZAL,11,2,11.0,2.0,13,13.0,0.0
E2014,PLXL,ZAL,24,16,24.0,16.0,40,40.0,0.0
E2015,PLXL,ZAL,35,20,35.0,20.0,55,55.0,0.0
E2018,PLXL,CAN,36,54,36.0,54.0,90,90.0,0.0
E2018,P007524,ZAL,4,0,4.0,0.0,4,4.0,0.0
E2019,P007524,ZAL,0,0,0.0,0.0,0,0.0,0.0
E2011,PLLM,UNK,101,5,101.0,5.0,106,106.0,0.0
E2016,PLLM,BAM,43,0,43.0,0.0,43,43.0,0.0
E2008,PLRE,PAN,0,0,0.0,0.0,0,0.0,0.0
E2009,PLRE,PAN,0,2,0.0,2.0,2,2.0,0.0
E2008,P000925,PAR,39,18,39.0,18.0,57,57.0,0.0
E2009,P000925,PAR,90,30,90.0,30.0,120,120.0,0.0
E2010,P000925,PAR,82,28,82.0,28.0,110,110.0,0.0
E2014,P000925,ULK,214,1,214.0,1.0,215,215.0,0.0
E2015,P000925,ULK,181,3,181.0,3.0,184,184.0,0.0
E2016,P000925,ULK,228,3,228.0,3.0,231,231.0,0.0
E2017,P000925,ULK,261,0,261.0,0.0,261,261.0,0.0
E2018,P000925,ULK,204,5,204.0,5.0,209,209.0,0.0
E2019,P000925,ULK,108,2,108.0,2.0,110,110.0,0.0
E2020,P000925,ULK,256,3,256.0,3.0,259,259.0,0.0
E2021,P000925,ULK,187,9,187.0,9.0,196,196.0,0.0
E2022,P000925,BAR,246,2,246.0,2.0,248,248.0,0.0
E2023,P000925,BAR,298,7,298.0,7.0,305,305.0,0.0
E2024,P000925,BAR,143,14,143.0,14.0,157,157.0,0.0
E2025,P000925,BAR,230,34,230.0,34.0,264,264.0,0.0
E2015,P003469,BAR,19,27,19.0,27.0,46,46.0,0.0
E2016,P003469,BAR,71,71,71.0,71.0,142,142.0,0.0
E2017,P003469,BAR,17,18,17.0,18.0,35,35.0,0.0
E2018,P003469,OLY,55,29,55.0,29.0,84,84.0,0.0
E2019,P003469,OLY,64,61,64.0,61.0,125,125.0,0.0
E2020,P003469,OLY,120,135,120.0,135.0,255,255.0,0.0
E2021,P003469,OLY,191,162,191.0,162.0,353,353.0,0.0
E2022,P003469,OLY,278,209,278.0,209.0,487,487.0,0.0
E2024,P003469,OLY,290,186,290.0,186.0,476,476.0,0.0
E2025,P003469,OLY,304,173,304.0,173.0,477,477.0,0.0
E2007,PAJK,BAS,42,41,42.0,41.0,83,83.0,0.0
E2008,PAJK,BAS,57,45,57.0,45.0,102,102.0,0.0
E2009,PAJK,MAD,10,8,10.0,8.0,18,18.0,0.0
E2010,PAJK,MAD,7,9,7.0,9.0,16,16.0,0.0
E2012,PAJK,MAL,23,42,23.0,42.0,65,65.0,0.0
E2013,PAJK,MAL,18,20,18.0,20.0,38,38.0,0.0
E2010,PCIW,SOP,34,34,34.0,34.0,68,68.0,0.0
E2007,PTFI,ULK,80,0,80.0,0.0,80,80.0,0.0
E2008,PTFI,ULK,49,0,49.0,0.0,49,49.0,0.0
E2009,PTFI,LJU,41,0,41.0,0.0,41,41.0,0.0
E2010,PTFI,ULK,19,0,19.0,0.0,19,19.0,0.0
E2011,PTFI,ULK,46,1,46.0,1.0,47,47.0,0.0
E2012,PTFI,BES,133,1,133.0,1.0,134,134.0,0.0
E2013,PTFI,ULK,56,1,56.0,1.0,57,57.0,0.0
E2009,P001895,MIL,9,8,9.0,8.0,17,17.0,0.0
E2011,P001895,MIL,3,4,3.0,4.0,7,7.0,0.0
E2013,P001895,SIE,30,39,30.0,39.0,69,69.0,0.0
E2014,P005837,NOV,6,0,6.0,0.0,6,6.0,0.0
E2017,P007947,BAS,32,51,32.0,51.0,83,83.0,0.0
E2018,P007947,BAS,108,145,108.0,145.0,253,253.0,0.0
E2019,P007947,BAS,51,59,51.0,59.0,110,110.0,0.0
E2020,P007947,BAS,126,152,126.0,152.0,278,278.0,0.0
E2022,P007947,RED,131,155,131.0,155.0,286,286.0,0.0
E2023,P007947,PAN,50,93,50.0,93.0,143,143.0,0.0
E2024,P007947,OLY,39,95,39.0,95.0,134,134.0,0.0
E2025,P007947,VIR,85,103,85.0,103.0,188,188.0,0.0
E2021,P010035,BAR,0,2,0.0,2.0,2,2.0,0.0
E2025,P010035,BAS,12,5,12.0,5.0,17,17.0,0.0
E2024,P012317,BAR,1,1,1.0,1.0,2,2.0,0.0
E2024,P006273,VIR,0,1,0.0,1.0,1,1.0,0.0
E2008,PBHF,MIL,29,63,29.0,63.0,92,92.0,0.0
E2009,PBHF,ROM,9,17,9.0,17.0,26,26.0,0.0
E2010,PBHF,ROM,36,15,36.0,15.0,51,51.0,0.0
E2007,PBXO,PAR,66,38,66.0,38.0,104,104.0,0.0
E2008,PBXO,PAR,27,23,27.0,23.0,50,50.0,0.0
E2014,P002361,PAM,16,15,16.0,15.0,31,31.0,0.0
E2017,P002361,PAM,12,50,12.0,50.0,62,62.0,0.0
E2019,P002361,PAM,47,57,47.0,57.0,104,104.0,0.0
E2020,P002361,PAM,36,53,36.0,53.0,89,89.0,0.0
E2025,P014209,MIL,0,0,0.0,0.0,0,0.0,0.0
E2016,P007201,BAS,160,73,160.0,73.0,233,233.0,0.0
E2017,P007201,BAS,133,52,133.0,52.0,185,185.0,0.0
E2018,P007201,BAS,104,97,104.0,97.0,201,201.0,0.0
E2019,P007201,CSK,71,100,71.0,100.0,171,171.0,0.0
E2020,P007201,CSK,95,110,95.0,110.0,205,205.0,0.0
E2021,P007201,CSK,46,75,46.0,75.0,121,121.0,0.0
E2022,P007201,MIL,65,75,65.0,75.0,140,140.0,0.0
E2023,P007201,MIL,112,83,112.0,83.0,195,195.0,0.0
E2024,P007201,MUN,83,109,83.0,109.0,192,192.0,0.0
E2025,P007201,MUN,31,41,31.0,41.0,72,72.0,0.0
E2024,P012126,MUN,2,0,2.0,0.0,2,2.0,0.0
E2020,P010628,DYR,0,1,0.0,1.0,1,1.0,0.0
E2021,P010628,DYR,3,3,3.0,3.0,6,6.0,0.0
E2011,P001389,CSK,8,4,8.0,4.0,12,12.0,0.0
E2012,P001389,CSK,1,0,1.0,0.0,1,1.0,0.0
E2013,P001389,CSK,0,0,0.0,0.0,0,0.0,0.0
E2015,P001389,TIV,76,36,76.0,36.0,112,112.0,0.0
E2016,P001389,UNK,46,26,46.0,26.0,72,72.0,0.0
E2019,P001389,DYR,55,52,55.0,52.0,107,107.0,0.0
E2020,P001389,KHI,27,26,27.0,26.0,53,53.0,0.0
E2007,PLHI,CSK,9,9,9.0,9.0,18,18.0,0.0
E2008,PLHI,CSK,5,1,5.0,1.0,6,6.0,0.0
E2009,PLHI,CSK,44,29,44.0,29.0,73,73.0,0.0
E2010,PLHI,CSK,33,35,33.0,35.0,68,68.0,0.0
E2011,PLHI,CSK,43,55,43.0,55.0,98,98.0,0.0
E2012,PLHI,CSK,30,12,30.0,12.0,42,42.0,0.0
E2013,PLHI,CSK,45,35,45.0,35.0,80,80.0,0.0
E2014,PLHI,CSK,106,100,106.0,100.0,206,206.0,0.0
E2015,PLHI,CSK,69,110,69.0,110.0,179,179.0,0.0
E2016,PLHI,CSK,87,109,87.0,109.0,196,196.0,0.0
E2017,PLHI,CSK,48,68,48.0,68.0,116,116.0,0.0
E2018,PLHI,CSK,13,33,13.0,33.0,46,46.0,0.0
E2019,PLHI,CSK,32,42,32.0,42.0,74,74.0,0.0
E2021,PLHI,UNK,35,55,35.0,55.0,90,90.0,0.0
E2008,PTFX,OLY,3,0,3.0,0.0,3,3.0,0.0
E2010,PTFX,PAN,60,0,60.0,0.0,60,60.0,0.0
E2011,PTFX,PAN,102,0,102.0,0.0,102,102.0,0.0
E2014,PTFX,GAL,23,0,23.0,0.0,23,23.0,0.0
E2015,PTFX,ZAL,179,0,179.0,0.0,179,179.0,0.0
E2017,PTFX,PAN,65,0,65.0,0.0,65,65.0,0.0
E2018,PTFX,PAN,56,1,56.0,1.0,57,57.0,0.0
E2019,PTFX,PAN,32,1,32.0,1.0,33,33.0,0.0
E2020,PTFX,PAN,3,1,3.0,1.0,4,4.0,0.0
E2010,P002841,CIB,8,2,8.0,2.0,10,10.0,0.0
E2007,PBGJ,PAR,37,0,37.0,0.0,37,37.0,0.0
E2008,PBGJ,PAR,55,0,55.0,0.0,55,55.0,0.0
E2009,PBGJ,PAR,72,0,72.0,0.0,72,72.0,0.0
E2009,PLGK,CIB,0,0,0.0,0.0,0,0.0,0.0
E2010,PLGK,CIB,18,27,18.0,27.0,45,45.0,0.0
E2010,P002869,LJU,9,3,9.0,3.0,12,12.0,0.0
E2007,PLOK,LIE,38,0,38.0,0.0,38,38.0,0.0
E2021,P010988,RED,0,0,0.0,0.0,0,0.0,0.0
E2011,PBRB,IST,97,80,97.0,80.0,177,177.0,0.0
E2012,PBRB,IST,101,85,101.0,85.0,186,186.0,0.0
E2014,PBRB,BAS,22,24,22.0,24.0,46,46.0,0.0
E2007,PAUP,PAN,2,1,2.0,1.0,3,3.0,0.0
E2008,PAUP,IST,35,36,35.0,36.0,71,71.0,0.0
E2007,PAPB,TEL,76,10,76.0,10.0,86,86.0,0.0
E2008,PAPB,OLY,162,8,162.0,8.0,170,170.0,0.0
E2009,PAPB,OLY,108,4,108.0,4.0,112,112.0,0.0
E2010,PAPB,IST,89,1,89.0,1.0,90,90.0,0.0
E2020,P010782,RED,0,0,0.0,0.0,0,0.0,0.0
E2007,PAUT,MIL,74,71,74.0,71.0,145,145.0,0.0
E2020,P009212,MAD,4,4,4.0,4.0,8,8.0,0.0
E2021,P009212,MAD,8,9,8.0,9.0,17,17.0,0.0
E2022,P009212,PAR,11,9,11.0,9.0,20,20.0,0.0
E2023,P009212,PAR,14,15,14.0,15.0,29,29.0,0.0
E2007,PTFD,CIB,27,7,27.0,7.0,34,34.0,0.0
E2008,PTFD,CIB,35,35,35.0,35.0,70,70.0,0.0
E2009,PTFD,CIB,25,42,25.0,42.0,67,67.0,0.0
E2012,PBGV,KHI,31,25,31.0,25.0,56,56.0,0.0
E2015,PBGV,KHI,21,32,21.0,32.0,53,53.0,0.0
E2017,PBGV,KHI,22,62,22.0,62.0,84,84.0,0.0
E2018,PBGV,KHI,24,27,24.0,27.0,51,51.0,0.0
E2019,PBGV,KHI,4,3,4.0,3.0,7,7.0,0.0
E2020,PBGV,KHI,17,29,17.0,29.0,46,46.0,0.0
E2007,PLDX,SOP,4,1,4.0,1.0,5,5.0,0.0
E2017,PLDX,MAL,89,103,89.0,103.0,192,192.0,0.0
E2025,P013016,ASV,0,0,0.0,0.0,0,0.0,0.0
E2009,P001924,OLY,13,3,13.0,3.0,16,16.0,0.0
E2007,PTGA,SOP,47,10,47.0,10.0,57,57.0,0.0
E2014,P005758,BER,0,0,0.0,0.0,0,0.0,0.0
E2025,P013284,HTA,47,128,47.0,128.0,175,175.0,0.0
E2020,P009866,RED,117,105,117.0,105.0,222,222.0,0.0
E2021,P009866,MUN,47,113,47.0,113.0,160,160.0,0.0
E2022,P009866,MUN,65,125,65.0,125.0,190,190.0,0.0
E2013,P005288,GSS,25,28,25.0,28.0,53,53.0,0.0
E2015,P006667,CED,31,43,31.0,43.0,74,74.0,0.0
E2024,P013403,ZAL,104,118,104.0,118.0,222,222.0,0.0
E2025,P013403,TEL,136,194,136.0,194.0,330,330.0,0.0
E2023,P012709,MCO,40,55,40.0,55.0,95,95.0,0.0
E2018,P008855,ZAL,98,44,98.0,44.0,142,142.0,0.0
E2019,P008855,ZAL,148,60,148.0,60.0,208,208.0,0.0
E2020,P008855,ZAL,130,116,130.0,116.0,246,246.0,0.0
E2021,P008855,OLY,101,101,101.0,101.0,202,202.0,0.0
E2022,P008855,OLY,133,120,133.0,120.0,253,253.0,0.0
E2023,P008855,OLY,129,169,129.0,169.0,298,298.0,0.0
E2024,P008855,OLY,44,50,44.0,50.0,94,94.0,0.0
E2025,P008855,OLY,72,98,72.0,98.0,170,170.0,0.0
E2011,P001326,BAR,34,43,34.0,43.0,77,77.0,0.0
E2012,P001326,BAR,53,60,53.0,60.0,113,113.0,0.0
E2013,P001326,MIL,42,39,42.0,39.0,81,81.0,0.0
E2008,P001237,LJU,6,12,6.0,12.0,18,18.0,0.0
E2024,P011925,ZAL,9,2,9.0,2.0,11,11.0,0.0
E2009,P001446,LJU,44,60,44.0,60.0,104,104.0,0.0
E2012,P001446,BAM,23,23,23.0,23.0,46,46.0,0.0
E2018,P009022,ZAL,36,23,36.0,23.0,59,59.0,0.0
E2020,P009022,ASV,24,17,24.0,17.0,41,41.0,0.0
E2015,P005838,BAM,160,76,160.0,76.0,236,236.0,0.0
E2016,P005838,DAR,257,145,257.0,145.0,402,402.0,0.0
E2017,P005838,ULK,192,120,192.0,120.0,312,312.0,0.0
E2024,P012610,PRS,141,193,141.0,193.0,334,334.0,0.0
E2025,P012610,OLY,120,72,120.0,72.0,192,192.0,0.0
E2007,PLCC,CIB,100,66,100.0,66.0,166,166.0,0.0
E2008,PLCC,AVE,92,50,92.0,50.0,142,142.0,0.0
E2015,P007020,OLY,18,0,18.0,0.0,18,18.0,0.0
E2024,P013370,PAR,78,50,78.0,50.0,128,128.0,0.0
E2025,P013370,PAR,148,130,148.0,130.0,278,278.0,0.0
E2007,PLSZ,ARI,53,15,53.0,15.0,68,68.0,0.0
E2010,PLSZ,ROM,122,30,122.0,30.0,152,152.0,0.0
E2012,P004223,LJU,21,3,21.0,3.0,24,24.0,0.0
E2016,P004223,OLY,50,19,50.0,19.0,69,69.0,0.0
E2025,P014013,ASV,177,152,177.0,152.0,329,329.0,0.0
E2007,PKNZ,MIL,106,1,106.0,1.0,107,107.0,0.0
E2009,PKNZ,ZAL,93,1,93.0,1.0,94,94.0,0.0
E2010,PKNZ,ZAL,70,0,70.0,0.0,70,70.0,0.0
E2022,P011971,PAM,69,138,69.0,138.0,207,207.0,0.0
E2023,P011971,TEL,83,115,83.0,115.0,198,198.0,0.0
E2018,P009449,OLY,57,13,57.0,13.0,70,70.0,0.0
E2021,P008961,ZAL,56,36,56.0,36.0,92,92.0,0.0
E2015,P006592,STR,43,44,43.0,44.0,87,87.0,0.0
E2022,P006592,VIR,72,77,72.0,77.0,149,149.0,0.0
E2011,P003443,ZAL,140,50,140.0,50.0,190,190.0,0.0
E2012,P003443,CSK,210,91,210.0,91.0,301,301.0,0.0
E2013,P003443,CSK,202,99,202.0,99.0,301,301.0,0.0
E2014,P003443,CSK,176,125,176.0,125.0,301,301.0,0.0
E2016,P003443,TEL,123,52,123.0,52.0,175,175.0,0.0
E2017,P003443,IST,62,22,62.0,22.0,84,84.0,0.0
E2018,P006245,MUN,0,0,0.0,0.0,0,0.0,0.0
E2023,P006245,MUN,3,5,3.0,5.0,8,8.0,0.0
E2020,P010391,MUN,93,94,93.0,94.0,187,187.0,0.0
E2021,P010391,MUN,92,65,92.0,65.0,157,157.0,0.0
E2022,P010391,MUN,101,130,101.0,130.0,231,231.0,0.0
E2023,P010391,MUN,50,119,50.0,119.0,169,169.0,0.0
E2024,P010391,MUN,67,138,67.0,138.0,205,205.0,0.0
E2025,P010391,IST,83,142,83.0,142.0,225,225.0,0.0
E2007,PAGQ,MAL,73,54,73.0,54.0,127,127.0,0.0
E2008,PAGQ,MAL,57,28,57.0,28.0,85,85.0,0.0
E2009,PAGQ,MAL,63,28,63.0,28.0,91,91.0,0.0
E2011,PAGQ,CHA,51,10,51.0,10.0,61,61.0,0.0
E2021,P009553,ASV,59,33,59.0,33.0,92,92.0,0.0
E2012,P002543,PAR,49,30,49.0,30.0,79,79.0,0.0
E2013,P002543,PAR,19,13,19.0,13.0,32,32.0,0.0
E2014,P002543,LMG,35,38,35.0,38.0,73,73.0,0.0
E2015,P002543,LMG,47,32,47.0,32.0,79,79.0,0.0
E2016,P002543,ZAL,114,93,114.0,93.0,207,207.0,0.0
E2017,P002543,CSK,29,40,29.0,40.0,69,69.0,0.0
E2018,P002543,ZAL,45,88,45.0,88.0,133,133.0,0.0
E2019,P002543,ULK,22,44,22.0,44.0,66,66.0,0.0
E2020,P002543,ULK,16,20,16.0,20.0,36,36.0,0.0
E2020,P002543,BAR,11,26,11.0,26.0,37,37.0,0.0
E2021,P002543,MCO,34,57,34.0,57.0,91,91.0,0.0
E2022,P011934,BER,156,0,156.0,0.0,156,156.0,0.0
E2023,P011934,BER,161,5,161.0,5.0,166,166.0,0.0
E2024,P011934,BER,206,28,206.0,28.0,234,234.0,0.0
E2017,P006505,ZAL,171,52,171.0,52.0,223,223.0,0.0
E2018,P006505,ZAL,145,42,145.0,42.0,187,187.0,0.0
E2019,P006505,MIL,16,12,16.0,12.0,28,28.0,0.0
E2020,P006505,PAN,90,74,90.0,74.0,164,164.0,0.0
E2021,P006505,RED,46,37,46.0,37.0,83,83.0,0.0
E2014,P005935,BAS,5,0,5.0,0.0,5,5.0,0.0
E2007,PTHC,ULK,66,35,66.0,35.0,101,101.0,0.0
E2014,PTHC,UNK,50,25,50.0,25.0,75,75.0,0.0
E2015,PTHC,CED,129,47,129.0,47.0,176,176.0,0.0
E2021,P006336,PAN,110,74,110.0,74.0,184,184.0,0.0
E2008,P001194,TEL,1,1,1.0,1.0,2,2.0,0.0
E2015,P006661,DAR,80,103,80.0,103.0,183,183.0,0.0
E2016,P006661,DAR,99,171,99.0,171.0,270,270.0,0.0
E2018,P006661,TEL,119,198,119.0,198.0,317,317.0,0.0
E2019,P006661,TEL,96,207,96.0,207.0,303,303.0,0.0
E2020,P006661,TEL,141,244,141.0,244.0,385,385.0,0.0
E2021,P006661,TEL,180,240,180.0,240.0,420,420.0,0.0
E2022,P006661,ULK,79,154,79.0,154.0,233,233.0,0.0
E2023,P006661,ULK,115,304,115.0,304.0,419,419.0,0.0
E2024,P006661,ULK,0,0,0.0,0.0,0,0.0,0.0
E2025,P006661,ULK,11,25,11.0,25.0,36,36.0,0.0
E2018,P009472,CAN,49,1,49.0,1.0,50,50.0,0.0
E2019,P009472,PAN,83,1,83.0,1.0,84,84.0,0.0
E2007,P000072,LEM,0,0,0.0,0.0,0,0.0,0.0
E2011,PKWY,UNK,50,63,50.0,63.0,113,113.0,0.0
E2010,P002837,SOP,29,5,29.0,5.0,34,34.0,0.0
E2018,P009006,MUN,168,108,168.0,108.0,276,276.0,0.0
E2019,P009006,ULK,114,118,114.0,118.0,232,232.0,0.0
E2020,P009006,PAM,133,71,133.0,71.0,204,204.0,0.0
E2021,P009006,TEL,146,111,146.0,111.0,257,257.0,0.0
E2022,P009006,PAN,158,150,158.0,150.0,308,308.0,0.0
E2018,P009465,BUD,16,0,16.0,0.0,16,16.0,0.0
E2015,P007013,PAN,83,23,83.0,23.0,106,106.0,0.0
E2008,P001177,AVE,53,0,53.0,0.0,53,53.0,0.0
E2018,P007982,OLY,171,81,171.0,81.0,252,252.0,0.0
E2021,P007982,MAD,106,56,106.0,56.0,162,162.0,0.0
E2022,P007982,MAD,103,39,103.0,39.0,142,142.0,0.0
E2023,P007982,OLY,182,81,182.0,81.0,263,263.0,0.0
E2024,P007982,OLY,157,70,157.0,70.0,227,227.0,0.0
E2025,P007982,ZAL,226,78,226.0,78.0,304,304.0,0.0
E2008,P001193,TEL,19,7,19.0,7.0,26,26.0,0.0
E2012,P004259,BAM,29,0,29.0,0.0,29,29.0,0.0
E2016,P004259,UNK,147,1,147.0,1.0,148,148.0,0.0
E2017,P004259,PAM,8,1,8.0,1.0,9,9.0,0.0
E2012,P004212,MAL,100,132,100.0,132.0,232,232.0,0.0
E2013,P004212,TIV,78,97,78.0,97.0,175,175.0,0.0
E2014,P004212,RED,113,130,113.0,130.0,243,243.0,0.0
E2015,P004212,RED,9,11,9.0,11.0,20,20.0,0.0
E2011,P003394,BAS,14,2,14.0,2.0,16,16.0,0.0
E2009,PKMG,MAL,9,11,9.0,11.0,20,20.0,0.0
E2012,P004198,CHL,84,1,84.0,1.0,85,85.0,0.0
E2024,P012604,TEL,104,17,104.0,17.0,121,121.0,0.0
E2024,P012604,BER,100,43,100.0,43.0,143,143.0,0.0
E2023,P009664,IST,51,90,51.0,90.0,141,141.0,0.0
E2024,P009664,IST,34,35,34.0,35.0,69,69.0,0.0
E2025,P009664,PRS,60,65,60.0,65.0,125,125.0,0.0
E2008,P000228,NAN,55,41,55.0,41.0,96,96.0,0.0
E2007,PTGW,ROA,0,5,0.0,5.0,5,5.0,0.0
E2017,P008052,OLY,34,50,34.0,50.0,84,84.0,0.0
E2022,P005478,MUN,26,25,26.0,25.0,51,51.0,0.0
E2023,P005478,MUN,6,6,6.0,6.0,12,12.0,0.0
E2022,P011940,MUN,176,117,176.0,117.0,293,293.0,0.0
E2007,PTFY,PAN,61,22,61.0,22.0,83,83.0,0.0
E2008,PTFY,MAD,17,2,17.0,2.0,19,19.0,0.0
E2009,PTFY,ROM,77,38,77.0,38.0,115,115.0,0.0
E2009,PJQE,TEL,82,55,82.0,55.0,137,137.0,0.0
E2010,PJQE,IST,35,24,35.0,24.0,59,59.0,0.0
E2014,P005851,ZGO,6,1,6.0,1.0,7,7.0,0.0
E2010,PKPQ,SOP,0,0,0.0,0.0,0,0.0,0.0
E2012,PKPQ,SOP,6,15,6.0,15.0,21,21.0,0.0
E2014,P001990,BER,41,0,41.0,0.0,41,41.0,0.0
E2014,P004691,BER,0,0,0.0,0.0,0,0.0,0.0
E2015,P003389,LMG,2,4,2.0,4.0,6,6.0,0.0
E2007,PBCE,SOP,9,7,9.0,7.0,16,16.0,0.0
E2016,P006555,RED,120,50,120.0,50.0,170,170.0,0.0
E2018,P006555,ZAL,190,68,190.0,68.0,258,258.0,0.0
E2019,P006555,TEL,68,33,68.0,33.0,101,101.0,0.0
E2021,P006555,RED,206,78,206.0,78.0,284,284.0,0.0
E2022,P006555,PAN,112,54,112.0,54.0,166,166.0,0.0
E2024,P013775,ZAL,25,9,25.0,9.0,34,34.0,0.0
E2012,P001459,BER,101,74,101.0,74.0,175,175.0,0.0
E2011,P003455,LJU,31,13,31.0,13.0,44,44.0,0.0
E2007,PTFG,IST,78,0,78.0,0.0,78,78.0,0.0
E2008,PTFG,ZAL,58,1,58.0,1.0,59,59.0,0.0
E2007,PTFV,OLY,118,74,118.0,74.0,192,192.0,0.0
E2008,PTFV,SOP,29,14,29.0,14.0,43,43.0,0.0
E2009,PTFV,SOP,176,91,176.0,91.0,267,267.0,0.0
E2007,PTEM,ARI,137,85,137.0,85.0,222,222.0,0.0
E2008,PTEM,JOV,50,26,50.0,26.0,76,76.0,0.0
E2012,PTEM,CED,73,43,73.0,43.0,116,116.0,0.0
E2010,PJXK,CHA,81,10,81.0,10.0,91,91.0,0.0
E2014,P005968,ZGO,43,7,43.0,7.0,50,50.0,0.0
E2017,P008049,BAM,124,128,124.0,128.0,252,252.0,0.0
E2025,P012606,DUB,259,74,259.0,74.0,333,333.0,0.0
E2014,P005954,PAN,24,1,24.0,1.0,25,25.0,0.0
E2023,P012878,OLY,70,4,70.0,4.0,74,74.0,0.0
E2024,P012878,OLY,69,6,69.0,6.0,75,75.0,0.0
E2025,P012878,ZAL,325,36,325.0,36.0,361,361.0,0.0
E2007,PKSU,IST,14,11,14.0,11.0,25,25.0,0.0
E2008,PKSU,BER,70,46,70.0,46.0,116,116.0,0.0
E2013,P001820,PAN,70,4,70.0,4.0,74,74.0,0.0
E2013,P001820,BAM,54,0,54.0,0.0,54,54.0,0.0
E2008,PJLA,NIO,8,13,8.0,13.0,21,21.0,0.0
E2012,PJLA,PAN,4,2,4.0,2.0,6,6.0,0.0
E2022,P011386,ASV,0,0,0.0,0.0,0,0.0,0.0
E2023,P011386,ASV,47,17,47.0,17.0,64,64.0,0.0
E2019,P010357,ASV,4,10,4.0,10.0,14,14.0,0.0
E2020,P010357,ASV,142,112,142.0,112.0,254,254.0,0.0
E2021,P010357,MAD,185,132,185.0,132.0,317,317.0,0.0
E2022,P010357,MAD,120,76,120.0,76.0,196,196.0,0.0
E2023,P010357,MAD,92,76,92.0,76.0,168,168.0,0.0
E2015,P000497,DAR,27,26,27.0,26.0,53,53.0,0.0
E2016,P000497,DAR,1,5,1.0,5.0,6,6.0,0.0
E2017,P004628,KHI,0,0,0.0,0.0,0,0.0,0.0
E2018,P004628,KHI,0,0,0.0,0.0,0,0.0,0.0
E2012,P004180,BES,0,0,0.0,0.0,0,0.0,0.0
E2024,P013368,MUN,12,6,12.0,6.0,18,18.0,0.0
E2011,PAWP,GAL,2,9,2.0,9.0,11,11.0,0.0
E2013,P004093,IST,0,0,0.0,0.0,0,0.0,0.0
E2023,P004093,IST,0,0,0.0,0.0,0,0.0,0.0
E2025,P004093,IST,0,0,0.0,0.0,0,0.0,0.0
E2023,P006372,IST,9,14,9.0,14.0,23,23.0,0.0
E2024,P006372,IST,5,6,5.0,6.0,11,11.0,0.0
E2025,P006372,IST,10,12,10.0,12.0,22,22.0,0.0
E2015,P002753,TEL,0,0,0.0,0.0,0,0.0,0.0
E2016,P002753,TEL,0,0,0.0,0.0,0,0.0,0.0
E2014,P005984,GAL,97,1,97.0,1.0,98,98.0,0.0
E2015,P005984,OLY,28,0,28.0,0.0,28,28.0,0.0
E2016,P005984,OLY,58,1,58.0,1.0,59,59.0,0.0
E2014,P005353,ULK,1,0,1.0,0.0,1,1.0,0.0
E2015,P005353,ULK,12,0,12.0,0.0,12,12.0,0.0
E2024,P005353,PAN,169,10,169.0,10.0,179,179.0,0.0
E2025,P005353,PAN,74,0,74.0,0.0,74,74.0,0.0
E2015,P005983,ULK,0,2,0.0,2.0,2,2.0,0.0
E2017,P005368,MAD,20,11,20.0,11.0,31,31.0,0.0
E2018,P005368,MAD,8,7,8.0,7.0,15,15.0,0.0
E2007,PTFF,CSK,10,0,10.0,0.0,10,10.0,0.0
E2008,PTFF,CSK,0,0,0.0,0.0,0,0.0,0.0
E2009,PTFF,CSK,1,0,1.0,0.0,1,1.0,0.0
E2010,PTFF,CSK,0,0,0.0,0.0,0,0.0,0.0
E2024,P008104,ULK,28,68,28.0,68.0,96,96.0,0.0
E2025,P008104,ULK,7,4,7.0,4.0,11,11.0,0.0
E2020,P007186,DYR,6,11,6.0,11.0,17,17.0,0.0
E2021,P007186,DYR,5,7,5.0,7.0,12,12.0,0.0
E2012,P003533,TEL,0,0,0.0,0.0,0,0.0,0.0
E2016,P006013,TEL,0,0,0.0,0.0,0,0.0,0.0
E2011,P000039,UNK,0,0,0.0,0.0,0,0.0,0.0
E2007,PLPY,SOP,4,2,4.0,2.0,6,6.0,0.0
E2008,PLPY,SOP,18,27,18.0,27.0,45,45.0,0.0
E2009,PLPY,SOP,6,13,6.0,13.0,19,19.0,0.0
E2011,PLPY,SOP,20,36,20.0,36.0,56,56.0,0.0
E2013,PLPY,GSS,40,60,40.0,60.0,100,100.0,0.0
E2015,PLPY,GSS,13,33,13.0,33.0,46,46.0,0.0
E2009,PKPV,LIE,18,40,18.0,40.0,58,58.0,0.0
E2014,PKPV,KLA,34,35,34.0,35.0,69,69.0,0.0
E2009,P001792,KHI,0,0,0.0,0.0,0,0.0,0.0
E2010,P001792,KHI,1,1,1.0,1.0,2,2.0,0.0
E2017,P001792,KHI,8,10,8.0,10.0,18,18.0,0.0
E2018,P001792,KHI,18,3,18.0,3.0,21,21.0,0.0
E2019,P001792,KHI,34,6,34.0,6.0,40,40.0,0.0
E2020,P001792,KHI,104,40,104.0,40.0,144,144.0,0.0
E2021,P001792,UNK,4,2,4.0,2.0,6,6.0,0.0
E2014,P001401,LMG,27,0,27.0,0.0,27,27.0,0.0
E2015,P001401,LMG,48,0,48.0,0.0,48,48.0,0.0
E2014,P004551,CED,13,0,13.0,0.0,13,13.0,0.0
E2015,P004551,CED,40,0,40.0,0.0,40,40.0,0.0
E2021,P007339,UNK,0,0,0.0,0.0,0,0.0,0.0
E2012,PKVO,KHI,34,5,34.0,5.0,39,39.0,0.0
E2013,PKVO,TIV,10,3,10.0,3.0,13,13.0,0.0
E2014,PLLE,ZGO,31,1,31.0,1.0,32,32.0,0.0
E2013,P005056,MUN,13,3,13.0,3.0,16,16.0,0.0
E2014,P005056,MUN,4,4,4.0,4.0,8,8.0,0.0
E2015,P005056,MUN,22,18,22.0,18.0,40,40.0,0.0
E2019,P005056,MUN,115,62,115.0,62.0,177,177.0,0.0
E2020,P005056,MUN,95,137,95.0,137.0,232,232.0,0.0
E2021,P005056,MUN,1,3,1.0,3.0,4,4.0,0.0
E2022,P005056,MUN,13,33,13.0,33.0,46,46.0,0.0
E2012,P004183,BAM,155,1,155.0,1.0,156,156.0,0.0
E2013,P004183,BAM,64,1,64.0,1.0,65,65.0,0.0
E2014,P004183,RED,81,1,81.0,1.0,82,82.0,0.0
E2015,P004183,RED,206,1,206.0,1.0,207,207.0,0.0
E2016,P004183,TEL,66,0,66.0,0.0,66,66.0,0.0
E2021,P004183,RED,27,0,27.0,0.0,27,27.0,0.0
E2007,PABN,CSK,57,30,57.0,30.0,87,87.0,0.0
E2008,PABN,CSK,63,20,63.0,20.0,83,83.0,0.0
E2009,PABN,SIE,54,18,54.0,18.0,72,72.0,0.0
E2010,PABN,SIE,85,35,85.0,35.0,120,120.0,0.0
E2011,PABN,SIE,58,27,58.0,27.0,85,85.0,0.0
E2014,PABN,ULK,60,30,60.0,30.0,90,90.0,0.0
E2014,PABN,UNK,37,19,37.0,19.0,56,56.0,0.0
E2015,PABN,BAM,124,67,124.0,67.0,191,191.0,0.0
E2016,PABN,BAM,110,73,110.0,73.0,183,183.0,0.0
E2017,PABN,BAM,94,39,94.0,39.0,133,133.0,0.0
E2021,P011220,TEL,32,11,32.0,11.0,43,43.0,0.0
E2022,P011220,TEL,8,7,8.0,7.0,15,15.0,0.0
E2007,PBXE,PAN,62,1,62.0,1.0,63,63.0,0.0
E2013,PBXE,TEL,9,0,9.0,0.0,9,9.0,0.0
E2016,P004554,DAR,111,1,111.0,1.0,112,112.0,0.0
E2020,P004554,TEL,231,0,231.0,0.0,231,231.0,0.0
E2021,P004554,TEL,234,0,234.0,0.0,234,234.0,0.0
E2022,P004554,IST,145,0,145.0,0.0,145,145.0,0.0
E2023,P004554,VIR,47,0,47.0,0.0,47,47.0,0.0
E2023,P004554,IST,49,0,49.0,0.0,49,49.0,0.0
E2024,P004554,VIR,134,0,134.0,0.0,134,134.0,0.0
E2015,P006625,TEL,0,0,0.0,0.0,0,0.0,0.0
E2017,P006625,TEL,9,11,9.0,11.0,20,20.0,0.0
E2018,P006625,TEL,42,32,42.0,32.0,74,74.0,0.0
E2019,P006625,TEL,66,39,66.0,39.0,105,105.0,0.0
E2020,P006625,TEL,12,18,12.0,18.0,30,30.0,0.0
E2021,P006625,BER,86,81,86.0,81.0,167,167.0,0.0
E2022,P006625,BER,84,72,84.0,72.0,156,156.0,0.0
E2007,PBCB,CIB,5,0,5.0,0.0,5,5.0,0.0
E2011,PBCB,MAL,139,0,139.0,0.0,139,139.0,0.0
E2012,PBCB,MAL,203,0,203.0,0.0,203,203.0,0.0
E2013,PBCB,ULK,150,1,150.0,1.0,151,151.0,0.0
E2014,PBCB,ULK,96,0,96.0,0.0,96,96.0,0.0
E2015,PBCB,CED,73,0,73.0,0.0,73,73.0,0.0
E2008,PBOX,NIO,25,18,25.0,18.0,43,43.0,0.0
E2010,P003070,PAN,1,1,1.0,1.0,2,2.0,0.0
E2012,P002025,CSK,2,1,2.0,1.0,3,3.0,0.0
E2013,P002025,CSK,1,1,1.0,1.0,2,2.0,0.0
E2014,P002025,CSK,1,4,1.0,4.0,5,5.0,0.0
E2015,P002025,TIV,3,2,3.0,2.0,5,5.0,0.0
E2008,PLJP,CIB,2,2,2.0,2.0,4,4.0,0.0
E2009,PLJP,CIB,23,19,23.0,19.0,42,42.0,0.0
E2010,PLJP,CIB,47,23,47.0,23.0,70,70.0,0.0
E2014,PLJP,CED,24,33,24.0,33.0,57,57.0,0.0
E2015,PLJP,CED,6,9,6.0,9.0,15,15.0,0.0
E2013,P003573,TIV,33,27,33.0,27.0,60,60.0,0.0
E2015,P003573,TIV,52,42,52.0,42.0,94,94.0,0.0
E2017,P003573,KHI,26,18,26.0,18.0,44,44.0,0.0
E2018,P003573,KHI,58,30,58.0,30.0,88,88.0,0.0
E2019,P003573,DYR,31,25,31.0,25.0,56,56.0,0.0
E2020,P003573,DYR,88,61,88.0,61.0,149,149.0,0.0
E2021,P003573,DYR,47,44,47.0,44.0,91,91.0,0.0
E2018,P009033,BUD,0,0,0.0,0.0,0,0.0,0.0
E2007,PADX,ZAL,59,0,59.0,0.0,59,59.0,0.0
E2008,PADX,ZAL,12,0,12.0,0.0,12,12.0,0.0
E2007,PLHD,LJU,52,23,52.0,23.0,75,75.0,0.0
E2008,PLHD,LJU,31,31,31.0,31.0,62,62.0,0.0
E2008,PKON,BER,0,1,0.0,1.0,1,1.0,0.0
E2015,P005701,GSS,0,0,0.0,0.0,0,0.0,0.0
