player_id,original_name,normalized_search_name,selected_page_title,wikipedia_url,raw_position,position_wiki,status,manual_review_reason,candidate_titles,first_position_rule_applied,match_method,name_source,birth_year_wiki,birth_evidence,identity_accept_reason
P003733,"ABALDE, ALBERTO",Alberto Abalde,Alberto Abalde,https://en.wikipedia.org/wiki/Alberto_Abalde,Small forward / shooting guard,Small Forward,matched,,Alberto Abalde; Tamara Abalde; 2026 EuroLeague Final Four; 2023 EuroLeague Final Four; 2025–26 EuroLeague regular season,True,direct,bio_name,1995.0,exact_match,exact_birth_year
P003527,"ABASS, AWUDU",Awudu Abass,Awudu Abass,https://en.wikipedia.org/wiki/Awudu_Abass,Small forward,Small Forward,matched,,Awudu Abass; Dubai Basketball; Italy men's national basketball team; List of 2025–26 EuroLeague transactions; List of 2024–25 EuroLeague transactions,False,direct,bio_name,1993.0,exact_match,exact_birth_year
P002414,"ABIA, LARRY",Larry Abia,Larry Abia,https://en.wikipedia.org/wiki/Larry_Abia,Small forward,Small Forward,matched,,Larry Abia; Rosters of the top basketball teams in European club competitions; Deaths in April 2024; List of Seventh-day Adventists; May 1982,False,direct,bio_name,1993.0,exact_match,exact_birth_year
PAWH,"ABI, MUSTAFA",Mustafa Abi,Mustafa Abi,https://en.wikipedia.org/wiki/Mustafa_Abi,Shooting guard / point guard,Shooting Guard,matched,,Mustafa Abi; Fenerbahçe S.K. (basketball); Anadolu Efes S.K.; Fenerbahçe (men's basketball) past rosters; Rosters of the top basketball teams in European club competitions; Euroleague 2008–09 Rosters,True,direct,bio_name,1979.0,exact_match,exact_birth_year
P012298,"ABOSI, VENIAMIN",Veniamin Abosi,Olympiacos B.C.,https://en.wikipedia.org/wiki/Olympiacos_B.C.,,,page_found_not_basketball_player,Wikipedia page(s) found but none identifiable as a basketball-biography page,Olympiacos B.C.,False,search,bio_name,,unavailable,
PLNW,"ABOUBAKAR ZAKI, AMADOU",Amadou Aboubakar Zaki,Amadou Aboubakar Zaki,https://en.wikipedia.org/wiki/Amadou_Aboubakar_Zaki,Power forward / center,Power Forward,matched,,Amadou Aboubakar Zaki,True,direct,bio_name,1988.0,exact_match,exact_birth_year
P004191,"ABOUDOU, JORDAN",Jordan Aboudou,Jordan Aboudou,https://en.wikipedia.org/wiki/Jordan_Aboudou,Small forward,Small Forward,matched,,Jordan Aboudou; Rosters of the top basketball teams in European club competitions; 2017 Basketball Champions League Final Four; France at the 2024 Summer Olympics,False,direct,bio_name,1991.0,exact_match,exact_birth_year
P003478,"ABRINES, ALEX",Alex Abrines,Álex Abrines,https://en.wikipedia.org/wiki/Álex_Abrines,Small forward / shooting guard,Small Forward,matched,,Álex Abrines; EuroLeague Rising Star; 2023 EuroLeague Final Four; Spain men's national basketball team; FC Barcelona Bàsquet,True,direct,bio_name,1993.0,exact_match,exact_birth_year
P005199,"ABROMAITIS, TIM",Tim Abromaitis,Tim Abromaitis,https://en.wikipedia.org/wiki/Tim_Abromaitis,Power forward,Power Forward,matched,,Tim Abromaitis; 2018–19 Basketball Champions League; List of 2019–20 EuroLeague transactions; SIG Strasbourg; 2019–20 BC Zenit Saint Petersburg season,False,direct,bio_name,1989.0,exact_match,exact_birth_year
P013027,"ACCORSI, MATTEO",Matteo Accorsi,2025–26 Virtus Bologna season,https://en.wikipedia.org/wiki/2025–26_Virtus_Bologna_season,,,page_found_not_basketball_player,Wikipedia page(s) found but none identifiable as a basketball-biography page,2025–26 Virtus Bologna season; Bologna; List of people from Italy,False,search,bio_name,,unavailable,
PAWM,"ACIK, TUTKU",Tutku Acik,Tutku Açık,https://en.wikipedia.org/wiki/Tutku_Açık,Head coach,,position_text_unrecognized,Could not map position text to a canonical position: 'Head coach',Tutku Açık; Galatasaray S.K. (men's basketball); 2009–10 Eurocup Basketball; Turkish Basketball Super League All-Star Game; Trabzonspor B.K.,False,direct,bio_name,,unavailable,
PLGC,"ACKER, ALEX",Alex Acker,Alex Acker,https://en.wikipedia.org/wiki/Alex_Acker,Shooting guard,Shooting Guard,matched,,Alex Acker; Arka Gdynia (basketball); Olympiacos B.C.; Limoges CSP; 2011–12 Dutch Basketball League,False,direct,bio_name,1983.0,exact_match,exact_birth_year
P009847,"ACY, QUINCY",Quincy Acy,Quincy Acy,https://en.wikipedia.org/wiki/Quincy_Acy,Power forward,Power Forward,matched,,Quincy Acy; 2019–20 EuroLeague; Olympiacos B.C.; 2022 EuroLeague Final Four; 2015–16 New York Knicks season,False,direct,bio_name,1990.0,exact_match,exact_birth_year
P005795,"ADAMS, DARIUS",Darius Adams,Darius Adams,https://en.wikipedia.org/wiki/Darius_Adams,Point guard,Point Guard,matched,,Darius Adams; Basketball Champions League Asia; Saski Baskonia; 2016 Euroleague Final Four; EuroLeague MVP of the Round,False,direct,bio_name,1989.0,exact_match,exact_birth_year
P012056,"ADAMS, JALEN",Jalen Adams,Jalen Adams,https://en.wikipedia.org/wiki/Jalen_Adams,Point guard / shooting guard,Point Guard,matched,,Jalen Adams; Luka Dončić; R. J. Cole; Aleksandar Vezenkov; Saski Baskonia,True,direct,bio_name,1995.0,exact_match,exact_birth_year
P011963,"ADAMS, JAYLEN",Jaylen Adams,Jaylen Adams,https://en.wikipedia.org/wiki/Jaylen_Adams,Point guard,Point Guard,matched,,Jaylen Adams; Jaylen Nowell; Jaylen Hoard; Josh Adams (basketball); KK Crvena zvezda; EuroLeague MVP of the Round,False,direct,bio_name,1996.0,exact_match,exact_birth_year
P007872,"ADAMS, JOSH",Josh Adams,Josh Adams (basketball),https://en.wikipedia.org/wiki/Josh_Adams_(basketball),Point guard / shooting guard,Point Guard,matched,,Josh Adams; Josh Adams (basketball); Luka Dončić; EuroLeague MVP of the Round; 2025–26 Chicago Bulls season; Anadolu Efes S.K.,True,search,bio_name,1993.0,exact_match,exact_birth_year
P002532,"ADJAGBA, ULYSSE",Ulysse Adjagba,Ulysse Adjagba,https://en.wikipedia.org/wiki/Ulysse_Adjagba,Point guard,Point Guard,matched,,Ulysse Adjagba; Rosters of the top basketball teams in European club competitions,False,direct,bio_name,1993.0,exact_match,exact_birth_year
PJIX,"AGADAKOS, LAZAROS",Lazaros Agadakos,Lazaros Agadakos,https://en.wikipedia.org/wiki/Lazaros_Agadakos,Power forward / center,Power Forward,matched,,Lazaros Agadakos; PAOK BC; Aris B.C.; Olympiacos B.C.; Maroussi B.C.,True,direct,bio_name,1980.0,exact_match,exact_birth_year
P004429,"AGRAVANIS, DIMITRIS",Dimitris Agravanis,Dimitrios Agravanis,https://en.wikipedia.org/wiki/Dimitrios_Agravanis,Power forward / center,Power Forward,matched,,Dimitrios Agravanis; Greece men's national basketball team; Panathinaikos B.C.; AEK B.C.; Olympiacos B.C.,True,direct,bio_name,1994.0,exact_match,exact_birth_year
PKSF,"AGUILAR, PABLO",Pablo Aguilar,Pablo Aguilar (basketball),https://en.wikipedia.org/wiki/Pablo_Aguilar_(basketball),Power forward,Power Forward,matched,,Pablo Aguilar; Pablo Aguilar (basketball); Real Madrid Baloncesto; Valencia Basket; Spain men's national basketball team; 2014–15 Euroleague squads,False,search,bio_name,1989.0,exact_match,exact_birth_year
P005171,"AHEARN, BLAKE",Blake Ahearn,Blake Ahearn,https://en.wikipedia.org/wiki/Blake_Ahearn,Point guard,Point Guard,matched,,Blake Ahearn; NBA G League; NBA 2K; NBA 2K16; 2026–27 Chicago Bulls season,False,direct,bio_name,1984.0,exact_match,exact_birth_year
PLHF,"AJINCA, ALEXIS",Alexis Ajinca,Alexis Ajinça,https://en.wikipedia.org/wiki/Alexis_Ajinça,Center,Center,matched,,Alexis Ajinça; Melvin Ajinça; France men's national basketball team; LNB Élite; Wesley Johnson (basketball),False,direct,bio_name,1988.0,exact_match,exact_birth_year
P010316,"AJINCA, MELVIN",Melvin Ajinca,Melvin Ajinça,https://en.wikipedia.org/wiki/Melvin_Ajinça,Small forward,Small Forward,matched,,Melvin Ajinça; Alexis Ajinça; List of 2026–27 EuroLeague transactions; Ariel Hukporti; Petteri Koponen,False,direct,bio_name,2004.0,exact_match,exact_birth_year
P007647,"AKAY, MERT",Mert Akay,Mert Akay,https://en.wikipedia.org/wiki/Mert_Akay,Point guard,Point Guard,matched,,Mert Akay; Basketball League of Serbia,False,direct,bio_name,2000.0,exact_match,exact_birth_year
P011816,"AKELE, NICOLA",Nicola Akele,Nicola Akele,https://en.wikipedia.org/wiki/Nicola_Akele,Power forward / small forward,Power Forward,matched,,Nicola Akele; List of 2026–27 EuroLeague transactions; Olimpia Milano; Great Britain men's national basketball team; Lithuania men's national basketball team,True,direct,bio_name,1995.0,exact_match,exact_birth_year
P000728,"AKINDELE, JELEEL",Jeleel Akindele,Deji Akindele,https://en.wikipedia.org/wiki/Deji_Akindele,Center,Center,matched,,Deji Akindele; Lebanese Basketball League; Rosters of the top basketball teams in European club competitions; 2014–15 ACB season,False,direct,bio_name,1983.0,exact_match,exact_birth_year
PJVE,"AKIN, CAN",Can Akin,Can Akın,https://en.wikipedia.org/wiki/Can_Akın,Point guard,Point Guard,matched,,Can Akın; Fenerbahçe S.K. (women's basketball); Galatasaray S.K. (men's basketball); Didem Akın; Galatasaray S.K. women's basketball team rosters,False,direct,bio_name,1983.0,exact_match,exact_birth_year
P000645,"AKINGBALA, AKIN",Akin Akingbala,Akin Akingbala,https://en.wikipedia.org/wiki/Akin_Akingbala,Power forward / center,Power Forward,matched,,Akin Akingbala; Lynn Greer; BK Ventspils; Latvian Basketball All-Star Game; EuroCup Basketball individual statistics,True,direct,bio_name,1983.0,exact_match,exact_birth_year
P007394,"AKOGNON, JOSH",Josh Akognon,Josh Akognon,https://en.wikipedia.org/wiki/Josh_Akognon,Point guard,Point Guard,matched,,Josh Akognon; Chinese Basketball Association; Baltic Basketball League; 2016–17 Saski Baskonia season; BC Rytas,False,direct,bio_name,1986.0,exact_match,exact_birth_year
P004056,"AKPINAR, ISMET",Ismet Akpinar,İsmet Akpınar,https://en.wikipedia.org/wiki/İsmet_Akpınar,Point guard / shooting guard,Point Guard,matched,,İsmet Akpınar; Fenerbahçe S.K. (basketball); FC Bayern Munich (basketball); Bahçeşehir Koleji S.K.; BeoBasket,True,direct,bio_name,1995.0,exact_match,exact_birth_year
PBXK,"AKYOL, CENK",Cenk Akyol,Cenk Akyol,https://en.wikipedia.org/wiki/Cenk_Akyol,Shooting guard / small forward,Shooting Guard,matched,,Cenk Akyol; Galatasaray S.K. (men's basketball); Anadolu Efes S.K.; Turkey men's national basketball team; 2026–27 Anadolu Efes S.K. season,True,direct,bio_name,1987.0,exact_match,exact_birth_year
P006785,"ALBER, EIDAN",Eidan Alber,2018–19 Israeli Basketball National League,https://en.wikipedia.org/wiki/2018–19_Israeli_Basketball_National_League,,,page_found_not_basketball_player,Wikipedia page(s) found but none identifiable as a basketball-biography page,2018–19 Israeli Basketball National League; Ironi Nahariya; List of 2020–21 EuroLeague transactions; Maccabi Tel Aviv B.C. past rosters; 2019–20 Israeli Basketball State Cup,False,search,bio_name,,unavailable,
P003425,"ALBICY, ANDREW",Andrew Albicy,Andrew Albicy,https://en.wikipedia.org/wiki/Andrew_Albicy,Point guard,Point Guard,matched,,Andrew Albicy; France men's national basketball team; 2021–22 EuroCup Basketball; Deni Avdija; EuroCup Basketball All-EuroCup Team,False,direct,bio_name,1990.0,exact_match,exact_birth_year
P003328,"ALDEMIR, FURKAN",Furkan Aldemir,Furkan Aldemir,https://en.wikipedia.org/wiki/Furkan_Aldemir,Power forward / center,Power Forward,matched,,Furkan Aldemir; Galatasaray S.K. (men's basketball); Karşıyaka Basket; Turkey men's national basketball team; 2013–14 Euroleague,True,direct,bio_name,1991.0,exact_match,exact_birth_year
PCIT,"ALEKSANDROV, NEMANJA",Nemanja Aleksandrov,Nemanja Aleksandrov,https://en.wikipedia.org/wiki/Nemanja_Aleksandrov,Power forward / small forward,Power Forward,matched,,Nemanja Aleksandrov; Basketball League of Serbia; Serbia men's national under-18 basketball team; KK FMP (1991–2011); Dragan Šakota,True,direct,bio_name,1987.0,exact_match,exact_birth_year
P001206,"ALEKSIC, VUKASIN",Vukasin Aleksic,Vukašin Aleksić,https://en.wikipedia.org/wiki/Vukašin_Aleksić,Point guard,Point Guard,matched,,Vukašin Aleksić; Rosters of the top basketball teams in European club competitions; KK Radnički Kragujevac (2009–2014); Mile Ilić; Serbia men's national under-20 basketball team,False,direct,bio_name,1985.0,exact_match,exact_birth_year
P006195,"ALEXANDER, JOE",Joe Alexander,Joe Alexander,https://en.wikipedia.org/wiki/Joe_Alexander,Power forward,Power Forward,matched,,Joe Alexander; Fenerbahçe S.K. (basketball); 50 Greatest EuroLeague Contributors (2008); Victor Alexander; Joe Ragland,False,direct,bio_name,1986.0,exact_match,exact_birth_year
P011973,"ALEXANDER, KYLE",Kyle Alexander,Kyle Alexander,https://en.wikipedia.org/wiki/Kyle_Alexander,Centre / power forward,Center,matched,,Kyle Alexander; Fenerbahçe S.K. (basketball); PBC CSKA Moscow; EuroLeague Championship Game; Kayla Alexander,True,direct,bio_name,1996.0,exact_match,exact_birth_year
PJCF,"ALIJEVAS, ROLANDAS",Rolandas Alijevas,Rolandas Alijevas,https://en.wikipedia.org/wiki/Rolandas_Alijevas,Point guard / shooting guard,Point Guard,matched,,Rolandas Alijevas; ASVEL Basket; Euroleague Basketball Next Generation Tournament; BC Šiauliai; Rosters of the top basketball teams in European club competitions,True,direct,bio_name,1985.0,exact_match,exact_birth_year
PLII,"ALLERME, CLEMENT",Clement Allerme,,,,,no_page_found,Wikipedia search returned no results,,False,,bio_name,,unavailable,
P010105,"ALMANSA, IZAN",Izan Almansa,Izan Almansa,https://en.wikipedia.org/wiki/Izan_Almansa,Center / power forward,Center,matched,,Izan Almansa; 2026 EuroLeague Final Four; List of 2025–26 EuroLeague transactions; 2026 in sports; Real Madrid Baloncesto,True,direct,bio_name,2005.0,exact_match,exact_birth_year
P002810,"ALMAZAN, PABLO",Pablo Almazan,CB San Pablo Burgos,https://en.wikipedia.org/wiki/CB_San_Pablo_Burgos,,,page_found_not_basketball_player,Wikipedia page(s) found but none identifiable as a basketball-biography page,CB San Pablo Burgos; 2022–23 ACB season; 2019–20 ACB season; 2020–21 ACB season; 2019 FIBA Basketball World Cup squads,False,search,bio_name,,unavailable,
P010623,"ALOCEN, CARLOS",Carlos Alocen,Carlos Alocén,https://en.wikipedia.org/wiki/Carlos_Alocén,Point guard,Point Guard,matched,,Carlos Alocén; Real Madrid Baloncesto; Spain men's national basketball team; 2025–26 FC Barcelona Bàsquet season; 2019–20 Basketball Champions League,False,direct,bio_name,2000.0,exact_match,exact_birth_year
P014005,"ALSTON JR., DERRICK",Derrick Alston Jr.,Derrick Alston Jr.,https://en.wikipedia.org/wiki/Derrick_Alston_Jr.,Power forward,Power Forward,matched,,Derrick Alston Jr.; Real Madrid Baloncesto; List of 2025–26 EuroLeague transactions; 2024–25 Basketball Champions League; Bàsquet Manresa,False,direct,bio_name,1997.0,exact_match,exact_birth_year
P004992,"ALTINTIG, CAN",Can Altintig,Can Altıntığ,https://en.wikipedia.org/wiki/Can_Altıntığ,Shooting guard,Shooting Guard,matched,,Can Altıntığ; Fenerbahçe S.K. (basketball); 2014–15 Fenerbahçe S.K. (basketball) season; 2015–16 Fenerbahçe S.K. (basketball) season; Rosters of the top basketball teams in European club competitions; Fenerbahçe (men's basketball) past rosters,False,direct,bio_name,1987.0,exact_match,exact_birth_year
P002875,"ALTIT, BEN",Ben Altit,Ben Altit,https://en.wikipedia.org/wiki/Ben_Altit,Center,Center,matched,,Ben Altit; 2026–27 U-BT Cluj-Napoca season; Maccabi Tel Aviv B.C.; Rosters of the champion and finalist teams of EuroLeague; David Blatt,False,direct,bio_name,1993.0,exact_match,exact_birth_year
P012417,"ALTUNTAS, SALIH",Salih Altuntas,2023–24 Anadolu Efes S.K. season,https://en.wikipedia.org/wiki/2023–24_Anadolu_Efes_S.K._season,,,page_found_not_basketball_player,Wikipedia page(s) found but none identifiable as a basketball-biography page,2023–24 Anadolu Efes S.K. season; 2024 Turkish Basketball Cup,False,search,bio_name,,unavailable,
PAPH,"ALVERTIS, FRAGISKOS",Fragiskos Alvertis,Fragiskos Alvertis,https://en.wikipedia.org/wiki/Fragiskos_Alvertis,Small forward,Small Forward,matched,,Fragiskos Alvertis; Greece men's national basketball team; 2007 Euroleague Final Four; EuroLeague Championship Game; Rosters of the champion and finalist teams of EuroLeague,False,direct,bio_name,1974.0,exact_match,exact_birth_year
P005059,"ALVITI, DAVIDE",Davide Alviti,Davide Alviti,https://en.wikipedia.org/wiki/Davide_Alviti,Small forward,Small Forward,matched,,Davide Alviti; 2021–22 Olimpia Milano season; List of 2021–22 EuroLeague transactions; 2019–20 Universo Treviso Basket season; Pallacanestro Varese,False,direct,bio_name,1996.0,exact_match,exact_birth_year
PCNZ,"AMAGOU, PAPE-PHILIPPE",Pape-philippe Amagou,Pape-Philippe Amagou,https://en.wikipedia.org/wiki/Pape-Philippe_Amagou,Point guard,Point Guard,matched,,Pape-Philippe Amagou; Limoges CSP; Le Mans Sarthe Basket; LNB All-Star Game; Rosters of the top basketball teams in European club competitions,False,search,bio_name,1985.0,exact_match,exact_birth_year
P008977,"AMAIZE, ROBIN",Robin Amaize,2019–20 FC Bayern Munich (basketball) season,https://en.wikipedia.org/wiki/2019–20_FC_Bayern_Munich_(basketball)_season,,,page_found_not_basketball_player,Wikipedia page(s) found but none identifiable as a basketball-biography page,2019–20 FC Bayern Munich (basketball) season; Rostock Seawolves; List of 2019–20 EuroLeague transactions; List of 2018–19 EuroLeague transactions; 2018 BBL-Pokal,False,search,bio_name,,unavailable,
P002851,"AMATO, ANDREA",Andrea Amato,Peristeri B.C.,https://en.wikipedia.org/wiki/Peristeri_B.C.,,,page_found_not_basketball_player,Wikipedia page(s) found but none identifiable as a basketball-biography page,Peristeri B.C.; 2016–17 Olimpia Milano season; 2015 Italian Basketball Supercup; 2016 Italian Basketball Supercup; 2016 Italian Basketball Cup,False,search,bio_name,,unavailable,
P012378,"AMINI, MOHAMMAD",Mohammad Amini,Mohammad Amini,https://en.wikipedia.org/wiki/Mohammad_Amini,Guard,,position_text_unrecognized,Could not map position text to a canonical position: 'Guard',Mohammad Amini; Iran men's national basketball team; SLUC Nancy Basket; 2023 FIBA Basketball World Cup squads; Police brutality by country; 2022,False,direct,bio_name,,unavailable,
PBZO,"ANAGONYE, ALOYSIUS",Aloysius Anagonye,Aloysius Anagonye,https://en.wikipedia.org/wiki/Aloysius_Anagonye,Power forward / center,Power Forward,matched,,Aloysius Anagonye; ABA League; Rosters of the top basketball teams in European club competitions; Metropolitans 92; Pallacanestro Don Bosco Livorno,True,direct,bio_name,1981.0,exact_match,exact_birth_year
PAKT,"ANDERSEN, DAVID",David Andersen,David Andersen,https://en.wikipedia.org/wiki/David_Andersen,Power forward / centre,Power Forward,matched,,David Andersen; Fenerbahçe S.K. (basketball); All-EuroLeague Team; PBC CSKA Moscow; EuroLeague career statistical leaders,True,direct,bio_name,1980.0,exact_match,exact_birth_year
PTGV,"ANDERSON, ALAN",Alan Anderson,Alan Anderson (basketball),https://en.wikipedia.org/wiki/Alan_Anderson_(basketball),Shooting guard / small forward,Shooting Guard,matched,,Alan Anderson; Alan Anderson (basketball); FC Barcelona Bàsquet; Maccabi Tel Aviv B.C.; EuroLeague MVP of the Month; BC Zenit Saint Petersburg,True,search,bio_name,1982.0,exact_match,exact_birth_year
P005938,"ANDERSON, JAMES",James Anderson,James Anderson (basketball),https://en.wikipedia.org/wiki/James_Anderson_(basketball),Small forward / shooting guard,Small Forward,matched,,James Anderson; James Anderson (basketball); Anderson Varejão; 2022 EuroLeague Final Four; Maccabi Tel Aviv B.C.; Alan Anderson (basketball),True,search,bio_name,1989.0,exact_match,exact_birth_year
P012795,"ANDERSON, JUSTIN",Justin Anderson,Justin Anderson (basketball),https://en.wikipedia.org/wiki/Justin_Anderson_(basketball),Small forward,Small Forward,matched,,"Justin Anderson; Justin Anderson (basketball); Dubai Basketball; Justin Robinson (basketball, born 1997); FC Barcelona Bàsquet; List of 2025–26 EuroLeague transactions",False,search,bio_name,1993.0,exact_match,exact_birth_year
P000183,"ANDERSON, LUKE",Luke Anderson,Justin Anderson (basketball),https://en.wikipedia.org/wiki/Justin_Anderson_(basketball),,,page_found_identity_mismatch,Selected page's birth year (1993) clearly differs from players_bio.csv (1982); rejected as a different person.,Big Brother (British TV series) series 13; Dubai Basketball; Justin Anderson (basketball); BC Zenit Saint Petersburg; EuroLeague MVP of the Round; Olympiacos B.C.,False,search,bio_name,1993.0,clear_mismatch,
P011248,"ANDREWS, ANDREW",Andrew Andrews,Andrew Andrews,https://en.wikipedia.org/wiki/Andrew_Andrews,Shooting guard / point guard,Shooting Guard,matched,,Andrew Andrews; 2023–24 EuroCup Basketball; 2021–22 EuroCup Basketball; EuroCup Basketball MVP of the Round; Panathinaikos B.C.,True,direct,bio_name,1993.0,exact_match,exact_birth_year
PJDQ,"ANDRIC, LUKSA",Luksa Andric,Lukša Andrić,https://en.wikipedia.org/wiki/Lukša_Andrić,Center,Center,matched,,Lukša Andrić; Galatasaray S.K. (men's basketball); KK Cedevita; Türk Telekom B.K.; Premijer liga (Croatian basketball),False,direct,bio_name,1985.0,exact_match,exact_birth_year
P002574,"ANDRIC, MIHAJLO",Mihajlo Andric,Mihajlo Andrić,https://en.wikipedia.org/wiki/Mihajlo_Andrić,Small forward / shooting guard,Small Forward,matched,,Mihajlo Andrić; Nikola Milutinov; KK Partizan; Kolossos Rodou B.C.; Promitheas Patras B.C.,True,direct,bio_name,1994.0,exact_match,exact_birth_year
P000956,"ANDJUSIC, DANILO",Danilo Andjusic,Danilo Anđušić,https://en.wikipedia.org/wiki/Danilo_Anđušić,Shooting guard,Shooting Guard,matched,,Danilo Anđušić; List of 2025–26 EuroLeague transactions; List of 2022–23 EuroLeague transactions; List of 2021–22 EuroLeague transactions; 2016–17 VTB United League,False,direct,bio_name,1991.0,exact_match,exact_birth_year
P010465,"ANGOLA, BRAIAN",Braian Angola,Braian Angola,https://en.wikipedia.org/wiki/Braian_Angola,Small forward / shooting guard,Small Forward,matched,,Braian Angola; 2025–26 EuroLeague; Galatasaray S.K. (men's basketball); 2024–25 EuroCup Basketball; List of 2025–26 EuroLeague transactions,True,direct,bio_name,1994.0,exact_match,exact_birth_year
P004327,"ANIKIIENKO, KOSTIANTYN",Kostiantyn Anikiienko,Rosters of the top basketball teams in European club competitions,https://en.wikipedia.org/wiki/Rosters_of_the_top_basketball_teams_in_European_club_competitions,,,page_found_not_basketball_player,Wikipedia page(s) found but none identifiable as a basketball-biography page,Rosters of the top basketball teams in European club competitions,False,search,bio_name,,unavailable,
PTFN,"ANISIMOV, MICHAILIS",Michailis Anisimov,Rosters of the top basketball teams in European club competitions,https://en.wikipedia.org/wiki/Rosters_of_the_top_basketball_teams_in_European_club_competitions,,,page_found_not_basketball_player,Wikipedia page(s) found but none identifiable as a basketball-biography page,Rosters of the top basketball teams in European club competitions; Baltic Basketball All-Star Game,False,search,bio_name,,unavailable,
P011221,"ANTETOKOUNMPO, KOSTAS",Kostas Antetokounmpo,Kostas Antetokounmpo,https://en.wikipedia.org/wiki/Kostas_Antetokounmpo,Center,Center,matched,,Kostas Antetokounmpo; Thanasis Antetokounmpo; Giannis Antetokounmpo; Fenerbahçe S.K. (basketball); Olympiacos B.C.,False,direct,bio_name,1997.0,exact_match,exact_birth_year
P007865,"ANTETOKOUNMPO, THANASIS",Thanasis Antetokounmpo,Thanasis Antetokounmpo,https://en.wikipedia.org/wiki/Thanasis_Antetokounmpo,Power forward / small forward,Power Forward,matched,,Thanasis Antetokounmpo; Kostas Antetokounmpo; Giannis Antetokounmpo; Greece men's national basketball team; Panathinaikos B.C.,True,direct,bio_name,1992.0,exact_match,exact_birth_year
PBAE,"ANTIC, PERO",Pero Antic,Pero Antić,https://en.wikipedia.org/wiki/Pero_Antić,Power forward / center,Power Forward,matched,,Pero Antić; Fenerbahçe S.K. (basketball); EuroLeague 2010–2020 All-Decade Team; Basketball League of Serbia; Olympiacos B.C.,True,direct,bio_name,1982.0,exact_match,exact_birth_year
P002026,"ANTIPOV, PAVEL",Pavel Antipov,Pavel Antipov,https://en.wikipedia.org/wiki/Pavel_Antipov,Power forward,Power Forward,matched,,Pavel Antipov; BC Zenit Saint Petersburg; BC UNICS; Rosters of the top basketball teams in European club competitions; List of 2016–17 EuroLeague transactions,False,direct,bio_name,1991.0,exact_match,exact_birth_year
P004941,"ANTONOV, SEMEN",Semen Antonov,Semyon Antonov,https://en.wikipedia.org/wiki/Semyon_Antonov,Power forward,Power Forward,matched,,Semyon Antonov; Russia men's national basketball team; Rosters of the top basketball teams in European club competitions; 2017 VTB United League Playoffs; List of 2016–17 EuroLeague transactions,False,direct,bio_name,1989.0,exact_match,exact_birth_year
P000781,"APARICIO, ANGEL",Angel Aparicio,Rosters of the top basketball teams in European club competitions,https://en.wikipedia.org/wiki/Rosters_of_the_top_basketball_teams_in_European_club_competitions,,,page_found_not_basketball_player,Wikipedia page(s) found but none identifiable as a basketball-biography page,Rosters of the top basketball teams in European club competitions; List of Spanish association football families; Real Betis; Mexico City; List of programs broadcast by Telecinco,False,search,bio_name,,unavailable,
P003945,"APIC, DRAGAN",Dragan Apic,Dragan Apić,https://en.wikipedia.org/wiki/Dragan_Apić,Center / power forward,Center,matched,,Dragan Apić; KK Crvena zvezda; 2018–19 EuroCup Basketball; 2018–19 ABA League First Division; 2017–18 KK Crvena zvezda season,True,direct,bio_name,1995.0,exact_match,exact_birth_year
PAOC,"APOSTOLIDIS, GEORGIOS",Georgios Apostolidis,Georgios Apostolidis,https://en.wikipedia.org/wiki/Georgios_Apostolidis,Shooting guard / small forward,Shooting Guard,matched,,Georgios Apostolidis; Panathinaikos B.C.; AEK B.C.; Greece men's national basketball team; PAOK BC,True,direct,bio_name,1984.0,exact_match,exact_birth_year
PTEQ,"ARADORI, PIETRO",Pietro Aradori,Pietro Aradori,https://en.wikipedia.org/wiki/Pietro_Aradori,Shooting guard / small forward,Shooting Guard,matched,,Pietro Aradori; Basketball Champions League; Italy men's national basketball team; EuroLeague MVP of the Round; 2019 Basketball Champions League Final,True,direct,bio_name,1988.0,exact_match,exact_birth_year
P003263,"ARANITOVIC, PETAR",Petar Aranitovic,Petar Aranitović,https://en.wikipedia.org/wiki/Petar_Aranitović,Point guard / shooting guard,Point Guard,matched,,Petar Aranitović; Aleksandar Aranitović; Crvena Zvezda–Partizan basketball rivalry; 2023–24 KK Partizan season; KK Crvena zvezda (youth),True,direct,bio_name,1994.0,exact_match,exact_birth_year
P004402,"ARAPOVIC, MARKO",Marko Arapovic,Marko Arapović,https://en.wikipedia.org/wiki/Marko_Arapović,Power forward / center,Power Forward,matched,,Marko Arapović; Franjo Arapović; KK Cedevita; Rosters of the champion and finalist teams of EuroLeague; Dražen Petrović,True,direct,bio_name,1996.0,exact_match,exact_birth_year
P005813,"ARAR, EGE",Ege Arar,Ege Arar,https://en.wikipedia.org/wiki/Ege_Arar,Center / power forward,Center,matched,,Ege Arar; Galatasaray S.K. (men's basketball); Galatasaray S.K. men's basketball team rosters; Turkey men's national basketball team; Turkey men's national under-20 basketball team,True,direct,bio_name,1996.0,exact_match,exact_birth_year
PKBD,"ARCHIBALD, ROBERT",Robert Archibald,Robert Archibald,https://en.wikipedia.org/wiki/Robert_Archibald,Power forward / center,Power Forward,matched,,Robert Archibald; Scotland men's national basketball team; Jake Tsakalidis; Basketball in Lithuania; Great Britain men's national basketball team,True,direct,bio_name,1980.0,exact_match,exact_birth_year
PDBE,"ARCHIBONG, KOKO",Koko Archibong,Koko Archibong,https://en.wikipedia.org/wiki/Koko_Archibong,Small Forward,Small Forward,matched,,Koko Archibong; Arka Gdynia (basketball); BBL All-Star Game; Dijon Thompson; Euroleague 2008–09 Rosters,False,direct,bio_name,1981.0,exact_match,exact_birth_year
PBKY,"ARIGBABU, STEPHEN",Stephen Arigbabu,Stephen Arigbabu,https://en.wikipedia.org/wiki/Stephen_Arigbabu,Power forward / center,Power Forward,matched,,Stephen Arigbabu; FIBA EuroCup Challenge; Alba Berlin; Dafnis B.C.; Panionios B.C.,True,direct,bio_name,1972.0,exact_match,exact_birth_year
P007516,"ARLAUSKAS, MARTYNAS",Martynas Arlauskas,Martynas Arlauskas,https://en.wikipedia.org/wiki/Martynas_Arlauskas,Shooting guard / small forward,Shooting Guard,matched,,Martynas Arlauskas; BC Žalgiris; Rosters of the top basketball teams in European club competitions; BC Pieno žvaigždės,True,direct,bio_name,2000.0,exact_match,exact_birth_year
P003331,"ARMSTRONG, HILTON",Hilton Armstrong,Hilton Armstrong,https://en.wikipedia.org/wiki/Hilton_Armstrong,Center / power forward,Center,matched,,"Hilton Armstrong; ASVEL Basket; EuroCup Basketball MVP of the Round; Marcus Williams (basketball, born 1985); 2011–12 Eurocup Basketball; Rosters of the top basketball teams in European club competitions",True,direct,bio_name,1984.0,exact_match,exact_birth_year
P014141,"ARMSTRONG, TARAN",Taran Armstrong,Taran Armstrong,https://en.wikipedia.org/wiki/Taran_Armstrong,Point guard,Point Guard,matched,,Taran Armstrong; Dubai Basketball; List of 2025–26 EuroLeague transactions; 2025–26 Golden State Warriors season; List of 2025–26 NBA season transactions,False,direct,bio_name,2002.0,exact_match,exact_birth_year
P005348,"ARNA, EGEHAN",Egehan Arna,Egehan Arna,https://en.wikipedia.org/wiki/Egehan_Arna,Small forward,Small Forward,matched,,Egehan Arna; Fenerbahçe S.K. (basketball); Rosters of the champion and finalist teams of EuroLeague; 2016–17 Fenerbahçe S.K. (basketball) season; 2020–21 Fenerbahçe S.K. (basketball) season,False,direct,bio_name,1997.0,exact_match,exact_birth_year
P002508,"ARNAU, VICTOR",Victor Arnau,2025–26 FC Barcelona Bàsquet season,https://en.wikipedia.org/wiki/2025–26_FC_Barcelona_Bàsquet_season,,,page_found_not_basketball_player,Wikipedia page(s) found but none identifiable as a basketball-biography page,2025–26 FC Barcelona Bàsquet season; 2024–25 FC Barcelona Bàsquet season; 2023–24 FC Barcelona Bàsquet season; 2017–18 FC Barcelona Bàsquet season; 2021–22 FC Barcelona Bàsquet season,False,search,bio_name,,unavailable,
PBCA,"ARROYO, CARLOS",Carlos Arroyo,Carlos Arroyo,https://en.wikipedia.org/wiki/Carlos_Arroyo,Point guard,Point Guard,matched,,Carlos Arroyo; Beşiktaş J.K. (men's basketball); 2014–15 Turkish Basketball League; FC Barcelona Bàsquet; Israeli Basketball Premier League,False,direct,bio_name,1979.0,exact_match,exact_birth_year
P008025,"ARSENOPOULOS, NIKOLAOS",Nikolaos Arsenopoulos,Nikos Arsenopoulos,https://en.wikipedia.org/wiki/Nikos_Arsenopoulos,Shooting guard / small forward,Shooting Guard,matched,,Nikos Arsenopoulos; AEK B.C.; PAOK BC,True,direct,bio_name,2000.0,exact_match,exact_birth_year
PARN,"ARSLAN, ENDER",Ender Arslan,Ender Arslan,https://en.wikipedia.org/wiki/Ender_Arslan,Point guard,Point Guard,matched,,Ender Arslan; Galatasaray S.K. (men's basketball); 2025–26 Fenerbahçe S.K. (basketball) season; Saski Baskonia; Anadolu Efes S.K.,False,direct,bio_name,1983.0,exact_match,exact_birth_year
P001589,"ARTEAGA, VICTOR",Victor Arteaga,Víctor Arteaga,https://en.wikipedia.org/wiki/Víctor_Arteaga,Center,Center,matched,,Víctor Arteaga; 2009 Euroleague Final Four; 2017–18 FC Barcelona Bàsquet season; Rosters of the top basketball teams in European club competitions; 2019–20 FC Barcelona Bàsquet season,False,direct,bio_name,1992.0,exact_match,exact_birth_year
P000709,"ASIK, OMER",Omer Asik,Ömer Aşık,https://en.wikipedia.org/wiki/Ömer_Aşık,Center,Center,matched,,Ömer Aşık; Fenerbahçe S.K. (basketball); EuroLeague season statistical leaders; Turkey men's national basketball team; Nikola Mirotić,False,direct,bio_name,1986.0,exact_match,exact_birth_year
P005961,"ASTAPKOVICH, ANTON",Anton Astapkovich,PBC CSKA Moscow,https://en.wikipedia.org/wiki/PBC_CSKA_Moscow,,,page_found_not_basketball_player,Wikipedia page(s) found but none identifiable as a basketball-biography page,PBC CSKA Moscow; 2020–21 VTB United League; List of 2016–17 EuroLeague transactions; 2015–16 Euroleague squads; Rosters of the top basketball teams in European club competitions,False,search,bio_name,,unavailable,
P012268,"ATAMNA, ADAM",Adam Atamna,Messi Yangala,https://en.wikipedia.org/wiki/Messi_Yangala,Forward,,position_text_unrecognized,Could not map position text to a canonical position: 'Forward',List of 2026–27 EuroLeague transactions; Messi Yangala; Ratiopharm Ulm,False,search,bio_name,,unavailable,
P004290,"ATHINAIOU, IOANNIS",Ioannis Athinaiou,Ioannis Athinaiou,https://en.wikipedia.org/wiki/Ioannis_Athinaiou,Point guard / Shooting guard,Point Guard,matched,,Ioannis Athinaiou; Rosters of the champion and finalist teams of EuroLeague; Olympiacos B.C.; AEK B.C.; Panathinaikos B.C.,True,direct,bio_name,1988.0,exact_match,exact_birth_year
P007674,"ATIAS, YONATAN",Yonatan Atias,List of Israelis,https://en.wikipedia.org/wiki/List_of_Israelis,,,page_found_not_basketball_player,Wikipedia page(s) found but none identifiable as a basketball-biography page,List of Israelis,False,search,bio_name,,unavailable,
P000185,"ATSUR, ENGIN",Engin Atsur,Engin Atsür,https://en.wikipedia.org/wiki/Engin_Atsür,Point guard,Point Guard,matched,,Engin Atsür; Fenerbahçe S.K. (basketball); Beşiktaş J.K. (men's basketball); Galatasaray S.K. (men's basketball); Turkey men's national basketball team; 2010–11 Fenerbahçe S.K. (basketball) season,False,direct,bio_name,1984.0,exact_match,exact_birth_year
P007948,"AUGUSTE, ZACH",Zach Auguste,Zach Auguste,https://en.wikipedia.org/wiki/Zach_Auguste,Center,Center,matched,,Zach Auguste; Galatasaray S.K. (men's basketball); Ertuğrul Erdoğan; Panathinaikos B.C.; Basketball in Greece,False,direct,bio_name,1993.0,exact_match,exact_birth_year
P001438,"AUGUSTINE, JAMES",James Augustine,James Augustine,https://en.wikipedia.org/wiki/James_Augustine,Power forward,Power Forward,matched,,James Augustine; FC Bayern Munich (basketball); 2022–23 EuroLeague; 2017–18 EuroLeague; PBC CSKA Moscow,False,direct,bio_name,1984.0,exact_match,exact_birth_year
P010798,"AVDALAS, NEOKLIS",Neoklis Avdalas,Neoklis Avdalas,https://en.wikipedia.org/wiki/Neoklis_Avdalas,Shooting guard / small forward,Shooting Guard,matched,,Neoklis Avdalas; Greece men's national basketball team; List of youngest EuroLeague players since the 2000–01 season; Panathinaikos B.C.; 2024–25 Greek Basket League,True,direct,bio_name,2006.0,exact_match,exact_birth_year
PAUQ,"AVDALOVIC, VULE",Vule Avdalovic,Vule Avdalović,https://en.wikipedia.org/wiki/Vule_Avdalović,Point guard,Point Guard,matched,,Vule Avdalović; ABA League; KK Partizan; 2022–23 Basketball League of Serbia; Valencia Basket,False,direct,bio_name,1981.0,exact_match,exact_birth_year
P007675,"AVDIJA, DENI",Deni Avdija,Deni Avdija,https://en.wikipedia.org/wiki/Deni_Avdija,Small forward,Small Forward,matched,,Deni Avdija; Israeli Basketball Premier League; Israel men's national basketball team; Yovel Zoosman; Maccabi Tel Aviv B.C.,False,direct,bio_name,2001.0,exact_match,exact_birth_year
P003983,"AVRAMOVIC, ALEKSA",Aleksa Avramovic,Aleksa Avramović,https://en.wikipedia.org/wiki/Aleksa_Avramović,Point guard / shooting guard,Point Guard,matched,,Aleksa Avramović; Dubai Basketball; 2023–24 KK Partizan season; List of 2026–27 EuroLeague transactions; List of 2025–26 EuroLeague transactions,True,direct,bio_name,1994.0,exact_match,exact_birth_year
P006904,"AYAYI, JOEL",Joel Ayayi,Joël Ayayi,https://en.wikipedia.org/wiki/Joël_Ayayi,Shooting guard,Shooting Guard,matched,,Joël Ayayi; Valériane Ayayi; Paris Basketball; List of 2026–27 EuroLeague transactions; 2025–26 FC Barcelona Bàsquet season,False,direct,bio_name,2000.0,exact_match,exact_birth_year
P007764,"AYDIN, SERKAN",Serkan Aydin,Serkan Aydın,https://en.wikipedia.org/wiki/Serkan_Aydın,Point guard,Point Guard,matched,,Fenerbahçe S.K. (basketball); Serkan Aydın; Galatasaray S.K. (men's basketball); Galatasaray S.K. (women's basketball); Turkey men's national basketball team,False,search,bio_name,2000.0,exact_match,exact_birth_year
P005927,"AYON, GUSTAVO",Gustavo Ayon,Gustavo Ayón,https://en.wikipedia.org/wiki/Gustavo_Ayón,Center,Center,matched,,Gustavo Ayón; EuroLeague 2010–2020 All-Decade Team; 2018–19 EuroLeague; All-EuroLeague Team; 2016–17 EuroLeague,False,direct,bio_name,1985.0,exact_match,exact_birth_year
P007148,"AYRES, JEFF",Jeff Ayres,Jeff Ayres,https://en.wikipedia.org/wiki/Jeff_Ayres,Power forward / center,Power Forward,matched,,Jeff Ayres; P. League+; Rosters of the top basketball teams in European club competitions; 2009 NBA draft; 2015–16 Los Angeles Clippers season; List of 2015–16 NBA season transactions,True,direct,bio_name,1987.0,exact_match,exact_birth_year
PKXF,"AYUSO, LARRY",Larry Ayuso,Elías Larry Ayuso,https://en.wikipedia.org/wiki/Elías_Larry_Ayuso,Assistant coach,,position_text_unrecognized,Could not map position text to a canonical position: 'Assistant coach',Elías Larry Ayuso; Beşiktaş J.K. (men's basketball); ABA League; Premijer liga (Croatian basketball); BC Žalgiris,False,direct,bio_name,,unavailable,
P001761,"BABIC, LUKA",Luka Babic,Luka Babić,https://en.wikipedia.org/wiki/Luka_Babić,Small forward,Small Forward,matched,,Luka Babić; Luka Dončić; Banja Luka; KK Cedevita; KK Split,False,direct,bio_name,1991.0,exact_match,exact_birth_year
P003475,"BABIC, PETAR",Petar Babic,Nebojša Popović,https://en.wikipedia.org/wiki/Nebojša_Popović,,,ambiguous_multiple_pages,2 basketball-player Wikipedia pages found for this name; none confirmed by birth year/nationality against players_bio.csv,KK Zadar; KK Split; Nebojša Popović; FIBA Korać Cup; Rosters of the top basketball teams in European club competitions,False,search,bio_name,,unavailable,
PBUV,"BABRAUSKAS, STEPONAS",Steponas Babrauskas,Steponas Babrauskas,https://en.wikipedia.org/wiki/Steponas_Babrauskas,Shooting guard / small forward,Shooting Guard,matched,,Steponas Babrauskas; BC Rytas; ASK Riga; 2025–26 LKL season; History of BC Rytas,True,direct,bio_name,1984.0,exact_match,exact_birth_year
P004943,"BABURIN, EVGENY",Evgeny Baburin,Evgeny Baburin,https://en.wikipedia.org/wiki/Evgeny_Baburin,Shooting guard,Shooting Guard,matched,,Evgeny Baburin; Russia men's national basketball team; BC UNICS; BC Nizhny Novgorod; Rosters of the top basketball teams in European club competitions,False,direct,bio_name,1987.0,exact_match,exact_birth_year
P011286,"BACON, DWAYNE",Dwayne Bacon,Dwayne Bacon,https://en.wikipedia.org/wiki/Dwayne_Bacon,Small forward,Small Forward,matched,,Dwayne Bacon; Dubai Basketball; 2025–26 EuroLeague; BeoBasket; 2022–23 EuroLeague,False,direct,bio_name,1995.0,exact_match,exact_birth_year
P014015,"BACOT JR., ARMANDO",Armando Bacot Jr.,Armando Bacot,https://en.wikipedia.org/wiki/Armando_Bacot,Center,Center,matched,,Armando Bacot; Fenerbahçe S.K. (basketball); List of 2026–27 EuroLeague transactions; 2026–27 Fenerbahçe S.K. (basketball) season; 2025–26 Fenerbahçe S.K. (basketball) season,False,search,bio_name,2000.0,exact_match,exact_birth_year
P000064,"BADIANE, MOUSSA",Moussa Badiane,Moussa Badiane,https://en.wikipedia.org/wiki/Moussa_Badiane,,,position_unavailable,Basketball page confirmed but has no 'position' field in its infobox,Moussa Badiane; Pape Badiane; List of people who died in traffic collisions,False,direct,bio_name,,unavailable,direct_name_match_no_contradicting_evidence
PTEY,"BADIANE, PAPE",Pape Badiane,Pape Badiane,https://en.wikipedia.org/wiki/Pape_Badiane,Power forward,Power Forward,matched,,Pape Badiane; Skyliners Frankfurt; France men's national basketball team; Le Mans Sarthe Basket; Chorale Roanne Basket,False,direct,bio_name,1980.0,exact_match,exact_birth_year
P007527,"BADIO, BRANCOU",Brancou Badio,Brancou Badio,https://en.wikipedia.org/wiki/Brancou_Badio,Shooting guard,Shooting Guard,matched,,Brancou Badio; 2025–26 EuroLeague; List of 2026–27 EuroLeague transactions; 2026 EuroLeague Final Four; List of 2025–26 EuroLeague transactions,False,direct,bio_name,1999.0,exact_match,exact_birth_year
P009947,"BADJI, IBOU",Ibou Badji,Ibou Badji,https://en.wikipedia.org/wiki/Ibou_Badji,Center,Center,matched,,Ibou Badji; Olivier Sarr; 2021–22 FC Barcelona Bàsquet season; FC Barcelona Bàsquet B; List of NBA players born outside the United States; List of 2024–25 NBA season transactions,False,direct,bio_name,2002.0,exact_match,exact_birth_year
P005788,"BAEZ, EULIS",Eulis Baez,Eulis Báez,https://en.wikipedia.org/wiki/Eulis_Báez,Power forward,Power Forward,matched,,Eulis Báez; 2018–19 EuroLeague; EuroLeague MVP of the Round; Bàsquet Manresa; CB Gran Canaria; Rosters of the top basketball teams in European club competitions,False,direct,bio_name,1982.0,exact_match,exact_birth_year
PAFG,"BAGARIC, DALIBOR",Dalibor Bagaric,Dalibor Bagarić,https://en.wikipedia.org/wiki/Dalibor_Bagarić,Center,Center,matched,,Dalibor Bagarić; KK Cedevita; Premijer liga (Croatian basketball); Olympiacos B.C.; Lebanese Basketball League,False,direct,bio_name,1980.0,exact_match,exact_birth_year
PTFP,"BAGNOLI, SIMONE",Simone Bagnoli,Simone Bagnoli,https://en.wikipedia.org/wiki/Simone_Bagnoli,,,page_found_identity_mismatch,Selected page's birth year (1981) clearly differs from players_bio.csv (1987); rejected as a different person.,Simone Bagnoli; Italian LNP Cup; Deaths in July 2026,False,direct,bio_name,1981.0,clear_mismatch,
PBEM,"BAILEY, BRYAN",Bryan Bailey,Luka Dončić,https://en.wikipedia.org/wiki/Luka_Dončić,,,ambiguous_multiple_pages,2 basketball-player Wikipedia pages found for this name; none confirmed by birth year/nationality against players_bio.csv,International Basketball League; Luka Dončić; EuroCup Basketball individual statistics; Rick Pitino; Liga Nacional de Baloncesto Profesional,False,search,bio_name,,unavailable,
PTGK,"BAILEY, MAURICE",Maurice Bailey,Maurice Bailey (basketball),https://en.wikipedia.org/wiki/Maurice_Bailey_(basketball),Point guard,Point Guard,matched,,Maurice Bailey; Maurice Bailey (basketball); Mike Taylor (basketball player); Bob McAdoo; Panellinios B.C.; Xavier McDaniel,False,search,bio_name,1981.0,exact_match,exact_birth_year
P013028,"BAIOCCHI, MATTEO",Matteo Baiocchi,Virtus Bologna,https://en.wikipedia.org/wiki/Virtus_Bologna,,,page_found_not_basketball_player,Wikipedia page(s) found but none identifiable as a basketball-biography page,Virtus Bologna; 2026–27 Virtus Bologna season; 2025–26 Virtus Bologna season,False,search,bio_name,,unavailable,
PTFL,"BAJRAMOVIC, KENAN",Kenan Bajramovic,Kenan Bajramović,https://en.wikipedia.org/wiki/Kenan_Bajramović,Power forward,Power Forward,matched,,Kenan Bajramović; ABA League; MBC Mariupol; BC Rytas; Bandırma B.İ.K.,False,direct,bio_name,1981.0,exact_match,exact_birth_year
P013774,"BAKER II, ROBERT",Robert Baker Ii,Robert Baker (basketball),https://en.wikipedia.org/wiki/Robert_Baker_(basketball),Power forward / center,Power Forward,matched,,Robert Baker (basketball); Breanna Stewart; Basketball in Lithuania; Maya Moore; United States Basketball League,True,search,bio_name,1998.0,exact_match,exact_birth_year
P009767,"BAKER, RON",Ron Baker,Ron Baker (basketball),https://en.wikipedia.org/wiki/Ron_Baker_(basketball),Shooting guard / point guard,Shooting Guard,matched,,Ron Baker; Ron Baker (basketball); PBC CSKA Moscow; Elitzur Ramla (women's basketball); United States Basketball League; Okaro White,True,search,bio_name,1993.0,exact_match,exact_birth_year
P004655,"BAKO, ISMAEL",Ismael Bako,Ismaël Bako,https://en.wikipedia.org/wiki/Ismaël_Bako,Center,Center,matched,,Ismaël Bako; 2016–17 Pro Basketball League; Pro Basketball League Rising Star; List of 2025–26 EuroLeague transactions; ASVEL Basket,False,direct,bio_name,1995.0,exact_match,exact_birth_year
P004803,"BALASHOV, NIKITA",Nikita Balashov,PBC Lokomotiv Kuban,https://en.wikipedia.org/wiki/PBC_Lokomotiv_Kuban,,,page_found_not_basketball_player,Wikipedia page(s) found but none identifiable as a basketball-biography page,PBC Lokomotiv Kuban; Rosters of the top basketball teams in European club competitions; 2015–16 Euroleague squads; FIBA EuroChallenge individual statistics; Italy team for EuroBasket 2022 qualification,False,search,bio_name,,unavailable,
P007581,"BALASHOV, SERGEI",Sergei Balashov,PBC Lokomotiv Kuban,https://en.wikipedia.org/wiki/PBC_Lokomotiv_Kuban,,,page_found_not_basketball_player,Wikipedia page(s) found but none identifiable as a basketball-biography page,PBC Lokomotiv Kuban; Rosters of the top basketball teams in European club competitions; 2015–16 Euroleague squads; Italy team for EuroBasket 2022 qualification; 2017 in sports,False,search,bio_name,,unavailable,
P003521,"BALBAY, DOGUS",Dogus Balbay,Doğuş Balbay,https://en.wikipedia.org/wiki/Doğuş_Balbay,Point guard,Point Guard,matched,,Doğuş Balbay; Fenerbahçe S.K. (basketball); 2017–18 EuroLeague; 2016–17 EuroLeague; 2016–17 Fenerbahçe S.K. (basketball) season,False,direct,bio_name,1989.0,exact_match,exact_birth_year
P007553,"BALCEROWSKI, ALEKSANDER",Aleksander Balcerowski,Aleksander Balcerowski,https://en.wikipedia.org/wiki/Aleksander_Balcerowski,Center,Center,matched,,Aleksander Balcerowski; List of 2026–27 EuroLeague transactions; 2022–23 EuroCup Basketball; EuroCup Basketball Rising Star; EuroCup Basketball Awards,False,direct,bio_name,2000.0,exact_match,exact_birth_year
P006707,"BALDASSO, TOMMASO",Tommaso Baldasso,Tommaso Baldasso,https://en.wikipedia.org/wiki/Tommaso_Baldasso,Point guard / shooting guard,Point Guard,matched,,Tommaso Baldasso; List of 2026–27 EuroLeague transactions; Italy men's national basketball team; Virtus Bologna; List of 2021–22 EuroLeague transactions,True,direct,bio_name,1998.0,exact_match,exact_birth_year
P009863,"BALDWIN IV, WADE",Wade Baldwin Iv,Wade Baldwin IV,https://en.wikipedia.org/wiki/Wade_Baldwin_IV,Point guard / shooting guard,Point Guard,matched,,Wade Baldwin IV; Fenerbahçe S.K. (basketball); FC Bayern Munich (basketball); 2025–26 EuroLeague; 2021–22 EuroLeague,True,search,bio_name,1996.0,exact_match,exact_birth_year
P012597,"BALDWIN, KAMAR",Kamar Baldwin,Kamar Baldwin,https://en.wikipedia.org/wiki/Kamar_Baldwin,Point guard,Point Guard,matched,,Kamar Baldwin; FC Bayern Munich (basketball); List of 2025–26 EuroLeague transactions; List of 2024–25 EuroLeague transactions; 2021–22 BBL-Pokal,False,direct,bio_name,1997.0,exact_match,exact_birth_year
P002644,"BALVIN, ONDREJ",Ondrej Balvin,Ondřej Balvín,https://en.wikipedia.org/wiki/Ondřej_Balvín,Center,Center,matched,,Ondřej Balvín; FC Bayern Munich (basketball); 2023–24 EuroCup Basketball; 2022–23 EuroCup Basketball; EuroCup Basketball All-EuroCup Team,False,direct,bio_name,1992.0,exact_match,exact_birth_year
P013696,"BANGO, JILSON",Jilson Bango,Jilson Bango,https://en.wikipedia.org/wiki/Jilson_Bango,Power forward / Center,Power Forward,matched,,Jilson Bango; Fenerbahçe S.K. (basketball); List of 2024–25 EuroLeague transactions; List of 2026–27 EuroLeague transactions; 2025 EuroLeague Final Four,True,direct,bio_name,1999.0,exact_match,exact_birth_year
PATS,"BANIC, MARKO",Marko Banic,Marko Banić,https://en.wikipedia.org/wiki/Marko_Banić,Center / power forward,Center,matched,,Marko Banić; EuroCup Basketball MVP; EuroCup Basketball Awards; ABA League; 2009–10 Eurocup Basketball,True,direct,bio_name,1984.0,exact_match,exact_birth_year
PLNE,"BANKS, CEDRICK",Cedrick Banks,Cedrick Banks,https://en.wikipedia.org/wiki/Cedrick_Banks,Shooting guard,Shooting Guard,matched,,Cedrick Banks; Limoges CSP; Maccabi Rishon LeZion (basketball); Orléans Loiret Basket; Fortitudo Bologna,False,direct,bio_name,1981.0,exact_match,exact_birth_year
P004428,"BANKS, MARCUS",Marcus Banks,Marcus Banks,https://en.wikipedia.org/wiki/Marcus_Banks,Point guard,Point Guard,matched,,Marcus Banks; List of 2026–27 EuroLeague transactions; The Basketball League; Hapoel Jerusalem B.C.; EuroCup Basketball MVP of the Round,False,direct,bio_name,1981.0,exact_match,exact_birth_year
P003068,"BAPTIST, BILLY",Billy Baptist,Tarleton State Texans men's basketball,https://en.wikipedia.org/wiki/Tarleton_State_Texans_men's_basketball,,,page_found_not_basketball_player,Wikipedia page(s) found but none identifiable as a basketball-biography page,Tarleton State Texans men's basketball; 2010 in basketball; Independent Basketball Association; Double-double; 2020 in basketball,False,search,bio_name,,unavailable,
PTGC,"BARAC, STANKO",Stanko Barac,Stanko Barać,https://en.wikipedia.org/wiki/Stanko_Barać,Center,Center,matched,,Stanko Barać; ABA League; KK Cedevita; Anadolu Efes S.K.; Emir Preldžić,False,direct,bio_name,1986.0,exact_match,exact_birth_year
P009923,"BARASHKOV, MAKSIM",Maksim Barashkov,,,,,no_page_found,Wikipedia search returned no results,,False,,bio_name,,unavailable,
PBWZ,"BARGNANI, ANDREA",Andrea Bargnani,Andrea Bargnani,https://en.wikipedia.org/wiki/Andrea_Bargnani,Power forward / center,Power Forward,matched,,Andrea Bargnani; Italy men's national basketball team; EuroLeague Rising Star; Zaccharie Risacher; 2005–06 Euroleague,True,direct,bio_name,1985.0,exact_match,exact_birth_year
P005206,"BARLOW, DAVID",David Barlow,David Barlow (basketball),https://en.wikipedia.org/wiki/David_Barlow_(basketball),Small forward / power forward,Small Forward,matched,,David Barlow; David Barlow (basketball); David Rivers; Maccabi Tel Aviv B.C.; Ken Barlow (basketball); Rosters of the champion and finalist teams of EuroLeague,True,search,bio_name,1983.0,exact_match,exact_birth_year
P005775,"BARON, BILLY",Billy Baron,Billy Baron,https://en.wikipedia.org/wiki/Billy_Baron,Shooting guard,Shooting Guard,matched,,Billy Baron; Jimmy Baron (basketball); Olimpia Milano; 2021–22 EuroLeague; BeoBasket,False,direct,bio_name,1990.0,exact_match,exact_birth_year
P002741,"BAROVIC, FILIP",Filip Barovic,Filip Barović,https://en.wikipedia.org/wiki/Filip_Barović,Power forward / center,Power Forward,matched,,Filip Barović; 2018–19 KK Crvena zvezda season; Montenegro men's national basketball team; 2018 ABA League Supercup; PBC Academic,True,direct,bio_name,1990.0,exact_match,exact_birth_year
P004586,"BARREIRO, JONATHAN",Jonathan Barreiro,Jonathan Barreiro,https://en.wikipedia.org/wiki/Jonathan_Barreiro,Small forward,Small Forward,matched,,Jonathan Barreiro; Real Madrid Baloncesto; Baloncesto Málaga; Rosters of the champion and finalist teams of EuroLeague; Neemias Queta,False,direct,bio_name,1997.0,exact_match,exact_birth_year
P011242,"BARRERA, ALEJANDRO",Alejandro Barrera,Liga Nacional de Baloncesto Profesional,https://en.wikipedia.org/wiki/Liga_Nacional_de_Baloncesto_Profesional,,,page_found_identity_unconfirmed,Basketball page found but birth year/nationality could not be confirmed against players_bio.csv,Alejandro Barrera; Campeonato Sudamericano de Clubes Campeones de Básquetbol; Liga Nacional de Baloncesto Profesional; Superliga Profesional de Baloncesto; Young Miko; 2019 United States FIBA Basketball World Cup team,False,search,bio_name,,unavailable,
PBMV,"BARRERA, PANCHI",Panchi Barrera,Panchi Barrera,https://en.wikipedia.org/wiki/Panchi_Barrera,Point guard,Point Guard,matched,,Panchi Barrera; Baloncesto Málaga; Superliga Profesional de Baloncesto,False,direct,bio_name,1985.0,exact_match,exact_birth_year
P001170,"BARRETT, ANDRE",Andre Barrett,Andre Barrett,https://en.wikipedia.org/wiki/Andre_Barrett,Point guard,Point Guard,matched,,Andre Barrett; ASVEL Basket; 2009–10 FC Barcelona Bàsquet season; Pape Sow; Maccabi Rishon LeZion (basketball),False,direct,bio_name,1982.0,exact_match,exact_birth_year
P003490,"BARTHEL, DANILO",Danilo Barthel,Danilo Barthel,https://en.wikipedia.org/wiki/Danilo_Barthel,Power forward / center,Power Forward,matched,,Danilo Barthel; Fenerbahçe S.K. (basketball); FC Bayern Munich (basketball); 2018–19 EuroLeague; 2017–18 EuroCup Basketball,True,direct,bio_name,1991.0,exact_match,exact_birth_year
P003420,"BARTOLI, LORENZO",Lorenzo Bartoli,2019–20 Dinamo Sassari season,https://en.wikipedia.org/wiki/2019–20_Dinamo_Sassari_season,,,page_found_not_basketball_player,Wikipedia page(s) found but none identifiable as a basketball-biography page,2019–20 Dinamo Sassari season; 2019–20 Olimpia Milano season; 2020–21 Olimpia Milano season; 2016–17 Olimpia Milano season; Pallacanestro Reggiana,False,search,bio_name,,unavailable,
PBCW,"BARTON, LUBOS",Lubos Barton,Luboš Bartoň,https://en.wikipedia.org/wiki/Luboš_Bartoň,Small forward / Power forward,Small Forward,matched,,Luboš Bartoň; 2008–09 Euroleague; FC Barcelona Bàsquet; Rosters of the champion and finalist teams of EuroLeague; USK Praha,True,direct,bio_name,1980.0,exact_match,exact_birth_year
PLGR,"BASAK, RASIM",Rasim Basak,Rasim Başak,https://en.wikipedia.org/wiki/Rasim_Başak,Power forward / small forward,Power Forward,matched,,Rasim Başak; Fenerbahçe S.K. (basketball); Türk Telekom B.K.; Fenerbahçe (men's basketball) past rosters; Rosters of the top basketball teams in European club competitions,True,direct,bio_name,1980.0,exact_match,exact_birth_year
PADS,"BASILE, GIANLUCA",Gianluca Basile,Gianluca Basile,https://en.wikipedia.org/wiki/Gianluca_Basile,Point guard / shooting guard,Point Guard,matched,,Gianluca Basile; Rosters of the champion and finalist teams of EuroLeague; FC Barcelona Bàsquet; Italy men's national basketball team; EuroLeague career statistical leaders,True,direct,bio_name,1975.0,exact_match,exact_birth_year
P001868,"BATIS, MARIOS",Marios Batis,Marios Batis,https://en.wikipedia.org/wiki/Marios_Batis,Point guard / shooting guard,Point Guard,matched,,Marios Batis; Panathinaikos B.C. past rosters; Maroussi B.C.; Panathinaikos B.C.; Ionikos Nikaias B.C.,True,direct,bio_name,1980.0,exact_match,exact_birth_year
PDHD,"BATISTA, ESTEBAN",Esteban Batista,Esteban Batista,https://en.wikipedia.org/wiki/Esteban_Batista,Center,Center,matched,,Esteban Batista; Anadolu Efes S.K.; Rosters of the champion and finalist teams of EuroLeague; Panathinaikos B.C.; Karşıyaka Basket,False,direct,bio_name,1983.0,exact_match,exact_birth_year
PLML,"BATISTA, J.P.",J.p. Batista,J. P. Batista,https://en.wikipedia.org/wiki/J._P._Batista,Power forward,Power Forward,matched,,J. P. Batista; BC Rytas; EuroCup Basketball MVP of the Round; 2013–14 Eurocup Basketball; Serbia men's national basketball team,False,search,bio_name,1981.0,exact_match,exact_birth_year
PAJV,"BATISTE, MIKE",Mike Batiste,Michael Batiste,https://en.wikipedia.org/wiki/Michael_Batiste,Center / power forward,Center,matched,,Michael Batiste; Fenerbahçe S.K. (basketball); EuroLeague 2010–2020 All-Decade Team; Panathinaikos B.C.; All-EuroLeague Team,True,direct,bio_name,1977.0,exact_match,exact_birth_year
P004170,"BATUK, BIRKAN",Birkan Batuk,Birkan Batuk,https://en.wikipedia.org/wiki/Birkan_Batuk,Shooting guard / small forward,Shooting Guard,matched,,Birkan Batuk; Bursaspor Basketbol; Anadolu Efes S.K.; Turkey men's national basketball team; List of 2016–17 EuroLeague transactions,True,direct,bio_name,1990.0,exact_match,exact_birth_year
PKOH,"BATUM, NICOLAS",Nicolas Batum,Nicolas Batum,https://en.wikipedia.org/wiki/Nicolas_Batum,Small forward / power forward,Small Forward,matched,,Nicolas Batum; Marine Johannès; France men's national basketball team; ASVEL Basket; LNB Élite,True,direct,bio_name,1988.0,exact_match,exact_birth_year
P000207,"BAVCIC, EDIN",Edin Bavcic,Edin Bavčić,https://en.wikipedia.org/wiki/Edin_Bavčić,Power forward,Power Forward,matched,,Edin Bavčić; Limoges CSP; BC Khimik; Aris B.C.; Adriatic Basketball Association All-Star Game,False,direct,bio_name,1984.0,exact_match,exact_birth_year
PKIN,"BAXTER, LONNY",Lonny Baxter,Lonny Baxter,https://en.wikipedia.org/wiki/Lonny_Baxter,Power forward / center,Power Forward,matched,,Lonny Baxter; Beşiktaş J.K. (men's basketball); American Professional Basketball League; Panionios B.C.; Panathinaikos B.C.,True,direct,bio_name,1979.0,exact_match,exact_birth_year
P002971,"BAYGUL, MUHAMMED",Muhammed Baygul,Muhammed Baygül,https://en.wikipedia.org/wiki/Muhammed_Baygül,Shooting guard,Shooting Guard,matched,,Muhammed Baygül; 2015–16 Euroleague squads; Rosters of the top basketball teams in European club competitions; 2018 EuroCup Finals; Galatasaray S.K. men's basketball team rosters; 2019–20 Fenerbahçe S.K. (basketball) season,False,direct,bio_name,1992.0,exact_match,exact_birth_year
P006648,"BAYKAN, OGULCAN",Ogulcan Baykan,Turkey men's national under-18 and under-19 basketball team,https://en.wikipedia.org/wiki/Turkey_men's_national_under-18_and_under-19_basketball_team,,,page_found_not_basketball_player,Wikipedia page(s) found but none identifiable as a basketball-biography page,Turkey men's national under-18 and under-19 basketball team; Turkey men's national under-20 basketball team; List of 2017–18 EuroLeague transactions; 2015–16 Euroleague squads; 2026 Turkish Basketball Federation Cup,False,search,bio_name,,unavailable,
P001892,"BAYNES, ARON",Aron Baynes,Aron Baynes,https://en.wikipedia.org/wiki/Aron_Baynes,Center / power forward,Center,matched,,Aron Baynes; ABA League; Boban Marjanović; Australia men's national basketball team; Baskets Oldenburg,True,direct,bio_name,1986.0,exact_match,exact_birth_year
P005350,"BAYRAK, ERCAN",Ercan Bayrak,Ercan Bayrak,https://en.wikipedia.org/wiki/Ercan_Bayrak,Power forward,Power Forward,matched,,Ercan Bayrak; Fenerbahçe S.K. (basketball); Rosters of the champion and finalist teams of EuroLeague; Fenerbahçe (men's basketball) past rosters; Rosters of the top basketball teams in European club competitions,False,direct,bio_name,1997.0,exact_match,exact_birth_year
PBDC,"BAZDARIC, MARINO",Marino Bazdaric,Marino Baždarić,https://en.wikipedia.org/wiki/Marino_Baždarić,Small forward,Small Forward,matched,,Marino Baždarić; Premijer liga (Croatian basketball); KK Cedevita; KK Cibona; Rosters of the top basketball teams in European club competitions; Croatian Basketball All-Star Game,False,direct,bio_name,1978.0,exact_match,exact_birth_year
MAD1,b-bogdanovic,B Bogdanovic,Bogdan Bogdanović (basketball),https://en.wikipedia.org/wiki/Bogdan_Bogdanović_(basketball),,,ambiguous_multiple_pages,"2 basketball-player Wikipedia pages found; none confirmed by birth year, a nationality-field match, or a direct name match.",Bogdan Bogdanović (basketball); Fenerbahçe S.K. (basketball); Bojan Bogdanović; Basketball League of Serbia; 2009–10 Euroleague,False,search,slug_fallback,1992.0,unavailable,
P012721,"BEAN, JUSTIN",Justin Bean,Justin Bean,https://en.wikipedia.org/wiki/Justin_Bean,Power forward / small forward,Power Forward,matched,,Justin Bean; Alba Berlin; Basketball Bundesliga; 2025–26 Basketball Bundesliga; 2025–26 BBL-Pokal,True,direct,bio_name,1996.0,exact_match,exact_birth_year
PAHS,"BEARD, JOEY",Joey Beard,BC Žalgiris,https://en.wikipedia.org/wiki/BC_Žalgiris,,,page_found_not_basketball_player,Wikipedia page(s) found but none identifiable as a basketball-biography page,BC Žalgiris; EuroLeague season statistical leaders; Baltic Basketball All-Star Game; American Basketball Association (2000–present); FIBA EuroChallenge individual statistics,False,search,bio_name,,unavailable,
PBTR,"BEARD, TANOKA",Tanoka Beard,Tanoka Beard,https://en.wikipedia.org/wiki/Tanoka_Beard,Center / power forward,Center,matched,,Tanoka Beard; Fenerbahçe S.K. (basketball); BC Žalgiris; All-EuroLeague Team; EuroLeague records,True,direct,bio_name,1971.0,exact_match,exact_birth_year
P006590,"BEAUBOIS, RODRIGUE",Rodrigue Beaubois,Rodrigue Beaubois,https://en.wikipedia.org/wiki/Rodrigue_Beaubois,Shooting guard / point guard,Shooting Guard,matched,,Rodrigue Beaubois; 2018–19 EuroLeague; 2020–21 EuroLeague; EuroLeague MVP of the Round; 2016–17 Saski Baskonia season,True,direct,bio_name,1988.0,exact_match,exact_birth_year
PAGG,"BECIROVIC, SANI",Sani Becirovic,Sani Bečirović,https://en.wikipedia.org/wiki/Sani_Bečirović,Shooting guard / point guard,Shooting Guard,matched,,Sani Bečirović; ABA League; Rosters of the champion and finalist teams of EuroLeague; EuroLeague MVP of the Round; KK Cedevita Olimpija,True,direct,bio_name,1981.0,exact_match,exact_birth_year
P008161,"BEGARIN, JUHANN",Juhann Begarin,Juhann Begarin,https://en.wikipedia.org/wiki/Juhann_Begarin,Shooting guard,Shooting Guard,matched,,Juhann Begarin; Paris Basketball; List of 2024–25 EuroLeague transactions; Ismaël Kamagate; Nanterre 92,False,direct,bio_name,2002.0,exact_match,exact_birth_year
PAVV,"BEGHIN, CHRISTOPHE",Christophe Beghin,Christophe Beghin,https://en.wikipedia.org/wiki/Christophe_Beghin,Power forward / center,Power Forward,matched,,Christophe Beghin; Pro Basketball League Coach of the Year; Spirou Charleroi; Antwerp Giants; Pro Basketball League Rising Star,True,direct,bio_name,1980.0,exact_match,exact_birth_year
PJBJ,"BEGIC, MIRZA",Mirza Begic,Mirza Begić,https://en.wikipedia.org/wiki/Mirza_Begić,Center,Center,matched,,Mirza Begić; 2010–11 Euroleague; Real Madrid Baloncesto; ABA League; KK Cedevita,False,direct,bio_name,1985.0,exact_match,exact_birth_year
P004491,"BELEMENE, ROMARIC",Romaric Belemene,Romaric Belemene,https://en.wikipedia.org/wiki/Romaric_Belemene,Forward,,position_text_unrecognized,Could not map position text to a canonical position: 'Forward',Romaric Belemene; Viny Okouo; Baloncesto Fuenlabrada,False,direct,bio_name,,unavailable,
P005826,"BELIAUSKAS, LAURYNAS",Laurynas Beliauskas,Laurynas Beliauskas,https://en.wikipedia.org/wiki/Laurynas_Beliauskas,Shooting guard / point guard,Shooting Guard,matched,,Laurynas Beliauskas; 2024 Polish Basketball Cup; BC Neptūnas; 2024–25 BC Žalgiris season; BC Juventus,True,direct,bio_name,1997.0,exact_match,exact_birth_year
PBCN,"BELINELLI, MARCO",Marco Belinelli,Marco Belinelli,https://en.wikipedia.org/wiki/Marco_Belinelli,Shooting guard / small forward,Shooting Guard,matched,,Marco Belinelli; Italy men's national basketball team; Virtus Bologna; 2021–22 EuroCup Basketball; Rosters of the champion and finalist teams of EuroLeague,True,direct,bio_name,1986.0,exact_match,exact_birth_year
P006497,"BELL, JAMES",James Bell,James Bell (basketball),https://en.wikipedia.org/wiki/James_Bell_(basketball),Small forward,Small Forward,matched,,James Bell; James Bell (basketball); Bruno Caboclo; 2024–25 FC Barcelona Bàsquet season; ASVEL Basket; British Basketball League,False,search,bio_name,1992.0,exact_match,exact_birth_year
P004549,"BENDER, DRAGAN",Dragan Bender,Dragan Bender,https://en.wikipedia.org/wiki/Dragan_Bender,Power forward / center,Power Forward,matched,,Dragan Bender; Israeli Basketball Premier League; Maccabi Tel Aviv B.C.; Nikola Vujčić; KK Split,True,direct,bio_name,1997.0,exact_match,exact_birth_year
P004168,"BENDZIUS, EIMANTAS",Eimantas Bendzius,Eimantas Bendžius,https://en.wikipedia.org/wiki/Eimantas_Bendžius,Power forward,Power Forward,matched,,Eimantas Bendžius; Lithuania men's national basketball team; BC Rytas; 2021–22 Dinamo Sassari season; History of BC Rytas,False,direct,bio_name,1990.0,exact_match,exact_birth_year
P006781,"BEN HARUSH, IDDO",Iddo Ben Harush,,,,,no_page_found,Wikipedia search returned no results,,False,,bio_name,,unavailable,
P007615,"BENNETT, ANTHONY",Anthony Bennett,Anthony Bennett (basketball),https://en.wikipedia.org/wiki/Anthony_Bennett_(basketball),Power forward,Power Forward,matched,,Anthony Bennett; Anthony Bennett (basketball); Fenerbahçe S.K. (basketball); EuroLeague Championship Game; 2017 EuroLeague Final Four; EuroLeague MVP of the Round,False,search,bio_name,1993.0,exact_match,exact_birth_year
P005687,"BENSON, KEITH",Keith Benson,Keith Benson,https://en.wikipedia.org/wiki/Keith_Benson,Center / power forward,Center,matched,,Keith Benson; Omaha Benson High School Magnet; P. League+; James Anderson (basketball); Vladimir Dragičević,True,direct,bio_name,1988.0,exact_match,exact_birth_year
P001159,"BENSON, ROD",Rod Benson,Rod Benson,https://en.wikipedia.org/wiki/Rod_Benson,,,position_unavailable,Basketball page confirmed but has no 'position' field in its infobox,"Rod Benson; Jared Butler; Rosters of the top basketball teams in European club competitions; Name (sports); List of 2011–12 NBA season transactions; List of University of California, Berkeley alumni in sports",False,direct,bio_name,,unavailable,direct_name_match_no_contradicting_evidence
P009818,"BENTIL, BENJAMIN",Benjamin Bentil,Ben Bentil,https://en.wikipedia.org/wiki/Ben_Bentil,Power forward / center,Power Forward,matched,,Ben Bentil; Chinese Basketball Association; 2022–23 KK Crvena zvezda season; 2022–23 FC Barcelona Bàsquet season; 2021–22 FC Barcelona Bàsquet season,True,search,bio_name,1995.0,exact_match,exact_birth_year
P003495,"BENZING, ROBIN",Robin Benzing,Robin Benzing,https://en.wikipedia.org/wiki/Robin_Benzing,Power forward,Power Forward,matched,,Robin Benzing; FC Bayern Munich (basketball); Beşiktaş J.K. (men's basketball); 2015–16 Euroleague; 2019–20 FC Bayern Munich (basketball) season,False,direct,bio_name,1989.0,exact_match,exact_birth_year
PLVI,"BER AVEN, TOMER",Tomer Ber Aven,,,,,no_page_found,Wikipedia search returned no results,,False,,bio_name,,unavailable,
P010355,"BERRY, DAVION",Davion Berry,Davion Berry,https://en.wikipedia.org/wiki/Davion_Berry,Shooting guard,Shooting Guard,matched,,Davion Berry; Aleksandar Vezenkov; Panionios B.C.; 2018–19 Greek Basket League; Larisa B.C.; List of 2019–20 EuroLeague transactions,False,direct,bio_name,1991.0,exact_match,exact_birth_year
P000436,"BERTANS, DAIRIS",Dairis Bertans,Dairis Bertāns,https://en.wikipedia.org/wiki/Dairis_Bertāns,Shooting guard,Shooting Guard,matched,,Dairis Bertāns; Dāvis Bertāns; 2018–19 EuroLeague; Tornike Shengelia; Olimpia Milano,False,direct,bio_name,1989.0,exact_match,exact_birth_year
P003458,"BERTANS, DAVIS",Davis Bertans,Dāvis Bertāns,https://en.wikipedia.org/wiki/Dāvis_Bertāns,Power forward / small forward,Power Forward,matched,,Dāvis Bertāns; Dubai Basketball; Dairis Bertāns; Basketball League of Serbia; ABA League,True,direct,bio_name,1992.0,exact_match,exact_birth_year
PBFR,"BERTI, SIMONE",Simone Berti,Simone Berti,https://en.wikipedia.org/wiki/Simone_Berti,Point guard / shooting guard,Point Guard,matched,,Simone Berti; Rosters of the top basketball teams in European club competitions; 2018 Italian Basketball Cup; 2019 Italian Basketball Cup; San Marino,True,direct,bio_name,1985.0,exact_match,exact_birth_year
P001436,"BESOVIC, NEMANJA",Nemanja Besovic,Nemanja Bešović,https://en.wikipedia.org/wiki/Nemanja_Bešović,Center,Center,matched,,Nemanja Bešović; Bogdan Bogdanović (basketball); KK Strumica; Aleksandar Džikić; Serbia men's national under-16 basketball team,False,direct,bio_name,1992.0,exact_match,exact_birth_year
PKVL,"BEST, TRAVIS",Travis Best,Travis Best,https://en.wikipedia.org/wiki/Travis_Best,Point guard,Point Guard,matched,,Travis Best; Romeo Travis; Travis Hansen; Slovenian Basketball League; Nick Weiler-Babb,False,direct,bio_name,1972.0,exact_match,exact_birth_year
P001927,"BEVERLEY, PATRICK",Patrick Beverley,Patrick Beverley,https://en.wikipedia.org/wiki/Patrick_Beverley,Point guard,Point Guard,matched,,Patrick Beverley; EuroCup Basketball MVP; Hapoel Tel Aviv B.C.; Juancho Hernangómez; 2011–12 Eurocup Basketball,False,direct,bio_name,1988.0,exact_match,exact_birth_year
P002289,"BEZBRADICA, NEMANJA",Nemanja Bezbradica,Nemanja Bezbradica,https://en.wikipedia.org/wiki/Nemanja_Bezbradica,Power forward / center,Power Forward,matched,,Nemanja Bezbradica; Bogdan Bogdanović (basketball); BKK Radnički; Serbia men's national under-20 basketball team; Serbia men's national under-16 basketball team,True,direct,bio_name,1993.0,exact_match,exact_birth_year
P003137,"BIANCHI, CAMILLO",Camillo Bianchi,Rosters of the top basketball teams in European club competitions,https://en.wikipedia.org/wiki/Rosters_of_the_top_basketball_teams_in_European_club_competitions,,,page_found_not_basketball_player,Wikipedia page(s) found but none identifiable as a basketball-biography page,Rosters of the top basketball teams in European club competitions; Sport in Italy; List of University of Florida alumni; Italy; Emilia-Romagna,False,search,bio_name,,unavailable,
P006961,"BIBEROVIC, TARIK",Tarik Biberovic,Tarik Biberović,https://en.wikipedia.org/wiki/Tarik_Biberović,Small forward,Small Forward,matched,,Tarik Biberović; Fenerbahçe S.K. (basketball); List of 2026–27 EuroLeague transactions; 2026–27 Fenerbahçe S.K. (basketball) season; 2025 EuroLeague Final Four,False,direct,bio_name,2001.0,exact_match,exact_birth_year
P003622,"BILAN, MIRO",Miro Bilan,Miro Bilan,https://en.wikipedia.org/wiki/Miro_Bilan,Center,Center,matched,,Miro Bilan; ASVEL Basket; KK Cedevita; Maxima Roma; Tornike Shengelia,False,direct,bio_name,1989.0,exact_match,exact_birth_year
P009903,"BILIGHA, PAUL",Paul Biligha,Paul Biligha,https://en.wikipedia.org/wiki/Paul_Biligha,Center,Center,matched,,Paul Biligha; Italy men's national basketball team; Paul Eboua; Derthona Basket; 2019–20 Olimpia Milano season,False,direct,bio_name,1990.0,exact_match,exact_birth_year
P007182,"BIRCH, KHEM",Khem Birch,Khem Birch,https://en.wikipedia.org/wiki/Khem_Birch,Centre,Center,matched,,Khem Birch; Fenerbahçe S.K. (basketball); 2026 EuroLeague Final Four; 2025 EuroLeague Final Four; List of 2026–27 EuroLeague transactions,False,direct,bio_name,1992.0,exact_match,exact_birth_year
P003091,"BIRSEN, METECAN",Metecan Birsen,Metecan Birsen,https://en.wikipedia.org/wiki/Metecan_Birsen,Power forward / small forward,Power Forward,matched,,Metecan Birsen; Fenerbahçe S.K. (basketball); Beşiktaş J.K. (men's basketball); List of 2026–27 EuroLeague transactions; 2025–26 Fenerbahçe S.K. (basketball) season,True,direct,bio_name,1995.0,exact_match,exact_birth_year
P005504,"BIRUTIS, LAURYNAS",Laurynas Birutis,Laurynas Birutis,https://en.wikipedia.org/wiki/Laurynas_Birutis,Center,Center,matched,,Laurynas Birutis; BC Žalgiris; List of 2026–27 EuroLeague transactions; 2025–26 BC Žalgiris season; 2024–25 BC Žalgiris season,False,direct,bio_name,1997.0,exact_match,exact_birth_year
P006809,"BITADZE, GOGA",Goga Bitadze,Goga Bitadze,https://en.wikipedia.org/wiki/Goga_Bitadze,Center,Center,matched,,Goga Bitadze; EuroLeague Rising Star; 2018–19 EuroLeague; Miško Ražnatović; ABA League Top Prospect,False,direct,bio_name,1999.0,exact_match,exact_birth_year
P007929,"BITIM, ONURALP",Onuralp Bitim,Onuralp Bitim,https://en.wikipedia.org/wiki/Onuralp_Bitim,Small forward / shooting guard,Small Forward,matched,,Onuralp Bitim; Fenerbahçe S.K. (basketball); FC Bayern Munich (basketball); 2026 EuroLeague Final Four; List of 2024–25 EuroLeague transactions,True,direct,bio_name,1999.0,exact_match,exact_birth_year
PCHX,"BJELICA, MILKO",Milko Bjelica,Milko Bjelica,https://en.wikipedia.org/wiki/Milko_Bjelica,Power forward / center,Power Forward,matched,,Milko Bjelica; ABA League; KK Crvena zvezda; 2013–14 Euroleague; Anadolu Efes S.K.,True,direct,bio_name,1984.0,exact_match,exact_birth_year
P001413,"BJELICA, NEMANJA",Nemanja Bjelica,Nemanja Bjelica,https://en.wikipedia.org/wiki/Nemanja_Bjelica,Power forward/small forward,Power Forward,matched,,Nemanja Bjelica; EuroLeague MVP; Fenerbahçe S.K. (basketball); EuroLeague 2010–2020 All-Decade Team; Basketball League of Serbia,True,direct,bio_name,1988.0,exact_match,exact_birth_year
P008991,"BLACK, TARIK",Tarik Black,Tarik Black,https://en.wikipedia.org/wiki/Tarik_Black,Center,Center,matched,,Tarik Black; 2023 EuroLeague Final Four; London Lions (basketball); 2018–19 EuroLeague; Maccabi Tel Aviv B.C.,False,direct,bio_name,1991.0,exact_match,exact_birth_year
P013402,"BLAKENEY, ANTONIO",Antonio Blakeney,Antonio Blakeney,https://en.wikipedia.org/wiki/Antonio_Blakeney,Shooting guard / small forward,Shooting Guard,matched,,Antonio Blakeney; List of 2026–27 EuroLeague transactions; 2025–26 EuroLeague regular season; 2025–26 FC Barcelona Bàsquet season; 2025–26 Real Madrid Baloncesto season,True,direct,bio_name,1996.0,exact_match,exact_birth_year
PBFY,"BLAKNEY, RODERICK",Roderick Blakney,Roderick Blakney,https://en.wikipedia.org/wiki/Roderick_Blakney,Point guard,Point Guard,matched,,Roderick Blakney; Olympiacos B.C.; AEK B.C.; International Basketball League (1999–2001); 2003–04 Greek Basket League,False,direct,bio_name,1976.0,exact_match,exact_birth_year
P001899,"BLANCO, SAUL",Saul Blanco,Saúl Blanco,https://en.wikipedia.org/wiki/Saúl_Blanco,Small forward,Small Forward,matched,,Saúl Blanco; Baloncesto Fuenlabrada; Baloncesto Málaga; 2018–19 Círculo Gijón season; 2013–14 ACB season,False,direct,bio_name,1985.0,exact_match,exact_birth_year
P003391,"BLASSINGAME, JEREL",Jerel Blassingame,Jerel Blassingame,https://en.wikipedia.org/wiki/Jerel_Blassingame,Point guard,Point Guard,matched,,Jerel Blassingame; Arka Gdynia (basketball); AEK B.C.; Cyprus Basketball Division A; 2017–18 Pro A season; 2011–12 PLK season,False,direct,bio_name,1981.0,exact_match,exact_birth_year
P011193,"BLATT, TAMIR",Tamir Blatt,Tamir Blatt,https://en.wikipedia.org/wiki/Tamir_Blatt,Point guard,Point Guard,matched,,Tamir Blatt; David Blatt; 2025–26 EuroLeague; 2024–25 EuroLeague; List of 2026–27 EuroLeague transactions,False,direct,bio_name,1997.0,exact_match,exact_birth_year
P009877,"BLAYZER, OZ",Oz Blayzer,Oz Blayzer,https://en.wikipedia.org/wiki/Oz_Blayzer,Small forward / power forward,Small Forward,matched,,Oz Blayzer; Israel men's national basketball team; 2016–17 Israeli Basketball Super League; List of 2025–26 EuroLeague transactions; 2015–16 Israeli Basketball Super League,True,direct,bio_name,1992.0,exact_match,exact_birth_year
P008186,"BLAZEVIC, MAREK",Marek Blazevic,Marek Blaževič,https://en.wikipedia.org/wiki/Marek_Blaževič,Center,Center,matched,,Marek Blaževič; List of 2026–27 EuroLeague transactions; 2025–26 Basketball Champions League; BC Žalgiris; 2026–27 BC Žalgiris season,False,direct,bio_name,2001.0,exact_match,exact_birth_year
P003452,"BLAZIC, JAKA",Jaka Blazic,Jaka Blažič,https://en.wikipedia.org/wiki/Jaka_Blažič,Shooting guard / small forward,Shooting Guard,matched,,Jaka Blažič; Basketball League of Serbia; KK Cedevita Olimpija; ABA League; EuroCup Basketball All-EuroCup Team,True,direct,bio_name,1990.0,exact_match,exact_birth_year
P011231,"BLOSSOMGAME, JARON",Jaron Blossomgame,Jaron Blossomgame,https://en.wikipedia.org/wiki/Jaron_Blossomgame,Power forward / small forward,Power Forward,matched,,Jaron Blossomgame; Dubai Basketball; List of 2026–27 EuroLeague transactions; 2025 EuroLeague Final Four; 2023 EuroLeague Final Four,True,direct,bio_name,1993.0,exact_match,exact_birth_year
PKAX,"BLUMS, JANIS",Janis Blums,Jānis Blūms,https://en.wikipedia.org/wiki/Jānis_Blūms,Point guard / shooting guard,Point Guard,matched,,Jānis Blūms; Roberts Blūms; BK Ventspils; VTB United League Hall of Fame; BK VEF Rīga,True,direct,bio_name,1982.0,exact_match,exact_birth_year
PBES,"BLU, DAVID",David Blu,David Blu,https://en.wikipedia.org/wiki/David_Blu,Small forward / power forward,Small Forward,matched,,David Blu; David Blatt; Maccabi Tel Aviv B.C.; ABA League; FIBA European Champions Cup and EuroLeague history,True,direct,bio_name,1980.0,exact_match,exact_birth_year
P003240,"BOCHORIDIS, ELEFTHERIOS",Eleftherios Bochoridis,Lefteris Bochoridis,https://en.wikipedia.org/wiki/Lefteris_Bochoridis,Small forward / guard,Small Forward,matched,,Lefteris Bochoridis; Panathinaikos B.C.; Rosters of the top basketball teams in European club competitions,False,direct,bio_name,1994.0,exact_match,exact_birth_year
PJMH,"BOGAVAC, NEBOJSA",Nebojsa Bogavac,Nebojša Bogavac,https://en.wikipedia.org/wiki/Nebojša_Bogavac,Shooting guard / small forward,Shooting Guard,matched,,Nebojša Bogavac; ABA League; Luka Bogavac; YUBA All-Star Game; 2000–01 YUBA League,True,direct,bio_name,1973.0,exact_match,exact_birth_year
P002821,"BOGDANOVIC, BOGDAN",Bogdan Bogdanovic,Bogdan Bogdanović (basketball),https://en.wikipedia.org/wiki/Bogdan_Bogdanović_(basketball),Shooting guard,Shooting Guard,matched,,Bogdan Bogdanović; Bogdan Bogdanović (basketball); Fenerbahçe S.K. (basketball); EuroLeague 2010–2020 All-Decade Team; 2016–17 EuroLeague; EuroLeague Rising Star,False,search,bio_name,1992.0,exact_match,exact_birth_year
P000009,"BOGDANOVIC, BOJAN",Bojan Bogdanovic,Bojan Bogdanović,https://en.wikipedia.org/wiki/Bojan_Bogdanović,Small forward / power forward,Small Forward,matched,,Bojan Bogdanović; Fenerbahçe S.K. (basketball); Basketball League of Serbia; KK Partizan; ABA League,True,direct,bio_name,1989.0,exact_match,exact_birth_year
PCHZ,"BOGDANOVIC, LUKA",Luka Bogdanovic,Luka Bogdanović,https://en.wikipedia.org/wiki/Luka_Bogdanović,Small forward,Small Forward,matched,,Luka Bogdanović; Bogdan Bogdanović (basketball); Fenerbahçe S.K. (basketball); EuroLeague 2010–2020 All-Decade Team; EuroLeague Rising Star; 2016–17 EuroLeague,False,direct,bio_name,1985.0,exact_match,exact_birth_year
P001933,"BOGRIS, GEORGIOS",Georgios Bogris,Georgios Bogris,https://en.wikipedia.org/wiki/Georgios_Bogris,Center,Center,matched,,Georgios Bogris; Panathinaikos B.C.; Greece men's national basketball team; AEK B.C.; Olympiacos B.C.,False,direct,bio_name,1989.0,exact_match,exact_birth_year
PAPT,"BOISA, VLADIMER",Vladimer Boisa,Vladimir Boisa,https://en.wikipedia.org/wiki/Vladimir_Boisa,Power forward,Power Forward,matched,,Vladimir Boisa,False,search,bio_name,1981.0,exact_match,exact_birth_year
PCOC,"BOKOLO, YANNICK",Yannick Bokolo,Yannick Bokolo,https://en.wikipedia.org/wiki/Yannick_Bokolo,Point guard / shooting guard,Point Guard,matched,,Yannick Bokolo; France men's national basketball team; LNB All-Star Game; 2010–11 Pro A season; BCM Gravelines-Dunkerque,True,direct,bio_name,1985.0,exact_match,exact_birth_year
P007988,"BOLDEN, JONAH",Jonah Bolden,Jonah Bolden,https://en.wikipedia.org/wiki/Jonah_Bolden,Power forward,Power Forward,matched,,Jonah Bolden; Basketball League of Serbia; Maccabi Tel Aviv B.C.; List of 2017–18 EuroLeague transactions; 2016–17 ABA League,False,direct,bio_name,1996.0,exact_match,exact_birth_year
P014105,"BOL, JUOM MAKER",Juom Maker Bol,,,,,no_page_found,Wikipedia search returned no results,,False,,bio_name,,unavailable,
P008985,"BOLMARO, LEANDRO",Leandro Bolmaro,Leandro Bolmaro,https://en.wikipedia.org/wiki/Leandro_Bolmaro,Point guard / shooting guard,Point Guard,matched,,Leandro Bolmaro; FC Bayern Munich (basketball); 2025–26 EuroLeague regular season; 2024–25 EuroLeague regular season; Ricky Rubio,True,direct,bio_name,2000.0,exact_match,exact_birth_year
P009035,"BOLOMBOY, JOEL",Joel Bolomboy,Joel Bolomboy,https://en.wikipedia.org/wiki/Joel_Bolomboy,Center / power forward,Center,matched,,Joel Bolomboy; List of 2026–27 EuroLeague transactions; 2023 EuroLeague Final Four; PBC CSKA Moscow; 2023–24 KK Crvena zvezda season,True,direct,bio_name,1994.0,exact_match,exact_birth_year
PCOI,"BOLZONELLA, FEDERICO",Federico Bolzonella,,,,,no_page_found,Wikipedia search returned no results,,False,,bio_name,,unavailable,
P006760,"BONGA, ISAAC",Isaac Bonga,Isaac Bonga,https://en.wikipedia.org/wiki/Isaac_Bonga,Small forward / power forward,Small Forward,matched,,Isaac Bonga; 2025–26 KK Partizan season; FC Bayern Munich (basketball); 2026–27 KK Partizan season; List of 2026–27 EuroLeague transactions,True,direct,bio_name,1999.0,exact_match,exact_birth_year
P009056,"BONILLA, GAEL",Gael Bonilla,Gael Bonilla,https://en.wikipedia.org/wiki/Gael_Bonilla,Shooting guard / small forward,Shooting Guard,matched,,Gael Bonilla; BC Balkan Botevgrad; 2023 FIBA Basketball World Cup squads; Deaths in August 2024; July 2011 in sports,True,direct,bio_name,2003.0,exact_match,exact_birth_year
P000184,"BOOKER, CHRIS",Chris Booker,Chris Booker (basketball),https://en.wikipedia.org/wiki/Chris_Booker_(basketball),Power forward / center,Power Forward,matched,,"Chris Booker; Fenerbahçe S.K. (basketball); Chris Booker (basketball); Mike James (basketball, born 1990); 2016–17 EuroLeague; Chris Finch",True,search,bio_name,1981.0,exact_match,exact_birth_year
P007056,"BOOKER, DEVIN",Devin Booker,"Devin Booker (basketball, born 1991)","https://en.wikipedia.org/wiki/Devin_Booker_(basketball,_born_1991)",Center / power forward,Center,matched,,"Devin Booker; Devin Booker (basketball, born 1991); FC Bayern Munich (basketball); Fenerbahçe S.K. (basketball); 2019–20 EuroLeague; Maccabi Tel Aviv B.C.",True,search,bio_name,1991.0,exact_match,exact_birth_year
PAVD,"BOOKER, MELVIN",Melvin Booker,Melvin Booker,https://en.wikipedia.org/wiki/Melvin_Booker,Point guard,Point Guard,matched,,Melvin Booker; Olimpia Milano; Kendrick Nunn; Chris Booker (basketball); BC Khimki; 2010 in basketball,False,direct,bio_name,1972.0,exact_match,exact_birth_year
P002987,"BOONE, JASON",Jason Boone,Jason Boone,https://en.wikipedia.org/wiki/Jason_Boone,Power forward / center,Power Forward,matched,,Jason Boone; Isaac Bonga; Nate Sestina; Devin Williams (basketball); Victor Wembanyama,True,direct,bio_name,1985.0,exact_match,exact_birth_year
P007012,"BOONE, JOSH",Josh Boone,Josh Boone,https://en.wikipedia.org/wiki/Josh_Boone,,,position_unavailable,Basketball page confirmed but has no 'position' field in its infobox,"Josh Boone; Braxton Key; 2015–16 Euroleague squads; Marcus Williams (basketball, born 1985); LaVar Ball; Devin Williams (basketball)",False,direct,bio_name,,unavailable,direct_name_match_no_contradicting_evidence
P001936,"BORCHARDT, CURTIS",Curtis Borchardt,Curtis Borchardt,https://en.wikipedia.org/wiki/Curtis_Borchardt,Center,Center,matched,,Curtis Borchardt; 2008–09 ACB season; 2026 deaths in the United States; 2007–08 ACB season,False,direct,bio_name,1980.0,exact_match,exact_birth_year
PJNL,"BOROVNJAK, DEJAN",Dejan Borovnjak,Dejan Borovnjak,https://en.wikipedia.org/wiki/Dejan_Borovnjak,Power forward / center,Power Forward,matched,,Dejan Borovnjak; BC Rytas; Aris B.C.; KK Partizan; Panionios B.C.,True,direct,bio_name,1986.0,exact_match,exact_birth_year
P006701,"BORTOLANI, GIORDANO",Giordano Bortolani,Giordano Bortolani,https://en.wikipedia.org/wiki/Giordano_Bortolani,Shooting guard / Point guard,Shooting Guard,matched,,Giordano Bortolani; 2021–22 Basketball Champions League; List of 2025–26 EuroLeague transactions; Basketball Champions League Best Young Player; 2021–22 Olimpia Milano season,True,direct,bio_name,2000.0,exact_match,exact_birth_year
P012167,"BOSNJAKOVIC, MITAR",Mitar Bosnjakovic,Mitar Bošnjaković,https://en.wikipedia.org/wiki/Mitar_Bošnjaković,Small forward,Small Forward,matched,,Mitar Bošnjaković; Serbia men's national basketball team; 2026–27 KK Partizan season; 2025–26 KK Partizan season; KK Partizan,False,search,bio_name,2006.0,exact_match,exact_birth_year
P004264,"BOST, DEE",Dee Bost,Dee Bost,https://en.wikipedia.org/wiki/Dee_Bost,Point guard,Point Guard,matched,,Dee Bost; Galatasaray S.K. (men's basketball); AS Monaco Basket; 2018–19 EuroLeague; BC Žalgiris,False,direct,bio_name,1989.0,exact_match,exact_birth_year
P014016,"BOSTON JR., BRANDON",Brandon Boston Jr.,Brandon Boston Jr.,https://en.wikipedia.org/wiki/Brandon_Boston_Jr.,Shooting guard / small forward,Shooting Guard,matched,,Brandon Boston Jr.; Fenerbahçe S.K. (basketball); Brandon Jennings; List of 2026–27 EuroLeague transactions; List of 2025–26 EuroLeague transactions,True,direct,bio_name,2001.0,exact_match,exact_birth_year
PLLV,"BOUMTJE BOUMTJE, RUBEN",Ruben Boumtje Boumtje,Ruben Boumtje-Boumtje,https://en.wikipedia.org/wiki/Ruben_Boumtje-Boumtje,Center,Center,matched,,Ruben Boumtje-Boumtje; Joaquim Boumtje-Boumtje; FC Bayern Munich (basketball); Baskets Oldenburg; Panellinios B.C.; Alba Berlin,False,direct,bio_name,1978.0,exact_match,exact_birth_year
P003650,"BOUNGOU-COLO, NOBEL",Nobel Boungou-colo,Nobel Boungou Colo,https://en.wikipedia.org/wiki/Nobel_Boungou_Colo,Small forward / power forward,Small Forward,matched,,Nobel Boungou Colo; Paris Basketball; 2015–16 Euroleague; Orléans Loiret Basket; 2018 Italian Basketball Cup,True,search,bio_name,1988.0,exact_match,exact_birth_year
PAQU,"BOUROUSIS, IOANNIS",Ioannis Bourousis,Ioannis Bourousis,https://en.wikipedia.org/wiki/Ioannis_Bourousis,Center,Center,matched,,Ioannis Bourousis; EuroLeague 2010–2020 All-Decade Team; Greece men's national basketball team; Olympiacos B.C.; 2016–17 EuroLeague,False,direct,bio_name,1983.0,exact_match,exact_birth_year
P008923,"BOUTSIELE, JERRY",Jerry Boutsiele,List of 2021–22 EuroLeague transactions,https://en.wikipedia.org/wiki/List_of_2021–22_EuroLeague_transactions,,,page_found_not_basketball_player,Wikipedia page(s) found but none identifiable as a basketball-biography page,List of 2021–22 EuroLeague transactions; KK Budućnost; List of 2022–23 EuroLeague transactions; 2023–24 Basketbol Süper Ligi; 2022–23 Basketbol Süper Ligi,False,search,bio_name,,unavailable,
PJJY,"BOZIC, PETAR",Petar Bozic,Petar Božić,https://en.wikipedia.org/wiki/Petar_Božić,Point guard / shooting guard,Point Guard,matched,,Petar Božić; ABA League; London Lions (basketball); 2025–26 KK Partizan season; KK Partizan,True,direct,bio_name,1978.0,exact_match,exact_birth_year
P005284,"BRACKINS, CRAIG",Craig Brackins,Craig Brackins,https://en.wikipedia.org/wiki/Craig_Brackins,Power forward,Power Forward,matched,,Craig Brackins; Darius Songaila; Brewster Academy; List of 2010–11 NBA season transactions; 2011 NBA draft; List of 2011–12 NBA season transactions,False,direct,bio_name,1987.0,exact_match,exact_birth_year
P000127,"BRADLEY, MICHAEL",Michael Bradley,Michael Bradley (basketball),https://en.wikipedia.org/wiki/Michael_Bradley_(basketball),Power forward / center,Power Forward,matched,,Michael Bradley; Michael Bradley (basketball); Bill Bradley; Anthony Parker; 50 Greatest EuroLeague Contributors (2008); EuroLeague MVP of the Round,True,search,bio_name,1979.0,exact_match,exact_birth_year
P012203,"BRAIMOH, SULEIMAN",Suleiman Braimoh,Suleiman Braimoh,https://en.wikipedia.org/wiki/Suleiman_Braimoh,Power forward / center,Power Forward,matched,,Suleiman Braimoh; Hapoel Jerusalem B.C.; BC Enisey; 2018–19 Israeli Basketball Premier League; 2016–17 VTB United League,True,direct,bio_name,1989.0,exact_match,exact_birth_year
P002906,"BRAMOS, MICHAEL",Michael Bramos,Michael Bramos,https://en.wikipedia.org/wiki/Michael_Bramos,Small forward / shooting guard,Small Forward,matched,,Michael Bramos; Greece men's national basketball team; Panathinaikos B.C.; 2019–20 EuroCup Basketball; Basketball in Greece,True,direct,bio_name,1987.0,exact_match,exact_birth_year
P011263,"BRANDWEIN, ODED",Oded Brandwein,Oded Brandwein,https://en.wikipedia.org/wiki/Oded_Brandwein,Point guard,Point Guard,matched,,Oded Brandwein; SKK Kotwica Kołobrzeg; AZS Koszalin; 2022–23 Israeli Basketball Premier League; 2021 Israeli Basketball League Cup; Maccabi Tel Aviv B.C. past rosters,False,direct,bio_name,1988.0,exact_match,exact_birth_year
P007639,"BRANKOVIC, DANKO",Danko Brankovic,Danko Branković,https://en.wikipedia.org/wiki/Danko_Branković,Center,Center,matched,,Danko Branković; FC Bayern Munich (basketball); Croatia men's national basketball team; CB Breogán; List of 2022–23 EuroLeague transactions,False,search,bio_name,2000.0,exact_match,exact_birth_year
P011243,"BRANTLEY, JARRELL",Jarrell Brantley,Jarrell Brantley,https://en.wikipedia.org/wiki/Jarrell_Brantley,Power forward / small forward,Power Forward,matched,,Jarrell Brantley; BC UNICS; John Holland (basketball); 2022–23 New Zealand Breakers season; Marco Spissu,True,direct,bio_name,1996.0,exact_match,exact_birth_year
P009834,"BRAY, TJ",Tj Bray,T. J. Bray,https://en.wikipedia.org/wiki/T._J._Bray,Point guard / shooting guard,Point Guard,matched,,T. J. Bray; 2019–20 FC Bayern Munich (basketball) season; Panathinaikos B.C.; List of 2020–21 EuroLeague transactions; 2018–19 Basketball Bundesliga,True,search,bio_name,1992.0,exact_match,exact_birth_year
PTFM,"BRAZDAUSKIS, LUKAS",Lukas Brazdauskis,Lukas Brazdauskis,https://en.wikipedia.org/wiki/Lukas_Brazdauskis,Small forward,Small Forward,matched,,Lukas Brazdauskis; BC Žalgiris; Lithuania men's national basketball team; BC Rytas; Rosters of the top basketball teams in European club competitions,False,direct,bio_name,1988.0,exact_match,exact_birth_year
P011983,"BRAZDEIKIS, IGNAS",Ignas Brazdeikis,Ignas Brazdeikis,https://en.wikipedia.org/wiki/Ignas_Brazdeikis,Small forward,Small Forward,matched,,Ignas Brazdeikis; BC Žalgiris; List of 2026–27 EuroLeague transactions; 2024–25 BC Žalgiris season; 2025–26 BC Žalgiris season,False,direct,bio_name,1999.0,exact_match,exact_birth_year
P001790,"BRAZELTON, TYRONE",Tyrone Brazelton,Tyrone Brazelton,https://en.wikipedia.org/wiki/Tyrone_Brazelton,Point guard,Point Guard,matched,,Tyrone Brazelton; Kolossos Rodou B.C.; BK Ventspils; 2016–17 Basketball Champions League; Basketball Champions League Game Day MVP,False,direct,bio_name,1986.0,exact_match,exact_birth_year
PJKL,"BREMER, JR",Jr Bremer,J. R. Bremer,https://en.wikipedia.org/wiki/J._R._Bremer,Point guard,Point Guard,matched,,Fenerbahçe S.K. (basketball); J. R. Bremer; ABA League; Breanna Stewart; PAOK BC,False,search,bio_name,1980.0,exact_match,exact_birth_year
P007566,"BRENNEKE, LORENZ",Lorenz Brenneke,,,,,no_page_found,Wikipedia search returned no results,,False,,bio_name,,unavailable,
PAGH,"BREZEC, PRIMOZ",Primoz Brezec,Primož Brezec,https://en.wikipedia.org/wiki/Primož_Brezec,Center,Center,matched,,Primož Brezec; Cyprus Basketball Division A; Cypriot Basketball Cup; Virtus Roma; 2010–11 Eurocup Basketball,False,direct,bio_name,1979.0,exact_match,exact_birth_year
P014127,"BRISSETT, O'SHAE J",O'shae J Brissett,,,,,no_page_found,Wikipedia search returned no results,,False,,bio_name,,unavailable,
P009992,"BRIZUELA, DARIO",Dario Brizuela,Darío Brizuela,https://en.wikipedia.org/wiki/Darío_Brizuela,Shooting guard,Shooting Guard,matched,,Darío Brizuela; 2026–27 FC Barcelona Bàsquet season; 2025–26 FC Barcelona Bàsquet season; List of 2025–26 EuroLeague transactions; FC Barcelona Bàsquet,False,direct,bio_name,1994.0,exact_match,exact_birth_year
PLVA,"BRNAS, TONI",Toni Brnas,Croatia men's national under-18 and under-19 basketball team,https://en.wikipedia.org/wiki/Croatia_men's_national_under-18_and_under-19_basketball_team,,,page_found_not_basketball_player,Wikipedia page(s) found but none identifiable as a basketball-biography page,Croatia men's national under-18 and under-19 basketball team,False,search,bio_name,,unavailable,
P010458,"BRODZIANSKY, VLADIMIR",Vladimir Brodziansky,Vladimír Brodziansky,https://en.wikipedia.org/wiki/Vladimír_Brodziansky,Power forward / center,Power Forward,matched,,Vladimír Brodziansky; 2023–24 EuroCup Basketball; List of 2022–23 EuroLeague transactions; Canarias Basketball Academy; 2022–23 KK Partizan season; EuroCup Basketball MVP of the Round,True,direct,bio_name,1994.0,exact_match,exact_birth_year
P005195,"BROEKHOFF, RYAN",Ryan Broekhoff,Ryan Broekhoff,https://en.wikipedia.org/wiki/Ryan_Broekhoff,Shooting guard / small forward,Shooting Guard,matched,,Ryan Broekhoff; Beşiktaş J.K. (men's basketball); Kendrick Nunn; 2016 Euroleague Final Four; EuroCup Basketball All-EuroCup Team,True,direct,bio_name,1990.0,exact_match,exact_birth_year
P013384,"BROOKS, ARMONI",Armoni Brooks,Armoni Brooks,https://en.wikipedia.org/wiki/Armoni_Brooks,Shooting guard / point guard,Shooting Guard,matched,,Armoni Brooks; List of 2026–27 EuroLeague transactions; List of 2024–25 EuroLeague transactions; 2025–26 LBA season; ASVEL Basket,True,direct,bio_name,1998.0,exact_match,exact_birth_year
P004117,"BROOKS, JEFF",Jeff Brooks,Jeff Brooks,https://en.wikipedia.org/wiki/Jeff_Brooks,Power forward,Power Forward,matched,,Jeff Brooks; List of 2026–27 EuroLeague transactions; MarShon Brooks; Olimpia Milano; Garrison Brooks,False,direct,bio_name,1989.0,exact_match,exact_birth_year
P005805,"BROOKS, MARSHON",Marshon Brooks,MarShon Brooks,https://en.wikipedia.org/wiki/MarShon_Brooks,Shooting guard / small forward,Shooting Guard,matched,,MarShon Brooks; Chinese Basketball Association; Italian Basketball Supercup; 2015 Italian Basketball Cup; CJ McCollum,True,direct,bio_name,1989.0,exact_match,exact_birth_year
P000129,"BROWN, BOBBY",Bobby Brown,Bobby Brown (basketball),https://en.wikipedia.org/wiki/Bobby_Brown_(basketball),Point guard,Point Guard,matched,,Bobby Brown; Bobby Brown (basketball); Fenerbahçe S.K. (basketball); Alphonso Ford EuroLeague Top Scorer Trophy; 2012–13 Euroleague; EuroLeague MVP of the Month,False,search,bio_name,1984.0,exact_match,exact_birth_year
P000635,"BROWN, DEE",Dee Brown,"Dee Brown (basketball, born 1984)","https://en.wikipedia.org/wiki/Dee_Brown_(basketball,_born_1984)",Point guard,Point Guard,matched,,"Dee Brown; Dee Brown (basketball, born 1984); Galatasaray S.K. (men's basketball); Shannon Brown; AS Monaco Basket; James Augustine",False,search,bio_name,1984.0,exact_match,exact_birth_year
P004425,"BROWN, DERRICK",Derrick Brown,"Derrick Brown (basketball, born 1987)","https://en.wikipedia.org/wiki/Derrick_Brown_(basketball,_born_1987)",Power forward,Power Forward,matched,,"Derrick Brown; Fenerbahçe S.K. (basketball); Derrick Brown (basketball, born 1987); Sterling Brown (basketball); 2016–17 EuroLeague; ABA League",False,search,bio_name,1987.0,exact_match,exact_birth_year
P003532,"BROWN, DEVIN",Devin Brown,Devin Brown,https://en.wikipedia.org/wiki/Devin_Brown,Shooting guard,Shooting Guard,matched,,Devin Brown; Fenerbahçe S.K. (basketball); 2024–25 EuroCup Basketball; Maccabi Tel Aviv B.C.; 2012–13 Euroleague; All-EuroLeague Team,False,direct,bio_name,1978.0,exact_match,exact_birth_year
P001460,"BROWN, ELTON",Elton Brown,Elton Brown (basketball),https://en.wikipedia.org/wiki/Elton_Brown_(basketball),Center,Center,matched,,Elton Brown; Elton Brown (basketball); ABA League; KK Crvena zvezda; NBA Rookie of the Year; Trabzonspor B.K.,False,search,bio_name,1983.0,exact_match,exact_birth_year
P010588,"BROWN III, JOHN",John Brown Iii,"John Brown (basketball, born 1992)","https://en.wikipedia.org/wiki/John_Brown_(basketball,_born_1992)",Power forward,Power Forward,matched,,"John Brown (basketball, born 1992); Maccabi Tel Aviv B.C.; Walter Berry (basketball); List of 2025–26 EuroLeague transactions; Dee Brown (basketball, born 1984)",False,search,bio_name,1992.0,exact_match,exact_birth_year
P009622,"BROWN, LORENZO",Lorenzo Brown,Lorenzo Brown,https://en.wikipedia.org/wiki/Lorenzo_Brown,Point guard,Point Guard,matched,,Lorenzo Brown; Fenerbahçe S.K. (basketball); All-EuroLeague Team; EuroLeague career statistical leaders; 2025 EuroLeague Final Four,False,direct,bio_name,1990.0,exact_match,exact_birth_year
PAHT,"BROWN, MARCUS",Marcus Brown,Marcus Brown,https://en.wikipedia.org/wiki/Marcus_Brown,Shooting guard / point guard,Shooting Guard,matched,,Marcus Brown; All-EuroLeague Team; Fenerbahçe S.K. (basketball); EuroLeague career statistical leaders; List of 2026–27 EuroLeague transactions,True,direct,bio_name,1974.0,exact_match,exact_birth_year
P007424,"BROWN, MARKEL",Markel Brown,Markel Brown,https://en.wikipedia.org/wiki/Markel_Brown,Shooting guard / point guard,Shooting Guard,matched,,Markel Brown; Fenerbahçe S.K. (basketball); Fenerbahçe (men's basketball) past rosters; Darüşşafaka Basketbol; List of 2022–23 EuroLeague transactions,True,direct,bio_name,1992.0,exact_match,exact_birth_year
P009817,"BROWN, RION",Rion Brown,Rion Brown,https://en.wikipedia.org/wiki/Rion_Brown,Small forward / shooting guard,Small Forward,matched,,Rion Brown; Panathinaikos B.C.; Panionios B.C.; Promitheas Patras B.C.; 2020–21 KK Cedevita Olimpija season,True,direct,bio_name,1991.0,exact_match,exact_birth_year
P012720,"BROWN, STERLING",Sterling Brown,Sterling Brown (basketball),https://en.wikipedia.org/wiki/Sterling_Brown_(basketball),Small forward / shooting guard,Small Forward,matched,,Sterling Brown; Sterling Brown (basketball); 2025–26 EuroLeague; List of 2026–27 EuroLeague transactions; Shannon Brown; 2026–27 KK Partizan season,True,search,bio_name,1995.0,exact_match,exact_birth_year
P013365,"BROWN, VITTO",Vitto Brown,Vitto Brown,https://en.wikipedia.org/wiki/Vitto_Brown,Power forward / small forward,Power Forward,matched,,Vitto Brown; 2025 EuroLeague Final Four; List of 2025–26 EuroLeague transactions; List of 2024–25 EuroLeague transactions; Karşıyaka Basket,True,direct,bio_name,1995.0,exact_match,exact_birth_year
P000430,"BROYLES, DWAYNE",Dwayne Broyles,Dwayne Broyles,https://en.wikipedia.org/wiki/Dwayne_Broyles,Small forward,Small Forward,matched,,Dwayne Broyles; Baltic Basketball All-Star Game; Adriatic Basketball Association All-Star Game; ASK Riga,False,direct,bio_name,1982.0,exact_match,exact_birth_year
P000582,"BRUNNER, GREG",Greg Brunner,Greg Brunner,https://en.wikipedia.org/wiki/Greg_Brunner,Power forward,Power Forward,matched,,Greg Brunner; 2013–14 EuroChallenge; Rosters of the top basketball teams in European club competitions; American Basketball Association (2000–present); Kirk Penney; Mark Dickel,False,direct,bio_name,1983.0,exact_match,exact_birth_year
P009846,"BRYANT, ELIJAH",Elijah Bryant,Elijah Bryant,https://en.wikipedia.org/wiki/Elijah_Bryant,Shooting guard / small forward,Shooting Guard,matched,,Elijah Bryant; 2025–26 EuroLeague; 2023–24 EuroLeague; List of 2026–27 EuroLeague transactions; Israeli Basketball Premier League,True,direct,bio_name,1995.0,exact_match,exact_birth_year
P004123,"BRYANT, JOHN",John Bryant,John Bryant,https://en.wikipedia.org/wiki/John_Bryant,,,position_unavailable,Basketball page confirmed but has no 'position' field in its infobox,"John Bryant; Bryant Dunston; John Bryant (basketball); FC Bayern Munich (basketball); FIBA European Champions Cup and EuroLeague history; John Cox (basketball, born 1981)",False,direct,bio_name,,unavailable,direct_name_match_no_contradicting_evidence
P004221,"BUBNIC, DRAZEN",Drazen Bubnic,Dražen Bubnić,https://en.wikipedia.org/wiki/Dražen_Bubnić,Power forward,Power Forward,matched,,Dražen Bubnić; 2015–16 Dutch Basketball League; 2016–17 Slovenian Basketball League; 2010–11 KK Partizan season,False,direct,bio_name,1986.0,exact_match,exact_birth_year
P007427,"BUDINGER, CHASE",Chase Budinger,Chase Budinger,https://en.wikipedia.org/wiki/Chase_Budinger,Small forward,Small Forward,matched,,Chase Budinger; Saski Baskonia; 2016–17 Saski Baskonia season; Lior Eliyahu; Damjan Rudež,False,direct,bio_name,1988.0,exact_match,exact_birth_year
PKQM,"BUESA, MARTIN",Martin Buesa,Martín Buesa,https://en.wikipedia.org/wiki/Martín_Buesa,Power forward,Power Forward,matched,,Martín Buesa; 2019–20 EuroLeague; 2021–22 EuroLeague; 2017–18 EuroLeague; 2020–21 EuroLeague; 2016–17 Fenerbahçe S.K. (basketball) season,False,direct,bio_name,1988.0,exact_match,exact_birth_year
P011330,"BUIKA, DOVYDAS",Dovydas Buika,2025–26 BC Žalgiris season,https://en.wikipedia.org/wiki/2025–26_BC_Žalgiris_season,,,page_found_not_basketball_player,Wikipedia page(s) found but none identifiable as a basketball-biography page,2025–26 BC Žalgiris season; 2024–25 BC Žalgiris season,False,search,bio_name,,unavailable,
P002001,"BUKER, EVREN",Evren Buker,Evren Büker,https://en.wikipedia.org/wiki/Evren_Büker,Small forward / shooting guard,Small Forward,matched,,Evren Büker; Galatasaray S.K. (men's basketball); 2022–23 Fenerbahçe S.K. (basketball) season; Rosters of the top basketball teams in European club competitions; Galatasaray S.K. men's basketball team rosters; 2011–12 Galatasaray S.K. (men's basketball) season,True,direct,bio_name,1985.0,exact_match,exact_birth_year
P001881,"BULJEVIC, MARCO",Marco Buljevic,Buljević,https://en.wikipedia.org/wiki/Buljević,,,page_found_identity_unconfirmed,Basketball page found but birth year/nationality could not be confirmed against players_bio.csv,Buljević,False,search,bio_name,,unavailable,
PAHU,"BULLERI, MASSIMO",Massimo Bulleri,Massimo Bulleri,https://en.wikipedia.org/wiki/Massimo_Bulleri,Point guard / shooting guard,Point Guard,matched,,Massimo Bulleri; Italy men's national basketball team; Rosters of the champion and finalist teams of EuroLeague; Olimpia Milano; 2003 Euroleague Final Four,True,direct,bio_name,1977.0,exact_match,exact_birth_year
PAJO,"BULLOCK, LOUIS",Louis Bullock,Louis Bullock,https://en.wikipedia.org/wiki/Louis_Bullock,Shooting guard,Shooting Guard,matched,,Louis Bullock; Real Madrid Baloncesto; All-EuroLeague Team; 2008–09 Euroleague; EuroLeague MVP of the Round,False,direct,bio_name,1976.0,exact_match,exact_birth_year
PCFN,"BURKE, PAT",Pat Burke,Pat Burke,https://en.wikipedia.org/wiki/Pat_Burke,Center,Center,matched,,Pat Burke; 2000 FIBA EuroLeague Final Four; Dejan Bodiroga; Real Madrid Baloncesto; Arka Gdynia (basketball),False,direct,bio_name,1973.0,exact_match,exact_birth_year
P005692,"BURNS, CHRISTIAN",Christian Burns,Christian Burns (basketball),https://en.wikipedia.org/wiki/Christian_Burns_(basketball),Power forward / center,Power Forward,matched,,"Christian Burns; Christian Burns (basketball); John Brown (basketball, born 1992); National Basketball Association; List of 2018–19 EuroLeague transactions; Italy men's national basketball team",True,search,bio_name,1985.0,exact_match,exact_birth_year
PLGW,"BURRELL, RONNIE",Ronnie Burrell,Ronnie Burrell,https://en.wikipedia.org/wiki/Ronnie_Burrell,Power forward / small forward,Power Forward,matched,,Ronnie Burrell; 2006–07 Euroleague; EuroLeague MVP of the Round; EuroLeague season statistical leaders; Rosters of the top basketball teams in European club competitions,True,direct,bio_name,1983.0,exact_match,exact_birth_year
PAOY,"BURSTEIN, TAL",Tal Burstein,Tal Burstein,https://en.wikipedia.org/wiki/Tal_Burstein,Shooting guard,Shooting Guard,matched,,Tal Burstein; Israel men's national basketball team; Maccabi Tel Aviv B.C.; ABA League; Rosters of the champion and finalist teams of EuroLeague,False,direct,bio_name,1980.0,exact_match,exact_birth_year
PTFO,"BUTERLEVICIUS, SIMAS",Simas Buterlevicius,BC Rytas,https://en.wikipedia.org/wiki/BC_Rytas,,,page_found_not_basketball_player,Wikipedia page(s) found but none identifiable as a basketball-biography page,BC Rytas; BK Ventspils; BC Juventus; 2018 King Mindaugas Cup; 2016 King Mindaugas Cup,False,search,bio_name,,unavailable,
P010184,"BUTKA, DOVYDAS",Dovydas Butka,BC Žalgiris,https://en.wikipedia.org/wiki/BC_Žalgiris,,,page_found_not_basketball_player,Wikipedia page(s) found but none identifiable as a basketball-biography page,BC Žalgiris; 2024–25 BC Žalgiris season,False,search,bio_name,,unavailable,
P002676,"BUTKEVICIUS, ARNAS",Arnas Butkevicius,Arnas Butkevičius,https://en.wikipedia.org/wiki/Arnas_Butkevičius,Small forward / power forward,Small Forward,matched,,Arnas Butkevičius; BC Žalgiris; Basketball Champions League Game Day MVP; 2024–25 BC Žalgiris season; 2026–27 BC Žalgiris season,True,direct,bio_name,1992.0,exact_match,exact_birth_year
PKKI,"BUTKEVICIUS, POVILAS",Povilas Butkevicius,Povilas Butkevičius,https://en.wikipedia.org/wiki/Povilas_Butkevičius,Power forward / center,Power Forward,matched,,Povilas Butkevičius; BC Rytas; BC Žalgiris; BC Prienai; BC Žalgiris-2; Euroleague 2008–09 Rosters,True,direct,bio_name,1987.0,exact_match,exact_birth_year
P014163,"BUTLER, JARED",Jared Butler,Jared Butler,https://en.wikipedia.org/wiki/Jared_Butler,Point guard,Point Guard,matched,,Jared Butler; List of 2026–27 EuroLeague transactions; List of 2025–26 EuroLeague transactions; KK Crvena zvezda; Breanna Stewart,False,direct,bio_name,2000.0,exact_match,exact_birth_year
P004187,"BUVA, IVAN",Ivan Buva,Ivan Buva,https://en.wikipedia.org/wiki/Ivan_Buva,Center,Center,matched,,Ivan Buva; 2021–22 Basketball Champions League; Ignas Sargiūnas; KK Cedevita; AS Monaco Basket; BC Rytas,False,direct,bio_name,1991.0,exact_match,exact_birth_year
P005859,"BUYCKS, DWIGHT",Dwight Buycks,Dwight Buycks,https://en.wikipedia.org/wiki/Dwight_Buycks,Point guard / shooting guard,Point Guard,matched,,Dwight Buycks; Iranian Basketball Super League; Nanterre 92; BCM Gravelines-Dunkerque; Quincy Acy,True,direct,bio_name,1989.0,exact_match,exact_birth_year
P000685,"BYARS, DERRICK",Derrick Byars,Derrick Byars,https://en.wikipedia.org/wiki/Derrick_Byars,Small forward / shooting guard,Small Forward,matched,,Derrick Byars; Petteri Koponen; Panellinios B.C.; Vanderbilt Commodores men's basketball; Rosters of the top basketball teams in European club competitions,True,direct,bio_name,1984.0,exact_match,exact_birth_year
PKOS,"BYKOV, SERGEY",Sergey Bykov,Sergei Bykov,https://en.wikipedia.org/wiki/Sergei_Bykov,Point guard / shooting guard,Point Guard,matched,,Sergei Bykov; 2016 Euroleague Final Four; Russian Basketball Super League 1; Russia men's national basketball team; BC UNICS,True,direct,bio_name,1983.0,exact_match,exact_birth_year
PLFR,"BYNUM, WILL",Will Bynum,Will Bynum,https://en.wikipedia.org/wiki/Will_Bynum,Point guard,Point Guard,matched,,Will Bynum; EuroLeague Championship Game; Israeli Basketball Premier League; Rosters of the champion and finalist teams of EuroLeague; EuroLeague Championship Game Top Scorer,False,direct,bio_name,1983.0,exact_match,exact_birth_year
PAWX,"CABEZAS, CARLOS",Carlos Cabezas,Carlos Cabezas,https://en.wikipedia.org/wiki/Carlos_Cabezas,Point guard,Point Guard,matched,,Carlos Cabezas; Spain men's national basketball team; Baloncesto Málaga; BC Khimki; Saski Baskonia,False,direct,bio_name,1980.0,exact_match,exact_birth_year
P012096,"CABOCLO, BRUNO",Bruno Caboclo,Bruno Caboclo,https://en.wikipedia.org/wiki/Bruno_Caboclo,Power forward / center,Power Forward,matched,,Bruno Caboclo; Dubai Basketball; List of 2025–26 EuroLeague transactions; 2023–24 KK Partizan season; 2024–25 KK Partizan season,True,direct,bio_name,1995.0,exact_match,exact_birth_year
P001897,"CACACE, GIACOMO",Giacomo Cacace,Margarita Stolbizer,https://en.wikipedia.org/wiki/Margarita_Stolbizer,,,page_found_not_basketball_player,Wikipedia page(s) found but none identifiable as a basketball-biography page,Margarita Stolbizer,False,search,bio_name,,unavailable,
P012714,"CACOK, DEVONTAE",Devontae Cacok,Devontae Cacok,https://en.wikipedia.org/wiki/Devontae_Cacok,Center,Center,matched,,Devontae Cacok; Hapoel Jerusalem B.C.; List of 2024–25 EuroLeague transactions; Olivier Sarr; Virtus Bologna,False,direct,bio_name,1996.0,exact_match,exact_birth_year
P009132,"CAICEDO, MICHAEL",Michael Caicedo,Michael Caicedo,https://en.wikipedia.org/wiki/Michael_Caicedo,Shooting guard / small forward,Shooting Guard,matched,,Michael Caicedo; 2023–24 FC Barcelona Bàsquet season; 2021–22 FC Barcelona Bàsquet season; 2022–23 FC Barcelona Bàsquet season; 2020–21 Euroleague Basketball Next Generation Tournament,True,direct,bio_name,2003.0,exact_match,exact_birth_year
P000230,"CAKAREVIC, MARKO",Marko Cakarevic,Marko Čakarević,https://en.wikipedia.org/wiki/Marko_Čakarević,Small forward,Small Forward,matched,,Marko Čakarević; Basketball League of Serbia; BC Lietkabelis; 2017–18 KK Partizan season; BKK Radnički,False,direct,bio_name,1988.0,exact_match,exact_birth_year
P001932,"CALATHES, NICK",Nick Calathes,Nick Calathes,https://en.wikipedia.org/wiki/Nick_Calathes,Point guard,Point Guard,matched,,Nick Calathes; Fenerbahçe S.K. (basketball); EuroLeague 2010–2020 All-Decade Team; Pat Calathes; All-EuroLeague Team,False,direct,bio_name,1989.0,exact_match,exact_birth_year
P001142,"CALATHES, PAT",Pat Calathes,Pat Calathes,https://en.wikipedia.org/wiki/Pat_Calathes,Small forward / power forward,Small Forward,matched,,"Pat Calathes; Nick Calathes; Panathinaikos B.C.; EuroLeague season statistical leaders; Mike James (basketball, born 1990)",True,direct,bio_name,1985.0,exact_match,exact_birth_year
P003509,"CALBARRO, UNAI",Unai Calbarro,Rosters of the top basketball teams in European club competitions,https://en.wikipedia.org/wiki/Rosters_of_the_top_basketball_teams_in_European_club_competitions,,,page_found_not_basketball_player,Wikipedia page(s) found but none identifiable as a basketball-biography page,Rosters of the top basketball teams in European club competitions,False,search,bio_name,,unavailable,
P013269,"CALE, MYLES",Myles Cale,Myles Cale,https://en.wikipedia.org/wiki/Myles_Cale,Shooting guard / small forward,Shooting Guard,matched,,Myles Cale; List of 2026–27 EuroLeague transactions; List of 2025–26 EuroLeague transactions; 2026–27 FC Barcelona Bàsquet season; 2025–26 FC Barcelona Bàsquet season,True,direct,bio_name,1999.0,exact_match,exact_birth_year
P001150,"CALLOWAY, EARL",Earl Calloway,Earl Calloway,https://en.wikipedia.org/wiki/Earl_Calloway,Point guard,Point Guard,matched,,Earl Calloway; EuroLeague season statistical leaders; Baloncesto Málaga; Gaziantep Basketbol; Rosters of the top basketball teams in European club competitions,False,direct,bio_name,1983.0,exact_match,exact_birth_year
P005771,"CALOIARO, ANGELO",Angelo Caloiaro,Angelo Caloiaro,https://en.wikipedia.org/wiki/Angelo_Caloiaro,Power forward / small forward,Power Forward,matched,,Angelo Caloiaro; 2018–19 EuroLeague; EuroLeague MVP of the Round; List of 2022–23 EuroLeague transactions; 2017–18 Fenerbahçe S.K. (basketball) season,True,direct,bio_name,1989.0,exact_match,exact_birth_year
P008108,"CAMARA, GORA",Gora Camara,Gora Camara,https://en.wikipedia.org/wiki/Gora_Camara,Center,Center,matched,,Gora Camara; Maxima Roma; 2015–16 Euroleague squads; 2022 Italian Basketball Supercup; 2022–23 Virtus Bologna season,False,direct,bio_name,2001.0,exact_match,exact_birth_year
P004977,"CAMARA, OUSMANE",Ousmane Camara,Ousmane Camara,https://en.wikipedia.org/wiki/Ousmane_Camara,,,page_found_identity_unconfirmed,Basketball page found but birth year/nationality could not be confirmed against players_bio.csv,Ousmane Camara; Limoges CSP; Rosters of the top basketball teams in European club competitions; BCM Gravelines-Dunkerque; Matvey Safonov; 2014–15 Euroleague squads,False,direct,bio_name,,unavailable,
P005928,"CAMPAZZO, FACUNDO",Facundo Campazzo,Facundo Campazzo,https://en.wikipedia.org/wiki/Facundo_Campazzo,Point guard,Point Guard,matched,,Facundo Campazzo; 2025–26 EuroLeague; 2024–25 EuroLeague; 2023–24 EuroLeague; 2026 EuroLeague Final Four,False,direct,bio_name,1991.0,exact_match,exact_birth_year
PKOK,"CAMPBELL, ERIC",Eric Campbell,Eric Campbell (basketball),https://en.wikipedia.org/wiki/Eric_Campbell_(basketball),Power forward,Power Forward,matched,,Eric Campbell; Eric Campbell (basketball); EuroLeague MVP of the Round; ASVEL Basket; FIBA EuroCup All-Star Day; EuroLeague season statistical leaders,False,search,bio_name,1977.0,exact_match,exact_birth_year
P002898,"CAMPBELL, LOUIS",Louis Campbell,Louis Campbell,https://en.wikipedia.org/wiki/Louis_Campbell,Point guard / shooting guard,Point Guard,matched,,Louis Campbell; EuroLeague MVP of the Round; Kendrick Nunn; EuroLeague season statistical leaders; SIG Strasbourg,True,direct,bio_name,1979.0,exact_match,exact_birth_year
P010612,"CANAAN, ISAIAH",Isaiah Canaan,Isaiah Canaan,https://en.wikipedia.org/wiki/Isaiah_Canaan,Shooting guard,Shooting Guard,matched,,Isaiah Canaan; 2023 EuroLeague Final Four; Olympiacos B.C.; List of 2026–27 EuroLeague transactions; 2024 EuroLeague Final Four,False,direct,bio_name,1991.0,exact_match,exact_birth_year
P005379,"CANCAR, VLATKO",Vlatko Cancar,Vlatko Čančar,https://en.wikipedia.org/wiki/Vlatko_Čančar,Small forward / power forward,Small Forward,matched,,Vlatko Čančar; List of 2025–26 EuroLeague transactions; Miško Ražnatović; BeoBasket; CB San Pablo Burgos,True,direct,bio_name,1997.0,exact_match,exact_birth_year
P000981,"CANDAN, BERKAY",Berkay Candan,Berkay Candan,https://en.wikipedia.org/wiki/Berkay_Candan,Power forward,Power Forward,matched,,Berkay Candan; Fenerbahçe S.K. (basketball); 2015–16 Fenerbahçe S.K. (basketball) season; 2020–21 Fenerbahçe S.K. (basketball) season; Bahçeşehir Koleji S.K.; 2022–23 Fenerbahçe S.K. (basketball) season,False,direct,bio_name,1993.0,exact_match,exact_birth_year
P000079,"CANELO, JEAN CARLOS",Jean Carlos Canelo,2022 in sports by month,https://en.wikipedia.org/wiki/2022_in_sports_by_month,,,page_found_not_basketball_player,Wikipedia page(s) found but none identifiable as a basketball-biography page,2022 in sports by month; 2018 in sports by month,False,search,bio_name,,unavailable,
P000722,"CANER-MEDLEY, NIK",Nik Caner-medley,Nik Caner-Medley,https://en.wikipedia.org/wiki/Nik_Caner-Medley,Forward,,position_text_unrecognized,Could not map position text to a canonical position: 'Forward',Nik Caner-Medley; AS Monaco Basket; Jaycee Carroll; Valencia Basket; 2013–14 Euroleague,False,search,bio_name,,unavailable,
P007705,"CANKA, ABRAMO",Abramo Canka,Abramo Canka,https://en.wikipedia.org/wiki/Abramo_Canka,Shooting guard / small forward,Shooting Guard,matched,,Abramo Canka; List of 2025–26 EuroLeague transactions; 2025–26 Virtus Bologna season; Ariel Hukporti,True,direct,bio_name,2002.0,exact_match,exact_birth_year
P002256,"CANTEKIN, DUSAN",Dusan Cantekin,Duşan Cantekin,https://en.wikipedia.org/wiki/Duşan_Cantekin,,,birth_year_small_discrepancy,"Birth year differs by 1-2 years (players_bio.csv=1992, wikipedia=1990); not auto-accepted, flagged for review.",Duşan Cantekin; Basketball League of Serbia; Rosters of the top basketball teams in European club competitions; Galatasaray S.K. men's basketball team rosters; 2016 Eurocup Finals; Gaziantep Basketbol,False,direct,bio_name,1990.0,small_discrepancy,
P003845,"CAPELA, CLINT",Clint Capela,Clint Capela,https://en.wikipedia.org/wiki/Clint_Capela,Center,Center,matched,,Clint Capela; Élan Chalon; Alessandro Gentile; Victor Wembanyama; Martin Hermannsson,False,direct,bio_name,1994.0,exact_match,exact_birth_year
PATH,"CAPIN, ALEKSANDAR",Aleksandar Capin,Aleksandar Ćapin,https://en.wikipedia.org/wiki/Aleksandar_Ćapin,Point guard,Point Guard,matched,,Aleksandar Ćapin; PBC Lokomotiv Kuban; BC Žalgiris; MBC Mariupol; Pallacanestro Varese,False,direct,bio_name,1982.0,exact_match,exact_birth_year
P005277,"CAPPELLETTI, ALESSANDRO",Alessandro Cappelletti,Italy men's national basketball team,https://en.wikipedia.org/wiki/Italy_men's_national_basketball_team,,,page_found_not_basketball_player,Wikipedia page(s) found but none identifiable as a basketball-biography page,Italy men's national basketball team; Rosters of the champion and finalist teams of EuroLeague; Pallacanestro Cantù; 2019–20 Virtus Bologna season; FIBA Saporta Cup,False,search,bio_name,,unavailable,
P005095,"CARDOSO, MIGUEL",Miguel Cardoso,Miguel Cardoso (basketball),https://en.wikipedia.org/wiki/Miguel_Cardoso_(basketball),Point guard,Point Guard,matched,,Miguel Cardoso; Miguel Cardoso (basketball); FC Porto (basketball); Nanterre 92; List of members of the FIBA Hall of Fame; Campeonato Sudamericano de Clubes Campeones de Básquetbol,False,search,bio_name,1993.0,exact_match,exact_birth_year
P001810,"CAR, MARKO",Marko Car,Marko Car,https://en.wikipedia.org/wiki/Marko_Car,,,position_unavailable,Basketball page confirmed but has no 'position' field in its infobox,"Marko Car; 2025 EuroLeague Final Four; Dražen Petrović; KK Cedevita; Marko Pjaca; Aleksandar Petrović (basketball, born February 1959)",False,direct,bio_name,,unavailable,direct_name_match_no_contradicting_evidence
PLMK,"CARRARETTO, MARCO",Marco Carraretto,Marco Carraretto,https://en.wikipedia.org/wiki/Marco_Carraretto,Shooting guard / small forward,Shooting Guard,matched,,Marco Carraretto; Italy men's national basketball team; Pallacanestro Biella; CB Breogán; Fortitudo Bologna,True,direct,bio_name,1977.0,exact_match,exact_birth_year
P001960,"CARROLL, JAYCEE",Jaycee Carroll,Jaycee Carroll,https://en.wikipedia.org/wiki/Jaycee_Carroll,Shooting guard,Shooting Guard,matched,,Jaycee Carroll; EuroLeague 2010–2020 All-Decade Team; Real Madrid Baloncesto; 2018–19 EuroLeague; 2017 EuroLeague Final Four,False,direct,bio_name,1983.0,exact_match,exact_birth_year
P001910,"CARTER, JOSH",Josh Carter,Josh Carter,https://en.wikipedia.org/wiki/Josh_Carter,Small forward,Small Forward,matched,,Josh Carter; Galatasaray S.K. (men's basketball); Josh Magette; 2025–26 EuroLeague Women regular season; Gabby Williams,False,direct,bio_name,1986.0,exact_match,exact_birth_year
P006196,"CARTER, JUSTIN",Justin Carter,Justin Carter,https://en.wikipedia.org/wiki/Justin_Carter,Shooting guard / small forward,Shooting Guard,matched,,Justin Carter; Galatasaray S.K. (men's basketball); List of 2025–26 EuroLeague transactions; 2024–25 FC Barcelona Bàsquet season; 2013–14 Eurocup Basketball,True,direct,bio_name,1987.0,exact_match,exact_birth_year
P011305,"CARTER, TYSON",Tyson Carter,Tyson Carter,https://en.wikipedia.org/wiki/Tyson_Carter,Shooting guard / point guard,Shooting Guard,matched,,Tyson Carter; List of 2025–26 EuroLeague transactions; BC Zenit Saint Petersburg; 2024–25 Basketball Champions League; Basketball Champions League Final Four MVP,True,direct,bio_name,1998.0,exact_match,exact_birth_year
P006721,"CARUSO, GUGLIELMO",Guglielmo Caruso,List of 2025–26 EuroLeague transactions,https://en.wikipedia.org/wiki/List_of_2025–26_EuroLeague_transactions,,,page_found_not_basketball_player,Wikipedia page(s) found but none identifiable as a basketball-biography page,List of 2025–26 EuroLeague transactions; Napoli Basket (2016); List of people from Italy; Rimini; Culture of Italy,False,search,bio_name,,unavailable,
P000273,"CASALE, GIULIO",Giulio Casale,Serie A2 (basketball),https://en.wikipedia.org/wiki/Serie_A2_(basketball),,,page_found_not_basketball_player,Wikipedia page(s) found but none identifiable as a basketball-biography page,Serie A2 (basketball); 2019–20 Olimpia Milano season; Piedmont; 2018–19 LBA season; Sport in Italy,False,search,bio_name,,unavailable,
P004122,"CASELLA, ANDREA",Andrea Casella,Pallacanestro Cantù,https://en.wikipedia.org/wiki/Pallacanestro_Cantù,,,page_found_not_basketball_player,Wikipedia page(s) found but none identifiable as a basketball-biography page,Pallacanestro Cantù; Zinedine Zidane; Faenza; Culture of Italy; Italians,False,search,bio_name,,unavailable,
P001835,"CASSEUS, JOHWE",Johwe Casseus,,,,,no_page_found,Wikipedia search returned no results,,False,,bio_name,,unavailable,
PJFO,"CASSPI, OMRI",Omri Casspi,Omri Casspi,https://en.wikipedia.org/wiki/Omri_Casspi,Small forward / power forward,Small Forward,matched,,Omri Casspi; Israeli Basketball Premier League; Israel men's national basketball team; Rosters of the champion and finalist teams of EuroLeague; Maccabi Tel Aviv B.C.,True,direct,bio_name,1988.0,exact_match,exact_birth_year
PJXV,"CASTLE, TERREL",Terrel Castle,Terrel Castle,https://en.wikipedia.org/wiki/Terrel_Castle,Point guard,Point Guard,matched,,Terrel Castle; AEK B.C.; Aris B.C.; Bosnian Basketball All-Star Game; Baskets Oldenburg,False,direct,bio_name,1972.0,exact_match,exact_birth_year
P001392,"CAUSEUR, FABIEN",Fabien Causeur,Fabien Causeur,https://en.wikipedia.org/wiki/Fabien_Causeur,Shooting guard,Shooting Guard,matched,,Fabien Causeur; 2016–17 EuroLeague; List of 2025–26 EuroLeague transactions; France men's national basketball team; 2017–18 EuroLeague,False,direct,bio_name,1987.0,exact_match,exact_birth_year
P013373,"CAVALIERE, LEOPOLD",Leopold Cavaliere,Léopold Cavalière,https://en.wikipedia.org/wiki/Léopold_Cavalière,Power forward,Power Forward,matched,,Léopold Cavalière; Paris Basketball; 2024–25 EuroLeague regular season; SIG Strasbourg; List of 2024–25 EuroLeague transactions,False,search,bio_name,1996.0,exact_match,exact_birth_year
P009601,"CAVANAUGH, TYLER",Tyler Cavanaugh,Tyler Cavanaugh,https://en.wikipedia.org/wiki/Tyler_Cavanaugh,Power forward,Power Forward,matched,,Tyler Cavanaugh; 2025–26 EuroCup Basketball; 2019–20 EuroLeague; BC Žalgiris; 2024–25 Fenerbahçe S.K. (basketball) season,False,direct,bio_name,1994.0,exact_match,exact_birth_year
PTFA,"CAZALON, LAURENT",Laurent Cazalon,Laurent Cazalon,https://en.wikipedia.org/wiki/Laurent_Cazalon,,,page_found_identity_unconfirmed,Basketball page found but birth year/nationality could not be confirmed against players_bio.csv,Laurent Cazalon; France men's national basketball team; Cholet Basket; Chorale Roanne Basket; SIG Strasbourg,False,direct,bio_name,,unavailable,
P012925,"CECCATO, MATTIA",Mattia Ceccato,Andrea,https://en.wikipedia.org/wiki/Andrea,,,page_found_not_basketball_player,Wikipedia page(s) found but none identifiable as a basketball-biography page,Andrea; 2024 FIBA Under-17 Basketball World Cup squads,False,search,bio_name,,unavailable,
P004248,"CEKOVSKY, MICHAL",Michal Cekovsky,Michal Čekovský,https://en.wikipedia.org/wiki/Michal_Čekovský,Power forward / center,Power Forward,matched,,Michal Čekovský; Canarias Basketball Academy; 2011–12 KK Partizan season; 2012–13 KK Partizan season; KK Partizan all-time roster,True,direct,bio_name,1994.0,exact_match,exact_birth_year
PKBV,"CEL, AARON",Aaron Cel,Aaron Cel,https://en.wikipedia.org/wiki/Aaron_Cel,Power forward,Power Forward,matched,,Aaron Cel; AS Monaco Basket; Poland men's national basketball team; Legia Warsaw (basketball); 2013 Polish Basketball Supercup,False,direct,bio_name,1987.0,exact_match,exact_birth_year
P000840,"CENTANNI, SIMONE",Simone Centanni,Rosters of the top basketball teams in European club competitions,https://en.wikipedia.org/wiki/Rosters_of_the_top_basketball_teams_in_European_club_competitions,,,page_found_not_basketball_player,Wikipedia page(s) found but none identifiable as a basketball-biography page,Rosters of the top basketball teams in European club competitions,False,search,bio_name,,unavailable,
PLXK,"CEPANONIS, ROKAS",Rokas Cepanonis,Rokas Čepanonis,https://en.wikipedia.org/wiki/Rokas_Čepanonis,Center,Center,matched,,Rokas Čepanonis; BC Žalgiris,False,direct,bio_name,1989.0,exact_match,exact_birth_year
P002081,"CERELLA, BRUNO",Bruno Cerella,Bruno Cerella,https://en.wikipedia.org/wiki/Bruno_Cerella,Shooting guard / small forward,Shooting Guard,matched,,Bruno Cerella; 2019–20 Reyer Venezia season; List of 2017–18 EuroLeague transactions; Reyer Venezia; 2015–16 Euroleague squads,True,direct,bio_name,1986.0,exact_match,exact_birth_year
PBVG,"CESNAUSKIS, MANTAS",Mantas Cesnauskis,BC Rytas,https://en.wikipedia.org/wiki/BC_Rytas,,,page_found_not_basketball_player,Wikipedia page(s) found but none identifiable as a basketball-biography page,BC Rytas; Arka Gdynia (basketball); Rosters of the top basketball teams in European club competitions; List of Lithuanians; Polish Basketball All-Star Game,False,search,bio_name,,unavailable,
P000109,"CETIN, SERHAT",Serhat Cetin,Serhat Çetin,https://en.wikipedia.org/wiki/Serhat_Çetin,"Small forward, shooting guard",Small Forward,matched,,Serhat Çetin; Fenerbahçe S.K. (basketball); Beşiktaş J.K. (men's basketball); Galatasaray S.K. (men's basketball); 2014–15 Fenerbahçe S.K. (basketball) season,True,direct,bio_name,1986.0,exact_match,exact_birth_year
PBWM,"CHANAS, KAMIL",Kamil Chanas,Kamil Chanas,https://en.wikipedia.org/wiki/Kamil_Chanas,Shooting guard,Shooting Guard,matched,,Kamil Chanas; Górnik Wałbrzych (basketball); Zastal Zielona Góra; KK Włocławek; Polish Basketball All-Star Game; 2013 Polish Basketball Supercup,False,direct,bio_name,1985.0,exact_match,exact_birth_year
P004218,"CHARALAMPOPOULOS, VASILIS",Vasilis Charalampopoulos,Vassilis Charalampopoulos (basketball),https://en.wikipedia.org/wiki/Vassilis_Charalampopoulos_(basketball),Small forward / power forward,Small Forward,matched,,Vasilis Charalampopoulos; Vassilis Charalampopoulos (basketball); PAOK BC; AEK B.C.; Aris B.C.; Greece men's national basketball team,True,search,bio_name,1997.0,exact_match,exact_birth_year
P001162,"CHASE, BRIAN",Brian Chase,Brian Chase (basketball),https://en.wikipedia.org/wiki/Brian_Chase_(basketball),Point guard,Point Guard,matched,,Brian Chase; Brian Chase (basketball); 2017–18 Pro Basketball League; Basketball; Olympiacos B.C.; National Basketball Association,False,search,bio_name,1981.0,exact_match,exact_birth_year
P012406,"CHEATHAM, ZYLAN ANTHONY",Zylan Anthony Cheatham,Zylan Cheatham,https://en.wikipedia.org/wiki/Zylan_Cheatham,Power forward,Power Forward,matched,,Zylan Cheatham; List of 2021–22 NBA season transactions; List of 2020–21 NBA season transactions; List of 2022–23 NBA season transactions; List of 2019–20 NBA season transactions,False,search,bio_name,1995.0,exact_match,exact_birth_year
P006058,"CHERRY, WILL",Will Cherry,Will Cherry,https://en.wikipedia.org/wiki/Will_Cherry,Point guard,Point Guard,matched,,Will Cherry; Cherry picking (basketball); Olympiacos B.C.; Efficiency (basketball); Glossary of basketball terms,False,direct,bio_name,1991.0,exact_match,exact_birth_year
P002038,"CHESSA, MASSIMO",Massimo Chessa,Massimo Chessa,https://en.wikipedia.org/wiki/Massimo_Chessa,Point guard / shooting guard,Point Guard,matched,,Massimo Chessa; 2021–22 Dinamo Sassari season; 2014–15 Euroleague squads; 2021 Italian Basketball Cup; 2019–20 Virtus Roma season; Turin,True,direct,bio_name,1988.0,exact_match,exact_birth_year
PBEW,"CHIACIG, ROBERTO",Roberto Chiacig,Roberto Chiacig,https://en.wikipedia.org/wiki/Roberto_Chiacig,Center,Center,matched,,Roberto Chiacig; Italy men's national basketball team; EuroLeague MVP of the Round; Mens Sana Basketball Siena; EuroLeague season statistical leaders,False,direct,bio_name,1974.0,exact_match,exact_birth_year
P001225,"CHILDRESS, JOSH",Josh Childress,Josh Childress,https://en.wikipedia.org/wiki/Josh_Childress,Small forward / shooting guard,Small Forward,matched,,Josh Childress; Olympiacos B.C.; All-EuroLeague Team; 2009–10 Greek Basket League; 2009–10 Euroleague,True,direct,bio_name,1983.0,exact_match,exact_birth_year
P004203,"CHIOTTI, DAVID",David Chiotti,David Chiotti,https://en.wikipedia.org/wiki/David_Chiotti,Center / power forward,Center,matched,,David Chiotti; ZZ Leiden; Rosters of the top basketball teams in European club competitions; Oriundo; DBL All-Star Gala,True,direct,bio_name,1984.0,exact_match,exact_birth_year
P011396,"CHOUGKAZ, NIKOS",Nikos Chougkaz,Nikos Chougkaz,https://en.wikipedia.org/wiki/Nikos_Chougkaz,Power forward,Power Forward,matched,,Nikos Chougkaz; Greece men's national basketball team; Panathinaikos B.C.; PAOK BC; Panionios B.C.,False,direct,bio_name,2000.0,exact_match,exact_birth_year
P012765,"CHIOZZA, CHRIS",Chris Chiozza,Chris Chiozza,https://en.wikipedia.org/wiki/Chris_Chiozza,Point guard,Point Guard,matched,,Chris Chiozza; 2025–26 Fenerbahçe S.K. (basketball) season; List of 2024–25 EuroLeague transactions; Wisconsin Badgers men's basketball; Ryan Boatright,False,direct,bio_name,1995.0,exact_match,exact_birth_year
P010356,"CHRISTIDIS, VASILEIOS",Vasileios Christidis,Vassilis Christidis,https://en.wikipedia.org/wiki/Vassilis_Christidis,Center,Center,matched,,Vassilis Christidis; Olympiacos B.C.; Aris B.C.; Greek War of Independence; Hymn to Liberty; Philhellenism,False,direct,bio_name,1998.0,exact_match,exact_birth_year
P003297,"CHRISTMAS, DIONTE",Dionte Christmas,Dionte Christmas,https://en.wikipedia.org/wiki/Dionte_Christmas,Small forward,Small Forward,matched,,Dionte Christmas; PBC CSKA Moscow; AEK B.C.; PAOK BC; Mens Sana Basketball Siena,False,direct,bio_name,1986.0,exact_match,exact_birth_year
P004445,"CHRISTODOULOU, ANTREAS",Antreas Christodoulou,Antreas Christodoulou,https://en.wikipedia.org/wiki/Antreas_Christodoulou,Shooting guard / small forward,Shooting Guard,matched,,Antreas Christodoulou; Rosters of the champion and finalist teams of EuroLeague; Promitheas Patras B.C.; 2018–19 Greek Basket League; AEL Limassol B.C.,True,direct,bio_name,1995.0,exact_match,exact_birth_year
P009888,"CHRISTON, SEMAJ",Semaj Christon,Semaj Christon,https://en.wikipedia.org/wiki/Semaj_Christon,Point guard,Point Guard,matched,,Semaj Christon; 2021–22 EuroCup Basketball; List of 2020–21 EuroLeague transactions; 2020–21 Saski Baskonia season; EuroCup Basketball All-EuroCup Team,False,direct,bio_name,1992.0,exact_match,exact_birth_year
P003834,"CHRISTOPHER, PATRICK",Patrick Christopher,Patrick Christopher,https://en.wikipedia.org/wiki/Patrick_Christopher,Shooting guard / small forward,Shooting Guard,matched,,Patrick Christopher; EuroCup Basketball MVP of the Round; Kalin Lucas; 2025–26 Super League Basketball season; Mitteldeutscher BC,True,direct,bio_name,1988.0,exact_match,exact_birth_year
P000501,"CHUBB, ADAM",Adam Chubb,Adam Chubb,https://en.wikipedia.org/wiki/Adam_Chubb,Center / power forward,Center,matched,,Adam Chubb; Baskets Oldenburg; Rosters of the top basketball teams in European club competitions; 2012–13 FIBA EuroChallenge; BBL All-Star Game,True,direct,bio_name,1981.0,exact_match,exact_birth_year
PLFX,"CHYLINSKI, MICHAL",Michal Chylinski,Michał Chyliński,https://en.wikipedia.org/wiki/Michał_Chyliński,Point guard / shooting guard,Point Guard,matched,,Michał Chyliński; Poland men's national basketball team; Czarni Słupsk; KK Włocławek; Baloncesto Málaga; 2024 Polish Basketball Cup,True,direct,bio_name,1986.0,exact_match,exact_birth_year
PKIW,"CINCIARINI, ANDREA",Andrea Cinciarini,Andrea Cinciarini,https://en.wikipedia.org/wiki/Andrea_Cinciarini,Point guard,Point Guard,matched,,Andrea Cinciarini; Italy men's national basketball team; 2016–17 EuroLeague; FIBA EuroChallenge; 2013–14 EuroChallenge,False,direct,bio_name,1986.0,exact_match,exact_birth_year
PLJM,"CINCIARINI, DANIELE",Daniele Cinciarini,Italy men's national basketball team,https://en.wikipedia.org/wiki/Italy_men's_national_basketball_team,,,page_found_not_basketball_player,Wikipedia page(s) found but none identifiable as a basketball-biography page,Italy men's national basketball team; 2016–17 Olimpia Milano season; Rosters of the top basketball teams in European club competitions; 2015–16 Euroleague squads; Pallacanestro Biella,False,search,bio_name,,unavailable,
P011237,"CISSOKO, SIDY",Sidy Cissoko,Sidy Cissoko,https://en.wikipedia.org/wiki/Sidy_Cissoko,Shooting guard,Shooting Guard,matched,,Sidy Cissoko; France men's national basketball team; Rayan Rupert; Jonas Valančiūnas; List of 2024–25 NBA season transactions; List of 2025–26 NBA season transactions,False,direct,bio_name,2004.0,exact_match,exact_birth_year
P000996,"CIZAUSKAS, VYTENIS",Vytenis Cizauskas,Vytenis Čižauskas,https://en.wikipedia.org/wiki/Vytenis_Čižauskas,Point guard,Point Guard,matched,,Vytenis Čižauskas; BC Žalgiris; BC Lietkabelis; BK Valmiera; BC Žalgiris-2,False,direct,bio_name,1992.0,exact_match,exact_birth_year
PKZD,"CLANCY, SAM",Sam Clancy,Sam Clancy Jr.,https://en.wikipedia.org/wiki/Sam_Clancy_Jr.,Power forward / center,Power Forward,matched,,Sam Clancy; Sam Clancy Jr.; BC UNICS; EuroLeague season statistical leaders; Le Mans Sarthe Basket; BC Samara,True,search,bio_name,1980.0,exact_match,exact_birth_year
P008857,"CLARK, EARL",Earl Clark,Earl Clark,https://en.wikipedia.org/wiki/Earl_Clark,Power forward,Power Forward,matched,,Earl Clark; Fenerbahçe S.K. (basketball); Beşiktaş J.K. (men's basketball); Maccabi Tel Aviv B.C.; KK Budućnost,False,direct,bio_name,1988.0,exact_match,exact_birth_year
P007050,"CLARKE, COTY",Coty Clarke,Coty Clarke,https://en.wikipedia.org/wiki/Coty_Clarke,Power forward,Power Forward,matched,,Coty Clarke; KK Budućnost; Jordan Mickey; 2020–21 Israeli Basketball Premier League; 2017–18 VTB United League,False,direct,bio_name,1992.0,exact_match,exact_birth_year
P013699,"CLARK III, JIMMY",Jimmy Clark Iii,Jimmy Clark III,https://en.wikipedia.org/wiki/Jimmy_Clark_III,Point guard / shooting guard,Point Guard,matched,,Jimmy Clark III; Maccabi Tel Aviv B.C.; List of 2025–26 EuroLeague transactions; List of 2024–25 EuroLeague transactions; Breanna Stewart,True,search,bio_name,2001.0,exact_match,exact_birth_year
P000556,"CLAVER, VICTOR",Victor Claver,Víctor Claver,https://en.wikipedia.org/wiki/Víctor_Claver,Power forward / small forward,Power Forward,matched,,Víctor Claver; 2009–10 Eurocup Basketball; 2016 Euroleague Final Four; Thomas Robinson (basketball); EuroCup Basketball Awards,True,direct,bio_name,1988.0,exact_match,exact_birth_year
P001511,"CLAY, OLIVER",Oliver Clay,Oliver Bierhoff,https://en.wikipedia.org/wiki/Oliver_Bierhoff,,,page_found_not_basketball_player,Wikipedia page(s) found but none identifiable as a basketball-biography page,Oliver Bierhoff; American Basketball Association (2000–present); Purdue Boilermakers men's basketball; Rosters of the top basketball teams in European club competitions; List of 2025 albums,False,search,bio_name,,unavailable,
P012744,"CLEVELAND, ANTONIUS",Antonius Cleveland,Antonius Cleveland,https://en.wikipedia.org/wiki/Antonius_Cleveland,Small forward / shooting guard,Small Forward,matched,,Antonius Cleveland; PBC CSKA Moscow; List of 2024–25 EuroLeague transactions; Alex Hamilton (basketball); 2022–23 Israeli Basketball Premier League,True,direct,bio_name,1994.0,exact_match,exact_birth_year
P007889,"CLINE, TJ",Tj Cline,T. J. Cline,https://en.wikipedia.org/wiki/T._J._Cline,Power forward / center,Power Forward,matched,,T. J. Cline; List of 2020–21 EuroLeague transactions; 2020–21 Olimpia Milano season; 2026 deaths in the United States; Deaths in July 2026,True,search,bio_name,1994.0,exact_match,exact_birth_year
P004888,"CLYBURN, WILL",Will Clyburn,Will Clyburn,https://en.wikipedia.org/wiki/Will_Clyburn,Power forward / small forward,Power Forward,matched,,Will Clyburn; 2025–26 EuroLeague; Clyburn; Fenerbahçe S.K. (basketball); EuroLeague Final Four,True,direct,bio_name,1990.0,exact_match,exact_birth_year
P002877,"COBOS, CARLOS",Carlos Cobos,Margarita Stolbizer,https://en.wikipedia.org/wiki/Margarita_Stolbizer,,,page_found_not_basketball_player,Wikipedia page(s) found but none identifiable as a basketball-biography page,Margarita Stolbizer; History of Real Betis; September 2011 in sports; Andrea Bocelli; 2011 in sports,False,search,bio_name,,unavailable,
P005145,"COHEN, JAKE",Jake Cohen,Jake Cohen,https://en.wikipedia.org/wiki/Jake_Cohen,Power forward /  center,Power Forward,matched,,Jake Cohen; Israel men's national basketball team; 2019–20 Israeli Basketball Premier League; Rosters of the champion and finalist teams of EuroLeague; List of 2024–25 EuroLeague transactions,True,direct,bio_name,1990.0,exact_match,exact_birth_year
P009848,"COHEN, SANDY",Sandy Cohen,Sandy Cohen,https://en.wikipedia.org/wiki/Sandy_Cohen,,,position_unavailable,Basketball page confirmed but has no 'position' field in its infobox,Sandy Cohen; List of 2025–26 EuroLeague transactions; Breanna Stewart; Diana Taurasi; List of 2019–20 EuroLeague transactions; Natisha Hiedeman,False,direct,bio_name,,unavailable,direct_name_match_no_contradicting_evidence
P007989,"COLE, NORRIS",Norris Cole,Norris Cole,https://en.wikipedia.org/wiki/Norris_Cole,Point guard,Point Guard,matched,,Norris Cole; List of 2026–27 EuroLeague transactions; Maccabi Tel Aviv B.C.; List of 2025–26 EuroLeague transactions; AS Monaco Basket,False,direct,bio_name,1988.0,exact_match,exact_birth_year
PBDB,"COLLINS, DeJUAN",Dejuan Collins,DeJuan Collins,https://en.wikipedia.org/wiki/DeJuan_Collins,Point guard / shooting guard,Point Guard,matched,,DeJuan Collins; EuroLeague season statistical leaders; BC Žalgiris; 2010–11 Euroleague; Baltic Basketball League,True,direct,bio_name,1976.0,exact_match,exact_birth_year
P005463,"COLLINS, MARDY",Mardy Collins,Mardy Collins,https://en.wikipedia.org/wiki/Mardy_Collins,Shooting guard / small forward,Shooting Guard,matched,,Mardy Collins; PBC Lokomotiv Kuban; EuroCup Basketball All-EuroCup Team; Olympiacos B.C.; 2014–15 Eurocup Basketball,True,direct,bio_name,1984.0,exact_match,exact_birth_year
P006533,"COLOM, QUINO",Quino Colom,Quino Colom,https://en.wikipedia.org/wiki/Quino_Colom,Point guard,Point Guard,matched,,Quino Colom; KK Crvena zvezda; Spain men's national basketball team; List of 2024–25 EuroLeague transactions; Bahçeşehir Koleji S.K.,False,direct,bio_name,1988.0,exact_match,exact_birth_year
P009783,"COLSON, BONZIE",Bonzie Colson,Bonzie Colson,https://en.wikipedia.org/wiki/Bonzie_Colson,Small forward / power forward,Small Forward,matched,,Bonzie Colson; Fenerbahçe S.K. (basketball); 2026 EuroLeague Final Four; 2023–24 EuroLeague; List of 2026–27 EuroLeague transactions,True,direct,bio_name,1996.0,exact_match,exact_birth_year
P002403,"CONDE, LUIS",Luis Conde,María Conde,https://en.wikipedia.org/wiki/María_Conde,,,page_found_identity_mismatch,Selected page's birth year (1997) clearly differs from players_bio.csv (1993); rejected as a different person.,María Conde; Saski Baskonia; Serbia men's national basketball team; EuroBasket 2022; 2025–26 Real Madrid Baloncesto season,False,search,bio_name,1997.0,clear_mismatch,
PTGT,"CONROY, WILL",Will Conroy,Will Conroy,https://en.wikipedia.org/wiki/Will_Conroy,Point guard,Point Guard,matched,,Will Conroy; Baba Miller; Željko Rebrača; Aaron Jackson (basketball); Pierre Jackson,False,direct,bio_name,1982.0,exact_match,exact_birth_year
P005319,"COOK, DAEQUAN",Daequan Cook,Daequan Cook,https://en.wikipedia.org/wiki/Daequan_Cook,Shooting guard / small forward,Shooting Guard,matched,,Daequan Cook; 2018–19 Israeli Basketball Premier League; Iranian Basketball Super League; S.L. Benfica (basketball); James Anderson (basketball),True,direct,bio_name,1987.0,exact_match,exact_birth_year
P000152,"COOK, OMAR",Omar Cook,Omar Cook,https://en.wikipedia.org/wiki/Omar_Cook,Point guard,Point Guard,matched,,Omar Cook; EuroCup Basketball; Basketball League of Serbia; BeoBasket; 2010–11 Euroleague,False,direct,bio_name,1982.0,exact_match,exact_birth_year
P006735,"COOLEY, JACK",Jack Cooley,Jack Cooley,https://en.wikipedia.org/wiki/Jack_Cooley,Power forward / center,Power Forward,matched,,Jack Cooley; Notre Dame Fighting Irish men's basketball; 2015–16 Euroleague squads; Jerian Grant; Baloncesto Málaga,True,direct,bio_name,1991.0,exact_match,exact_birth_year
P007199,"COONEY, TREVOR",Trevor Cooney,Trevor Cooney,https://en.wikipedia.org/wiki/Trevor_Cooney,Shooting guard,Shooting Guard,matched,,Trevor Cooney; 2016–17 Saski Baskonia season; Rosters of the top basketball teams in European club competitions; Nik Stauskas; 2016 Supercopa de España de Baloncesto,False,direct,bio_name,1992.0,exact_match,exact_birth_year
PCRU,"CORBACHO, ALBERTO",Alberto Corbacho,Alberto Corbacho,https://en.wikipedia.org/wiki/Alberto_Corbacho,Shooting guard / small forward,Shooting Guard,matched,,Alberto Corbacho; 2016 Euroleague Final Four; 2015–16 Fenerbahçe S.K. (basketball) season; 2016–17 Saski Baskonia season; 2015–16 Euroleague squads,True,direct,bio_name,1984.0,exact_match,exact_birth_year
P009549,"CORDINIER, ISAIA",Isaia Cordinier,Isaïa Cordinier,https://en.wikipedia.org/wiki/Isaïa_Cordinier,Small forward / shooting guard,Small Forward,matched,,Isaïa Cordinier; 2025–26 EuroLeague; 2024–25 EuroLeague; France men's national basketball team; Élite 2 (basketball),True,direct,bio_name,1996.0,exact_match,exact_birth_year
P004790,"CORNELIE, PETR",Petr Cornelie,Petr Cornelie,https://en.wikipedia.org/wiki/Petr_Cornelie,Power forward / center,Power Forward,matched,,Petr Cornelie; Real Madrid Baloncesto; List of 2025–26 EuroLeague transactions; AS Monaco Basket; France men's national basketball team,True,direct,bio_name,1995.0,exact_match,exact_birth_year
P000063,"COROSINE, XAVIER",Xavier Corosine,Xavier Corosine,https://en.wikipedia.org/wiki/Xavier_Corosine,Point guard / shooting guard,Point Guard,matched,,Xavier Corosine; Corosine; Xavier (given name); SOMB Boulogne-sur-Mer,True,direct,bio_name,1985.0,exact_match,exact_birth_year
PAWR,"CORTABERRIA, JON",Jon Cortaberria,Basque Country autonomous basketball team,https://en.wikipedia.org/wiki/Basque_Country_autonomous_basketball_team,,,page_found_not_basketball_player,Wikipedia page(s) found but none identifiable as a basketball-biography page,Basque Country autonomous basketball team; Gijón Baloncesto,False,search,bio_name,,unavailable,
P004092,"COSAR, EFEKAN",Efekan Cosar,Turkey men's national under-20 basketball team,https://en.wikipedia.org/wiki/Turkey_men's_national_under-20_basketball_team,,,page_found_not_basketball_player,Wikipedia page(s) found but none identifiable as a basketball-biography page,Turkey men's national under-20 basketball team; 2014–15 Euroleague squads; 2014–15 Anadolu Efes S.K. season,False,search,bio_name,,unavailable,
P010444,"COSTELLO, MATTHEW",Matthew Costello,Matt Costello,https://en.wikipedia.org/wiki/Matt_Costello,Center / power forward,Center,matched,,Matthew Costello; Matt Costello; List of 2026–27 EuroLeague transactions; List of members of the Naismith Memorial Basketball Hall of Fame; List of people from California; List of 2025 albums,True,search,bio_name,1993.0,exact_match,exact_birth_year
P007121,"COTTON, BRYCE",Bryce Cotton,Bryce Cotton,https://en.wikipedia.org/wiki/Bryce_Cotton,Point guard,Point Guard,matched,,Bryce Cotton; Anadolu Efes S.K.; St. John Bosco High School; National Basketball League (Australia); Todd Withers,False,direct,bio_name,1992.0,exact_match,exact_birth_year
PLVW,"COURNOOH, DAVID",David Cournooh,David Cournooh,https://en.wikipedia.org/wiki/David_Cournooh,Point guard / shooting guard,Point Guard,matched,,David Cournooh; 2019–20 Virtus Bologna season; Pallacanestro Brescia; 2018 Italian Basketball Cup; 2019 Basketball Champions League Final Four; 2019 Basketball Champions League Final,True,direct,bio_name,1990.0,exact_match,exact_birth_year
P012017,"COUTURE, AMBROISE",Ambroise Couture,Paris,https://en.wikipedia.org/wiki/Paris,,,page_found_not_basketball_player,Wikipedia page(s) found but none identifiable as a basketball-biography page,Paris,False,search,bio_name,,unavailable,
PJDZ,"COVIC, FILIP",Filip Covic,Filip Čović,https://en.wikipedia.org/wiki/Filip_Čović,Point guard,Point Guard,matched,,Filip Čović; KK Crvena zvezda; 2025–26 ABA League First Division; Basketball League of Serbia; Marko Jeremić,False,direct,bio_name,1989.0,exact_match,exact_birth_year
P001829,"COVILE, RYVON",Ryvon Covile,Chinemelu Elonu,https://en.wikipedia.org/wiki/Chinemelu_Elonu,,,page_found_identity_unconfirmed,Basketball page found but birth year/nationality could not be confirmed against players_bio.csv,Chinemelu Elonu,False,search,bio_name,,unavailable,
P001156,"COX, JOHN",John Cox,"John Cox (basketball, born 1981)","https://en.wikipedia.org/wiki/John_Cox_(basketball,_born_1981)",Point guard / Shooting guard,Point Guard,matched,,"John Cox; John Cox (basketball, born 1981); Matt Morgan (basketball); The Basketball League; Katie Cox; SLUC Nancy Basket",True,search,bio_name,1981.0,exact_match,exact_birth_year
P006468,"CRAFT, AARON",Aaron Craft,Aaron Craft,https://en.wikipedia.org/wiki/Aaron_Craft,Point guard,Point Guard,matched,,Aaron Craft; AS Monaco Basket; List of 2018–19 EuroLeague transactions; James Michael McAdoo; 2018 ABA League Supercup,False,direct,bio_name,1991.0,exact_match,exact_birth_year
P010254,"CRAWFORD, DREW",Drew Crawford,Drew Crawford,https://en.wikipedia.org/wiki/Drew_Crawford,Shooting guard / small forward,Shooting Guard,matched,,"Drew Crawford; Fenerbahçe S.K. (basketball); Anthony Bennett (basketball); 2019–20 Olimpia Milano season; Malcolm Thomas (basketball, born 1988)",True,direct,bio_name,1990.0,exact_match,exact_birth_year
P007916,"CROCKER, TONY",Tony Crocker,Tony Crocker,https://en.wikipedia.org/wiki/Tony_Crocker,Shooting guard / small forward,Shooting Guard,matched,,Tony Crocker; Cypriot Basketball Super Cup; The Patterson School; List of 2018–19 EuroLeague transactions; 2015–16 Basketbol Süper Ligi; 2014–15 Israeli Basketball Super League,True,direct,bio_name,1987.0,exact_match,exact_birth_year
PTGO,"CROSARIOL, ANDREA",Andrea Crosariol,Andrea Crosariol,https://en.wikipedia.org/wiki/Andrea_Crosariol,Center,Center,matched,,Andrea Crosariol; Italy men's national basketball team; 2019–20 Pistoia Basket season; 2024–25 Virtus Bologna season; 2018 Italian Basketball Cup; 2017–18 LBA season,False,direct,bio_name,1984.0,exact_match,exact_birth_year
PLVZ,"CROTTA, STEFANO",Stefano Crotta,,,,,no_page_found,Wikipedia search returned no results,,False,,bio_name,,unavailable,
P002868,"CROWELL, MICHAEL",Michael Crowell,List of 2025 albums,https://en.wikipedia.org/wiki/List_of_2025_albums,,,page_found_not_basketball_player,Wikipedia page(s) found but none identifiable as a basketball-biography page,List of 2025 albums; List of people from San Diego; Australian Defence Force Basketball Association; List of match-fixing incidents; Boycott of Russia and Belarus,False,search,bio_name,,unavailable,
PBUZ,"CUKINAS, POVILAS",Povilas Cukinas,Povilas Čukinas,https://en.wikipedia.org/wiki/Povilas_Čukinas,Center,Center,matched,,Povilas Čukinas; BC Rytas; BC Žalgiris; Rosters of the top basketball teams in European club competitions; Pallacanestro Cantù; 2018 King Mindaugas Cup,False,direct,bio_name,1983.0,exact_match,exact_birth_year
P005971,"CULPEPPER, RANDY",Randy Culpepper,Randy Culpepper,https://en.wikipedia.org/wiki/Randy_Culpepper,Point guard / shooting guard,Point Guard,matched,,Randy Culpepper; EuroCup Basketball Top Scorer; 2014–15 Eurocup Basketball; Limoges CSP; BC Zaporizhzhia,True,direct,bio_name,1989.0,exact_match,exact_birth_year
PCQD,"CUMMINGS, VONTEEGO",Vonteego Cummings,Vonteego Cummings,https://en.wikipedia.org/wiki/Vonteego_Cummings,Point guard / shooting guard,Point Guard,matched,,Vonteego Cummings; Basketball League of Serbia; ABA League; KK Partizan; Rosters of the champion and finalist teams of EuroLeague,True,direct,bio_name,1976.0,exact_match,exact_birth_year
P000160,"CURRY, RAMEL",Ramel Curry,Ramel Curry,https://en.wikipedia.org/wiki/Ramel_Curry,Point guard / shooting guard,Point Guard,matched,,Ramel Curry; 2011–12 Ukrainian Basketball SuperLeague; EuroCup Basketball All-EuroCup Team; EuroCup Basketball Top Scorer; Hapoel Jerusalem B.C.,True,direct,bio_name,1980.0,exact_match,exact_birth_year
P001830,"CURTI, ALDO",Aldo Curti,Aldo Curti,https://en.wikipedia.org/wiki/Aldo_Curti,,,page_found_not_basketball_player,Wikipedia page(s) found but none identifiable as a basketball-biography page,Aldo Curti; Rosters of the top basketball teams in European club competitions,False,direct,bio_name,,unavailable,
PBTG,"CUSIN, MARCO",Marco Cusin,Marco Cusin,https://en.wikipedia.org/wiki/Marco_Cusin,Center,Center,matched,,Marco Cusin; Italy men's national basketball team; List of 2018–19 EuroLeague transactions; Nicolò Melli; List of 2017–18 EuroLeague transactions,False,direct,bio_name,1985.0,exact_match,exact_birth_year
P001736,"CVETKOVIC, ALEKSANDAR",Aleksandar Cvetkovic,Aleksandar Cvetković (basketball),https://en.wikipedia.org/wiki/Aleksandar_Cvetković_(basketball),Point guard,Point Guard,matched,,Aleksandar Cvetković; Aleksandar Cvetković (basketball); Bogdan Bogdanović (basketball); Basketball League of Serbia; KK Crvena zvezda; Aleksandar Vučić,False,search,bio_name,1993.0,exact_match,exact_birth_year
PKOE,"CVETKOVIC, BRANKO",Branko Cvetkovic,Branko Cvetković,https://en.wikipedia.org/wiki/Branko_Cvetković,Small forward,Small Forward,matched,,Branko Cvetkovic; Basketball League of Serbia; Branko Cvetković; KK Crvena zvezda; Predrag Danilović; Rosters of the top basketball teams in European club competitions,False,search,bio_name,1984.0,exact_match,exact_birth_year
P002524,"CVOROVIC, NIKOLA",Nikola Cvorovic,Nikola Čvorović,https://en.wikipedia.org/wiki/Nikola_Čvorović,Forward,,position_text_unrecognized,Could not map position text to a canonical position: 'Forward',Nikola Čvorović; Milan Gurović; Serbia men's national under-18 basketball team; KK Crvena Zvezda all-time roster; 2014–15 KK Crvena zvezda season; 2015–16 KK Crvena zvezda season,False,direct,bio_name,,unavailable,
P001712,"DAINYS, EVALDAS",Evaldas Dainys,Evaldas Dainys,https://en.wikipedia.org/wiki/Evaldas_Dainys,Point guard,Point Guard,matched,,Evaldas Dainys; Baltic Basketball League; BC Rytas; Rosters of the top basketball teams in European club competitions,False,direct,bio_name,1982.0,exact_match,exact_birth_year
P001938,"D'ALESSIO, DARIO",Dario D'alessio,June 2011 in sports,https://en.wikipedia.org/wiki/June_2011_in_sports,,,page_found_not_basketball_player,Wikipedia page(s) found but none identifiable as a basketball-biography page,June 2011 in sports; List of people from Italy; Campania,False,search,bio_name,,unavailable,
P003274,"DALLO, BORIS",Boris Dallo,Boris Dallo,https://en.wikipedia.org/wiki/Boris_Dallo,Small forward / Shooting guard,Small Forward,matched,,Boris Dallo; 2023 FIBA Europe Cup Finals; ASVEL Basket; KK Partizan; Panionios B.C.,True,direct,bio_name,1994.0,exact_match,exact_birth_year
P001602,"DAMBRAUSKAS, PAULIUS",Paulius Dambrauskas,Paulius Dambrauskas,https://en.wikipedia.org/wiki/Paulius_Dambrauskas,Point guard,Point Guard,matched,,Paulius Dambrauskas; BC Rytas; BC Lietkabelis; Žalgiris Arena; Rosters of the top basketball teams in European club competitions; BC Neptūnas,False,direct,bio_name,1991.0,exact_match,exact_birth_year
P005942,"DANGUBIC, NEMANJA",Nemanja Dangubic,Nemanja Dangubić,https://en.wikipedia.org/wiki/Nemanja_Dangubić,Small forward,Small Forward,matched,,Nemanja Dangubić; Dubai Basketball; Bogdan Bogdanović (basketball); Serbia men's national basketball team; FC Bayern Munich (basketball),False,direct,bio_name,1993.0,exact_match,exact_birth_year
PTFQ,"DANIELS, ERIK",Erik Daniels,Erik Daniels,https://en.wikipedia.org/wiki/Erik_Daniels,Small forward,Small Forward,matched,,Erik Daniels; Virtus Roma; Estonian Basketball Cup; Peristeri B.C.; Pallacanestro Biella,False,direct,bio_name,1982.0,exact_match,exact_birth_year
P011206,"DANIELS, TROY",Troy Daniels,Troy Daniels,https://en.wikipedia.org/wiki/Troy_Daniels,Shooting guard,Shooting Guard,matched,,Troy Daniels; United States Basketball League; Gary Neal; Elliot Williams; American Basketball Association (2000–present),False,direct,bio_name,1991.0,exact_match,exact_birth_year
P004370,"DANIELS, WILL",Will Daniels,Will Daniels,https://en.wikipedia.org/wiki/Will_Daniels,Small forward / power forward,Small Forward,matched,,Will Daniels; Troy Daniels; Galatasaray S.K. (men's basketball); Olympiacos B.C.; Thomas Walkup,True,direct,bio_name,1986.0,exact_match,exact_birth_year
P000483,"DARDEN, TREMMELL",Tremmell Darden,Tremmell Darden,https://en.wikipedia.org/wiki/Tremmell_Darden,Small forward / power forward,Small Forward,matched,,Tremmell Darden; BC Žalgiris; Rosters of the champion and finalist teams of EuroLeague; 2015 Euroleague Final Four; SLUC Nancy Basket,True,direct,bio_name,1981.0,exact_match,exact_birth_year
PTGS,"DA ROS, MATTEO",Matteo Da Ros,2019–20 Pallacanestro Trieste season,https://en.wikipedia.org/wiki/2019–20_Pallacanestro_Trieste_season,,,page_found_not_basketball_player,Wikipedia page(s) found but none identifiable as a basketball-biography page,2019–20 Pallacanestro Trieste season; 2021 Italian Basketball Cup; List of professional sports families; April 2010 in sports; List of European association football families,False,search,bio_name,,unavailable,
PTEW,"DARTEZ, KENDALL",Kendall Dartez,NBA G League,https://en.wikipedia.org/wiki/NBA_G_League,,,page_found_not_basketball_player,Wikipedia page(s) found but none identifiable as a basketball-biography page,NBA G League,False,search,bio_name,,unavailable,
PJPR,"DASIC, VLADIMIR",Vladimir Dasic,Vladimir Dašić,https://en.wikipedia.org/wiki/Vladimir_Dašić,Small forward / power forward,Small Forward,matched,,Vladimir Dašić; Basketball League of Serbia; Real Madrid Baloncesto; KK Budućnost; Virtus Roma,True,direct,bio_name,1988.0,exact_match,exact_birth_year
P011244,"DA SILVA, OSCAR",Oscar Da Silva,Oscar da Silva,https://en.wikipedia.org/wiki/Oscar_da_Silva,Power forward / center,Power Forward,matched,,Oscar da Silva; Tristan da Silva; FC Bayern Munich (basketball); BeoBasket; 2022–23 FC Barcelona Bàsquet season,True,direct,bio_name,1998.0,exact_match,exact_birth_year
A15DSO,octavio-da-silveira,Octavio Da Silveira,Pelé,https://en.wikipedia.org/wiki/Pelé,,,page_found_not_basketball_player,Wikipedia page(s) found but none identifiable as a basketball-biography page,Pelé; List of South American association football families,False,search,slug_fallback,,unavailable,
PCCD,"DATOME, LUIGI",Luigi Datome,Luigi Datome,https://en.wikipedia.org/wiki/Luigi_Datome,Small forward / power forward,Small Forward,matched,,Luigi Datome; Fenerbahçe S.K. (basketball); EuroLeague 2010–2020 All-Decade Team; Italy men's national basketball team; All-EuroLeague Team,True,direct,bio_name,1987.0,exact_match,exact_birth_year
P012185,"DAUBARIS, DOMINYKAS",Dominykas Daubaris,2025–26 BC Žalgiris season,https://en.wikipedia.org/wiki/2025–26_BC_Žalgiris_season,,,page_found_not_basketball_player,Wikipedia page(s) found but none identifiable as a basketball-biography page,2025–26 BC Žalgiris season,False,search,bio_name,,unavailable,
P012786,"DAUM, MIKE",Mike Daum,Mike Daum,https://en.wikipedia.org/wiki/Mike_Daum,Power forward / center,Power Forward,matched,,Mike Daum; List of 2025–26 EuroLeague transactions; KK Crvena zvezda; List of 2024–25 EuroLeague transactions; Andrés Feliz,True,direct,bio_name,1995.0,exact_match,exact_birth_year
P007960,"DAVIDOVAC, DEJAN",Dejan Davidovac,Dejan Davidovac,https://en.wikipedia.org/wiki/Dejan_Davidovac,Power forward / center,Power Forward,matched,,Dejan Davidovac; List of 2026–27 EuroLeague transactions; BeoBasket; Serbia men's national basketball team; KK Crvena zvezda,True,direct,bio_name,1995.0,exact_match,exact_birth_year
P007870,"DAVIES, BRANDON",Brandon Davies,Brandon Davies,https://en.wikipedia.org/wiki/Brandon_Davies,Center / power forward,Center,matched,,Brandon Davies; Fenerbahçe S.K. (basketball); List of 2026–27 EuroLeague transactions; 2022–23 EuroLeague; All-EuroLeague Team,True,direct,bio_name,1991.0,exact_match,exact_birth_year
P002934,"DAVIS, PAUL",Paul Davis,Paul Davis (basketball),https://en.wikipedia.org/wiki/Paul_Davis_(basketball),Power forward / center,Power Forward,matched,,Paul Davis; Fenerbahçe S.K. (basketball); Paul Davis (basketball); Olympiacos B.C.; TJ Shorts II; Luka Dončić,True,search,bio_name,1984.0,exact_match,exact_birth_year
P003472,"DAYE, AUSTIN",Austin Daye,Austin Daye,https://en.wikipedia.org/wiki/Austin_Daye,Power forward,Power Forward,matched,,Austin Daye; Galatasaray S.K. (men's basketball); P. League+; Nando de Colo; List of 2016–17 EuroLeague transactions,False,direct,bio_name,1988.0,exact_match,exact_birth_year
PKBJ,"DEANE, WILLIE",Willie Deane,Willie Deane,https://en.wikipedia.org/wiki/Willie_Deane,Point guard,Point Guard,matched,,Willie Deane; BC Žalgiris; SLUC Nancy Basket; BC Khimik; EuroCup Basketball individual statistics,False,direct,bio_name,1980.0,exact_match,exact_birth_year
PLUJ,"DEAN, TAQUAN",Taquan Dean,Taqwa Pinero,https://en.wikipedia.org/wiki/Taqwa_Pinero,Shooting guard,Shooting Guard,matched,,Taqwa Pinero; Rosters of the top basketball teams in European club competitions; MBC Dynamo Moscow; 2008–09 ACB season,False,direct,bio_name,1983.0,exact_match,exact_birth_year
PLDN,"DE BARTOLO, VINCENZO",Vincenzo De Bartolo,Dominican Republic,https://en.wikipedia.org/wiki/Dominican_Republic,,,page_found_not_basketball_player,Wikipedia page(s) found but none identifiable as a basketball-biography page,Dominican Republic; Faenza; Perugia; List of people from Italy,False,search,bio_name,,unavailable,
P009005,"DECK, GABRIEL",Gabriel Deck,Gabriel Deck,https://en.wikipedia.org/wiki/Gabriel_Deck,Power forward / small forward,Power Forward,matched,,Gabriel Deck; 2026 EuroLeague Final Four; 2022–23 EuroLeague; 2025–26 EuroLeague regular season; 2024–25 EuroLeague regular season,True,direct,bio_name,1995.0,exact_match,exact_birth_year
P002100,"DE COLO, NANDO",Nando De Colo,Nando de Colo,https://en.wikipedia.org/wiki/Nando_de_Colo,Point guard / shooting guard,Point Guard,matched,,Nando de Colo; EuroLeague MVP; EuroLeague 2010–2020 All-Decade Team; Fenerbahçe S.K. (basketball); Alphonso Ford EuroLeague Top Scorer Trophy,True,direct,bio_name,1987.0,exact_match,exact_birth_year
P013250,"DeJULIUS, DAVID",David Dejulius,David DeJulius,https://en.wikipedia.org/wiki/David_DeJulius,Point guard,Point Guard,matched,,David DeJulius; List of 2026–27 EuroLeague transactions; Beşiktaş J.K. (men's basketball); List of 2024–25 EuroLeague transactions; 2025–26 FC Barcelona Bàsquet season,False,search,bio_name,1999.0,exact_match,exact_birth_year
PADB,"DE LA FUENTE, RODRIGO",Rodrigo De La Fuente,Rodrigo de la Fuente,https://en.wikipedia.org/wiki/Rodrigo_de_la_Fuente,Small forward,Small Forward,matched,,Rodrigo de la Fuente; Palacio de Deportes de la Comunidad de Madrid; FC Barcelona Bàsquet; Spain men's national basketball team; Rosters of the champion and finalist teams of EuroLeague,False,search,bio_name,1976.0,exact_match,exact_birth_year
P004331,"DELANEY, MALCOLM",Malcolm Delaney,Malcolm Delaney,https://en.wikipedia.org/wiki/Malcolm_Delaney,Point guard / shooting guard,Point Guard,matched,,Malcolm Delaney; FC Bayern Munich (basketball); 2019–20 EuroLeague; 2015–16 Euroleague; 2016 Euroleague Final Four,True,direct,bio_name,1989.0,exact_match,exact_birth_year
P010750,"DE LARREA, SERGIO",Sergio De Larrea,Sergio de Larrea,https://en.wikipedia.org/wiki/Sergio_de_Larrea,Point guard / shooting guard,Point Guard,matched,,Sergio de Larrea; 2026 EuroLeague Final Four; 2025–26 ACB season; List of 2026–27 EuroLeague transactions; Kaodirichi Akobundu-Ehiogu,True,search,bio_name,2005.0,exact_match,exact_birth_year
P004916,"DELAS, ANTE",Ante Delas,Ante Delaš,https://en.wikipedia.org/wiki/Ante_Delaš,Shooting guard,Shooting Guard,matched,,Ante Delaš; KK Split; KK Cedevita; Mario Delaš; KK Zadar; Virtus Bologna,False,direct,bio_name,1988.0,exact_match,exact_birth_year
P002504,"DELAS, MARIO",Mario Delas,Mario Delaš,https://en.wikipedia.org/wiki/Mario_Delaš,Power forward / center,Power Forward,matched,,Mario Delaš; KK Split; BC Žalgiris; KK Cedevita; Virtus Bologna,True,direct,bio_name,1990.0,exact_match,exact_birth_year
PBCV,"DELFINO, CARLOS",Carlos Delfino,Carlos Delfino,https://en.wikipedia.org/wiki/Carlos_Delfino,Small forward / shooting guard,Small Forward,matched,,Carlos Delfino; Miroslav Raduljica; Rosters of the champion and finalist teams of EuroLeague; Gabriele Procida; BC Khimki,True,direct,bio_name,1982.0,exact_match,exact_birth_year
PBUW,"DELININKAITIS, TOMAS",Tomas Delininkaitis,Tomas Delininkaitis,https://en.wikipedia.org/wiki/Tomas_Delininkaitis,Shooting guard / point guard,Shooting Guard,matched,,Tomas Delininkaitis; BC Žalgiris; Lithuania men's national basketball team; PAOK BC; AEK B.C.,True,direct,bio_name,1982.0,exact_match,exact_birth_year
P005884,"DELLA VALLE, AMEDEO",Amedeo Della Valle,Amedeo Della Valle,https://en.wikipedia.org/wiki/Amedeo_Della_Valle,Point guard / shooting guard,Point Guard,matched,,Amedeo Della Valle; Italy men's national basketball team; Olimpia Milano; 2019–20 Olimpia Milano season; EuroCup Basketball All-EuroCup Team,True,direct,bio_name,1993.0,exact_match,exact_birth_year
P008211,"DELOW, MALTE",Malte Delow,Malte Delow,https://en.wikipedia.org/wiki/Malte_Delow,Small forward,Small Forward,matched,,Malte Delow; Alba Berlin; 2025–26 BBL-Pokal; 2022–23 Basketball Bundesliga; 2022–23 BBL-Pokal,False,direct,bio_name,2001.0,exact_match,exact_birth_year
P008163,"DEMAHIS, RUDY",Rudy Demahis,,,,,no_page_found,Wikipedia search returned no results,,False,,bio_name,,unavailable,
PAGU,"DE MIGUEL, IGNACIO",Ignacio De Miguel,Iñaki de Miguel,https://en.wikipedia.org/wiki/Iñaki_de_Miguel,Power forward / center,Power Forward,matched,,Iñaki de Miguel; Real Madrid Baloncesto; Spain men's national basketball team; FC Barcelona Bàsquet; Spain women's national basketball team,True,direct,bio_name,1973.0,exact_match,exact_birth_year
P004094,"DEMIR, BERK",Berk Demir,Berk Demir,https://en.wikipedia.org/wiki/Berk_Demir,Power forward,Power Forward,matched,,Berk Demir; Fenerbahçe S.K. (basketball); Beşiktaş J.K. (men's basketball); Karşıyaka Basket; Türk Telekom B.K.,False,direct,bio_name,1995.0,exact_match,exact_birth_year
PLFV,"DEMIREL, HAKAN",Hakan Demirel,Hakan Demirel,https://en.wikipedia.org/wiki/Hakan_Demirel,,,birth_year_small_discrepancy,"Birth year differs by 1-2 years (players_bio.csv=1985, wikipedia=1986); not auto-accepted, flagged for review.",Hakan Demirel; Fenerbahçe S.K. (basketball); Galatasaray S.K. (men's basketball); Turkey men's national basketball team; Rosters of the top basketball teams in European club competitions,False,direct,bio_name,1986.0,small_discrepancy,
PARF,"DEMIREL, MITHAT",Mithat Demirel,Mithat Demirel,https://en.wikipedia.org/wiki/Mithat_Demirel,Point guard,Point Guard,matched,,Mithat Demirel; Galatasaray S.K. (men's basketball); Mitteldeutscher BC; Alba Berlin; BBL All-Star Game,False,direct,bio_name,1978.0,exact_match,exact_birth_year
P004195,"DENMON, MARCUS",Marcus Denmon,Marcus Denmon,https://en.wikipedia.org/wiki/Marcus_Denmon,Shooting guard,Shooting Guard,matched,,Marcus Denmon; Kim English (basketball); Panathinaikos B.C.; 2022–23 Greek Basket League; Chinese Basketball Association,False,direct,bio_name,1990.0,exact_match,exact_birth_year
P005193,"DENTMON, JUSTIN",Justin Dentmon,Justin Dentmon,https://en.wikipedia.org/wiki/Justin_Dentmon,Point guard,Point Guard,matched,,Justin Dentmon; BC Žalgiris; Galatasaray S.K. (men's basketball); EuroLeague MVP of the Round; 2009–10 Israeli Basketball Super League,False,direct,bio_name,1985.0,exact_match,exact_birth_year
PKPC,"D'ERCOLE, LORENZO",Lorenzo D'ercole,Lorenzo D'Ercole,https://en.wikipedia.org/wiki/Lorenzo_D'Ercole,Point guard,Point Guard,matched,,Lorenzo D'Ercole; Virtus Roma; 2015–16 Euroleague squads; 2019–20 Pistoia Basket season; 2018 Italian Basketball Cup,False,search,bio_name,1988.0,exact_match,exact_birth_year
P005909,"DESIATNIKOV, ANDREI",Andrei Desiatnikov,Andrey Desyatnikov,https://en.wikipedia.org/wiki/Andrey_Desyatnikov,Center,Center,matched,,Andrey Desyatnikov; List of 2019–20 EuroLeague transactions,False,direct,bio_name,1994.0,exact_match,exact_birth_year
P010318,"DESSERT, BRICE",Brice Dessert,List of 2025–26 EuroLeague transactions,https://en.wikipedia.org/wiki/List_of_2025–26_EuroLeague_transactions,,,page_found_not_basketball_player,Wikipedia page(s) found but none identifiable as a basketball-biography page,List of 2025–26 EuroLeague transactions; Anadolu Efes S.K.; 2026–27 Anadolu Efes S.K. season; Greeks,False,search,bio_name,,unavailable,
PCLC,"DEVECCHI, GIACOMO",Giacomo Devecchi,Giacomo Devecchi,https://en.wikipedia.org/wiki/Giacomo_Devecchi,Small forward / shooting guard,Small Forward,matched,,Giacomo Devecchi; 2019–20 Dinamo Sassari season; 2021–22 Dinamo Sassari season; 2019 FIBA Europe Cup Finals; FIBA Europe Cup; 2015–16 Euroleague squads,True,direct,bio_name,1985.0,exact_match,exact_birth_year
P001259,"DEWAR, BEN",Ben Dewar,Pavel Pumprla,https://en.wikipedia.org/wiki/Pavel_Pumprla,,,page_found_identity_unconfirmed,Basketball page found but birth year/nationality could not be confirmed against players_bio.csv,Orléans Loiret Basket; Pavel Pumprla; Deaths in March 2026; Cultural impact of Beyoncé; Outline of Scotland,False,search,bio_name,,unavailable,
P005327,"DIAGNE, ATOUMANE",Atoumane Diagne,Força Lleida CE,https://en.wikipedia.org/wiki/Força_Lleida_CE,,,page_found_not_basketball_player,Wikipedia page(s) found but none identifiable as a basketball-biography page,Força Lleida CE; 2017–18 LEB Oro season,False,search,bio_name,,unavailable,
P010868,"DIAGNE, ISMAILA",Ismaila Diagne,2022–23 Real Madrid Baloncesto season,https://en.wikipedia.org/wiki/2022–23_Real_Madrid_Baloncesto_season,,,page_found_not_basketball_player,Wikipedia page(s) found but none identifiable as a basketball-biography page,2022–23 Real Madrid Baloncesto season; List of youngest EuroLeague players since the 2000–01 season; 2023–24 Real Madrid Baloncesto season,False,search,bio_name,,unavailable,
P006476,"DIAGNE, MOUSSA",Moussa Diagne,Moussa Diagne,https://en.wikipedia.org/wiki/Moussa_Diagne,Center,Center,matched,,Moussa Diagne; 2017–18 FC Barcelona Bàsquet season; Rosters of the top basketball teams in European club competitions; 2018–19 FC Barcelona Bàsquet season; 2016–17 FC Barcelona Bàsquet season; 2015–16 Euroleague squads,False,direct,bio_name,1994.0,exact_match,exact_birth_year
P014027,"DIAKITE, MAMADI",Mamadi Diakite,Mamadi Diakite,https://en.wikipedia.org/wiki/Mamadi_Diakite,Center / power forward,Center,matched,,Mamadi Diakite; Dubai Basketball; List of 2026–27 EuroLeague transactions; List of 2025–26 EuroLeague transactions; 2024–25 KK Partizan season,True,direct,bio_name,1997.0,exact_match,exact_birth_year
P006637,"DIALLO, ABOU",Abou Diallo,2015 Match des Champions,https://en.wikipedia.org/wiki/2015_Match_des_Champions,,,page_found_not_basketball_player,Wikipedia page(s) found but none identifiable as a basketball-biography page,2015 Match des Champions,False,search,bio_name,,unavailable,
P011226,"DIALLO, ALPHA",Alpha Diallo,"Alpha Diallo (basketball, born 1997)","https://en.wikipedia.org/wiki/Alpha_Diallo_(basketball,_born_1997)",Small forward,Small Forward,matched,,"Alpha Diallo; Alpha Diallo (basketball, born 1997); 2025–26 EuroLeague; EuroLeague Best Defender; 2025 EuroLeague Final Four; List of 2026–27 EuroLeague transactions",False,search,bio_name,1997.0,exact_match,exact_birth_year
P014086,"DIALLO, HAMIDOU",Hamidou Diallo,Hamidou Diallo,https://en.wikipedia.org/wiki/Hamidou_Diallo,Shooting guard / Small forward,Shooting Guard,matched,,Hamidou Diallo; List of 2025–26 EuroLeague transactions; Timofey Mozgov; Frank Jackson (basketball); Killian Hayes,True,direct,bio_name,1998.0,exact_match,exact_birth_year
P005282,"DIAMANTAKOS, GEORGIOS",Georgios Diamantakos,Georgios Diamantakos,https://en.wikipedia.org/wiki/Georgios_Diamantakos,Center,Center,matched,,Georgios Diamantakos; Panathinaikos B.C.; Etinosa Erevbenagie; Rosters of the top basketball teams in European club competitions; Greek Basketball Cup,False,direct,bio_name,1995.0,exact_match,exact_birth_year
PJKO,"DIAMANTIDIS, DIMITRIS",Dimitris Diamantidis,Dimitris Diamantidis,https://en.wikipedia.org/wiki/Dimitris_Diamantidis,Point guard,Point Guard,matched,,Dimitris Diamantidis; All-EuroLeague Team; EuroLeague Best Defender; EuroLeague 2010–2020 All-Decade Team; Greece men's national basketball team,False,direct,bio_name,1980.0,exact_match,exact_birth_year
PBZT,"DIAMANTOPOULOS, GEORGIOS",Georgios Diamantopoulos,Georgios Diamantopoulos,https://en.wikipedia.org/wiki/Georgios_Diamantopoulos,Shooting guard / small forward,Shooting Guard,matched,,Georgios Diamantopoulos; Olympiacos B.C.; Greece men's national basketball team; FIBA EuroCup Challenge; Maroussi B.C.,True,direct,bio_name,1980.0,exact_match,exact_birth_year
P014108,"DIARRA, ALIOU",Aliou Diarra,Aliou Diarra,https://en.wikipedia.org/wiki/Aliou_Diarra,Center,Center,matched,,Aliou Diarra; List of 2025–26 EuroLeague transactions; Rwanda Basketball League; Virtus Bologna; 2026–27 Virtus Bologna season,False,direct,bio_name,2001.0,exact_match,exact_birth_year
P002862,"DIARRA, MAMOUTOU",Mamoutou Diarra,Mamoutou Diarra,https://en.wikipedia.org/wiki/Mamoutou_Diarra,Small forward,Small Forward,matched,,Mamoutou Diarra; France men's national basketball team; Nanterre 92; PAOK BC; Élan Chalon,False,direct,bio_name,1980.0,exact_match,exact_birth_year
P003477,"DIA, PAPA",Papa Dia,Diante Garrett,https://en.wikipedia.org/wiki/Diante_Garrett,,,birth_year_small_discrepancy,"Birth year differs by 1-2 years (players_bio.csv=1987, wikipedia=1988); not auto-accepted, flagged for review.",Nationale 1 Masculin; Diante Garrett; Rosters of the top basketball teams in European club competitions; Deaths in July 2026; Alianza Lima,False,search,bio_name,1988.0,small_discrepancy,
PLCE,"DIAWARA, YAKHOUBA",Yakhouba Diawara,Yakhouba Diawara,https://en.wikipedia.org/wiki/Yakhouba_Diawara,Small forward / shooting guard,Small Forward,matched,,Yakhouba Diawara; France men's national basketball team; LNB Élite; Limoges CSP; JDA Dijon Basket,True,direct,bio_name,1982.0,exact_match,exact_birth_year
P004213,"DIAZ, ALBERTO",Alberto Diaz,Alberto Díaz,https://en.wikipedia.org/wiki/Alberto_Díaz,Point guard,Point Guard,matched,,Albert Diaz; Alberto Díaz; Alberto Abalde; Basketball Champions League; Real Madrid Baloncesto; 2016–17 EuroCup Basketball,False,search,bio_name,1994.0,exact_match,exact_birth_year
P007990,"DIBARTOLOMEO, JOHN",John Dibartolomeo,John DiBartolomeo,https://en.wikipedia.org/wiki/John_DiBartolomeo,Shooting guard / point guard,Shooting Guard,matched,,2019–20 EuroLeague; John DiBartolomeo; List of 2026–27 EuroLeague transactions; 2022–23 EuroLeague; 2018–19 EuroLeague,True,search,bio_name,1991.0,exact_match,exact_birth_year
PTGQ,"DI BELLA, FABIO",Fabio Di Bella,Italy men's national basketball team,https://en.wikipedia.org/wiki/Italy_men's_national_basketball_team,,,page_found_not_basketball_player,Wikipedia page(s) found but none identifiable as a basketball-biography page,Italy men's national basketball team; Pallacanestro Biella; 2022–23 Real Madrid Baloncesto season; 2020–21 Valencia Basket season; Rosters of the top basketball teams in European club competitions,False,search,bio_name,,unavailable,
PLKE,"DICKEL, MARK",Mark Dickel,Mark Dickel,https://en.wikipedia.org/wiki/Mark_Dickel,Point guard,Point Guard,matched,,Mark Dickel; Fenerbahçe S.K. (basketball); Bobby Dixon; EuroCup Basketball individual statistics; Albania men's national basketball team,False,direct,bio_name,1976.0,exact_match,exact_birth_year
P004997,"DIEBLER, JON",Jon Diebler,Jon Diebler,https://en.wikipedia.org/wiki/Jon_Diebler,,,position_unavailable,Basketball page confirmed but has no 'position' field in its infobox,Jon Diebler; 2016–17 EuroLeague; Galatasaray S.K. (men's basketball); Chris Hill (basketball); Anadolu Efes S.K.,False,direct,bio_name,,unavailable,direct_name_match_no_contradicting_evidence
P000754,"DIENER, DRAKE",Drake Diener,Drake Diener,https://en.wikipedia.org/wiki/Drake_Diener,Shooting guard,Shooting Guard,matched,,Drake Diener; Travis Diener; Dinamo Sassari; Rosters of the top basketball teams in European club competitions; Euroleague 2008–09 Rosters,False,direct,bio_name,1981.0,exact_match,exact_birth_year
P003198,"DIEZ, DANIEL",Daniel Diez,Dani Díez,https://en.wikipedia.org/wiki/Dani_Díez,Small forward / power forward,Small Forward,matched,,Dani Díez; Bojan Dubljević; FC Barcelona Bàsquet; Rosters of the champion and finalist teams of EuroLeague; List of 2024–25 EuroLeague transactions,True,direct,bio_name,1993.0,exact_match,exact_birth_year
PJEI,"DILYS, VILMANTAS",Vilmantas Dilys,Vilmantas Dilys,https://en.wikipedia.org/wiki/Vilmantas_Dilys,Power forward / small forward,Power Forward,matched,,Vilmantas Dilys; BC Žalgiris; BC Rytas; BC Žalgiris-2; Rosters of the top basketball teams in European club competitions,True,direct,bio_name,1987.0,exact_match,exact_birth_year
P006085,"DIMITRIJEVIC, NENO",Neno Dimitrijevic,Nenad Dimitrijević,https://en.wikipedia.org/wiki/Nenad_Dimitrijević,Point guard,Point Guard,matched,,Nenad Dimitrijević; List of 2026–27 EuroLeague transactions; List of 2025–26 EuroLeague transactions; List of 2022–23 EuroLeague transactions; KK Crvena Zvezda all-time roster,False,search,bio_name,1998.0,exact_match,exact_birth_year
P005827,"DIMSA, EGIDIJUS",Egidijus Dimsa,Egidijus Dimša,https://en.wikipedia.org/wiki/Egidijus_Dimša,Center,Center,matched,,Egidijus Dimša; BC Lietkabelis; 2015–16 LKL season; BC Prienai; 2015–16 FIBA Europe Cup; BC Juventus,False,direct,bio_name,1985.0,exact_match,exact_birth_year
P003211,"DIMSA, TOMAS",Tomas Dimsa,Tomas Dimša,https://en.wikipedia.org/wiki/Tomas_Dimša,Shooting guard / small forward,Shooting Guard,matched,,Tomas Dimša; BC Žalgiris; BC Lietkabelis; List of 2024–25 EuroLeague transactions; PAOK BC,True,direct,bio_name,1994.0,exact_match,exact_birth_year
P014162,"DINWIDDIE, SPENCER",Spencer Dinwiddie,Spencer Dinwiddie,https://en.wikipedia.org/wiki/Spencer_Dinwiddie,Point guard / shooting guard,Point Guard,matched,,Spencer Dinwiddie; FC Bayern Munich (basketball); List of 2025–26 EuroLeague transactions; Dennis Schröder; Luka Dončić,True,direct,bio_name,1993.0,exact_match,exact_birth_year
P003540,"DIOP, ILIMANE",Ilimane Diop,Ilimane Diop,https://en.wikipedia.org/wiki/Ilimane_Diop,Center,Center,matched,,Ilimane Diop; Basque basketball derby; 2015–16 Fenerbahçe S.K. (basketball) season; Saski Baskonia; 2016 Euroleague Final Four,False,direct,bio_name,1995.0,exact_match,exact_birth_year
P008072,"DIOP, KHALIFA",Khalifa Diop,Khalifa Diop,https://en.wikipedia.org/wiki/Khalifa_Diop,Center,Center,matched,,Khalifa Diop; List of 2026–27 EuroLeague transactions; 2021–22 EuroCup Basketball; EuroCup Basketball Rising Star; EuroCup Basketball Awards,False,direct,bio_name,2002.0,exact_match,exact_birth_year
P002826,"DIOP, MAMADOU",Mamadou Diop,"Mamadou Diop (basketball, born 1993)","https://en.wikipedia.org/wiki/Mamadou_Diop_(basketball,_born_1993)",Power forward / small forward,Power Forward,matched,,"Mamadou Diop; Mamadou Diop (basketball, born 1993); Ilimane Diop; 2016 Euroleague Final Four; Tornike Shengelia; Nationale 1 Masculin",True,search,bio_name,1993.0,exact_match,exact_birth_year
P000097,"DIOP, MOUSTAPHA",Moustapha Diop,Moustafa Diop,https://en.wikipedia.org/wiki/Moustafa_Diop,,,page_found_identity_unconfirmed,Basketball page found but birth year/nationality could not be confirmed against players_bio.csv,Moustafa Diop; List of 2026–27 EuroLeague transactions; Nationale 1 Masculin; List of 2021–22 EuroLeague transactions; Rosters of the top basketball teams in European club competitions; 2019 FIBA Basketball World Cup squads,False,direct,bio_name,,unavailable,
P013385,"DIOP, OUSMANE",Ousmane Diop,Ousmane Diop (basketball),https://en.wikipedia.org/wiki/Ousmane_Diop_(basketball),Center,Center,matched,,Ousmane Diop; Ousmane Diop (basketball); List of 2026–27 EuroLeague transactions; Olimpia Milano; Nationale 1 Masculin; 2021–22 Dinamo Sassari season,False,search,bio_name,2000.0,exact_match,exact_birth_year
PTFK,"DIOT, ANTOINE",Antoine Diot,Antoine Diot,https://en.wikipedia.org/wiki/Antoine_Diot,Point guard / shooting guard,Point Guard,matched,,Antoine Diot; France men's national basketball team; ASVEL Basket; Jean-Aimé Toupane; Valencia Basket,True,direct,bio_name,1989.0,exact_match,exact_birth_year
P013374,"DIOUF, MOUHAMET",Mouhamet Diouf,Mouhamet Diouf,https://en.wikipedia.org/wiki/Mouhamet_Diouf,Center,Center,matched,,Mouhamet Diouf; List of 2026–27 EuroLeague transactions; Italy men's national basketball team; Virtus Bologna; List of 2024–25 EuroLeague transactions,False,direct,bio_name,2001.0,exact_match,exact_birth_year
P001939,"DI PASQUALE, ALESSANDRO",Alessandro Di Pasquale,San Marino,https://en.wikipedia.org/wiki/San_Marino,,,page_found_not_basketball_player,Wikipedia page(s) found but none identifiable as a basketball-biography page,"San Marino; Trieste; Deaths in March 2026; Syracuse, Sicily; Rome",False,search,bio_name,,unavailable,
P006487,"DIPLAROS, NIKOS",Nikos Diplaros,Nikos Diplaros,https://en.wikipedia.org/wiki/Nikos_Diplaros,Point guard / shooting guard,Point Guard,matched,,Nikos Diplaros; Panathinaikos B.C.; Aris B.C.; Promitheas Patras B.C.; Machites Doxas Pefkon B.C.,True,direct,bio_name,1997.0,exact_match,exact_birth_year
PKUW,"DIVIACH, MARCO",Marco Diviach,,,,,no_page_found,Wikipedia search returned no results,,False,,bio_name,,unavailable,
P002107,"DIXON, JUAN",Juan Dixon,Juan Dixon,https://en.wikipedia.org/wiki/Juan_Dixon,Point guard / shooting guard,Point Guard,matched,,Juan Dixon; Rosters of the champion and finalist teams of EuroLeague; Karşıyaka Basket; Pepe Sánchez (basketball); 2013–14 Fenerbahçe S.K. (basketball) season; 2012–13 Fenerbahçe S.K. (basketball) season,True,direct,bio_name,1978.0,exact_match,exact_birth_year
P000007,"DEDOVIC, NIHAD",Nihad Dedovic,Nihad Đedović,https://en.wikipedia.org/wiki/Nihad_Đedović,Shooting guard / Small forward,Shooting Guard,matched,,Nihad Đedović; FC Bayern Munich (basketball); Galatasaray S.K. (men's basketball); BeoBasket; 2020–21 EuroLeague,True,direct,bio_name,1990.0,exact_match,exact_birth_year
PLUT,"DJEKIC, BRANISLAV",Branislav Djekic,Branislav Đekić,https://en.wikipedia.org/wiki/Branislav_Đekić,Power forward,Power Forward,matched,,Branislav Đekić,False,search,bio_name,1991.0,exact_match,exact_birth_year
P001882,"DJORDJEVIC, DUSAN",Dusan Djordjevic,Dušan Đorđević,https://en.wikipedia.org/wiki/Dušan_Đorđević,,,position_unavailable,Basketball page confirmed but has no 'position' field in its infobox,Dušan Đorđević; Aleksandar Đorđević; 2026–27 Basketbol Süper Ligi; Rosters of the champion and finalist teams of EuroLeague; Panionios B.C.; FIBA EuroStars,False,direct,bio_name,,unavailable,direct_name_match_no_contradicting_evidence
P001430,"DJURISIC, NEMANJA",Nemanja Djurisic,Nemanja Đurišić,https://en.wikipedia.org/wiki/Nemanja_Đurišić,Forward,,position_text_unrecognized,Could not map position text to a canonical position: 'Forward',Nemanja Đurišić; Serbia men's national basketball team; List of 2024–25 NBA season transactions,False,direct,bio_name,,unavailable,
PLIT,"DJURKOVIC, MARKO",Marko Djurkovic,Marko Djurković,https://en.wikipedia.org/wiki/Marko_Djurković,,,birth_year_small_discrepancy,"Birth year differs by 1-2 years (players_bio.csv=1986, wikipedia=1987); not auto-accepted, flagged for review.",Marko Djurković; Bosnian Basketball All-Star Game; Serbia men's national under-18 basketball team; FC Argeș Pitești (men's basketball); 2007–08 KK Partizan season,False,direct,bio_name,1987.0,small_discrepancy,
P000035,"DMITRIEV, FEDOR",Fedor Dmitriev,Fedor Dmitriev,https://en.wikipedia.org/wiki/Fedor_Dmitriev,Small forward / power forward,Small Forward,matched,,Fedor Dmitriev; BC Zenit Saint Petersburg; Russia men's national basketball team; Rosters of the top basketball teams in European club competitions; KK Włocławek,True,direct,bio_name,1984.0,exact_match,exact_birth_year
P001831,"DOBBINS, ANTHONY",Anthony Dobbins,Tony Dobbins,https://en.wikipedia.org/wiki/Tony_Dobbins,Shooting guard,Shooting Guard,matched,,Tony Dobbins; SIG Strasbourg; Poitiers Basket 86; LNB Pro A Best Defender; LNB All-Star Game,False,direct,bio_name,1981.0,exact_match,exact_birth_year
P004007,"DOBRIC, OGNJEN",Ognjen Dobric,Ognjen Dobrić,https://en.wikipedia.org/wiki/Ognjen_Dobrić,Small forward / shooting guard,Small Forward,matched,,Ognjen Dobrić; KK Crvena zvezda; 2020–21 KK Crvena zvezda season; 2021–22 KK Crvena zvezda season; Serbia men's national basketball team,True,direct,bio_name,1994.0,exact_match,exact_birth_year
P001832,"DOELLMAN, JUSTIN",Justin Doellman,Justin Doellman,https://en.wikipedia.org/wiki/Justin_Doellman,Power forward,Power Forward,matched,,Justin Doellman; 2014 Eurocup Finals; EuroCup Basketball Awards; Valencia Basket; FC Barcelona Bàsquet,False,direct,bio_name,1985.0,exact_match,exact_birth_year
P011626,"DOERRIES, AMON",Amon Doerries,,,,,no_page_found,Wikipedia search returned no results,,False,,bio_name,,unavailable,
PBKK,"DOJCIN, DRAGAN",Dragan Dojcin,Dragan Dojčin,https://en.wikipedia.org/wiki/Dragan_Dojčin,Power forward,Power Forward,matched,,Dragan Dojčin; Rosters of the top basketball teams in European club competitions; Dijon Thompson; Euroleague 2008–09 Rosters,False,direct,bio_name,1976.0,exact_match,exact_birth_year
P014010,"DOKOSSI, ALLAN",Allan Dokossi,Allan Dokossi,https://en.wikipedia.org/wiki/Allan_Dokossi,Center,Center,matched,,Allan Dokossi; Paris Basketball; List of 2025–26 EuroLeague transactions,False,direct,bio_name,1999.0,exact_match,exact_birth_year
PJIS,"DOMERCANT, HENRY",Henry Domercant,Henry Domercant,https://en.wikipedia.org/wiki/Henry_Domercant,Shooting guard,Shooting Guard,matched,,Henry Domercant; Galatasaray S.K. (men's basketball); All-EuroLeague Team; Anadolu Efes S.K.; Olympiacos B.C.,False,direct,bio_name,1980.0,exact_match,exact_birth_year
P005929,"DONCIC, LUKA",Luka Doncic,Luka Dončić,https://en.wikipedia.org/wiki/Luka_Dončić,Point guard / small forward,Point Guard,matched,,Luka Dončić; EuroLeague MVP; Saša Dončić; Luka Dončić–Anthony Davis trade; EuroLeague 2010–2020 All-Decade Team,True,direct,bio_name,1999.0,exact_match,exact_birth_year
PTGI,"DONCIC, SASA",Sasa Doncic,Saša Dončić,https://en.wikipedia.org/wiki/Saša_Dončić,Shooting guard / small forward,Shooting Guard,matched,,Saša Dončić; Luka Dončić; Fenerbahçe S.K. (basketball); Luka Dončić–Anthony Davis trade; 2019–20 Slovenian Basketball League,True,direct,bio_name,1974.0,exact_match,exact_birth_year
P002763,"DOORNEKAMP, AARON",Aaron Doornekamp,Aaron Doornekamp,https://en.wikipedia.org/wiki/Aaron_Doornekamp,Power forward / Small forward,Power Forward,matched,,Aaron Doornekamp; Basketball Löwen Braunschweig; 2016–17 Basketball Champions League; JuveCaserta Basket; 2017 Basketball Champions League Final Four,True,direct,bio_name,1985.0,exact_match,exact_birth_year
P003508,"DORSEY, JOEY",Joey Dorsey,Joey Dorsey,https://en.wikipedia.org/wiki/Joey_Dorsey,Power forward / center,Power Forward,matched,,Joey Dorsey; Galatasaray S.K. (men's basketball); Olympiacos B.C.; FC Barcelona Bàsquet; Rosters of the champion and finalist teams of EuroLeague,True,direct,bio_name,1983.0,exact_match,exact_birth_year
P009849,"DORSEY, TYLER",Tyler Dorsey,Tyler Dorsey,https://en.wikipedia.org/wiki/Tyler_Dorsey,Shooting guard,Shooting Guard,matched,,Tyler Dorsey; Fenerbahçe S.K. (basketball); 2026 EuroLeague Final Four; 2025–26 EuroLeague; Olympiacos B.C.,False,direct,bio_name,1996.0,exact_match,exact_birth_year
P012044,"DOS SANTOS, YAGO",Yago Dos Santos,Yago dos Santos,https://en.wikipedia.org/wiki/Yago_dos_Santos,Point guard,Point Guard,matched,,Yago dos Santos; ABA League; List of 2026–27 EuroLeague transactions; 2022–23 EuroCup Basketball; Basketball Bundesliga,False,search,bio_name,1999.0,exact_match,exact_birth_year
P007483,"DOSSOU-YOVO, MATHIS",Mathis Dossou-yovo,List of 2026–27 EuroLeague transactions,https://en.wikipedia.org/wiki/List_of_2026–27_EuroLeague_transactions,,,page_found_not_basketball_player,Wikipedia page(s) found but none identifiable as a basketball-biography page,List of 2026–27 EuroLeague transactions; Nanterre 92; 2025–26 LNB Élite season; ASVEL Basket,False,search,bio_name,,unavailable,
PJJU,"DOUGLAS, RUBEN",Ruben Douglas,Ruben Douglas,https://en.wikipedia.org/wiki/Ruben_Douglas,Point guard / shooting guard,Point Guard,matched,,Ruben Douglas; 2024 in basketball; EuroCup Basketball Finals MVP; EuroCup Basketball Awards; 2005–06 ULEB Cup,True,direct,bio_name,1979.0,exact_match,exact_birth_year
P008152,"DOUGLAS, TONEY",Toney Douglas,Toney Douglas,https://en.wikipedia.org/wiki/Toney_Douglas,Point guard,Point Guard,matched,,Toney Douglas; 2018–19 EuroLeague; Anadolu Efes S.K.; EuroLeague MVP of the Round; Darüşşafaka Basketbol,False,direct,bio_name,1986.0,exact_match,exact_birth_year
P000262,"DOWDELL, ZABIAN",Zabian Dowdell,Zabian Dowdell,https://en.wikipedia.org/wiki/Zabian_Dowdell,Point guard,Point Guard,matched,,Zabian Dowdell; EuroCup Basketball MVP of the Round; Baloncesto Málaga; BC Rytas; 2019–20 Pistoia Basket season,False,direct,bio_name,1984.0,exact_match,exact_birth_year
P002015,"DOWNS, MICAH",Micah Downs,Micah Downs,https://en.wikipedia.org/wiki/Micah_Downs,Small forward / shooting guard,Small Forward,matched,,Micah Downs; David DeJulius; Bàsquet Manresa; 2014–15 VTB United League; Portuguese Basketball All-Star Day; 2020–21 BBL-Pokal,True,direct,bio_name,1986.0,exact_match,exact_birth_year
P014123,"DOWTIN JR, JEFFREY",Jeffrey Dowtin Jr,Jeff Dowtin Jr.,https://en.wikipedia.org/wiki/Jeff_Dowtin_Jr.,Point guard,Point Guard,matched,,Jeff Dowtin Jr.,False,search,bio_name,1997.0,exact_match,exact_birth_year
P012742,"DOZIER, PJ",Pj Dozier,PJ Dozier,https://en.wikipedia.org/wiki/PJ_Dozier,Guard / small forward,Small Forward,matched,,PJ Dozier; 2023–24 EuroLeague; List of 2025–26 EuroLeague transactions; Juancho Hernangómez; Anadolu Efes S.K.,False,search,bio_name,1996.0,exact_match,exact_birth_year
PJQI,"DRAGICEVIC, TADIJA",Tadija Dragicevic,Tadija Dragićević,https://en.wikipedia.org/wiki/Tadija_Dragićević,Power forward,Power Forward,matched,,Tadija Dragićević; ABA League; Basketball League of Serbia; KK Crvena zvezda; Strahinja Dragićević,False,direct,bio_name,1986.0,exact_match,exact_birth_year
P000535,"DRAGICEVIC, VLADIMIR",Vladimir Dragicevic,Vladimir Dragičević,https://en.wikipedia.org/wiki/Vladimir_Dragičević,Power forward / center,Power Forward,matched,,Vladimir Dragičević; Basketball League of Serbia; ABA League; 2025–26 KK Partizan season; KK Crvena zvezda,True,direct,bio_name,1986.0,exact_match,exact_birth_year
PTHB,"DRAGIC, GORAN",Goran Dragic,Goran Dragić,https://en.wikipedia.org/wiki/Goran_Dragić,Point guard,Point Guard,matched,,Goran Dragić; Zoran Dragić; Saski Baskonia; EuroBasket 2017; Serbia men's national basketball team,False,direct,bio_name,1986.0,exact_match,exact_birth_year
P003514,"DRAGIC, ZORAN",Zoran Dragic,Zoran Dragić,https://en.wikipedia.org/wiki/Zoran_Dragić,Shooting guard / small forward,Shooting Guard,matched,,Zoran Dragić; Goran Dragić; Serbia men's national basketball team; 2017–18 EuroLeague; Slovenian Basketball League,True,direct,bio_name,1989.0,exact_match,exact_birth_year
P002946,"DRAPER, DONTAYE",Dontaye Draper,Dontaye Draper,https://en.wikipedia.org/wiki/Dontaye_Draper,Point guard,Point Guard,matched,,Dontaye Draper; EuroCup Basketball MVP; EuroCup Basketball Awards; Rosters of the champion and finalist teams of EuroLeague; 2010–11 Eurocup Basketball,False,direct,bio_name,1984.0,exact_match,exact_birth_year
PDIK,"DREJER, CHRISTIAN",Christian Drejer,Christian Drejer,https://en.wikipedia.org/wiki/Christian_Drejer,Small forward,Small Forward,matched,,Christian Drejer; FC Barcelona Bàsquet; Virtus Bologna; Rosters of the top basketball teams in European club competitions; FIBA EuroCup All-Star Day,False,direct,bio_name,1982.0,exact_match,exact_birth_year
1234,dreliozis-makis,Dreliozis Makis,Makis Dreliozis,https://en.wikipedia.org/wiki/Makis_Dreliozis,,,page_found_identity_unconfirmed,"Basketball page found but identity could not be confirmed via birth year, a nationality-field match, or a direct name match.",Makis Dreliozis; Dafnis B.C.; Panellinios B.C.; Panionios B.C.; AGEH Gymnastikos B.C.,False,search,slug_fallback,1975.0,unavailable,
P001302,"DRELIOZIS, PRODOMOS",Prodomos Dreliozis,,,,,no_page_found,Wikipedia search returned no results,,False,,bio_name,,unavailable,
P011375,"DREZGIC, SAVO",Savo Drezgic,Savo Drezgić,https://en.wikipedia.org/wiki/Savo_Drezgić,Point guard / shooting guard,Point Guard,matched,,Savo Drezgić; 2023–24 KK Partizan season; Serbia men's national basketball team; 2024–25 KK Partizan season; 2025–26 ABA League First Division,True,direct,bio_name,2006.0,exact_match,exact_birth_year
PATF,"DROBNJAK, DRAGISA",Dragisa Drobnjak,Dragiša Drobnjak,https://en.wikipedia.org/wiki/Dragiša_Drobnjak,Power forward,Power Forward,matched,,Dragiša Drobnjak; Serbia men's national basketball team; Slovenian Basketball League; KK Partizan; Slovenian Basketball All-Star Game,False,direct,bio_name,1977.0,exact_match,exact_birth_year
PKNI,"DROBNJAK, PREDRAG",Predrag Drobnjak,Predrag Drobnjak,https://en.wikipedia.org/wiki/Predrag_Drobnjak,Power forward / center,Power Forward,matched,,Predrag Drobnjak; Beşiktaş J.K. (men's basketball); Serbia men's national basketball team; Basketball League of Serbia; ABA League,True,direct,bio_name,1975.0,exact_match,exact_birth_year
P001164,"DROUAULT, PIERRE-ETIENNE",Pierre-etienne Drouault,Euroleague 2008–09 Rosters,https://en.wikipedia.org/wiki/Euroleague_2008–09_Rosters,,,page_found_not_basketball_player,Wikipedia page(s) found but none identifiable as a basketball-biography page,Euroleague 2008–09 Rosters,False,search,bio_name,,unavailable,
PAZH,"DROZDOV, ARTUR",Artur Drozdov,Rosters of the top basketball teams in European club competitions,https://en.wikipedia.org/wiki/Rosters_of_the_top_basketball_teams_in_European_club_competitions,,,page_found_not_basketball_player,Wikipedia page(s) found but none identifiable as a basketball-biography page,Rosters of the top basketball teams in European club competitions; FIBA EuroCup All-Star Day; 2012–13 Ukrainian Basketball SuperLeague; March 2010 in sports,False,search,bio_name,,unavailable,
P002742,"DUBLJEVIC, BOJAN",Bojan Dubljevic,Bojan Dubljević,https://en.wikipedia.org/wiki/Bojan_Dubljević,Center / power forward,Center,matched,,"Bojan Dubljević; EuroCup Basketball; List of 2026–27 EuroLeague transactions; Valencia Basket; Marko Popović (basketball, born 1982)",True,direct,bio_name,1991.0,exact_match,exact_birth_year
P000316,"DUDLEY, ERWIN",Erwin Dudley,Erwin Dudley,https://en.wikipedia.org/wiki/Erwin_Dudley,Power forward / center,Power Forward,matched,,Erwin Dudley; Galatasaray S.K. (men's basketball); Anadolu Efes S.K.; Türk Telekom B.K.; FIBA EuroCup All-Star Day,True,direct,bio_name,1981.0,exact_match,exact_birth_year
P001650,"DUDU, BENJAMIN-PAVEL",Benjamin-pavel Dudu,BC Minsk,https://en.wikipedia.org/wiki/BC_Minsk,,,page_found_not_basketball_player,Wikipedia page(s) found but none identifiable as a basketball-biography page,BC Minsk; Rosters of the top basketball teams in European club competitions; List of Jews in sports,False,search,bio_name,,unavailable,
P004167,"DULKYS, DEIVIDAS",Deividas Dulkys,Deividas Dulkys,https://en.wikipedia.org/wiki/Deividas_Dulkys,Shooting guard / small forward,Shooting Guard,matched,,Deividas Dulkys; BC Rytas; Tofaş S.K.; Lithuania men's national basketball team; Bàsquet Manresa,True,direct,bio_name,1988.0,exact_match,exact_birth_year
P003048,"DUNSTON, BRYANT",Bryant Dunston,Bryant Dunston,https://en.wikipedia.org/wiki/Bryant_Dunston,Center,Center,matched,,Bryant Dunston; EuroLeague 2010–2020 All-Decade Team; 2022 EuroLeague Final Four; 2016–17 EuroLeague; All-EuroLeague Team,False,direct,bio_name,1986.0,exact_match,exact_birth_year
P001398,"DUPORT, ROMAIN",Romain Duport,Romain Duport,https://en.wikipedia.org/wiki/Romain_Duport,Center,Center,matched,,Romain Duport; Rosters of the top basketball teams in European club competitions; 2015–16 Euroleague squads; 2016 Eurocup Finals; 2015 Match des Champions,False,direct,bio_name,1986.0,exact_match,exact_birth_year
P012199,"DURU, DECLAN",Declan Duru,2024–25 Real Madrid Baloncesto season,https://en.wikipedia.org/wiki/2024–25_Real_Madrid_Baloncesto_season,,,page_found_not_basketball_player,Wikipedia page(s) found but none identifiable as a basketball-biography page,2024–25 Real Madrid Baloncesto season,False,search,bio_name,,unavailable,
P006399,"DUVERIOGLU, AHMET",Ahmet Duverioglu,Ahmet Düverioğlu,https://en.wikipedia.org/wiki/Ahmet_Düverioğlu,Center,Center,matched,,Ahmet Düverioğlu; Fenerbahçe S.K. (basketball); 2016–17 Fenerbahçe S.K. (basketball) season; 2017 EuroLeague Final Four; 2019 EuroLeague Final Four,False,direct,bio_name,1993.0,exact_match,exact_birth_year
PCLQ,"DYLEWICZ, FILIP",Filip Dylewicz,Filip Dylewicz,https://en.wikipedia.org/wiki/Filip_Dylewicz,Power forward,Power Forward,matched,,Filip Dylewicz; Poland men's national basketball team; Trefl Sopot; 2013–14 PLK season; 2013 Polish Basketball Supercup,False,direct,bio_name,1980.0,exact_match,exact_birth_year
P005803,"DYSON, JEROME",Jerome Dyson,Jerome Dyson,https://en.wikipedia.org/wiki/Jerome_Dyson,Point guard / shooting guard,Point Guard,matched,,Jerome Dyson; Italian Basketball Supercup; Hapoel Jerusalem B.C.; 2017–18 Israeli Basketball Premier League; 2014–15 Euroleague squads,True,direct,bio_name,1987.0,exact_match,exact_birth_year
P006020,"EBO, AMIT",Amit Ebo,Maccabi Tel Aviv B.C.,https://en.wikipedia.org/wiki/Maccabi_Tel_Aviv_B.C.,,,page_found_not_basketball_player,Wikipedia page(s) found but none identifiable as a basketball-biography page,Maccabi Tel Aviv B.C.; 2023–24 LKL season; 2024–25 LKL season; 2024–25 BC Žalgiris season; 2018 Israeli Basketball League Cup,False,search,bio_name,,unavailable,
P006725,"EBOUA, PAUL",Paul Eboua,Paul Eboua,https://en.wikipedia.org/wiki/Paul_Eboua,Power forward / small forward,Power Forward,matched,,Paul Eboua; List of 2026–27 EuroLeague transactions; List of 2025–26 EuroLeague transactions; Gabe Brown; Derthona Basket,True,direct,bio_name,2000.0,exact_match,exact_birth_year
P010569,"EDDIE, JARELL",Jarell Eddie,Jarell Eddie,https://en.wikipedia.org/wiki/Jarell_Eddie,Small forward / power forward,Small Forward,matched,,Jarell Eddie; Fenerbahçe S.K. (basketball); JaKarr Sampson; 2021–22 Fenerbahçe S.K. (basketball) season; Fenerbahçe (men's basketball) past rosters,True,direct,bio_name,1991.0,exact_match,exact_birth_year
P008042,"EDIGIN, EDDY",Eddy Edigin,Eddy Edigin,https://en.wikipedia.org/wiki/Eddy_Edigin,Power forward / center,Power Forward,matched,,Eddy Edigin; Basketball Löwen Braunschweig; 2022–23 BBL-Pokal,True,direct,bio_name,1995.0,exact_match,exact_birth_year
P011987,"EDWARDS, CARSEN",Carsen Edwards,Carsen Edwards,https://en.wikipedia.org/wiki/Carsen_Edwards,Shooting guard / point guard,Shooting Guard,matched,,Carsen Edwards; Fenerbahçe S.K. (basketball); FC Bayern Munich (basketball); 2024–25 EuroLeague; List of 2026–27 EuroLeague transactions,True,direct,bio_name,1998.0,exact_match,exact_birth_year
P014416,"EDWARDS, KESSLER",Kessler Edwards,Kessler Edwards,https://en.wikipedia.org/wiki/Kessler_Edwards,Small forward,Small Forward,matched,,Kessler Edwards; List of 2026–27 EuroLeague transactions; List of 2025–26 EuroLeague transactions; Virtus Bologna; Patrick Beverley,False,direct,bio_name,2000.0,exact_match,exact_birth_year
P010807,"EFEOGLU, KARAHAN",Karahan Efeoglu,Tofaş S.K.,https://en.wikipedia.org/wiki/Tofaş_S.K.,,,page_found_not_basketball_player,Wikipedia page(s) found but none identifiable as a basketball-biography page,Tofaş S.K.; 2022 Turkish Basketball Presidential Cup; 2022–23 Anadolu Efes S.K. season,False,search,bio_name,,unavailable,
P012730,"EGBUNU, JOHN",John Egbunu,John Egbunu,https://en.wikipedia.org/wiki/John_Egbunu,Center,Center,matched,,John Egbunu; Śląsk Wrocław (basketball); South Florida Bulls men's basketball; Bauchi (city); List of University of Florida alumni,False,direct,bio_name,1994.0,exact_match,exact_birth_year
PLOC,"EIDSON, CHUCK",Chuck Eidson,Chuck Eidson,https://en.wikipedia.org/wiki/Chuck_Eidson,Forward / guard,,position_text_unrecognized,Could not map position text to a canonical position: 'Forward / guard',Chuck Eidson; EuroCup Basketball MVP; 2008–09 Eurocup Basketball; EuroCup Basketball Awards; Baltic Basketball League,False,direct,bio_name,,unavailable,
P008174,"EKSIOGLU, MERT",Mert Eksioglu,Mert Emre Ekşioğlu,https://en.wikipedia.org/wiki/Mert_Emre_Ekşioğlu,Shooting guard,Shooting Guard,matched,,Mert Emre Ekşioğlu; Fenerbahçe S.K. (basketball); 2024–25 Fenerbahçe S.K. (basketball) season; List of 2024–25 EuroLeague transactions; 2025–26 Fenerbahçe S.K. (basketball) season,False,search,bio_name,2002.0,exact_match,exact_birth_year
P000317,"EL-AMIN, KHALID",Khalid El-amin,Khalid El-Amin,https://en.wikipedia.org/wiki/Khalid_El-Amin,Point guard,Point Guard,matched,,Khalid El-Amin; Beşiktaş J.K. (men's basketball); 2010–11 Euroleague; FIBA EuroChallenge individual statistics; Türk Telekom B.K.,False,search,bio_name,1979.0,exact_match,exact_birth_year
P003064,"ELDRIDGE, COURTNEY",Courtney Eldridge,List of NCAA men's basketball retired numbers,https://en.wikipedia.org/wiki/List_of_NCAA_men's_basketball_retired_numbers,,,page_found_identity_unconfirmed,Basketball page found but birth year/nationality could not be confirmed against players_bio.csv,UNC Greensboro Spartans men's basketball; 2026 deaths in the United States; List of NCAA men's basketball retired numbers; List of Brown University alumni; 2000 New Year Honours,False,search,bio_name,,unavailable,
P004857,"ELEGAR, FRANK",Frank Elegar,Frank Elegar,https://en.wikipedia.org/wiki/Frank_Elegar,Center / power forward,Center,matched,,Frank Elegar; PBC Lokomotiv Kuban; BC Enisey; BC Kalev; Rosters of the top basketball teams in European club competitions,True,direct,bio_name,1986.0,exact_match,exact_birth_year
PLGD,"ELIYAHU, LIOR",Lior Eliyahu,Lior Eliyahu,https://en.wikipedia.org/wiki/Lior_Eliyahu,Power forward,Power Forward,matched,,Lior Eliyahu; Israel men's national basketball team; ABA League; 2010–11 Euroleague; Maccabi Tel Aviv B.C.,False,direct,bio_name,1985.0,exact_match,exact_birth_year
P014157,"ELLIS, BOOGIE",Boogie Ellis,Boogie Ellis,https://en.wikipedia.org/wiki/Boogie_Ellis,Point guard / shooting guard,Point Guard,matched,,Boogie Ellis; Dubai Basketball; List of 2026–27 EuroLeague transactions; List of 2025–26 EuroLeague transactions; Joventut Badalona; 2025–26 ABA League First Division,True,direct,bio_name,2000.0,exact_match,exact_birth_year
P009580,"ELLIS, OCTAVIUS",Octavius Ellis,Octavius Ellis,https://en.wikipedia.org/wiki/Octavius_Ellis,Center,Center,matched,,Octavius Ellis; Olympiacos B.C.; 2020–21 EuroLeague; 2021–22 EuroCup Basketball; Promitheas Patras B.C.,False,direct,bio_name,1993.0,exact_match,exact_birth_year
P012593,"ELLIS, QUINN",Quinn Ellis,Quinn Ellis,https://en.wikipedia.org/wiki/Quinn_Ellis,Point guard,Point Guard,matched,,Quinn Ellis; List of 2026–27 EuroLeague transactions; List of 2025–26 EuroLeague transactions; 2026–27 Cleveland Cavaliers season; Great Britain men's national basketball team,False,direct,bio_name,2003.0,exact_match,exact_birth_year
P000416,"ENGLISH, CARL",Carl English,Carl English,https://en.wikipedia.org/wiki/Carl_English,Shooting guard,Shooting Guard,matched,,Carl English; ABA League; 2012–13 Fenerbahçe S.K. (basketball) season; Carl Wheatle; AEK B.C.,False,direct,bio_name,1981.0,exact_match,exact_birth_year
P005158,"ENGLISH, KIM",Kim English,Kim English (basketball),https://en.wikipedia.org/wiki/Kim_English_(basketball),Shooting guard,Shooting Guard,matched,,Kim English; Kim English (basketball); Emma Meesseman; Olympiacos B.C.; Panathinaikos B.C.; Maharlika Pilipinas Basketball League,False,search,bio_name,1988.0,exact_match,exact_birth_year
P008066,"ENNIS, DYLAN",Dylan Ennis,Dylan Ennis,https://en.wikipedia.org/wiki/Dylan_Ennis,Point guard / shooting guard,Point Guard,matched,,Dylan Ennis; Tyler Ennis (basketball); List of 2025–26 EuroLeague transactions; AS Monaco Basket; 2018–19 EuroCup Basketball,True,direct,bio_name,1991.0,exact_match,exact_birth_year
P008858,"ENNIS, TYLER",Tyler Ennis,Tyler Ennis (basketball),https://en.wikipedia.org/wiki/Tyler_Ennis_(basketball),Point guard,Point Guard,matched,,Tyler Ennis; Tyler Ennis (basketball); Fenerbahçe S.K. (basketball); 2024–25 EuroCup Basketball; Dylan Ennis; List of 2025–26 EuroLeague transactions,False,search,bio_name,1994.0,exact_match,exact_birth_year
P011239,"ENOCH, STEVEN",Steven Enoch,Steven Enoch,https://en.wikipedia.org/wiki/Steven_Enoch,Center,Center,matched,,Steven Enoch; BC Rytas; 2024–25 Basketball Champions League; Karşıyaka Basket; Basketball Champions League Star Lineup,False,direct,bio_name,1997.0,exact_match,exact_birth_year
PJSR,"ENSMINGER, CHRIS",Chris Ensminger,Chris Ensminger,https://en.wikipedia.org/wiki/Chris_Ensminger,Center,Center,matched,,Chris Ensminger; EuroCup Basketball individual statistics; 2003–04 FIBA Europe League; Telekom Baskets Bonn; 2004–05 ULEB Cup,False,direct,bio_name,1973.0,exact_match,exact_birth_year
PDHF,"ERCEG, ZORAN",Zoran Erceg,Zoran Erceg,https://en.wikipedia.org/wiki/Zoran_Erceg,Power forward,Power Forward,matched,,Zoran Erceg; Beşiktaş J.K. (men's basketball); Basketball League of Serbia; Galatasaray S.K. (men's basketball); Serbia men's national basketball team,False,direct,bio_name,1985.0,exact_match,exact_birth_year
PJYB,"ERDEN, SEMIH",Semih Erden,Semih Erden,https://en.wikipedia.org/wiki/Semih_Erden,Center,Center,matched,,Semih Erden; Fenerbahçe S.K. (basketball); Beşiktaş J.K. (men's basketball); Basketball League of Serbia; ABA League,False,direct,bio_name,1986.0,exact_match,exact_birth_year
PBDQ,"ERDOGAN, SERKAN",Serkan Erdogan,Serkan Erdoğan,https://en.wikipedia.org/wiki/Serkan_Erdoğan,Shooting guard,Shooting Guard,matched,,Serkan Erdoğan; Fenerbahçe S.K. (basketball); Galatasaray S.K. (women's basketball); Galatasaray S.K. (men's basketball); Anadolu Efes S.K.,False,direct,bio_name,1978.0,exact_match,exact_birth_year
P007360,"ERIC, MICHAEL",Michael Eric,Micheal Eric,https://en.wikipedia.org/wiki/Micheal_Eric,Center,Center,matched,,"Micheal Eric; 2018–19 EuroLeague; PBC CSKA Moscow; Maccabi Tel Aviv B.C.; Mike James (basketball, born 1990); Olympiacos B.C.",False,direct,bio_name,1988.0,exact_match,exact_birth_year
P003151,"ERIKSSON, MARCUS",Marcus Eriksson,Marcus Eriksson (basketball),https://en.wikipedia.org/wiki/Marcus_Eriksson_(basketball),Shooting guard / small forward,Shooting Guard,matched,,Marcus Eriksson; Marcus Eriksson (basketball); 2020–21 EuroLeague; EuroLeague MVP of the Round; FC Barcelona Bàsquet; Andreas Obst,True,search,bio_name,1993.0,exact_match,exact_birth_year
PJIR,"ERMIS, BARIS",Baris Ermis,Barış Ermiş,https://en.wikipedia.org/wiki/Barış_Ermiş,Point guard,Point Guard,matched,,Barış Ermiş; Fenerbahçe S.K. (basketball); Turkey men's national basketball team; Karşıyaka Basket; Türk Telekom B.K.,False,direct,bio_name,1985.0,exact_match,exact_birth_year
P000932,"EROGLU, ERBIL",Erbil Eroglu,Erbil Eroğlu,https://en.wikipedia.org/wiki/Erbil_Eroğlu,Point guard,Point Guard,matched,,Erbil Eroğlu; Fenerbahçe S.K. (basketball); Fenerbahçe (men's basketball) past rosters; Turkey men's national under-18 and under-19 basketball team; 2010–11 Fenerbahçe S.K. (basketball) season; 2011–12 Fenerbahçe S.K. (basketball) season,False,direct,bio_name,1993.0,exact_match,exact_birth_year
PAIQ,"ESLAVA, ARIEL",Ariel Eslava,Ariel Eslava,https://en.wikipedia.org/wiki/Ariel_Eslava,Forward,,position_text_unrecognized,Could not map position text to a canonical position: 'Forward',Ariel Eslava; Rosters of the top basketball teams in European club competitions; Euroleague 2008–09 Rosters,False,direct,bio_name,,unavailable,
P005937,"ESTIENNE, VALENTIN",Valentin Estienne,Ștefan,https://en.wikipedia.org/wiki/Ștefan,,,page_found_not_basketball_player,Wikipedia page(s) found but none identifiable as a basketball-biography page,Ștefan,False,search,bio_name,,unavailable,
P008946,"EVANS, CHRISTOPHER",Christopher Evans,Chris Evans (basketball),https://en.wikipedia.org/wiki/Chris_Evans_(basketball),Power forward,Power Forward,matched,,Christopher Evans; Chris Evans (basketball); Pro Basketball League MVP; Basketball Champions League Star Lineup; Kalin Lucas; 2018 Basketball Champions League Final Four,False,search,bio_name,1991.0,exact_match,exact_birth_year
P007432,"EVANS, JEREMY",Jeremy Evans,Jeremy Evans,https://en.wikipedia.org/wiki/Jeremy_Evans,Power forward / center,Power Forward,matched,,Jeremy Evans; Paris Basketball; PBC CSKA Moscow; Luka Dončić; 2021 EuroLeague Final Four,True,direct,bio_name,1987.0,exact_match,exact_birth_year
P011218,"EVANS, KEENAN",Keenan Evans,Keenan Evans,https://en.wikipedia.org/wiki/Keenan_Evans,Shooting guard / point guard,Shooting Guard,matched,,Keenan Evans; List of 2026–27 EuroLeague transactions; 2023–24 EuroLeague; 2022–23 EuroLeague; BC Žalgiris,True,direct,bio_name,1996.0,exact_match,exact_birth_year
P010677,"EVANS, SHANNON",Shannon Evans,Shannon Evans,https://en.wikipedia.org/wiki/Shannon_Evans,Point guard,Point Guard,matched,,Shannon Evans; Paris Lee; EuroCup Basketball individual statistics; Promitheas Patras B.C.; List of 2022–23 EuroLeague transactions,False,direct,bio_name,1994.0,exact_match,exact_birth_year
P010654,"EVSTIGNEEV, IVAN",Ivan Evstigneev,,,,,no_page_found,Wikipedia search returned no results,,False,,bio_name,,unavailable,
P000354,"EVTIMOV, ILIAN",Ilian Evtimov,Ilian Evtimov,https://en.wikipedia.org/wiki/Ilian_Evtimov,Power forward,Power Forward,matched,,Ilian Evtimov; Vassil Evtimov; BC Levski Sofia; Élan Chalon; Rosters of the top basketball teams in European club competitions,False,direct,bio_name,1983.0,exact_match,exact_birth_year
P000378,"EWING, DANIEL",Daniel Ewing,Daniel Ewing,https://en.wikipedia.org/wiki/Daniel_Ewing,Shooting guard / point guard,Shooting Guard,matched,,Daniel Ewing; Arka Gdynia (basketball); BC Khimki; Xavier McDaniel; Breanna Stewart,True,direct,bio_name,1983.0,exact_match,exact_birth_year
P011302,"EXUM, DANTE",Dante Exum,Danté Exum,https://en.wikipedia.org/wiki/Danté_Exum,Shooting guard / point guard,Shooting Guard,matched,,Danté Exum; 2021–22 EuroLeague; Real Madrid Baloncesto; 2022–23 EuroLeague; FC Barcelona Bàsquet,True,direct,bio_name,1995.0,exact_match,exact_birth_year
P001176,"EYENGA, CHRISTIAN",Christian Eyenga,Christian Eyenga,https://en.wikipedia.org/wiki/Christian_Eyenga,Small forward,Small Forward,matched,,Christian Eyenga; Mardy Collins; Jason Kapono; Baloncesto Málaga; Joventut Badalona,False,direct,bio_name,1989.0,exact_match,exact_birth_year
PCQO,"EZE, BENJAMIN",Benjamin Eze,Benjamin Eze,https://en.wikipedia.org/wiki/Benjamin_Eze,Center,Center,matched,,Benjamin Eze; Mens Sana Basketball Siena; EuroCup Basketball individual statistics; Rosters of the top basketball teams in European club competitions; 2003–04 Lega Basket Serie A,False,direct,bio_name,1981.0,exact_match,exact_birth_year
P001949,"FALKER, RANDAL",Randal Falker,Randal Falker,https://en.wikipedia.org/wiki/Randal_Falker,Power forward / center,Power Forward,matched,,Randal Falker; 2014–15 Eurocup Basketball; AEK B.C.; Rosters of the top basketball teams in European club competitions; Chinemelu Elonu,True,direct,bio_name,1985.0,exact_match,exact_birth_year
P008811,"FALL, MOUSTAPHA",Moustapha Fall,Moustapha Fall,https://en.wikipedia.org/wiki/Moustapha_Fall,Center,Center,matched,,Moustapha Fall; Olympiacos B.C.; 2024 EuroLeague Final Four; 2023 EuroLeague Final Four; 2023–24 EuroLeague,False,direct,bio_name,1992.0,exact_match,exact_birth_year
P006568,"FALL, YOUSSOUPHA",Youssoupha Fall,Youssoupha Fall,https://en.wikipedia.org/wiki/Youssoupha_Fall,Center,Center,matched,,Youssoupha Fall; Moustapha Fall; List of 2026–27 EuroLeague transactions; 2025–26 FC Barcelona Bàsquet season; 2019–20 EuroLeague,False,direct,bio_name,1995.0,exact_match,exact_birth_year
PAPF,"FANAN, REGEV",Regev Fanan,Regev Fanan,https://en.wikipedia.org/wiki/Regev_Fanan,Guard,,position_text_unrecognized,Could not map position text to a canonical position: 'Guard',Regev Fanan; Maccabi Tel Aviv B.C.; 2005 Euroleague Final Four; 2008 Euroleague Final Four; 2015–16 Euroleague squads,False,direct,bio_name,,unavailable,
P011284,"FARIED, KENNETH",Kenneth Faried,Kenneth Faried,https://en.wikipedia.org/wiki/Kenneth_Faried,Center / power forward,Center,matched,,Kenneth Faried; 2025–26 EuroLeague; List of 2026–27 EuroLeague transactions; Panathinaikos B.C.; List of 2025–26 EuroLeague transactions,True,direct,bio_name,1989.0,exact_match,exact_birth_year
P003423,"FARMAR, JORDAN",Jordan Farmar,Jordan Farmar,https://en.wikipedia.org/wiki/Jordan_Farmar,Point guard,Point Guard,matched,,Jordan Farmar; ABA League; Israeli Basketball Premier League; Maccabi Tel Aviv B.C.; EuroLeague MVP of the Round,False,direct,bio_name,1986.0,exact_match,exact_birth_year
PKVD,"FASSLER, OSKAR",Oskar Fassler,Euroleague 2008–09 Rosters,https://en.wikipedia.org/wiki/Euroleague_2008–09_Rosters,,,page_found_not_basketball_player,Wikipedia page(s) found but none identifiable as a basketball-biography page,Euroleague 2008–09 Rosters,False,search,bio_name,,unavailable,
P006628,"FAUCHE, VINCENT",Vincent Fauche,2015 Match des Champions,https://en.wikipedia.org/wiki/2015_Match_des_Champions,,,page_found_not_basketball_player,Wikipedia page(s) found but none identifiable as a basketball-biography page,2015 Match des Champions; Morea expedition,False,search,bio_name,,unavailable,
P001215,"FAVERANI, VITOR",Vitor Faverani,Vítor Faverani,https://en.wikipedia.org/wiki/Vítor_Faverani,Power forward / center,Power Forward,matched,,Vítor Faverani; Maccabi Tel Aviv B.C.; Valencia Basket; UCAM Murcia CB; Novo Basquete Brasil,True,direct,bio_name,1988.0,exact_match,exact_birth_year
P010428,"FAYE, IBRAHIMA",Ibrahima Faye,Ibrahima Fall Faye,https://en.wikipedia.org/wiki/Ibrahima_Fall_Faye,Power forward / center,Power Forward,matched,,Ibrahima Faye; Ibrahima Fall Faye; AS Monaco Basket; Alexey Shved; Nanterre 92; Leuven Bears,True,search,bio_name,1997.0,exact_match,exact_birth_year
P012403,"FAYE, MOUHAMED",Mouhamed Faye,Momo Faye,https://en.wikipedia.org/wiki/Momo_Faye,Center,Center,matched,,Momo Faye; Rosters of the top basketball teams in European club competitions; Nationale 1 Masculin; LNB All-Star Game; 2023–24 LBA season,False,direct,bio_name,2005.0,exact_match,exact_birth_year
P008800,"FAYE, MOUHAMMAD",Mouhammad Faye,Mouhammad Faye,https://en.wikipedia.org/wiki/Mouhammad_Faye,Power forward,Power Forward,matched,,Mouhammad Faye; KK Crvena zvezda; KK Crvena zvezda accomplishments and records; Promitheas Patras B.C.; 2018–19 KK Crvena zvezda season,False,direct,bio_name,1985.0,exact_match,exact_birth_year
P012766,"FAYE, SEYDINA",Seydina Faye,Dakar,https://en.wikipedia.org/wiki/Dakar,,,page_found_not_basketball_player,Wikipedia page(s) found but none identifiable as a basketball-biography page,Dakar; 2025 FIFA Beach Soccer World Cup; 2012 FIBA Africa Under-18 Championship squads,False,search,bio_name,,unavailable,
P005918,"FELDEINE, JAMES",James Feldeine,James Feldeine,https://en.wikipedia.org/wiki/James_Feldeine,Shooting guard,Shooting Guard,matched,,James Feldeine; 2017–18 EuroLeague; 2019–20 Basketball Champions League; Panathinaikos B.C.; Basketball Champions League Game Day MVP,False,direct,bio_name,1988.0,exact_match,exact_birth_year
P011247,"FELIZ, ANDRES",Andres Feliz,Andrés Feliz,https://en.wikipedia.org/wiki/Andrés_Feliz,Point guard / shooting guard,Point Guard,matched,,Andrés Feliz; 2026 EuroLeague Final Four; 2023–24 EuroCup Basketball; Real Madrid Baloncesto; EuroCup Basketball All-EuroCup Team,True,direct,bio_name,1997.0,exact_match,exact_birth_year
PAGW,"FEMERLING, PATRICK",Patrick Femerling,Patrick Femerling,https://en.wikipedia.org/wiki/Patrick_Femerling,Center,Center,matched,,Patrick Femerling; FC Barcelona Bàsquet; Hannes Steinbach; 2002–03 FC Barcelona Bàsquet season; Olympiacos B.C.,False,direct,bio_name,1975.0,exact_match,exact_birth_year
P013422,"FENEMEN, RUZGAR",Ruzgar Fenemen,Anadolu Efes S.K.,https://en.wikipedia.org/wiki/Anadolu_Efes_S.K.,,,page_found_not_basketball_player,Wikipedia page(s) found but none identifiable as a basketball-biography page,Anadolu Efes S.K.; 2026–27 Anadolu Efes S.K. season,False,search,bio_name,,unavailable,
PLPI,"FENN, DARREN",Darren Fenn,Darren Fenn,https://en.wikipedia.org/wiki/Darren_Fenn,Center,Center,matched,,Darren Fenn; Jordan Nwora; Rosters of the top basketball teams in European club competitions; Billy Baron; KK Bosna Royal; BBL All-Star Game,False,direct,bio_name,1980.0,exact_match,exact_birth_year
PTGX,"FERNANDEZ, LUCHO",Lucho Fernandez,Lucho Fernández (basketball),https://en.wikipedia.org/wiki/Lucho_Fernández_(basketball),Power forward,Power Forward,matched,,Lucho Fernández; Lucho Fernández (basketball); Rosters of the top basketball teams in European club competitions; FC Porto; List of South American association football families; Le Classique,False,search,bio_name,1975.0,exact_match,exact_birth_year
PLIO,"FERNANDEZ, MARC",Marc Fernandez,Marc Fernández,https://en.wikipedia.org/wiki/Marc_Fernández,Small forward,Small Forward,matched,,Marc Fernández; Rudy Fernández (basketball); Real Madrid Baloncesto; Marc Gasol; Spain men's national basketball team; Yankuba Sima,False,direct,bio_name,1987.0,exact_match,exact_birth_year
PBMT,"FERNANDEZ, RUDY",Rudy Fernandez,Rudy Fernández (basketball),https://en.wikipedia.org/wiki/Rudy_Fernández_(basketball),Small forward / shooting guard,Small Forward,matched,,Rudy Fernandez; Rudy Fernández (basketball); FIBA EuroChallenge; EuroLeague 2010–2020 All-Decade Team; Real Madrid Baloncesto; All-EuroLeague Team,True,search,bio_name,1985.0,exact_match,exact_birth_year
P013667,"FERNANDO, BRUNO",Bruno Fernando,Bruno Fernando,https://en.wikipedia.org/wiki/Bruno_Fernando,Center,Center,matched,,Bruno Fernando; Bruno Cerella; List of 2026–27 EuroLeague transactions; List of 2025–26 EuroLeague transactions; Real Madrid Baloncesto,False,direct,bio_name,1998.0,exact_match,exact_birth_year
P009101,"FERRANDO, GUILLEM",Guillem Ferrando,Spain men's national basketball team,https://en.wikipedia.org/wiki/Spain_men's_national_basketball_team,,,page_found_not_basketball_player,Wikipedia page(s) found but none identifiable as a basketball-biography page,Spain men's national basketball team; Rosters of the top basketball teams in European club competitions; 2017 EuroCup Finals; 2019–20 Valencia Basket season,False,search,bio_name,,unavailable,
P007636,"FERRANDO, LUIS",Luis Ferrando,2025–26 FC Barcelona Bàsquet season,https://en.wikipedia.org/wiki/2025–26_FC_Barcelona_Bàsquet_season,,,page_found_not_basketball_player,Wikipedia page(s) found but none identifiable as a basketball-biography page,2025–26 FC Barcelona Bàsquet season; Spain men's national basketball team; 2024–25 FC Barcelona Bàsquet season; 2017 EuroCup Finals; Peñarol,False,search,bio_name,,unavailable,
P014219,"FERRARI, FRANCESCO",Francesco Ferrari,Francesco Ferrari (basketball),https://en.wikipedia.org/wiki/Francesco_Ferrari_(basketball),Power forward / small forward,Power Forward,matched,,Francesco Ferrari; Francesco Ferrari (basketball); List of 2025–26 EuroLeague transactions; Virtus Bologna; Italy men's national basketball team; 2026–27 Virtus Bologna season,True,search,bio_name,2005.0,exact_match,exact_birth_year
P011281,"FERRELL, YOGI",Yogi Ferrell,Yogi Ferrell,https://en.wikipedia.org/wiki/Yogi_Ferrell,Point guard,Point Guard,matched,,Yogi Ferrell; Slovenian Basketball League; 2022–23 Slovenian Basketball League; Panathinaikos B.C.; 2022–23 EuroCup Basketball,False,direct,bio_name,1993.0,exact_match,exact_birth_year
P006527,"FESENKO, KYRYLO",Kyrylo Fesenko,Kyrylo Fesenko,https://en.wikipedia.org/wiki/Kyrylo_Fesenko,Center,Center,matched,,Kyrylo Fesenko; Marko Jarić; AS Monaco Basket; 2014–15 EuroChallenge; Lithuania men's national basketball team,False,direct,bio_name,1986.0,exact_match,exact_birth_year
PCTI,"FFRIEND, KIMANI",Kimani Ffriend,Kimani Ffriend,https://en.wikipedia.org/wiki/Kimani_Ffriend,Center,Center,matched,,Kimani Ffriend; Beşiktaş J.K. (men's basketball); ABA League; EuroCup Basketball MVP of the Round; 2015–16 Basketball League of Serbia,False,direct,bio_name,1977.0,exact_match,exact_birth_year
P002861,"FILIPOVIC, MARIO",Mario Filipovic,Mário Filipovič,https://en.wikipedia.org/wiki/Mário_Filipovič,,,page_found_not_basketball_player,Wikipedia page(s) found but none identifiable as a basketball-biography page,Mário Filipovič; 2023–24 KK Partizan season; EuroBasket 2025 qualification; List of Croatian sportspeople; Sport in Croatia; List of Bosnia and Herzegovina people,False,direct,bio_name,,unavailable,
P001230,"FILLOY, ARIEL",Ariel Filloy,Ariel Filloy,https://en.wikipedia.org/wiki/Ariel_Filloy,Point guard,Point Guard,matched,,Ariel Filloy; Italy men's national basketball team; Derthona Basket; 2019–20 Reyer Venezia season; Rosters of the top basketball teams in European club competitions,False,direct,bio_name,1987.0,exact_match,exact_birth_year
P001202,"FINLEY, MORRIS",Morris Finley,Morris Finley,https://en.wikipedia.org/wiki/Morris_Finley,Point guard,Point Guard,matched,,Morris Finley; Fenerbahçe S.K. (basketball); LNB Élite; 2011–12 Fenerbahçe S.K. (basketball) season; Fenerbahçe (men's basketball) past rosters,False,direct,bio_name,1981.0,exact_match,exact_birth_year
PKZY,"FISCHER, DOR",Dor Fischer,D'or Fischer,https://en.wikipedia.org/wiki/D'or_Fischer,Power forward / center,Power Forward,matched,,D'or Fischer; Maccabi Tel Aviv B.C.; Breanna Stewart; Maya Moore; 2017–18 FC Barcelona Bàsquet season,True,direct,bio_name,1981.0,exact_match,exact_birth_year
P013579,"FISCHER, KILIAN",Kilian Fischer,Kilian Fischer,https://en.wikipedia.org/wiki/Kilian_Fischer,,,page_found_not_basketball_player,Wikipedia page(s) found but none identifiable as a basketball-biography page,Kilian Fischer; 2022 in sports,False,direct,bio_name,,unavailable,
P007852,"FISCHER, LUKE",Luke Fischer,Luke Fischer,https://en.wikipedia.org/wiki/Luke_Fischer,Center,Center,matched,,Luke Fischer; EuroLeague MVP of the Round; Paris Lee; 2014–15 Euroleague squads; Nanterre 92; Maya Moore,False,direct,bio_name,1994.0,exact_match,exact_birth_year
PLBZ,"FISHER, JOSH",Josh Fisher,Josh Fisher,https://en.wikipedia.org/wiki/Josh_Fisher,,,ambiguous_multiple_pages,2 basketball-player Wikipedia pages found for this name; none confirmed by birth year/nationality against players_bio.csv,Josh Fisher; Luka Dončić; Real Madrid Baloncesto; National Basketball League (Australia); BC Rytas; Baltic Basketball League,False,direct,bio_name,,unavailable,
PKHU,"FITCH, GERALD",Gerald Fitch,Gerald Fitch,https://en.wikipedia.org/wiki/Gerald_Fitch,Shooting guard,Shooting Guard,matched,,Gerald Fitch; Galatasaray S.K. (men's basketball); EuroLeague season statistical leaders; KK Cibona; Baloncesto Málaga,False,direct,bio_name,1982.0,exact_match,exact_birth_year
P007595,"FITIPALDO, BRUNO",Bruno Fitipaldo,Bruno Fitipaldo,https://en.wikipedia.org/wiki/Bruno_Fitipaldo,Point guard / Shooting guard,Point Guard,matched,,Bruno Fitipaldo; 2025–26 Real Madrid Baloncesto season; Galatasaray S.K. men's basketball team rosters; CB Canarias; 2018 FIBA Europe Cup Finals,True,direct,bio_name,1991.0,exact_match,exact_birth_year
PTFS,"FIZER, MARCUS",Marcus Fizer,Marcus Fizer,https://en.wikipedia.org/wiki/Marcus_Fizer,Power forward / small forward,Power Forward,matched,,Marcus Fizer; Super Basketball League; Rosters of the champion and finalist teams of EuroLeague; Josh Powell; Thomas Robinson (basketball),True,direct,bio_name,1978.0,exact_match,exact_birth_year
P005670,"FLACCADORI, DIEGO",Diego Flaccadori,Diego Flaccadori,https://en.wikipedia.org/wiki/Diego_Flaccadori,Point guard / shooting guard,Point Guard,matched,,Diego Flaccadori; FC Bayern Munich (basketball); List of 2025–26 EuroLeague transactions; 2019–20 FC Bayern Munich (basketball) season; Olimpia Milano,True,direct,bio_name,1996.0,exact_match,exact_birth_year
P010467,"FLOYD, JEHYVE",Jehyve Floyd,Jehyve Floyd,https://en.wikipedia.org/wiki/Jehyve_Floyd,Center,Center,matched,,Jehyve Floyd; Fenerbahçe S.K. (basketball); 2021–22 Fenerbahçe S.K. (basketball) season; Panathinaikos B.C.; 2022–23 Galatasaray S.K. (men's basketball) season,False,direct,bio_name,1997.0,exact_match,exact_birth_year
P001258,"FOFANA, BANGALY",Bangaly Fofana,Bangaly Fofana,https://en.wikipedia.org/wiki/Bangaly_Fofana,Center,Center,matched,,Bangaly Fofana; 2015 Match des Champions; 2015–16 Euroleague squads; 2017 Basketball Champions League Final Four; BC Šiauliai; 2016 Eurocup Finals,False,direct,bio_name,1989.0,exact_match,exact_birth_year
PAJC,"FOIREST, LAURENT",Laurent Foirest,Laurent Foirest,https://en.wikipedia.org/wiki/Laurent_Foirest,Small forward,Small Forward,matched,,Laurent Foirest; France men's national basketball team; LNB Élite; 2001 Euroleague Finals; ASVEL Basket; Saski Baskonia,False,direct,bio_name,1973.0,exact_match,exact_birth_year
P013406,"FONDEUR-MASSAMBA, CLARENCE",Clarence Fondeur-massamba,,,,,no_page_found,Wikipedia search returned no results,,False,,bio_name,,unavailable,
P006084,"FONT, ALEIX",Aleix Font,2019–20 Brose Bamberg season,https://en.wikipedia.org/wiki/2019–20_Brose_Bamberg_season,,,page_found_not_basketball_player,Wikipedia page(s) found but none identifiable as a basketball-biography page,2019–20 Brose Bamberg season; 2020–21 FC Barcelona Bàsquet season; Bilbao Basket; 2021–22 ACB season; 2018 Supercopa de España de Baloncesto,False,search,bio_name,,unavailable,
P004499,"FONTECCHIO, SIMONE",Simone Fontecchio,Simone Fontecchio,https://en.wikipedia.org/wiki/Simone_Fontecchio,Small forward,Small Forward,matched,,Simone Fontecchio; Italy men's national basketball team; Olimpia Milano; Saski Baskonia; Gabriele Procida,False,direct,bio_name,1995.0,exact_match,exact_birth_year
P004246,"FOOTE, JEFF",Jeff Foote,Jeff Foote,https://en.wikipedia.org/wiki/Jeff_Foote,Center,Center,matched,,Jeff Foote; BC Žalgiris; Breanna Stewart; Maya Moore; Jabari Parker,False,direct,bio_name,1987.0,exact_match,exact_birth_year
PLLX,"FORD, SHARROD",Sharrod Ford,Sharrod Ford,https://en.wikipedia.org/wiki/Sharrod_Ford,Power forward / center,Power Forward,matched,,Sharrod Ford; 2014–15 Eurocup Basketball; EuroLeague season statistical leaders; EuroCup Basketball All-EuroCup Team; EuroCup Basketball individual statistics,True,direct,bio_name,1982.0,exact_match,exact_birth_year
P003672,"FORD, TJ",Tj Ford,T. J. Ford,https://en.wikipedia.org/wiki/T._J._Ford,Point guard,Point Guard,matched,,2024–25 EuroLeague; 2025–26 EuroLeague; 2023–24 EuroLeague; T. J. Ford; EuroLeague Playoffs and Play-in MVP,False,search,bio_name,1983.0,exact_match,exact_birth_year
P005980,"FORMENTI, MATTEO",Matteo Formenti,2015–16 Euroleague squads,https://en.wikipedia.org/wiki/2015–16_Euroleague_squads,,,page_found_not_basketball_player,Wikipedia page(s) found but none identifiable as a basketball-biography page,2015–16 Euroleague squads; 2014–15 Euroleague squads; 2015 Lega Basket Serie A Finals; COVID-19 pandemic in Italy,False,search,bio_name,,unavailable,
P013367,"FORREST, TRENT",Trent Forrest,Trent Forrest,https://en.wikipedia.org/wiki/Trent_Forrest,Point guard,Point Guard,matched,,Trent Forrest; Fenerbahçe S.K. (basketball); List of 2026–27 EuroLeague transactions; 2026–27 Fenerbahçe S.K. (basketball) season; Basketball,False,direct,bio_name,1998.0,exact_match,exact_birth_year
PLMN,"FORTE, JOSEPH",Joseph Forte,Joseph Forte,https://en.wikipedia.org/wiki/Joseph_Forte,Shooting guard,Shooting Guard,matched,,Joseph Forte; France men's national basketball team; Mens Sana Basketball Siena; BC UNICS; Limoges CSP,False,direct,bio_name,1981.0,exact_match,exact_birth_year
P001907,"FOSTER, JEKEL",Jekel Foster,,,,,no_page_found,Wikipedia search returned no results,,False,,bio_name,,unavailable,
P010386,"FOSTER, MARCUS",Marcus Foster,Marcus Foster (basketball),https://en.wikipedia.org/wiki/Marcus_Foster_(basketball),Shooting guard,Shooting Guard,matched,,Marcus Foster; Marcus Foster (basketball); BC Rytas; History of BC Rytas; 2022–23 Basketball Champions League; Panathinaikos B.C.,False,search,bio_name,1995.0,exact_match,exact_birth_year
PBEZ,"FOTSIS, ANTONIS",Antonis Fotsis,Antonis Fotsis,https://en.wikipedia.org/wiki/Antonis_Fotsis,Power forward,Power Forward,matched,,Antonis Fotsis; AEK B.C.; Greece men's national basketball team; Rosters of the champion and finalist teams of EuroLeague; 2000 FIBA EuroLeague Final Four,False,direct,bio_name,1981.0,exact_match,exact_birth_year
P013380,"FOURNIER, EVAN",Evan Fournier,Evan Fournier,https://en.wikipedia.org/wiki/Evan_Fournier,Shooting guard / small forward,Shooting Guard,matched,,Evan Fournier; EuroLeague Final Four MVP; 2025–26 EuroLeague; 2026 EuroLeague Final Four; Olympiacos B.C.,True,direct,bio_name,1992.0,exact_match,exact_birth_year
000595,"FRANCH, JOSEP",Josep Franch,Josep Franch,https://en.wikipedia.org/wiki/Josep_Franch,,,page_found_identity_unconfirmed,Basketball page found but birth year/nationality could not be confirmed against players_bio.csv,Josep Franch; 2009–10 FC Barcelona Bàsquet season; Rosters of the top basketball teams in European club competitions; DBB Albert Schweitzer Tournament; Valencia; 2021 in association football,False,direct,bio_name,,unavailable,
P007975,"FRANCISCO, SYLVAIN",Sylvain Francisco,Sylvain Francisco,https://en.wikipedia.org/wiki/Sylvain_Francisco,Point guard,Point Guard,matched,,Sylvain Francisco; 2025–26 EuroLeague; Paris Basketball; FC Bayern Munich (basketball); 2024–25 EuroLeague,False,direct,bio_name,1997.0,exact_match,exact_birth_year
P005265,"FRANCOIS, XAVIER",Xavier Francois,Sekou Doumbouya,https://en.wikipedia.org/wiki/Sekou_Doumbouya,,,page_found_identity_unconfirmed,Basketball page found but birth year/nationality could not be confirmed against players_bio.csv,2025 Men's EuroHockey Championship; Basketball at the 2019 Games of the Small States of Europe; Rosters of the top basketball teams in European club competitions; Sekou Doumbouya; Accor Arena,False,search,bio_name,,unavailable,
P011223,"FRANKAMP, CONNER",Conner Frankamp,Conner Frankamp,https://en.wikipedia.org/wiki/Conner_Frankamp,Point guard,Point Guard,matched,,Conner Frankamp; BC Zenit Saint Petersburg; Rethymno Cretan Kings B.C.; 2019–20 Greek Basket League; Josh Childress,False,direct,bio_name,1995.0,exact_match,exact_birth_year
P003390,"FRASUNKIEWICZ, PRZEMYSLAW",Przemyslaw Frasunkiewicz,Poland men's national basketball team,https://en.wikipedia.org/wiki/Poland_men's_national_basketball_team,,,page_found_not_basketball_player,Wikipedia page(s) found but none identifiable as a basketball-biography page,Poland men's national basketball team; Arka Gdynia (basketball); KK Włocławek; Polish Basketball All-Star Game; FIBA Europe Cup,False,search,bio_name,,unavailable,
P009842,"FREDETTE, JIMMER",Jimmer Fredette,Jimmer Fredette,https://en.wikipedia.org/wiki/Jimmer_Fredette,Point guard / shooting guard,Point Guard,matched,,Jimmer Fredette; Chinese Basketball Association; Derrick Williams (basketball); List of 2019–20 EuroLeague transactions; Brandon Davies,True,direct,bio_name,1989.0,exact_match,exact_birth_year
PLOO,"FREELAND, JOEL",Joel Freeland,Joel Freeland,https://en.wikipedia.org/wiki/Joel_Freeland,Power forward / center,Power Forward,matched,,Joel Freeland; 2010–11 Euroleague; PBC CSKA Moscow; Rosters of the champion and finalist teams of EuroLeague; 2011–12 Euroleague,True,direct,bio_name,1987.0,exact_match,exact_birth_year
P010389,"FREEMAN, ALLERIK",Allerik Freeman,Allerik Freeman,https://en.wikipedia.org/wiki/Allerik_Freeman,Shooting guard,Shooting Guard,matched,,Allerik Freeman; PBC CSKA Moscow; 2020–21 ASVEL Basket season; List of 2020–21 EuroLeague transactions; List of 2021–22 EuroLeague transactions,False,direct,bio_name,1994.0,exact_match,exact_birth_year
P004808,"FREESE, JANNIK",Jannik Freese,Jannik Freese,https://en.wikipedia.org/wiki/Jannik_Freese,Center,Center,matched,,"Jannik Freese; Rosters of the top basketball teams in European club competitions; Sports dynasty; Northwestern High School (Hyattsville, Maryland); July 2011 in sports",False,direct,bio_name,1986.0,exact_match,exact_birth_year
PLLH,"FRIDZON, VITALY",Vitaly Fridzon,Vitaly Fridzon,https://en.wikipedia.org/wiki/Vitaly_Fridzon,Shooting guard,Shooting Guard,matched,,Vitaly Fridzon; Russia men's national basketball team; PBC CSKA Moscow; 2017 EuroLeague Final Four; 2016 Euroleague Final Four,False,direct,bio_name,1985.0,exact_match,exact_birth_year
P014026,"FRISCH, CLEMENT",Clement Frisch,List of 2025–26 EuroLeague transactions,https://en.wikipedia.org/wiki/List_of_2025–26_EuroLeague_transactions,,,page_found_not_basketball_player,Wikipedia page(s) found but none identifiable as a basketball-biography page,List of 2025–26 EuroLeague transactions; Saski Baskonia; 2024–25 LNB Élite season; 2017 in sports; Star (sport badge),False,search,bio_name,,unavailable,
P002838,"FROEHLICH, JEFERSON",Jeferson Froehlich,Brazil at the 2019 Pan American Games,https://en.wikipedia.org/wiki/Brazil_at_the_2019_Pan_American_Games,,,page_found_not_basketball_player,Wikipedia page(s) found but none identifiable as a basketball-biography page,Brazil at the 2019 Pan American Games,False,search,bio_name,,unavailable,
PADP,"FUCKA, GREGOR",Gregor Fucka,Gregor Fučka,https://en.wikipedia.org/wiki/Gregor_Fučka,Power forward / center,Power Forward,matched,,Gregor Fučka; All-EuroLeague Team; Italy men's national basketball team; Juan Carlos Navarro (basketball); FC Barcelona Bàsquet,True,direct,bio_name,1971.0,exact_match,exact_birth_year
P001562,"FULLE, SEBASTIAN",Sebastian Fulle,Sebastian Fülle,https://en.wikipedia.org/wiki/Sebastian_Fülle,Shooting guard,Shooting Guard,matched,,Sebastian Fülle; BBL All-Star Game,False,direct,bio_name,1992.0,exact_match,exact_birth_year
P005432,"FUMAGALLI, CARLO",Carlo Fumagalli,Carlo Fumagalli,https://en.wikipedia.org/wiki/Carlo_Fumagalli,Point-guard,Point Guard,matched,,Carlo Fumagalli; Rosters of the champion and finalist teams of EuroLeague; Fortitudo Bologna; FIBA Saporta Cup; Rosters of the top basketball teams in European club competitions,False,direct,bio_name,1996.0,exact_match,exact_birth_year
PJKN,"GABINI, ROBERTO",Roberto Gabini,Roberto Gabini,https://en.wikipedia.org/wiki/Roberto_Gabini,Small forward / power forward,Small Forward,matched,,Roberto Gabini; Rosters of the champion and finalist teams of EuroLeague; Virtus Roma; 2005 Euroleague Final Four; Rosters of the top basketball teams in European club competitions,True,direct,bio_name,1975.0,exact_match,exact_birth_year
PBIM,"GABRIEL, GERMAN",German Gabriel,Germán Gabriel,https://en.wikipedia.org/wiki/Germán_Gabriel,Power forward / center,Power Forward,matched,,Germán Gabriel; Wenyen Gabriel; 2026 EuroLeague Final Four; Gabriel Deck; 2025 EuroLeague Final Four; 2022–23 EuroLeague,True,direct,bio_name,1980.0,exact_match,exact_birth_year
P005881,"GABRIEL, KENNY",Kenny Gabriel,Kenny Gabriel,https://en.wikipedia.org/wiki/Kenny_Gabriel,Power forward,Power Forward,matched,,Kenny Gabriel; EuroLeague MVP of the Round; Panathinaikos B.C.; Karşıyaka Basket; Hapoel Jerusalem B.C.,False,direct,bio_name,1989.0,exact_match,exact_birth_year
P013383,"GABRIEL, WENYEN",Wenyen Gabriel,Wenyen Gabriel,https://en.wikipedia.org/wiki/Wenyen_Gabriel,Center / power forward,Center,matched,,Wenyen Gabriel; Beşiktaş J.K. (men's basketball); 2025 EuroLeague Final Four; List of 2026–27 EuroLeague transactions; List of 2025–26 EuroLeague transactions,True,direct,bio_name,1997.0,exact_match,exact_birth_year
PTES,"GADSON, CHEYNE",Cheyne Gadson,2004–05 British Basketball League season,https://en.wikipedia.org/wiki/2004–05_British_Basketball_League_season,,,page_found_not_basketball_player,Wikipedia page(s) found but none identifiable as a basketball-biography page,2004–05 British Basketball League season; List of 2010–11 NBA season transactions,False,search,bio_name,,unavailable,
P004229,"GAGIC, DJORDJE",Djordje Gagic,Đorđe Gagić,https://en.wikipedia.org/wiki/Đorđe_Gagić,Center,Center,matched,,Đorđe Gagić; 2019–20 KK Partizan season; 2019–20 Aris Thessaloniki B.C. season; List of Serbs,False,direct,bio_name,1990.0,exact_match,exact_birth_year
P002009,"GAILIUS, DEIVIDAS",Deividas Gailius,Deividas Gailius,https://en.wikipedia.org/wiki/Deividas_Gailius,Small forward / shooting guard,Small Forward,matched,,Deividas Gailius; BC Rytas; BC Neptūnas; Lithuania men's national basketball team; CB San Pablo Burgos,True,direct,bio_name,1988.0,exact_match,exact_birth_year
P004196,"GAILLARD, VINCENT",Vincent Gaillard,List of University of San Francisco people,https://en.wikipedia.org/wiki/List_of_University_of_San_Francisco_people,,,page_found_not_basketball_player,Wikipedia page(s) found but none identifiable as a basketball-biography page,List of University of San Francisco people; RSC Anderlecht; February 2011 in sports; List of Occitans; April 1958,False,search,bio_name,,unavailable,
PKSH,"GAINES, CHARLES",Charles Gaines,Charles Gaines (basketball),https://en.wikipedia.org/wiki/Charles_Gaines_(basketball),Forward / center,Center,matched,,Charles Gaines; Charles Gaines (basketball); ASVEL Basket; Olympiacos B.C.; EuroLeague MVP of the Round; Basketball,False,search,bio_name,1981.0,exact_match,exact_birth_year
PTEP,"GAINES, REECE",Reece Gaines,Reece Gaines,https://en.wikipedia.org/wiki/Reece_Gaines,Shooting guard / point guard,Shooting Guard,matched,,Reece Gaines; Peristeri B.C.; Pallacanestro Biella; List of nicknames in basketball; Sportfive; Romelu Lukaku,True,direct,bio_name,1981.0,exact_match,exact_birth_year
P005023,"GALDIKAS, SIMAS",Simas Galdikas,Simas Galdikas,https://en.wikipedia.org/wiki/Simas_Galdikas,Center / power forward,Center,matched,,Simas Galdikas; BC Šiauliai; BC Neptūnas; 2014–15 Euroleague squads; Rosters of the top basketball teams in European club competitions,True,direct,bio_name,1987.0,exact_match,exact_birth_year
PLDO,"GALLI, ANDREA",Andrea Galli,Victoria Libertas Pallacanestro,https://en.wikipedia.org/wiki/Victoria_Libertas_Pallacanestro,,,page_found_not_basketball_player,Wikipedia page(s) found but none identifiable as a basketball-biography page,Victoria Libertas Pallacanestro; 2017–18 LBA season; 2019–20 Reyer Venezia season; 2018–19 LBA season; Rimini,False,search,bio_name,,unavailable,
PKRD,"GALLINARI, DANILO",Danilo Gallinari,Danilo Gallinari,https://en.wikipedia.org/wiki/Danilo_Gallinari,Small forward / power forward,Small Forward,matched,,Danilo Gallinari; Vittorio Gallinari; Olimpia Milano; Italy men's national basketball team; Chris Duarte (basketball),True,direct,bio_name,1988.0,exact_match,exact_birth_year
P008851,"GALLIOU, CHARLES",Charles Galliou,List of 2020–21 EuroLeague transactions,https://en.wikipedia.org/wiki/List_of_2020–21_EuroLeague_transactions,,,page_found_not_basketball_player,Wikipedia page(s) found but none identifiable as a basketball-biography page,List of 2020–21 EuroLeague transactions; 2020–21 ASVEL Basket season; 2019–20 ASVEL Basket season,False,search,bio_name,,unavailable,
P002848,"GANETO, GABRIELE",Gabriele Ganeto,,,,,no_page_found,Wikipedia search returned no results,,False,,bio_name,,unavailable,
P004623,"GANKEVICH, ALEXANDER",Alexander Gankevich,PBC CSKA Moscow,https://en.wikipedia.org/wiki/PBC_CSKA_Moscow,,,page_found_not_basketball_player,Wikipedia page(s) found but none identifiable as a basketball-biography page,PBC CSKA Moscow; Rosters of the top basketball teams in European club competitions,False,search,bio_name,,unavailable,
P012115,"GARAVAGLIA, DIEGO",Diego Garavaglia,2025 FIBA U18 EuroBasket,https://en.wikipedia.org/wiki/2025_FIBA_U18_EuroBasket,,,page_found_not_basketball_player,Wikipedia page(s) found but none identifiable as a basketball-biography page,2025 FIBA U18 EuroBasket; 2024 FIBA Under-17 Basketball World Cup; FIBA Under-17 Basketball World Cup All-Tournament Team; List of Saint Louis University people; 2024 FIBA Under-17 Basketball World Cup squads,False,search,bio_name,,unavailable,
PAHV,"GARBAJOSA, JORGE",Jorge Garbajosa,Jorge Garbajosa,https://en.wikipedia.org/wiki/Jorge_Garbajosa,Power forward,Power Forward,matched,,Jorge Garbajosa; All-EuroLeague Team; Spain men's national basketball team; FIBA–EuroLeague dispute; Baloncesto Málaga,False,direct,bio_name,1977.0,exact_match,exact_birth_year
P000615,"GARCIA, ALEX",Alex Garcia,Alex Garcia (basketball),https://en.wikipedia.org/wiki/Alex_Garcia_(basketball),Shooting guard / small forward,Shooting Guard,matched,,Alex García; Alex Garcia (basketball); Fenerbahçe S.K. (basketball); 2018–19 EuroLeague; 2023–24 EuroLeague; 2022–23 EuroLeague,True,search,bio_name,1980.0,exact_match,exact_birth_year
P000018,"GARCIA, ANDER",Ander Garcia,Ander García,https://en.wikipedia.org/wiki/Ander_García,Shooting guard,Shooting Guard,matched,,Ander García; Rosters of the top basketball teams in European club competitions; Basket Zaragoza; List of Spanish association football families; List of NBA players born outside the United States; Spain national football team,False,direct,bio_name,1989.0,exact_match,exact_birth_year
P003238,"GARCIA, ANGEL LUIS",Angel Luis Garcia,Baloncesto Superior Nacional,https://en.wikipedia.org/wiki/Baloncesto_Superior_Nacional,,,ambiguous_multiple_pages,2 basketball-player Wikipedia pages found for this name; none confirmed by birth year/nationality against players_bio.csv,Real Madrid Baloncesto; Baloncesto Superior Nacional; Spain men's national basketball team; Rosters of the champion and finalist teams of EuroLeague; Luka Dončić,False,search,bio_name,,unavailable,
PJCS,"GARCIA, IVAN",Ivan Garcia,Iván García,https://en.wikipedia.org/wiki/Iván_García,,,page_found_not_basketball_player,Wikipedia page(s) found but none identifiable as a basketball-biography page,Iván García; EuroLeague Championship Game; Rosters of the champion and finalist teams of EuroLeague; 2025–26 KK Partizan season; 2021 EuroLeague Final Four; 2025–26 EuroCup Women regular season,False,direct,bio_name,,unavailable,
P004535,"GARCIA, MARC",Marc Garcia,Marc García (basketball),https://en.wikipedia.org/wiki/Marc_García_(basketball),Shooting guard,Shooting Guard,matched,,Marc García; Marc García (basketball); Fenerbahçe S.K. (basketball); FC Barcelona Bàsquet; Marc Gasol; Rudy Fernández (basketball),False,search,bio_name,1996.0,exact_match,exact_birth_year
P005458,"GARCIA, SERGI",Sergi Garcia,Sergi García (basketball),https://en.wikipedia.org/wiki/Sergi_García_(basketball),Point guard,Point Guard,matched,,Sergi García; Sergi García (basketball); Real Madrid Baloncesto; Rosters of the champion and finalist teams of EuroLeague; 2001 Euroleague Finals; 2024–25 FC Barcelona Bàsquet season,False,search,bio_name,1997.0,exact_match,exact_birth_year
PBXR,"GARDNER, JASON",Jason Gardner,Jason Gardner,https://en.wikipedia.org/wiki/Jason_Gardner,Point guard,Point Guard,matched,,Jason Gardner; The Basketball League; Baskets Oldenburg; Ivan Kharchenkov; Kessler Edwards; Continental Basketball Association,False,direct,bio_name,1980.0,exact_match,exact_birth_year
P007994,"GARINO, PATRICIO",Patricio Garino,Patricio Garino,https://en.wikipedia.org/wiki/Patricio_Garino,Small forward / shooting guard,Small Forward,matched,,Patricio Garino; Livio Jean-Charles; BC Žalgiris; Nanterre 92; 2019 FIBA Basketball World Cup squads,True,direct,bio_name,1993.0,exact_match,exact_birth_year
P003476,"GARRETT, DIANTE",Diante Garrett,Diante Garrett,https://en.wikipedia.org/wiki/Diante_Garrett,Point guard / shooting guard,Point Guard,matched,,Diante Garrett; List of 2024–25 EuroLeague transactions; Promitheas Patras B.C.; Nanterre 92; Rodney McGruder,True,direct,bio_name,1988.0,exact_match,exact_birth_year
PBOF,"GARRETT, ROBERT",Robert Garrett,Miles Aiken,https://en.wikipedia.org/wiki/Miles_Aiken,,,page_found_identity_unconfirmed,Basketball page found but birth year/nationality could not be confirmed against players_bio.csv,Robert Garrett; FC Bayern Munich (basketball); Miles Aiken; EuroLeague season statistical leaders; PAOK BC; List of 2024–25 EuroLeague transactions,False,search,bio_name,,unavailable,
PLHB,"GARRI, LUCA",Luca Garri,Luca Garri,https://en.wikipedia.org/wiki/Luca_Garri,Center / power forward,Center,matched,,Luca Garri; Italy men's national basketball team; Rosters of the top basketball teams in European club competitions; Skyliners Frankfurt; Aquila Basket Trento,True,direct,bio_name,1982.0,exact_match,exact_birth_year
P010107,"GARUBA, SEDIQ",Sediq Garuba,Usman Garuba,https://en.wikipedia.org/wiki/Usman_Garuba,,,birth_year_small_discrepancy,"Birth year differs by 1-2 years (players_bio.csv=2004, wikipedia=2002); not auto-accepted, flagged for review.",Usman Garuba; 2021–22 Real Madrid Baloncesto season,False,search,bio_name,2002.0,small_discrepancy,
P007630,"GARUBA, USMAN",Usman Garuba,Usman Garuba,https://en.wikipedia.org/wiki/Usman_Garuba,Center / power forward,Center,matched,,Usman Garuba; 2026 EuroLeague Final Four; EuroLeague Rising Star; Real Madrid Baloncesto; 2020–21 EuroLeague,True,direct,bio_name,2002.0,exact_match,exact_birth_year
PADF,"GASOL, PAU",Pau Gasol,Pau Gasol,https://en.wikipedia.org/wiki/Pau_Gasol,Power forward / center,Power Forward,matched,,Pau Gasol; Marc Gasol; 2026 FIBA Women's Basketball World Cup; Juan Carlos Navarro (basketball); Awa Fam,True,direct,bio_name,1980.0,exact_match,exact_birth_year
P004836,"GATENS, MATT",Matt Gatens,2015–16 Euroleague squads,https://en.wikipedia.org/wiki/2015–16_Euroleague_squads,,,page_found_not_basketball_player,Wikipedia page(s) found but none identifiable as a basketball-biography page,2015–16 Euroleague squads; 2015 Match des Champions; Mario; List of Late Night with Jimmy Fallon games and sketches,False,search,bio_name,,unavailable,
P001252,"GAVEL, ANTON",Anton Gavel,Anton Gavel,https://en.wikipedia.org/wiki/Anton_Gavel,Shooting guard / point guard,Shooting Guard,matched,,Anton Gavel; FC Bayern Munich (basketball); List of 2026–27 EuroLeague transactions; 2025–26 Basketball Bundesliga; Basketball Bundesliga,True,direct,bio_name,1984.0,exact_match,exact_birth_year
P004624,"GAVRILOV, ALEXANDER",Alexander Gavrilov,Aleksandr Gavrilov,https://en.wikipedia.org/wiki/Aleksandr_Gavrilov,,,page_found_not_basketball_player,Wikipedia page(s) found but none identifiable as a basketball-biography page,Aleksandr Gavrilov; 2015 Kazakhstan Basketball Cup; Georgia (country); Donetsk; European Figure Skating Championships,False,direct,bio_name,,unavailable,
P010516,"GAZI, ERTEN",Erten Gazi,Erten Gazi,https://en.wikipedia.org/wiki/Erten_Gazi,Shooting guard,Shooting Guard,matched,,Erten Gazi; Fenerbahçe S.K. (basketball); 2024–25 Fenerbahçe S.K. (basketball) season; BeoBasket; 2022 EuroLeague Final Four,False,direct,bio_name,1997.0,exact_match,exact_birth_year
P009753,"GEBEN, MARTINAS",Martinas Geben,Martinas Geben,https://en.wikipedia.org/wiki/Martinas_Geben,Center,Center,matched,,Martinas Geben; Bàsquet Manresa; 2021–22 BC Žalgiris season; BC Žalgiris; List of 2018–19 EuroLeague transactions,False,direct,bio_name,1994.0,exact_match,exact_birth_year
PLTT,"GECEVICIUS, MARTYNAS",Martynas Gecevicius,Martynas Gecevičius,https://en.wikipedia.org/wiki/Martynas_Gecevičius,Shooting guard,Shooting Guard,matched,,Martynas Gecevičius; BC Rytas; Lithuania men's national basketball team; 2013 Euroleague Final Four; Olympiacos B.C.,False,direct,bio_name,1988.0,exact_match,exact_birth_year
P005686,"GECIM, TOLGA",Tolga Gecim,Tolga Geçim,https://en.wikipedia.org/wiki/Tolga_Geçim,Small forward / power forward,Small Forward,matched,,Tolga Geçim; Tofaş S.K.; 2025–26 Fenerbahçe S.K. (basketball) season; Turkey men's national under-20 basketball team; List of 2019–20 EuroLeague transactions,True,direct,bio_name,1996.0,exact_match,exact_birth_year
P003392,"GEE, ALONZO",Alonzo Gee,Alonzo Gee,https://en.wikipedia.org/wiki/Alonzo_Gee,Shooting guard / small forward,Shooting Guard,matched,,Alonzo Gee; Arka Gdynia (basketball); Thomas Robinson (basketball); Breanna Stewart; Richard Hendrix; Víctor Claver,True,direct,bio_name,1987.0,exact_match,exact_birth_year
PBHN,"GELABALE, MICKAEL",Mickael Gelabale,Mickaël Gelabale,https://en.wikipedia.org/wiki/Mickaël_Gelabale,Small forward / power forward,Small Forward,matched,,Mickaël Gelabale; France men's national basketball team; LNB Élite; ABA League; Real Madrid Baloncesto,True,direct,bio_name,1983.0,exact_match,exact_birth_year
P000880,"GENTILE, ALESSANDRO",Alessandro Gentile,Alessandro Gentile,https://en.wikipedia.org/wiki/Alessandro_Gentile,Shooting guard / small forward,Shooting Guard,matched,,Alessandro Gentile; Ferdinando Gentile; Stefano Gentile; Olimpia Milano; Italy men's national basketball team,True,direct,bio_name,1992.0,exact_match,exact_birth_year
PTER,"GENTILE, STEFANO",Stefano Gentile,Stefano Gentile,https://en.wikipedia.org/wiki/Stefano_Gentile,Point guard / shooting guard,Point Guard,matched,,Stefano Gentile; Ferdinando Gentile; Alessandro Gentile; Olimpia Milano; 2000 FIBA EuroLeague Final Four,True,direct,bio_name,1989.0,exact_match,exact_birth_year
P000406,"GEORGALLIS, IOANNIS",Ioannis Georgallis,Ioannis Georgallis,https://en.wikipedia.org/wiki/Ioannis_Georgallis,Shooting guard / small forward,Shooting Guard,matched,,Ioannis Georgallis; Dubai Basketball; Panionios B.C.; Panellinios B.C.; Kolossos Rodou B.C.,True,direct,bio_name,1983.0,exact_match,exact_birth_year
P008253,"GEORGE, JASON",Jason George,Jason George (basketball),https://en.wikipedia.org/wiki/Jason_George_(basketball),Small forward / shooting guard,Small Forward,matched,,Jason Winston George; Jason George (basketball); FC Bayern Munich (basketball); Jason Thompson (basketball); Fenerbahçe S.K. (basketball); Luka Dončić,True,search,bio_name,2001.0,exact_match,exact_birth_year
P007122,"GEYIK, SAMET",Samet Geyik,Samet Geyik,https://en.wikipedia.org/wiki/Samet_Geyik,Power forward,Power Forward,matched,,Samet Geyik; Fenerbahçe S.K. (basketball); List of 2016–17 EuroLeague transactions; 2023–24 Fenerbahçe S.K. (basketball) season; Karşıyaka Basket,False,direct,bio_name,1993.0,exact_match,exact_birth_year
PKXO,"GIACHETTI, JACOPO",Jacopo Giachetti,Jacopo Giachetti,https://en.wikipedia.org/wiki/Jacopo_Giachetti,Point guard,Point Guard,matched,,Jacopo Giachetti; Euroleague 2008–09 Rosters,False,direct,bio_name,1983.0,exact_match,exact_birth_year
P003675,"GIANELLA, NICO",Nico Gianella,2010–11 ACB season,https://en.wikipedia.org/wiki/2010–11_ACB_season,,,page_found_not_basketball_player,Wikipedia page(s) found but none identifiable as a basketball-biography page,2010–11 ACB season,False,search,bio_name,,unavailable,
PLRH,"GIANNOPOULOS, CHARIS",Charis Giannopoulos,Charis Giannopoulos,https://en.wikipedia.org/wiki/Charis_Giannopoulos,Small forward,Small Forward,matched,,Charis Giannopoulos; AEK B.C.; Panathinaikos B.C.; Olympiacos B.C.; Panionios B.C.,False,direct,bio_name,1989.0,exact_match,exact_birth_year
PAIH,"GIANNOULIS, YANNIS",Yannis Giannoulis,Giannis Giannoulis,https://en.wikipedia.org/wiki/Giannis_Giannoulis,Center / power forward,Center,matched,,Giannis Giannoulis; Aris B.C.; AEK B.C.; Panathinaikos B.C.; List of people from Greece,True,direct,bio_name,1976.0,exact_match,exact_birth_year
P006702,"GIARDINI, SAMUELE",Samuele Giardini,,,,,no_page_found,Wikipedia search returned no results,,False,,bio_name,,unavailable,
P002873,"GIDDENS, JR",Jr Giddens,J. R. Giddens,https://en.wikipedia.org/wiki/J._R._Giddens,Shooting guard,Shooting Guard,matched,,J. R. Giddens; Arka Gdynia (basketball); EuroCup Basketball MVP of the Round; PAOK BC; Pallacanestro Brescia,False,search,bio_name,1985.0,exact_match,exact_birth_year
P007513,"GIEDRAITIS, DOVYDAS",Dovydas Giedraitis,Dovydas Giedraitis,https://en.wikipedia.org/wiki/Dovydas_Giedraitis,Point guard / shooting guard,Point Guard,matched,,Dovydas Giedraitis; BC Žalgiris; BC Rytas; 2025–26 BC Žalgiris season; BC Lietkabelis,True,direct,bio_name,2000.0,exact_match,exact_birth_year
P006436,"GIEDRAITIS, ROKAS",Rokas Giedraitis,Rokas Giedraitis,https://en.wikipedia.org/wiki/Rokas_Giedraitis,Small forward,Small Forward,matched,,Rokas Giedraitis; BC Žalgiris; BC Rytas; 2023–24 KK Crvena zvezda season; List of 2025–26 EuroLeague transactions,False,direct,bio_name,1992.0,exact_match,exact_birth_year
P001557,"GIFFEY, NIELS",Niels Giffey,Niels Giffey,https://en.wikipedia.org/wiki/Niels_Giffey,Small forward / Shooting guard,Small Forward,matched,,Niels Giffey; FC Bayern Munich (basketball); BeoBasket; 2019–20 EuroLeague; 2020–21 EuroLeague,True,direct,bio_name,1991.0,exact_match,exact_birth_year
PKWC,"GIGLI, ANGELO",Angelo Gigli,Angelo Gigli,https://en.wikipedia.org/wiki/Angelo_Gigli,Power forward / center,Power Forward,matched,,Angelo Gigli; Italy men's national basketball team; Virtus Bologna; Pallacanestro Reggiana; Rosters of the top basketball teams in European club competitions,True,direct,bio_name,1983.0,exact_match,exact_birth_year
P008001,"GILL, ANTHONY",Anthony Gill,Anthony Gill (basketball),https://en.wikipedia.org/wiki/Anthony_Gill_(basketball),Power forward,Power Forward,matched,,Anthony Gill; Anthony Gill (basketball); 2017–18 EuroLeague; Basketball; EuroLeague MVP of the Round; 2017–18 Fenerbahçe S.K. (basketball) season,False,search,bio_name,1992.0,exact_match,exact_birth_year
P011941,"GILLESPIE, FREDDIE",Freddie Gillespie,Freddie Gillespie,https://en.wikipedia.org/wiki/Freddie_Gillespie,Center,Center,matched,,Freddie Gillespie; FC Bayern Munich (basketball); List of 2025–26 EuroLeague transactions; KK Crvena zvezda; List of 2024–25 EuroLeague transactions,False,direct,bio_name,1997.0,exact_match,exact_birth_year
P010550,"GINAT, TOMER",Tomer Ginat,Tomer Ginat,https://en.wikipedia.org/wiki/Tomer_Ginat,Power forward,Power Forward,matched,,Tomer Ginat; Israel men's national basketball team; Hapoel Tel Aviv B.C.; List of 2026–27 EuroLeague transactions; EuroBasket 2022,False,direct,bio_name,1994.0,exact_match,exact_birth_year
PACQ,"GINEVICIUS, VIDAS",Vidas Ginevicius,Vidas Ginevičius,https://en.wikipedia.org/wiki/Vidas_Ginevičius,Point guard,Point Guard,matched,,Vidas Ginevičius; BC Žalgiris; Lithuania men's national basketball team; LKL All-Star Game; BC Spartak Primorye,False,direct,bio_name,1978.0,exact_match,exact_birth_year
P000689,"GIOVACCHINI, ANTHONY",Anthony Giovacchini,Oriundo,https://en.wikipedia.org/wiki/Oriundo,,,page_found_not_basketball_player,Wikipedia page(s) found but none identifiable as a basketball-biography page,Oriundo,False,search,bio_name,,unavailable,
PBXA,"GIOVANNONI, GUILHERME",Guilherme Giovannoni,Guilherme Giovannoni,https://en.wikipedia.org/wiki/Guilherme_Giovannoni,Power forward,Power Forward,matched,,Guilherme Giovannoni; Esporte Clube Pinheiros (basketball); Virtus Bologna; Novo Basquete Brasil; Liga Sudamericana de Baloncesto,False,direct,bio_name,1980.0,exact_match,exact_birth_year
PCSI,"GIPSON, SERGERIO",Sergerio Gipson,Teddy Gipson,https://en.wikipedia.org/wiki/Teddy_Gipson,Point guard / shooting guard,Point Guard,matched,,Teddy Gipson; EuroCup Basketball individual statistics; BBL All-Star Game; DBL All-Star Gala,True,direct,bio_name,1980.0,exact_match,exact_birth_year
P005024,"GIRDZIUNAS, MINDAUGAS",Mindaugas Girdziunas,Mindaugas Girdžiūnas,https://en.wikipedia.org/wiki/Mindaugas_Girdžiūnas,Shooting guard / point guard,Shooting Guard,matched,,Mindaugas Girdžiūnas; BC Neptūnas; BC Rytas; Lithuania men's national basketball team; 2024–25 King Mindaugas Cup,True,direct,bio_name,1989.0,exact_match,exact_birth_year
PAFI,"GIRICEK, GORDAN",Gordan Giricek,Gordan Giriček,https://en.wikipedia.org/wiki/Gordan_Giriček,Shooting guard / small forward,Shooting Guard,matched,,Gordan Giriček; Fenerbahçe S.K. (basketball); Premijer liga (Croatian basketball); PBC CSKA Moscow; Croatia men's national basketball team,True,direct,bio_name,1977.0,exact_match,exact_birth_year
P002980,"GIST, JAMES",James Gist,James Gist,https://en.wikipedia.org/wiki/James_Gist,Power forward,Power Forward,matched,,James Gist; Fenerbahçe S.K. (basketball); ABA League; EuroLeague 2010–2020 All-Decade Team; FC Bayern Munich (basketball),False,direct,bio_name,1986.0,exact_match,exact_birth_year
PBZW,"GKAGKALOUDIS, IOANNIS",Ioannis Gkagkaloudis,Ioannis Gagaloudis,https://en.wikipedia.org/wiki/Ioannis_Gagaloudis,Point guard / shooting guard,Point Guard,matched,,Ioannis Gagaloudis,True,direct,bio_name,1978.0,exact_match,exact_birth_year
P005274,"GLADYR, SERGII",Sergii Gladyr,Sergiy Gladyr,https://en.wikipedia.org/wiki/Sergiy_Gladyr,Shooting guard,Shooting Guard,matched,,Sergiy Gladyr; AS Monaco Basket; Leaders Cup; 2017 Basketball Champions League Final Four,False,direct,bio_name,1988.0,exact_match,exact_birth_year
P011261,"GLAS, GREGOR",Gregor Glas,Gregor Glas,https://en.wikipedia.org/wiki/Gregor_Glas,Shooting guard,Shooting Guard,matched,,Gregor Glas; 2025–26 ABA League First Division; 2021–22 KK Partizan season; KK Cedevita Olimpija; France men's national basketball team; 2022–23 KK Partizan season,False,direct,bio_name,2001.0,exact_match,exact_birth_year
PBVP,"GLYNIADAKIS, ANDREAS",Andreas Glyniadakis,Andreas Glyniadakis,https://en.wikipedia.org/wiki/Andreas_Glyniadakis,Center,Center,matched,,Andreas Glyniadakis; Greece men's national basketball team; AEK B.C.; Rosters of the champion and finalist teams of EuroLeague; Olympiacos B.C.,False,direct,bio_name,1981.0,exact_match,exact_birth_year
P000499,"GOLDSBERRY, JOHN",John Goldsberry,John Goldsberry,https://en.wikipedia.org/wiki/John_Goldsberry,Point guard / shooting guard,Point Guard,matched,,John Goldsberry; Casey Jacobsen; Bamberg Baskets; Artland Dragons; Center (basketball),True,direct,bio_name,1982.0,exact_match,exact_birth_year
P012336,"GOLD, TAMIR",Tamir Gold,David Blatt,https://en.wikipedia.org/wiki/David_Blatt,,,page_found_identity_mismatch,Selected page's birth year (1959) clearly differs from players_bio.csv (2007); rejected as a different person.,"Israel men's national basketball team; David Blatt; AEK B.C.; List of University of California, Berkeley alumni in sports; List of Israelis",False,search,bio_name,1959.0,clear_mismatch,
PAGI,"GOLEMAC, JURICA",Jurica Golemac,Jurica Golemac,https://en.wikipedia.org/wiki/Jurica_Golemac,Forward / center,Center,matched,,Jurica Golemac; Dubai Basketball; 2025–26 EuroLeague; 2019–20 Slovenian Basketball League; Aleksander Sekulić,False,direct,bio_name,1977.0,exact_match,exact_birth_year
PLCK,"GOLOVIN, DMITRY",Dmitry Golovin,Rosters of the top basketball teams in European club competitions,https://en.wikipedia.org/wiki/Rosters_of_the_top_basketball_teams_in_European_club_competitions,,,page_found_not_basketball_player,Wikipedia page(s) found but none identifiable as a basketball-biography page,Rosters of the top basketball teams in European club competitions; 2014–15 Euroleague squads; January 2007 in sports; 2018 FIFA World Cup; 1988,False,search,bio_name,,unavailable,
P001236,"GOLUBOVIC, VLADIMIR",Vladimir Golubovic,Vladimir Golubović,https://en.wikipedia.org/wiki/Vladimir_Golubović,Center,Center,matched,,Vladimir Golubović; EuroCup Basketball; EuroCup Basketball All-EuroCup Team; KK Budućnost; 2013–14 Eurocup Basketball,False,direct,bio_name,1986.0,exact_match,exact_birth_year
P004435,"GOMES, RYAN",Ryan Gomes,Ryan Gomes,https://en.wikipedia.org/wiki/Ryan_Gomes,Small forward / power forward,Small Forward,matched,,Ryan Gomes; December 31; DBL All-Star Gala; 2017 in sports; Marcus Douthit,True,direct,bio_name,1982.0,exact_match,exact_birth_year
P000074,"GOMIS, ANTOINE",Antoine Gomis,Antoine Gomis,https://en.wikipedia.org/wiki/Antoine_Gomis,,,page_found_identity_unconfirmed,Basketball page found but birth year/nationality could not be confirmed against players_bio.csv,Antoine Gomis; France men's national basketball team; JL Bourg Basket; ESB Villeneuve-d'Ascq; Rosters of the top basketball teams in European club competitions,False,direct,bio_name,,unavailable,
P001216,"GOMIS, JOSEPH",Joseph Gomis,Joseph Gomis,https://en.wikipedia.org/wiki/Joseph_Gomis,Point guard,Point Guard,matched,,Joseph Gomis; SLUC Nancy Basket; Limoges CSP; Nanterre 92; Frédéric Fauthoux,False,direct,bio_name,1978.0,exact_match,exact_birth_year
PAWN,"GONLUM, KEREM",Kerem Gonlum,Kerem Gönlüm,https://en.wikipedia.org/wiki/Kerem_Gönlüm,Power forward / center,Power Forward,matched,,Kerem Gönlüm; Galatasaray S.K. (men's basketball); Turkey men's national basketball team; Anadolu Efes S.K.; EuroLeague season statistical leaders,True,direct,bio_name,1977.0,exact_match,exact_birth_year
P011649,"GONZALEZ, HUGO",Hugo Gonzalez,Hugo González (basketball),https://en.wikipedia.org/wiki/Hugo_González_(basketball),Shooting guard,Shooting Guard,matched,,Hugo González; Hugo González (basketball); Euroleague Basketball Next Generation Tournament; Real Madrid Baloncesto; List of 2025–26 EuroLeague transactions; 2025–26 Real Madrid Baloncesto season,False,search,bio_name,2006.0,exact_match,exact_birth_year
P008032,"GONZALEZ, MIGUEL",Miguel Gonzalez,Miguel González (basketball),https://en.wikipedia.org/wiki/Miguel_González_(basketball),,,position_unavailable,Basketball page confirmed but has no 'position' field in its infobox,Miguel González; 2021–22 EuroLeague; Real Madrid Baloncesto; 2020–21 EuroLeague; Spain men's national basketball team; Miguel González (basketball),False,search,bio_name,,unavailable,
P004324,"GORBENKO, SERGIY",Sergiy Gorbenko,Sergiy Gorbenko,https://en.wikipedia.org/wiki/Sergiy_Gorbenko,Forward,,position_text_unrecognized,Could not map position text to a canonical position: 'Forward',Sergiy Gorbenko; Vyacheslav Motorchuk; Rosters of the top basketball teams in European club competitions,False,direct,bio_name,,unavailable,
P000531,"GORDIC, NEMANJA",Nemanja Gordic,Nemanja Gordić,https://en.wikipedia.org/wiki/Nemanja_Gordić,Point guard / shooting guard,Point Guard,matched,,Nemanja Gordić; ABA League; 2024–25 KK Partizan season; KK Cedevita; 2020–21 KK Partizan season,True,direct,bio_name,1988.0,exact_match,exact_birth_year
P004230,"GORDON, DREW",Drew Gordon,Drew Gordon,https://en.wikipedia.org/wiki/Drew_Gordon,Power forward / center,Power Forward,matched,,Drew Gordon; FC Bayern Munich (basketball); Thomas Walkup; ABA League; PBC CSKA Moscow,True,direct,bio_name,1990.0,exact_match,exact_birth_year
P001310,"GORDON, JAMONT",Jamont Gordon,Jamont Gordon,https://en.wikipedia.org/wiki/Jamont_Gordon,Point guard / shooting guard,Point Guard,matched,,Jamont Gordon; Galatasaray S.K. (men's basketball); ABA League; EuroLeague MVP of the Round; PBC CSKA Moscow,True,direct,bio_name,1987.0,exact_match,exact_birth_year
PAUC,"GOREE, MARCUS",Marcus Goree,Marcus Goree,https://en.wikipedia.org/wiki/Marcus_Goree,Power forward / center,Power Forward,matched,,Marcus Goree; ABA League; PBC CSKA Moscow; Rosters of the champion and finalist teams of EuroLeague; CB Gran Canaria,True,direct,bio_name,1977.0,exact_match,exact_birth_year
PBPV,"GORENC, BORIS",Boris Gorenc,Boris Gorenc,https://en.wikipedia.org/wiki/Boris_Gorenc,Shooting guard / small forward,Shooting Guard,matched,,Boris Gorenc; Belgian Basketball All-Star Game; Pallacanestro Varese; Olympiacos B.C.; Mens Sana Basketball Siena,True,direct,bio_name,1973.0,exact_match,exact_birth_year
P005944,"GOSPODAREK, MICHAEL",Michael Gospodarek,2014–15 Euroleague squads,https://en.wikipedia.org/wiki/2014–15_Euroleague_squads,,,page_found_not_basketball_player,Wikipedia page(s) found but none identifiable as a basketball-biography page,2014–15 Euroleague squads; FC Bayern Munich Junior Team,False,search,bio_name,,unavailable,
P004903,"GOUDELOCK, ANDREW",Andrew Goudelock,Andrew Goudelock,https://en.wikipedia.org/wiki/Andrew_Goudelock,Shooting guard,Shooting Guard,matched,,Andrew Goudelock; Fenerbahçe S.K. (basketball); 2016–17 EuroLeague; All-EuroLeague Team; EuroCup Basketball MVP,False,direct,bio_name,1988.0,exact_match,exact_birth_year
P014028,"GRAHAM, DEVONTE",Devonte Graham,Devonte' Graham,https://en.wikipedia.org/wiki/Devonte'_Graham,Point guard,Point Guard,matched,,Devonte' Graham; List of 2025–26 EuroLeague transactions; Devin Williams (basketball); KK Crvena zvezda; Brewster Academy,False,direct,bio_name,1995.0,exact_match,exact_birth_year
P003024,"GRANGER, JAYSON",Jayson Granger,Jayson Granger,https://en.wikipedia.org/wiki/Jayson_Granger,Point guard / shooting guard,Point Guard,matched,,Jayson Granger; Anadolu Efes S.K.; List of 2026–27 EuroLeague transactions; CB Estudiantes; Baloncesto Málaga,True,direct,bio_name,1989.0,exact_match,exact_birth_year
P011204,"GRANT, JERIAN",Jerian Grant,Jerian Grant,https://en.wikipedia.org/wiki/Jerian_Grant,Shooting guard / point guard,Shooting Guard,matched,,Jerian Grant; Horace Grant; EuroLeague; Jerami Grant; 2022–23 EuroCup Basketball,True,direct,bio_name,1992.0,exact_match,exact_birth_year
P003438,"GRANT, KENNETH",Kenneth Grant,Kenneth Grant,https://en.wikipedia.org/wiki/Kenneth_Grant,,,ambiguous_multiple_pages,3 basketball-player Wikipedia pages found for this name; none confirmed by birth year/nationality against players_bio.csv,Kenneth Grant; Kenneth Faried; List of 2025–26 EuroLeague transactions; Kendrick Nunn; Maharlika Pilipinas Basketball League; BC Rytas,False,direct,bio_name,,unavailable,
P008250,"GRANT, SASHA",Sasha Grant,Olympiacos B.C.,https://en.wikipedia.org/wiki/Olympiacos_B.C.,,,page_found_not_basketball_player,Wikipedia page(s) found but none identifiable as a basketball-biography page,Olympiacos B.C.; 2025 EuroLeague Final Four; Panathinaikos B.C.; 2012–13 Euroleague; 2013–14 Euroleague,False,search,bio_name,,unavailable,
P001934,"GRAVES, ANTONIO",Antonio Graves,Antonio Graves,https://en.wikipedia.org/wiki/Antonio_Graves,Shooting guard,Shooting Guard,matched,,Antonio Graves; Galatasaray S.K. (men's basketball); BC Rytas; Dražen Petrović; Chimezie Metu; Bandırma B.İ.K.,False,direct,bio_name,1985.0,exact_match,exact_birth_year
P010549,"GRAY, ROB",Rob Gray,Rob Gray (basketball),https://en.wikipedia.org/wiki/Rob_Gray_(basketball),Shooting guard / point guard,Shooting Guard,matched,,Rob Gray; Rob Gray (basketball); 2020–21 EuroCup Basketball; AS Monaco Basket; EuroCup Basketball Awards; EuroCup Basketball Finals MVP,True,search,bio_name,1994.0,exact_match,exact_birth_year
P005738,"GRAZULIS, ANDREJS",Andrejs Grazulis,Andrejs Gražulis,https://en.wikipedia.org/wiki/Andrejs_Gražulis,Power forward,Power Forward,matched,,Andrejs Gražulis; List of 2025–26 EuroLeague transactions; Virtus Bologna; List of 2024–25 EuroLeague transactions; Derthona Basket,False,direct,bio_name,1993.0,exact_match,exact_birth_year
P003326,"GREEN, CALEB",Caleb Green,Caleb Green (basketball),https://en.wikipedia.org/wiki/Caleb_Green_(basketball),Power forward,Power Forward,matched,,Caleb Green; Caleb Green (basketball); 2021–22 EuroCup Basketball; EuroCup Basketball All-EuroCup Team; Kostas Vasileiadis; EuroCup Basketball MVP of the Round,False,search,bio_name,1985.0,exact_match,exact_birth_year
P003457,"GREEN, DANNY",Danny Green,Daniel Green,https://en.wikipedia.org/wiki/Daniel_Green,,,position_unavailable,Basketball page confirmed but has no 'position' field in its infobox,Daniel Green; Śląsk Wrocław (basketball); Vasilije Micić; AEK B.C.; Vincent Poirier; Anthony Parker,False,direct,bio_name,,unavailable,direct_name_match_no_contradicting_evidence
PJTH,"GREENE, BRIAN",Brian Greene,Brian Greene,https://en.wikipedia.org/wiki/Brian_Greene,,,page_found_not_basketball_player,Wikipedia page(s) found but none identifiable as a basketball-biography page,Brian Greene; Orléans Loiret Basket; Rick Pitino; Women's National Basketball Association; 2023–24 British Basketball League season; BBL All-Star Game,False,direct,bio_name,,unavailable,
PKOO,"GREENE, DEMOND",Demond Greene,Demond Greene,https://en.wikipedia.org/wiki/Demond_Greene,Shooting guard,Shooting Guard,matched,,Demond Greene; FC Bayern Munich (basketball); Alba Berlin; Bayer Giants Leverkusen; BBL All-Star Game,False,direct,bio_name,1979.0,exact_match,exact_birth_year
P005159,"GREEN, ERICK",Erick Green,Erick Green,https://en.wikipedia.org/wiki/Erick_Green,,,birth_year_small_discrepancy,"Birth year differs by 1-2 years (players_bio.csv=1992, wikipedia=1991); not auto-accepted, flagged for review.",Erick Green; Fenerbahçe S.K. (basketball); 2017–18 EuroLeague; 2017 EuroLeague Final Four; Olympiacos B.C.,False,direct,bio_name,1991.0,small_discrepancy,
P009037,"GREEN, GARLON",Garlon Green,Garlon Green,https://en.wikipedia.org/wiki/Garlon_Green,Small forward / shooting guard,Small Forward,matched,,Garlon Green; 2017–18 Pro Basketball League; List of 2018–19 EuroLeague transactions; All-Pro Basketball League Teams; Jamaal Franklin,True,direct,bio_name,1991.0,exact_match,exact_birth_year
P001273,"GREEN, MARQUES",Marques Green,Marques Green,https://en.wikipedia.org/wiki/Marques_Green,Point guard,Point Guard,matched,,Marques Green; Fenerbahçe S.K. (basketball); 2023–24 EuroLeague Women; Olympiacos B.C.; Darüşşafaka Basketbol,False,direct,bio_name,1982.0,exact_match,exact_birth_year
PJGM,"GREEN, YANIV",Yaniv Green,Yaniv Green,https://en.wikipedia.org/wiki/Yaniv_Green,Center / power forward,Center,matched,,Yaniv Green; Israel men's national basketball team; Maccabi Tel Aviv B.C.; 2005 Euroleague Final Four; Rosters of the champion and finalist teams of EuroLeague,True,direct,bio_name,1980.0,exact_match,exact_birth_year
PKNA,"GREER, JEFF",Jeff Greer,Ricardo Greer,https://en.wikipedia.org/wiki/Ricardo_Greer,,,page_found_identity_unconfirmed,Basketball page found but birth year/nationality could not be confirmed against players_bio.csv,Jeff Greer; Fenerbahçe S.K. (basketball); Ricardo Greer; Olympiacos B.C.; Foul (basketball); EuroLeague season statistical leaders,False,search,bio_name,,unavailable,
PCRR,"GREER, LYNN",Lynn Greer,Lynn Greer,https://en.wikipedia.org/wiki/Lynn_Greer,Point guard / shooting guard,Point Guard,matched,,Lynn Greer; Fenerbahçe S.K. (basketball); Alphonso Ford EuroLeague Top Scorer Trophy; Śląsk Wrocław (basketball); All-EuroLeague Team,True,direct,bio_name,1979.0,exact_match,exact_birth_year
PKMZ,"GREER, RICARDO",Ricardo Greer,Ricardo Greer,https://en.wikipedia.org/wiki/Ricardo_Greer,Small forward,Small Forward,matched,,Ricardo Greer; LNB Élite; EuroLeague MVP of the Round; SLUC Nancy Basket; SIG Strasbourg,False,direct,bio_name,1977.0,exact_match,exact_birth_year
PKOJ,"GREGORY, KENNY",Kenny Gregory,Kenny Gregory,https://en.wikipedia.org/wiki/Kenny_Gregory,Shooting guard / small forward,Shooting Guard,matched,,Kenny Gregory; 2010–11 Euroleague; Anadolu Efes S.K.; EuroLeague MVP of the Round; Saski Baskonia,True,direct,bio_name,1978.0,exact_match,exact_birth_year
P002328,"GRIGONIS, MARIUS",Marius Grigonis,Marius Grigonis,https://en.wikipedia.org/wiki/Marius_Grigonis,Shooting guard / small forward,Shooting Guard,matched,,Marius Grigonis; BC Žalgiris; 2020–21 EuroLeague; List of 2026–27 EuroLeague transactions; 2024 EuroLeague Final Four,True,direct,bio_name,1994.0,exact_match,exact_birth_year
P003568,"GRIGORYEV, MAXIM",Maxim Grigoryev,Maksim Grigoryev,https://en.wikipedia.org/wiki/Maksim_Grigoryev,,,page_found_identity_unconfirmed,Basketball page found but birth year/nationality could not be confirmed against players_bio.csv,Maksim Grigoryev; Rosters of the top basketball teams in European club competitions,False,direct,bio_name,,unavailable,
PBKE,"GRIMAU, ROGER",Roger Grimau,Roger Grimau,https://en.wikipedia.org/wiki/Roger_Grimau,Guard / small forward,Small Forward,matched,,Roger Grimau; 2023–24 EuroLeague; FC Barcelona Bàsquet; 2024–25 EuroLeague; 2024–25 FC Barcelona Bàsquet season,False,direct,bio_name,1978.0,exact_match,exact_birth_year
P013555,"GRINVALDS, GUNARS",Gunars Grinvalds,2025–26 EuroLeague Basketball Next Generation Tournament,https://en.wikipedia.org/wiki/2025–26_EuroLeague_Basketball_Next_Generation_Tournament,,,page_found_not_basketball_player,Wikipedia page(s) found but none identifiable as a basketball-biography page,2025–26 EuroLeague Basketball Next Generation Tournament,False,search,bio_name,,unavailable,
P012099,"GROSBER, DORIAN",Dorian Grosber,2025–26 High Point Panthers men's basketball team,https://en.wikipedia.org/wiki/2025–26_High_Point_Panthers_men's_basketball_team,,,page_found_not_basketball_player,Wikipedia page(s) found but none identifiable as a basketball-biography page,2025–26 High Point Panthers men's basketball team; Luxembourg men's national basketball team,False,search,bio_name,,unavailable,
P012103,"GRUJICIC, MATHIEU",Mathieu Grujicic,Mathieu Grujicic,https://en.wikipedia.org/wiki/Mathieu_Grujicic,Shooting guard,Shooting Guard,matched,,Mathieu Grujicic; 2024–25 FC Barcelona Bàsquet season; Rosters of the top basketball teams in European club competitions,False,direct,bio_name,2007.0,exact_match,exact_birth_year
P005004,"GRUSZECKI, KAROL",Karol Gruszecki,Karol Gruszecki,https://en.wikipedia.org/wiki/Karol_Gruszecki,Shooting guard / small forward,Shooting Guard,matched,,Karol Gruszecki; Poland men's national basketball team; Czarni Słupsk; 2018 Polish Basketball Cup; Polish Basketball Supercup,True,direct,bio_name,1989.0,exact_match,exact_birth_year
P001097,"GUARDIA, DAVID",David Guardia,Andrew Lawrence (basketball),https://en.wikipedia.org/wiki/Andrew_Lawrence_(basketball),Point guard / shooting guard,Point Guard,matched,,Baloncesto Fuenlabrada; Andrew Lawrence (basketball); Rosters of the top basketball teams in European club competitions; 2019–20 Brescia Leonessa season; Napoli Basket (2016),True,search,bio_name,1990.0,exact_match,exact_birth_year
PKLS,"GUBANOV, PETR",Petr Gubanov,Petr Gubanov,https://en.wikipedia.org/wiki/Petr_Gubanov,Power forward / center,Power Forward,matched,,Petr Gubanov; List of 2018–19 EuroLeague transactions; Rosters of the top basketball teams in European club competitions; 2016–17 VTB United League; 2014–15 Euroleague squads,True,direct,bio_name,1987.0,exact_match,exact_birth_year
P003120,"GUDAITIS, ARTURAS",Arturas Gudaitis,Artūras Gudaitis,https://en.wikipedia.org/wiki/Artūras_Gudaitis,Center,Center,matched,,Artūras Gudaitis; BC Rytas; Basketball Champions League; BC Žalgiris; 2025–26 Basketball Champions League,False,direct,bio_name,1993.0,exact_match,exact_birth_year
P002439,"GUDUMAK, ALEKSANDR",Aleksandr Gudumak,Rosters of the top basketball teams in European club competitions,https://en.wikipedia.org/wiki/Rosters_of_the_top_basketball_teams_in_European_club_competitions,,,page_found_not_basketball_player,Wikipedia page(s) found but none identifiable as a basketball-biography page,Rosters of the top basketball teams in European club competitions,False,search,bio_name,,unavailable,
P004004,"GUDURIC, MARKO",Marko Guduric,Marko Gudurić,https://en.wikipedia.org/wiki/Marko_Gudurić,Shooting guard / small forward,Shooting Guard,matched,,Marko Gudurić; Fenerbahçe S.K. (basketball); Basketball League of Serbia; 2022–23 EuroLeague; BeoBasket,True,direct,bio_name,1995.0,exact_match,exact_birth_year
P012262,"GUEDEGBE, THEO",Theo Guedegbe,2024 FIBA Under-17 Basketball World Cup squads,https://en.wikipedia.org/wiki/2024_FIBA_Under-17_Basketball_World_Cup_squads,,,page_found_not_basketball_player,Wikipedia page(s) found but none identifiable as a basketball-biography page,2024 FIBA Under-17 Basketball World Cup squads,False,search,bio_name,,unavailable,
P012168,"GUEYE, SIDI",Sidi Gueye,Sidi Gueye,https://en.wikipedia.org/wiki/Sidi_Gueye,Power forward / center,Power Forward,matched,,Sidi Gueye; 2024–25 Real Madrid Baloncesto season,True,direct,bio_name,2007.0,exact_match,exact_birth_year
PAWQ,"GULER, MURATCAN",Muratcan Guler,Muratcan Güler,https://en.wikipedia.org/wiki/Muratcan_Güler,Point guard,Point Guard,matched,,Muratcan Güler; Galatasaray S.K. (men's basketball); Sinan Güler; Karşıyaka Basket; 2015–16 Basketbol Süper Ligi; Antalya Büyükşehir Belediyesi,False,direct,bio_name,1980.0,exact_match,exact_birth_year
P000494,"GULER, SINAN",Sinan Guler,Sinan Güler,https://en.wikipedia.org/wiki/Sinan_Güler,Shooting guard / point guard,Shooting Guard,matched,,Sinan Güler; Fenerbahçe S.K. (basketball); Beşiktaş J.K. (men's basketball); Galatasaray S.K. (men's basketball); 2016–17 EuroLeague,True,direct,bio_name,1983.0,exact_match,exact_birth_year
PABC,"GUROVIC, MILAN",Milan Gurovic,Milan Gurović,https://en.wikipedia.org/wiki/Milan_Gurović,,,birth_year_small_discrepancy,"Birth year differs by 1-2 years (players_bio.csv=1976, wikipedia=1975); not auto-accepted, flagged for review.",Milan Gurović; ABA League; Basketball League of Serbia; Galatasaray S.K. (men's basketball); Serbia men's national basketball team,False,direct,bio_name,1975.0,small_discrepancy,
P009537,"GUSIC, MARKO",Marko Gusic,Marko Gušić,https://en.wikipedia.org/wiki/Marko_Gušić,Small forward / shooting guard,Small Forward,matched,,Marko Gušić; KK Vojvodina; 2021–22 KK Crvena zvezda season; 2020–21 KK Crvena zvezda season; 2022–23 KK Crvena zvezda season,True,search,bio_name,2002.0,exact_match,exact_birth_year
P004996,"GUVEN, EGEMEN",Egemen Guven,Egemen Güven,https://en.wikipedia.org/wiki/Egemen_Güven,Center,Center,matched,,Egemen Güven; List of 2021–22 EuroLeague transactions; Samir Zekiqi; Turkey men's national under-18 and under-19 basketball team; Turkey men's national under-20 basketball team,False,direct,bio_name,1996.0,exact_match,exact_birth_year
P011826,"GUY, KYLE",Kyle Guy,Kyle Guy,https://en.wikipedia.org/wiki/Kyle_Guy,Shooting guard,Shooting Guard,matched,,Kyle Guy; Kyle Singler; ABA League; Andrei Kirilenko; List of 2024–25 EuroLeague transactions,False,direct,bio_name,1997.0,exact_match,exact_birth_year
P007355,"HACIYEVA, ORHAN",Orhan Haciyeva,2022 FIBA European Championship for Small Countries,https://en.wikipedia.org/wiki/2022_FIBA_European_Championship_for_Small_Countries,,,page_found_not_basketball_player,Wikipedia page(s) found but none identifiable as a basketball-biography page,2022 FIBA European Championship for Small Countries; List of 2016–17 EuroLeague transactions; Uşak Sportif; Galatasaray S.K. men's basketball team rosters,False,search,bio_name,,unavailable,
P001844,"HACKETT, DANIEL",Daniel Hackett,Daniel Hackett,https://en.wikipedia.org/wiki/Daniel_Hackett,Point guard / shooting guard,Point Guard,matched,,Daniel Hackett; 2021–22 EuroLeague; 2022–23 EuroLeague; PBC CSKA Moscow; EuroLeague career statistical leaders,True,direct,bio_name,1987.0,exact_match,exact_birth_year
PKMF,"HAGAG, DROR",Dror Hagag,Dror Hagag,https://en.wikipedia.org/wiki/Dror_Hagag,Point guard,Point Guard,matched,,Dror Hagag; Hapoel Tel Aviv B.C.; Hapoel Jerusalem B.C.; FIBA EuroStars; Tre Simmons,False,direct,bio_name,1978.0,exact_match,exact_birth_year
P001909,"HAIN, DANIEL",Daniel Hain,Telekom Baskets Bonn,https://en.wikipedia.org/wiki/Telekom_Baskets_Bonn,,,page_found_not_basketball_player,Wikipedia page(s) found but none identifiable as a basketball-biography page,Telekom Baskets Bonn; Eintracht Braunschweig; 2000 New Year Honours; List of play-by-mail games; List of ZX Spectrum games,False,search,bio_name,,unavailable,
P002856,"HAIRSTON, MALIK",Malik Hairston,Malik Hairston,https://en.wikipedia.org/wiki/Malik_Hairston,Shooting guard / small forward,Shooting Guard,matched,,Malik Hairston; Galatasaray S.K. (men's basketball); 2010–11 Euroleague; Olimpia Milano; AEK B.C.,True,direct,bio_name,1987.0,exact_match,exact_birth_year
PKMV,"HAISLIP, MARCUS",Marcus Haislip,Marcus Haislip,https://en.wikipedia.org/wiki/Marcus_Haislip,Power forward,Power Forward,matched,,Marcus Haislip; Lebanese Basketball League; Anadolu Efes S.K.; EuroLeague season statistical leaders; Chinese Basketball Association,False,direct,bio_name,1980.0,exact_match,exact_birth_year
P003926,"HAKANSON, LUDDE",Ludde Hakanson,Ludvig Håkanson,https://en.wikipedia.org/wiki/Ludvig_Håkanson,Point guard / shooting guard,Point Guard,matched,,Ludvig Håkanson; Joventut Badalona; DBB Albert Schweitzer Tournament; 2024–25 ACB season; Rosters of the top basketball teams in European club competitions,True,direct,bio_name,1996.0,exact_match,exact_birth_year
P000691,"HALE, RONALD",Ronald Hale,List of nicknames in basketball,https://en.wikipedia.org/wiki/List_of_nicknames_in_basketball,,,page_found_not_basketball_player,Wikipedia page(s) found but none identifiable as a basketball-biography page,List of nicknames in basketball; 2026 deaths in the United States; List of 2011–12 NBA season transactions; List of University of Utah people; List of people with prostate cancer,False,search,bio_name,,unavailable,
P003538,"HALILOVIC, MIRALEM",Miralem Halilovic,Miralem Halilović,https://en.wikipedia.org/wiki/Miralem_Halilović,Center,Center,matched,,Miralem Halilović; Nanterre 92; KK Bosna Royal; Orléans Loiret Basket; 2017–18 Pro B season; Krešimir Ćosić Cup,False,direct,bio_name,1991.0,exact_match,exact_birth_year
P011205,"HALL, DEVON",Devon Hall,Devon Hall,https://en.wikipedia.org/wiki/Devon_Hall,Shooting guard / point guard,Shooting Guard,matched,,Devon Hall; Fenerbahçe S.K. (basketball); 2025 EuroLeague Final Four; 2026 EuroLeague Final Four; Devon Dotson,True,direct,bio_name,1995.0,exact_match,exact_birth_year
P011196,"HALL, DONTA",Donta Hall,Donta Hall,https://en.wikipedia.org/wiki/Donta_Hall,Center,Center,matched,,Donta Hall; EuroLeague; 2026 EuroLeague Final Four; 2023 EuroLeague Final Four; List of 2025–26 EuroLeague transactions,False,direct,bio_name,1997.0,exact_match,exact_birth_year
P009578,"HALL, LANGSTON",Langston Hall,Langston Hall,https://en.wikipedia.org/wiki/Langston_Hall,Point guard,Point Guard,matched,,Langston Hall; KK Crvena zvezda; 2024 in basketball; 2019–20 Greek Basket League; AEK B.C.,False,direct,bio_name,1991.0,exact_match,exact_birth_year
P001231,"HALL, MIKE",Mike Hall,Michael Hall,https://en.wikipedia.org/wiki/Michael_Hall,,,page_found_identity_unconfirmed,Basketball page found but birth year/nationality could not be confirmed against players_bio.csv,Michael Hall; Fenerbahçe S.K. (basketball); EuroLeague; 2023–24 EuroLeague; 2025–26 EuroLeague; 2025 EuroLeague Final Four,False,direct,bio_name,,unavailable,
PAOZ,"HALPERIN, YOTAM",Yotam Halperin,Yotam Halperin,https://en.wikipedia.org/wiki/Yotam_Halperin,Shooting guard / point guard,Shooting Guard,matched,,Yotam Halperin; Israel men's national basketball team; Israeli Basketball Premier League; FC Bayern Munich (basketball); ABA League,True,direct,bio_name,1984.0,exact_match,exact_birth_year
P012405,"HALTALI, FURKAN",Furkan Haltali,Turkey men's national basketball team,https://en.wikipedia.org/wiki/Turkey_men's_national_basketball_team,,,page_found_not_basketball_player,Wikipedia page(s) found but none identifiable as a basketball-biography page,Turkey men's national basketball team; Turkey men's national under-18 and under-19 basketball team; 2022–23 Anadolu Efes S.K. season; Bahçeşehir Koleji S.K.,False,search,bio_name,,unavailable,
PJSS,"HAMANN, STEFFEN",Steffen Hamann,Steffen Hamann,https://en.wikipedia.org/wiki/Steffen_Hamann,Point guard,Point Guard,matched,,Steffen Hamann; FC Bayern Munich (basketball); Bamberg Baskets; Rosters of the top basketball teams in European club competitions; BBL All-Star Game,False,direct,bio_name,1981.0,exact_match,exact_birth_year
P009782,"HAMILTON, JOHNNY",Johnny Hamilton,Johnny Hamilton (basketball),https://en.wikipedia.org/wiki/Johnny_Hamilton_(basketball),Center,Center,matched,,John Hamilton; Johnny Hamilton (basketball); Fenerbahçe S.K. (basketball); EuroLeague MVP of the Round; Timothé Luwawu-Cabarrot; Fenerbahçe (men's basketball) past rosters,False,search,bio_name,1994.0,exact_match,exact_birth_year
PCSW,"HAMILTON, JUSTIN",Justin Hamilton,"Justin Hamilton (basketball, born 1980)","https://en.wikipedia.org/wiki/Justin_Hamilton_(basketball,_born_1980)",Point guard / shooting guard,Point Guard,matched,,"Justin Hamilton; Justin Hamilton (basketball, born 1980); EuroLeague MVP of the Round; Valencia Basket; Canadian Elite Basketball League; EuroCup Basketball All-EuroCup Team",True,search,bio_name,1980.0,exact_match,exact_birth_year
P004317,"HAMILTON, LAMONT",Lamont Hamilton,Lamont Hamilton,https://en.wikipedia.org/wiki/Lamont_Hamilton,Power forward / center,Power Forward,matched,,Lamont Hamilton; Derreck Hamilton; EuroCup Basketball All-EuroCup Team; EuroCup Basketball individual statistics; AEK B.C.,True,direct,bio_name,1984.0,exact_match,exact_birth_year
PJUH,"HAMILTON, VENSON",Venson Hamilton,Venson Hamilton,https://en.wikipedia.org/wiki/Venson_Hamilton,Center,Center,matched,,Venson Hamilton; EuroCup Basketball individual statistics; EuroLeague season statistical leaders; S.S. Basket Napoli; Rosters of the top basketball teams in European club competitions,False,direct,bio_name,1977.0,exact_match,exact_birth_year
P001455,"HAMMONDS, CLIFF",Cliff Hammonds,Cliff Hammonds,https://en.wikipedia.org/wiki/Cliff_Hammonds,Point guard,Point Guard,matched,,Cliff Hammonds; Darüşşafaka Basketbol; Bandırma B.İ.K.; 2014–15 Euroleague squads; American Basketball Association,False,direct,bio_name,1985.0,exact_match,exact_birth_year
PLFN,"HAMPL, TOMAS",Tomas Hampl,Rosters of the top basketball teams in European club competitions,https://en.wikipedia.org/wiki/Rosters_of_the_top_basketball_teams_in_European_club_competitions,,,page_found_not_basketball_player,Wikipedia page(s) found but none identifiable as a basketball-biography page,Rosters of the top basketball teams in European club competitions,False,search,bio_name,,unavailable,
P005099,"HANGA, ADAM",Adam Hanga,Ádám Hanga,https://en.wikipedia.org/wiki/Ádám_Hanga,Small forward,Small Forward,matched,,Ádám Hanga; 2016–17 EuroLeague; EuroLeague Best Defender; Saski Baskonia; 2023 EuroLeague Final Four,False,direct,bio_name,1989.0,exact_match,exact_birth_year
P013304,"HANKINS, ZACHARY",Zachary Hankins,Zach Hankins,https://en.wikipedia.org/wiki/Zach_Hankins,Center,Center,matched,,Zach Hankins,False,search,bio_name,1996.0,exact_match,exact_birth_year
P006598,"HANLAN, OLIVIER",Olivier Hanlan,Olivier Hanlan,https://en.wikipedia.org/wiki/Olivier_Hanlan,Point guard / shooting guard,Point Guard,matched,,Olivier Hanlan; 2025–26 Basketball League of Serbia; Jaka Klobučar; BC Žalgiris; Dyshawn Pierre,True,direct,bio_name,1993.0,exact_match,exact_birth_year
P006402,"HANNAH, CLEVIN",Clevin Hannah,Clevin Hannah,https://en.wikipedia.org/wiki/Clevin_Hannah,Point guard,Point Guard,matched,,Clevin Hannah; Taylor Brown (basketball); List of 2018–19 EuroLeague transactions; Rickey Brown; History of BC Rytas,False,direct,bio_name,1987.0,exact_match,exact_birth_year
P003500,"HANSBROUGH, BEN",Ben Hansbrough,Ben Hansbrough,https://en.wikipedia.org/wiki/Ben_Hansbrough,Point guard / shooting guard,Point Guard,matched,,Ben Hansbrough; FC Bayern Munich (basketball); Breanna Stewart; Mr. Show-Me Basketball; North Carolina Tar Heels men's basketball,True,direct,bio_name,1987.0,exact_match,exact_birth_year
PJKM,"HANSEN, TRAVIS",Travis Hansen,Travis Hansen,https://en.wikipedia.org/wiki/Travis_Hansen,Shooting guard / small forward,Shooting Guard,matched,,Travis Hansen; 2005 Euroleague Final Four; Saski Baskonia; Real Madrid Baloncesto; EuroCup Basketball All-EuroCup Team,True,direct,bio_name,1978.0,exact_match,exact_birth_year
P009864,"HAPP, ETHAN",Ethan Happ,Ethan Happ,https://en.wikipedia.org/wiki/Ethan_Happ,Power forward / center,Power Forward,matched,,Ethan Happ; List of 2025–26 EuroLeague transactions; Wisconsin Badgers men's basketball; Olympiacos B.C.; Nate Reuvers,True,direct,bio_name,1996.0,exact_match,exact_birth_year
P004902,"HARANGODY, LUKE",Luke Harangody,Luke Harangody,https://en.wikipedia.org/wiki/Luke_Harangody,Power forward,Power Forward,matched,,Luke Harangody; EuroLeague MVP of the Round; Semih Erden; Notre Dame Fighting Irish men's basketball; Ben Hansbrough,False,direct,bio_name,1988.0,exact_match,exact_birth_year
P003534,"HARARI, ARAD",Arad Harari,Rosters of the champion and finalist teams of EuroLeague,https://en.wikipedia.org/wiki/Rosters_of_the_champion_and_finalist_teams_of_EuroLeague,,,page_found_not_basketball_player,Wikipedia page(s) found but none identifiable as a basketball-biography page,Rosters of the champion and finalist teams of EuroLeague; Rosters of the top basketball teams in European club competitions; 2014–15 Euroleague squads; List of Israelis,False,search,bio_name,,unavailable,
PBCM,"HARISSIS, CHRISTOS",Christos Harissis,Christos Charissis,https://en.wikipedia.org/wiki/Christos_Charissis,Point guard,Point Guard,matched,,Christos Charissis; 2011–12 Greek Basket League; Mycenaean Greece,False,direct,bio_name,1976.0,exact_match,exact_birth_year
P011970,"HARPER, JARED",Jared Harper,Jared Harper,https://en.wikipedia.org/wiki/Jared_Harper,Point guard,Point Guard,matched,,Jared Harper; 2025–26 EuroCup Basketball; 2024–25 EuroCup Basketball; EuroCup Basketball Awards; EuroCup Basketball MVP,False,direct,bio_name,1997.0,exact_match,exact_birth_year
P001711,"HARRINGTON, JUNIOR",Junior Harrington,Lorinza Harrington,https://en.wikipedia.org/wiki/Lorinza_Harrington,Point guard / shooting guard,Point Guard,matched,,Lorinza Harrington; Šarūnas Jasikevičius; KK Cedevita; Maya Moore; Breanna Stewart,True,direct,bio_name,1980.0,exact_match,exact_birth_year
P005460,"HARRIS, ELIAS",Elias Harris,Elias Harris,https://en.wikipedia.org/wiki/Elias_Harris,Power forward / center,Power Forward,matched,,Elias Harris; FC Bayern Munich (basketball); 2016–17 EuroLeague; 2017–18 EuroLeague; List of 2024–25 EuroLeague transactions,True,direct,bio_name,1989.0,exact_match,exact_birth_year
P008930,"HARRISON, AARON",Aaron Harrison,Aaron Harrison,https://en.wikipedia.org/wiki/Aaron_Harrison,Shooting guard,Shooting Guard,matched,,Aaron Harrison; Andrew Harrison (basketball); Galatasaray S.K. (men's basketball); Harrison twins; Olympiacos B.C.,False,direct,bio_name,1994.0,exact_match,exact_birth_year
P009473,"HARRISON, ANDREW",Andrew Harrison,Andrew Harrison (basketball),https://en.wikipedia.org/wiki/Andrew_Harrison_(basketball),Point guard / shooting guard,Point Guard,matched,,Andrew Harrison; Andrew Harrison (basketball); Aaron Harrison; Harrison twins; Luka Dončić; Breanna Stewart,True,search,bio_name,1994.0,exact_match,exact_birth_year
P013371,"HARRISON, SHAQUILLE",Shaquille Harrison,Shaquille Harrison,https://en.wikipedia.org/wiki/Shaquille_Harrison,Point guard / shooting guard,Point Guard,matched,,Shaquille Harrison; Monte Harrison; List of 2026–27 EuroLeague transactions; ASVEL Basket; List of 2025–26 EuroLeague transactions; Luka Dončić,True,direct,bio_name,1993.0,exact_match,exact_birth_year
P005846,"HARTENSTEIN, ISAIAH",Isaiah Hartenstein,Isaiah Hartenstein,https://en.wikipedia.org/wiki/Isaiah_Hartenstein,Center / power forward,Center,matched,,Isaiah Hartenstein; BC Žalgiris; List of 2026–27 NBA season transactions; Arnas Velička; Johann Grünloh,True,direct,bio_name,1998.0,exact_match,exact_birth_year
PBCS,"HATZIVRETTAS, NIKOS",Nikos Hatzivrettas,Nikos Chatzivrettas,https://en.wikipedia.org/wiki/Nikos_Chatzivrettas,Shooting guard / small forward,Shooting Guard,matched,,Nikos Chatzivrettas; Panathinaikos B.C.; Aris B.C.; 2001–02 Greek Basket League; Kostas Pilafidis,True,direct,bio_name,1977.0,exact_match,exact_birth_year
PKMO,"HAUER, SAJMEN",Sajmen Hauer,,,,,no_page_found,Wikipedia search returned no results,,False,,bio_name,,unavailable,
PKZA,"HAWKINS, DAVID",David Hawkins,David Hawkins (basketball),https://en.wikipedia.org/wiki/David_Hawkins_(basketball),Shooting guard / small forward,Shooting Guard,matched,,David Hawkins; David Hawkins (basketball); David McCormack (basketball); Galatasaray S.K. (men's basketball); Olimpia Milano; Olympiacos B.C.,True,search,bio_name,1982.0,exact_match,exact_birth_year
P010390,"HAYES, KEVARRIUS",Kevarrius Hayes,Kevarrius Hayes,https://en.wikipedia.org/wiki/Kevarrius_Hayes,Center,Center,matched,,Kevarrius Hayes; List of 2026–27 EuroLeague transactions; 2026–27 KK Partizan season; BC Žalgiris; 2021–22 EuroCup Basketball,False,direct,bio_name,1997.0,exact_match,exact_birth_year
P008962,"HAYES-DAVIS, NIGEL",Nigel Hayes-davis,Nigel Hayes-Davis,https://en.wikipedia.org/wiki/Nigel_Hayes-Davis,Power forward / small forward,Power Forward,matched,,Nigel Hayes-Davis; 2025 EuroLeague Final Four; Fenerbahçe S.K. (basketball); 2024–25 EuroLeague; EuroLeague Final Four MVP,True,search,bio_name,1994.0,exact_match,exact_birth_year
P003601,"HAYNES, MARQUEZ",Marquez Haynes,MarQuez Haynes,https://en.wikipedia.org/wiki/MarQuez_Haynes,Point guard / shooting guard,Point Guard,matched,,MarQuez Haynes; Paris Basketball; 2015–16 Euroleague squads; Panathinaikos B.C.; 2014–15 Euroleague squads,True,direct,bio_name,1986.0,exact_match,exact_birth_year
P011201,"HAZER, SEHMUS",Sehmus Hazer,Şehmus Hazer,https://en.wikipedia.org/wiki/Şehmus_Hazer,Point guard / shooting guard,Point Guard,matched,,Şehmus Hazer; Fenerbahçe S.K. (basketball); Beşiktaş J.K. (men's basketball); List of 2026–27 EuroLeague transactions; 2024 EuroLeague Final Four,True,search,bio_name,1999.0,exact_match,exact_birth_year
P006420,"HECKMANN, PATRICK",Patrick Heckmann,Patrick Heckmann,https://en.wikipedia.org/wiki/Patrick_Heckmann,Small forward,Small Forward,matched,,Patrick Heckmann; Telekom Baskets Bonn; 2015–16 Euroleague squads; 2016–17 Basketball Bundesliga; 2015–16 Basketball Bundesliga; BBL All-Star Game,False,direct,bio_name,1992.0,exact_match,exact_birth_year
P012259,"HEIDEGGER, MAX",Max Heidegger,Max Heidegger,https://en.wikipedia.org/wiki/Max_Heidegger,Point guard,Point Guard,matched,,Max Heidegger; List of 2026–27 EuroLeague transactions; Israel men's national basketball team; Henri Drell; Hapoel Tel Aviv B.C.,False,direct,bio_name,1997.0,exact_match,exact_birth_year
P002833,"HENDRIX, RICHARD",Richard Hendrix,Richard Hendrix,https://en.wikipedia.org/wiki/Richard_Hendrix,Power forward / center,Power Forward,matched,,Richard Hendrix; Galatasaray S.K. (men's basketball); Maccabi Tel Aviv B.C.; 2010–11 Euroleague; ABA League,True,direct,bio_name,1986.0,exact_match,exact_birth_year
P006754,"HENRY, PIERRIA",Pierria Henry,Pierriá Henry,https://en.wikipedia.org/wiki/Pierriá_Henry,Point guard,Point Guard,matched,,Pierriá Henry; Fenerbahçe S.K. (basketball); 2022–23 EuroLeague; 2019–20 EuroLeague; Saski Baskonia,False,direct,bio_name,1993.0,exact_match,exact_birth_year
PLLY,"HERBER, JOHANNES",Johannes Herber,Johannes Herber,https://en.wikipedia.org/wiki/Johannes_Herber,Shooting guard,Shooting Guard,matched,,Johannes Herber; Saski Baskonia; Alba Berlin; Rosters of the top basketball teams in European club competitions; Euroleague 2008–09 Rosters; New York Liberty,False,direct,bio_name,1983.0,exact_match,exact_birth_year
P008780,"HERMANNSSON, MARTIN",Martin Hermannsson,Martin Hermannsson,https://en.wikipedia.org/wiki/Martin_Hermannsson,Point guard / shooting guard,Point Guard,matched,,Martin Hermannsson; EuroBasket; 2019–20 EuroLeague; Italy men's national basketball team; France men's national basketball team,True,direct,bio_name,1994.0,exact_match,exact_birth_year
P000699,"HERNANDEZ, ALEJANDRO",Alejandro Hernandez,Aíto García Reneses,https://en.wikipedia.org/wiki/Aíto_García_Reneses,,,page_found_identity_mismatch,Selected page's birth year (1946) clearly differs from players_bio.csv (1987); rejected as a different person.,"Alejandro Hernández; 50 Greatest EuroLeague Contributors (2008); Aíto García Reneses; Xavi (footballer, born 1980); CB Estudiantes; Olympiacos CFP",False,search,bio_name,1946.0,clear_mismatch,
PAMP,"HERNANDEZ-SONSECA, EDU",Edu Hernandez-sonseca,Eduardo Hernández-Sonseca,https://en.wikipedia.org/wiki/Eduardo_Hernández-Sonseca,Center,Center,matched,,Eduardo Hernández-Sonseca; EuroLeague MVP of the Round; 2008–09 Euroleague,False,search,bio_name,1983.0,exact_match,exact_birth_year
P012712,"HERNANGOMEZ, JUANCHO",Juancho Hernangomez,Juancho Hernangómez,https://en.wikipedia.org/wiki/Juancho_Hernangómez,Power forward,Power Forward,matched,,Juancho Hernangómez; Willy Hernangómez; Spain men's national basketball team; 2024–25 EuroLeague; All-EuroLeague Team,False,direct,bio_name,1995.0,exact_match,exact_birth_year
P003196,"HERNANGOMEZ, WILLY",Willy Hernangomez,Willy Hernangómez,https://en.wikipedia.org/wiki/Willy_Hernangómez,Center,Center,matched,,Willy Hernangómez; Juancho Hernangómez; 2024–25 EuroLeague; List of 2026–27 EuroLeague transactions; Spain men's national basketball team,False,direct,bio_name,1994.0,exact_match,exact_birth_year
P012611,"HERRERA, SEBASTIAN",Sebastian Herrera,Sebastián Herrera (basketball),https://en.wikipedia.org/wiki/Sebastián_Herrera_(basketball),Shooting guard,Shooting Guard,matched,,Sebastián Herrera (basketball); Paris Basketball; List of 2025–26 EuroLeague transactions; 2024–25 Paris Basketball season; Real Madrid Baloncesto,False,search,bio_name,1997.0,exact_match,exact_birth_year
PBRQ,"HERRMANN, WALTER",Walter Herrmann,Walter Herrmann,https://en.wikipedia.org/wiki/Walter_Herrmann,Small forward,Small Forward,matched,,Walter Herrmann; Saski Baskonia; Primož Brezec; EuroCup Basketball individual statistics; Novo Basquete Brasil,False,direct,bio_name,1979.0,exact_match,exact_birth_year
PLIM,"HERSEK, BARIS",Baris Hersek,Barış Hersek,https://en.wikipedia.org/wiki/Barış_Hersek,Power forward,Power Forward,matched,,Barış Hersek; Fenerbahçe S.K. (basketball); Beşiktaş J.K. (men's basketball); Rosters of the champion and finalist teams of EuroLeague; 2016–17 Fenerbahçe S.K. (basketball) season,False,direct,bio_name,1988.0,exact_match,exact_birth_year
P008200,"GERUN, VOLODYMYR",Volodymyr Gerun,Volodymyr Gerun,https://en.wikipedia.org/wiki/Volodymyr_Gerun,Power forward / center,Power Forward,matched,,Volodymyr Gerun; Primera FEB; Baloncesto Málaga; CB Breogán; FC Barcelona Bàsquet B; 2021–22 Basketbol Süper Ligi,True,direct,bio_name,1994.0,exact_match,exact_birth_year
PCRF,"HERVELLE, AXEL",Axel Hervelle,Axel Hervelle,https://en.wikipedia.org/wiki/Axel_Hervelle,Power forward,Power Forward,matched,,Axel Hervelle; Real Madrid Baloncesto; EuroLeague MVP of the Round; 2006–07 ULEB Cup; EuroCup Basketball individual statistics,False,direct,bio_name,1983.0,exact_match,exact_birth_year
P001836,"HERVE, WILLIAM",William Herve,ASVEL Basket,https://en.wikipedia.org/wiki/ASVEL_Basket,,,page_found_not_basketball_player,Wikipedia page(s) found but none identifiable as a basketball-biography page,ASVEL Basket; Limoges CSP; Rosters of the top basketball teams in European club competitions; LNB All-Star Game; Deaths in July 2026,False,search,bio_name,,unavailable,
P002334,"HERWIG, DAVID",David Herwig,Kevin De Bruyne,https://en.wikipedia.org/wiki/Kevin_De_Bruyne,,,page_found_not_basketball_player,Wikipedia page(s) found but none identifiable as a basketball-biography page,Kevin De Bruyne; Belgium,False,search,bio_name,,unavailable,
PTEV,"HESS, ADAM",Adam Hess,Candace Parker,https://en.wikipedia.org/wiki/Candace_Parker,,,page_found_identity_mismatch,Selected page's birth year (1986) clearly differs from players_bio.csv (1981); rejected as a different person.,Adam Hess; FIBA EuroChallenge individual statistics; Artland Dragons; Candace Parker; Czech Basketball All-Star Game; 2026 deaths in the United States,False,search,bio_name,1986.0,clear_mismatch,
P004431,"HETTSHEIMEIR, RAFAEL",Rafael Hettsheimeir,Rafael Hettsheimeir,https://en.wikipedia.org/wiki/Rafael_Hettsheimeir,Center,Center,matched,,Rafael Hettsheimeir; Real Madrid Baloncesto; Rosters of the champion and finalist teams of EuroLeague; Bauru Basket; Rosters of the top basketball teams in European club competitions,False,direct,bio_name,1986.0,exact_match,exact_birth_year
PKLT,"HEURTEL, THOMAS",Thomas Heurtel,Thomas Heurtel,https://en.wikipedia.org/wiki/Thomas_Heurtel,Point guard,Point Guard,matched,,Thomas Heurtel; EuroLeague 2010–2020 All-Decade Team; France men's national basketball team; 2016–17 EuroLeague; EuroLeague MVP of the Month,False,direct,bio_name,1989.0,exact_match,exact_birth_year
P002818,"HEYTVELT, JOSH",Josh Heytvelt,Josh Heytvelt,https://en.wikipedia.org/wiki/Josh_Heytvelt,Power forward,Power Forward,matched,,Josh Heytvelt; Tofaş S.K.; KK Zagreb; Croatian Basketball All-Star Game; February 2007 in sports,False,direct,bio_name,1986.0,exact_match,exact_birth_year
P003108,"HEZONJA, MARIO",Mario Hezonja,Mario Hezonja,https://en.wikipedia.org/wiki/Mario_Hezonja,Power forward / small forward,Power Forward,matched,,Mario Hezonja; 2023–24 EuroLeague; List of 2026–27 EuroLeague transactions; Real Madrid Baloncesto; 2026 EuroLeague Final Four,True,direct,bio_name,1995.0,exact_match,exact_birth_year
P004159,"HICKMAN, RICKY",Ricky Hickman,Ricky Hickman,https://en.wikipedia.org/wiki/Ricky_Hickman,Shooting guard / point guard,Shooting Guard,matched,,Ricky Hickman; Fenerbahçe S.K. (basketball); 2016–17 EuroLeague; 2017–18 EuroLeague; Maccabi Tel Aviv B.C.,True,direct,bio_name,1985.0,exact_match,exact_birth_year
P012640,"HIFI, NADIR",Nadir Hifi,Nadir Hifi,https://en.wikipedia.org/wiki/Nadir_Hifi,Shooting guard / point guard,Shooting Guard,matched,,Nadir Hifi; 2025–26 EuroLeague; Paris Basketball; 2024–25 EuroLeague; EuroLeague Rising Star,True,direct,bio_name,2002.0,exact_match,exact_birth_year
P006450,"HIGGINS, CORY",Cory Higgins,Cory Higgins,https://en.wikipedia.org/wiki/Cory_Higgins,Shooting guard / Small forward,Shooting Guard,matched,,Cory Higgins; EuroLeague 2010–2020 All-Decade Team; 2017–18 EuroLeague; 2018–19 EuroLeague; EuroLeague career statistical leaders,True,direct,bio_name,1989.0,exact_match,exact_birth_year
P001860,"HILL, CHRIS",Chris Hill,Chris Hill (basketball),https://en.wikipedia.org/wiki/Chris_Hill_(basketball),Shooting guard,Shooting Guard,matched,,Christopher Hill; Chris Hill (basketball); Chris Carr (basketball); The Basketball League; Sterling Brown (basketball); Olympiacos B.C.,False,search,bio_name,1983.0,exact_match,exact_birth_year
P008989,"HILLIARD, DARRUN",Darrun Hilliard,Darrun Hilliard,https://en.wikipedia.org/wiki/Darrun_Hilliard,Shooting guard / small forward,Shooting Guard,matched,,Darrun Hilliard; FC Bayern Munich (basketball); BeoBasket; Miško Ražnatović; PBC CSKA Moscow,True,direct,bio_name,1993.0,exact_match,exact_birth_year
P002812,"HINES, KYLE",Kyle Hines,Kyle Hines,https://en.wikipedia.org/wiki/Kyle_Hines,Center / power forward,Center,matched,,Kyle Hines; EuroLeague 2010–2020 All-Decade Team; EuroLeague Best Defender; Olympiacos B.C.; 2021–22 EuroLeague,True,direct,bio_name,1986.0,exact_match,exact_birth_year
P000661,"HITE, ROBERT",Robert Hite,Robert Hite,https://en.wikipedia.org/wiki/Robert_Hite,Shooting guard,Shooting Guard,matched,,Robert Hite; EuroCup Basketball MVP of the Round; Rosters of the top basketball teams in European club competitions; Galatasaray S.K. men's basketball team rosters; List of University of Florida alumni,False,direct,bio_name,1984.0,exact_match,exact_birth_year
P008041,"HLINASON, TRYGGVI",Tryggvi Hlinason,Tryggvi Hlinason,https://en.wikipedia.org/wiki/Tryggvi_Hlinason,Center,Center,matched,,Tryggvi Hlinason; List of 2017–18 EuroLeague transactions; Bilbao Basket; 2025–26 ACB season; FIBA Europe Cup,False,direct,bio_name,1997.0,exact_match,exact_birth_year
P006835,"HOARD, JAYLEN",Jaylen Hoard,Jaylen Hoard,https://en.wikipedia.org/wiki/Jaylen_Hoard,Power forward / small forward,Power Forward,matched,,Jaylen Hoard; 2025–26 EuroLeague; 2024–25 EuroLeague; List of 2025–26 EuroLeague transactions; 2022–23 EuroCup Basketball,True,direct,bio_name,1999.0,exact_match,exact_birth_year
P005128,"HOBBS, BRAYDON",Braydon Hobbs,Braydon Hobbs,https://en.wikipedia.org/wiki/Braydon_Hobbs,Point guard / shooting guard,Point Guard,matched,,Braydon Hobbs; ProA; 2019–20 FC Bayern Munich (basketball) season; List of 2019–20 EuroLeague transactions; 2019–20 Basketball Bundesliga,True,direct,bio_name,1989.0,exact_match,exact_birth_year
P004271,"HODGE, WALTER",Walter Hodge,Walter Hodge,https://en.wikipedia.org/wiki/Walter_Hodge,Point guard,Point Guard,matched,,Walter Hodge; 2014–15 Eurocup Basketball; EuroCup Basketball All-EuroCup Team; Lebanese Basketball League; ASVEL Basket,False,direct,bio_name,1986.0,exact_match,exact_birth_year
PAQO,"HOLDEN, JR",Jr Holden,Jon Robert Holden,https://en.wikipedia.org/wiki/Jon_Robert_Holden,Point guard / shooting guard,Point Guard,matched,,Jon Robert Holden; EuroLeague Championship Game; Theodoros Papaloukas; EuroLeague Championship Game Top Scorer; 2009 Euroleague Final Four,True,direct,bio_name,1976.0,exact_match,exact_birth_year
P013695,"HOLIDAY, JUSTIN",Justin Holiday,Justin Holiday,https://en.wikipedia.org/wiki/Justin_Holiday,Shooting guard / small forward,Shooting Guard,matched,,Justin Holiday; Bogdan Bogdanović (basketball); Aaron Holiday; List of 2024–25 EuroLeague transactions; 2024–25 FC Barcelona Bàsquet season; National Basketball Association,True,direct,bio_name,1989.0,exact_match,exact_birth_year
PTGL,"HOLLAND, DELONTE",Delonte Holland,Delonte Holland,https://en.wikipedia.org/wiki/Delonte_Holland,Shooting guard / small forward,Shooting Guard,matched,,Delonte Holland; Virtus Bologna; Pallacanestro Varese; Sam Clancy Jr.; List of 2011–12 NBA season transactions,True,direct,bio_name,1982.0,exact_match,exact_birth_year
P004267,"HOLLAND, JOHN",John Holland,John Holland (basketball),https://en.wikipedia.org/wiki/John_Holland_(basketball),Small forward,Small Forward,matched,,John Holland; John Holland (basketball); Beşiktaş J.K. (men's basketball); Basketball; List of 2025–26 EuroLeague transactions; Netherlands men's national basketball team,False,search,bio_name,1988.0,exact_match,exact_birth_year
P009513,"HOLLATZ, JUSTUS",Justus Hollatz,Justus Hollatz,https://en.wikipedia.org/wiki/Justus_Hollatz,Point guard,Point Guard,matched,,Justus Hollatz; FC Bayern Munich (basketball); List of 2024–25 EuroLeague transactions; 2023 FIBA Basketball World Cup squads; 2023–24 Anadolu Efes S.K. season,False,direct,bio_name,2001.0,exact_match,exact_birth_year
P009917,"HOLLINS, AUSTIN",Austin Hollins,Austin Hollins,https://en.wikipedia.org/wiki/Austin_Hollins,Small forward / Shooting guard,Small Forward,matched,,Austin Hollins; BC Žalgiris; KK Crvena zvezda; 2019–20 BC Zenit Saint Petersburg season; Nikola Topić,True,direct,bio_name,1991.0,exact_match,exact_birth_year
P007434,"HOLMES, JONATHAN",Jonathan Holmes,Jonathan Holmes,https://en.wikipedia.org/wiki/Jonathan_Holmes,,,position_unavailable,Basketball page confirmed but has no 'position' field in its infobox,Jonathan Holmes; Richaun Holmes; Aaron Jackson (basketball); Cyprus Basketball Division A; Victor Wembanyama; 2016–17 FC Barcelona Bàsquet season,False,direct,bio_name,,unavailable,direct_name_match_no_contradicting_evidence
P014011,"HOLMES, RICHAUN",Richaun Holmes,Richaun Holmes,https://en.wikipedia.org/wiki/Richaun_Holmes,Center,Center,matched,,Richaun Holmes; List of 2025–26 EuroLeague transactions; Panathinaikos B.C.; Luka Mitrović; Artūras Gudaitis,False,direct,bio_name,1993.0,exact_match,exact_birth_year
P000654,"HOMAN, JARED",Jared Homan,Jared Homan,https://en.wikipedia.org/wiki/Jared_Homan,Power forward / center,Power Forward,matched,,Jared Homan; FC Bayern Munich (basketball); Maroussi B.C.; Virtus Bologna; 2009–10 Greek Basket League,True,direct,bio_name,1983.0,exact_match,exact_birth_year
P011949,"HOMMES, DAULTON",Daulton Hommes,Daulton Hommes,https://en.wikipedia.org/wiki/Daulton_Hommes,Power forward,Power Forward,matched,,Daulton Hommes; Paris Basketball; List of 2026–27 EuroLeague transactions; List of 2025–26 EuroLeague transactions; List of 2024–25 EuroLeague transactions,False,direct,bio_name,1996.0,exact_match,exact_birth_year
P005800,"HONEYCUTT, TYLER",Tyler Honeycutt,Tyler Honeycutt,https://en.wikipedia.org/wiki/Tyler_Honeycutt,Small forward,Small Forward,matched,,Tyler Honeycutt; 2016–17 EuroLeague; Anadolu Efes S.K.; EuroLeague MVP of the Round; Thomas Robinson (basketball),False,direct,bio_name,1990.0,exact_match,exact_birth_year
P004998,"HOPSON, SCOTTY",Scotty Hopson,Scotty Hopson,https://en.wikipedia.org/wiki/Scotty_Hopson,Shooting guard / small forward,Shooting Guard,matched,,Scotty Hopson; Galatasaray S.K. (men's basketball); Adam Mokoka; Kolossos Rodou B.C.; Dan Shamir,True,direct,bio_name,1989.0,exact_match,exact_birth_year
P014124,"HORTON TUCKER, TALEN",Talen Horton Tucker,Talen Horton-Tucker,https://en.wikipedia.org/wiki/Talen_Horton-Tucker,Point guard / shooting guard,Point Guard,matched,,Talen Horton-Tucker; 2025–26 EuroLeague; Fenerbahçe S.K. (basketball); 2026 EuroLeague Final Four; All-EuroLeague Team,True,search,bio_name,2000.0,exact_match,exact_birth_year
PLUI,"HOSKIN, SAM",Sam Hoskin,Sam Hoskin,https://en.wikipedia.org/wiki/Sam_Hoskin,Power forward / center,Power Forward,matched,,Sam Hoskin; Olympiacos B.C.; Lebanese Basketball League; Panathinaikos women's basketball; Bishop Borgess High School,True,direct,bio_name,1979.0,exact_match,exact_birth_year
P001196,"HOSLEY, QUINTON",Quinton Hosley,Quinton Hosley,https://en.wikipedia.org/wiki/Quinton_Hosley,Small forward,Small Forward,matched,,Quinton Hosley; Karşıyaka Basket; Aliağa Petkim; Zastal Zielona Góra; KK Włocławek,False,direct,bio_name,1984.0,exact_match,exact_birth_year
P000943,"HOTIC, KEREM",Kerem Hotic,Kerem Hotiç,https://en.wikipedia.org/wiki/Kerem_Hotiç,Shooting guard,Shooting Guard,matched,,Kerem Hotiç; Fenerbahçe S.K. (basketball); Fenerbahçe (men's basketball) past rosters; 2023 FIBA Basketball World Cup; 2027 FIBA Basketball World Cup qualification (Europe); Fenerbahçe S.K. (football),False,direct,bio_name,1993.0,exact_match,exact_birth_year
P009088,"HOUINSOU, KYMANY",Kymany Houinsou,2020–21 Euroleague Basketball Next Generation Tournament,https://en.wikipedia.org/wiki/2020–21_Euroleague_Basketball_Next_Generation_Tournament,,,page_found_not_basketball_player,Wikipedia page(s) found but none identifiable as a basketball-biography page,2020–21 Euroleague Basketball Next Generation Tournament,False,search,bio_name,,unavailable,
P002830,"HOUMOUNOU, MEREDIS",Meredis Houmounou,Mérédis Houmounou,https://en.wikipedia.org/wiki/Mérédis_Houmounou,,,page_found_identity_unconfirmed,Basketball page found but birth year/nationality could not be confirmed against players_bio.csv,Mérédis Houmounou,False,direct,bio_name,,unavailable,
P004430,"HOUSTON, KEVIN",Kevin Houston,Kevin Magee (basketball),https://en.wikipedia.org/wiki/Kevin_Magee_(basketball),,,page_found_identity_mismatch,Selected page's birth year (1959) clearly differs from players_bio.csv (1985); rejected as a different person.,Kevin Houston; Kevin Magee (basketball); Kevin Jones (basketball); Walter Berry (basketball); Alexey Shved; Omri Casspi,False,search,bio_name,1959.0,clear_mismatch,
P011948,"HOWARD, MARKUS",Markus Howard,Markus Howard,https://en.wikipedia.org/wiki/Markus_Howard,Shooting guard,Shooting Guard,matched,,Markus Howard; Alphonso Ford EuroLeague Top Scorer Trophy; 2023–24 EuroLeague; EuroLeague; Saski Baskonia,False,direct,bio_name,1999.0,exact_match,exact_birth_year
P003416,"HOWARD, MATT",Matt Howard,Matt Howard,https://en.wikipedia.org/wiki/Matt_Howard,Power forward,Power Forward,matched,,Matt Howard; Markus Howard; Maccabi Tel Aviv B.C.; Kendrick Nunn; EuroLeague MVP of the Round,False,direct,bio_name,1989.0,exact_match,exact_birth_year
P002534,"HOWARD, WILLIAM",William Howard,William Howard (basketball),https://en.wikipedia.org/wiki/William_Howard_(basketball),Small forward / power forward,Small Forward,matched,,William Howard; William Howard (basketball); 2021–22 EuroLeague; EuroLeague MVP of the Round; ASVEL Basket; AEK B.C.,True,search,bio_name,1993.0,exact_match,exact_birth_year
P012365,"HRABAR, VIT",Vit Hrabar,,,,,no_page_found,Wikipedia search returned no results,,False,,bio_name,,unavailable,
P001210,"HRYCANIUK, ADAM",Adam Hrycaniuk,Adam Hrycaniuk,https://en.wikipedia.org/wiki/Adam_Hrycaniuk,Center,Center,matched,,Adam Hrycaniuk; Poland men's national basketball team; 2019 FIBA Basketball World Cup squads; Kacper Marchewka; 2018 Polish Basketball Cup,False,direct,bio_name,1984.0,exact_match,exact_birth_year
PJUJ,"HUERTAS, MARCELINHO",Marcelinho Huertas,Marcelo Huertas,https://en.wikipedia.org/wiki/Marcelo_Huertas,Point guard / shooting guard,Point Guard,matched,,Marcelo Huertas; Basketball Champions League; 2018–19 EuroLeague; FIBA Basketball World Cup; 2023–24 Basketball Champions League,True,direct,bio_name,1983.0,exact_match,exact_birth_year
P009723,"HUESTIS, JOSHUA",Joshua Huestis,Josh Huestis,https://en.wikipedia.org/wiki/Josh_Huestis,Small forward / power forward,Small Forward,matched,,Josh Huestis; FC Bayern Munich (basketball); Cameron Payne; List of 2015–16 NBA season transactions,True,direct,bio_name,1991.0,exact_match,exact_birth_year
PAPY,"HUKIC, JASMIN",Jasmin Hukic,Jasmin Hukić,https://en.wikipedia.org/wiki/Jasmin_Hukić,Small forward / power forward,Small Forward,matched,,Jasmin Hukić; ABA League; BeoBasket; FIBA EuroCup Challenge; Hapoel Tel Aviv B.C.,True,direct,bio_name,1979.0,exact_match,exact_birth_year
P006462,"HUMMEL, ROBBIE",Robbie Hummel,Robbie Hummel,https://en.wikipedia.org/wiki/Robbie_Hummel,Small forward / power forward,Small Forward,matched,,Robbie Hummel; Purdue Boilermakers men's basketball; Nate Wolters; JaJuan Johnson; 2015 Italian Basketball Supercup,True,direct,bio_name,1989.0,exact_match,exact_birth_year
P005160,"HUNTER, OTHELLO",Othello Hunter,Othello Hunter,https://en.wikipedia.org/wiki/Othello_Hunter,Center / power forward,Center,matched,,Othello Hunter; FC Bayern Munich (basketball); BeoBasket; Olympiacos B.C.; Maccabi Tel Aviv B.C.,True,direct,bio_name,1986.0,exact_match,exact_birth_year
P007018,"HUNTER, VINCE",Vince Hunter,Vince Hunter,https://en.wikipedia.org/wiki/Vince_Hunter,Center / power forward,Center,matched,,Vince Hunter; AEK B.C.; 2018–19 Basketball Champions League; 2020–21 EuroCup Basketball; Aleksandar Đorđević,True,direct,bio_name,1994.0,exact_match,exact_birth_year
PKCH,"HUTSON, ANDRE",Andre Hutson,Andre Hutson,https://en.wikipedia.org/wiki/Andre_Hutson,Power forward / center,Power Forward,matched,,Andre Hutson; FIBA EuroCup Challenge; Maroussi B.C.; Panionios B.C.; FIBA EuroCup All-Star Day,True,direct,bio_name,1979.0,exact_match,exact_birth_year
P002456,"IANES, LUCA",Luca Ianes,Trapani Shark,https://en.wikipedia.org/wiki/Trapani_Shark,,,page_found_not_basketball_player,Wikipedia page(s) found but none identifiable as a basketball-biography page,Trapani Shark,False,search,bio_name,,unavailable,
P002817,"IANNILLI, ANDREA",Andrea Iannilli,,,,,no_page_found,Wikipedia search returned no results,,False,,bio_name,,unavailable,
P000843,"IANNUZZI, ANTONIO",Antonio Iannuzzi,2019–20 New Basket Brindisi season,https://en.wikipedia.org/wiki/2019–20_New_Basket_Brindisi_season,,,page_found_not_basketball_player,Wikipedia page(s) found but none identifiable as a basketball-biography page,2019–20 New Basket Brindisi season; 2019–20 Pallacanestro Varese season; 2019 Italian Basketball Cup; Campania; Gianfranco Blasi,False,search,bio_name,,unavailable,
P001863,"IAROCHEVITCH, IOANN",Ioann Iarochevitch,EuroBasket 2017 qualification squads,https://en.wikipedia.org/wiki/EuroBasket_2017_qualification_squads,,,page_found_not_basketball_player,Wikipedia page(s) found but none identifiable as a basketball-biography page,EuroBasket 2017 qualification squads,False,search,bio_name,,unavailable,
P003583,"IBAKA, SERGE",Serge Ibaka,Serge Ibaka,https://en.wikipedia.org/wiki/Serge_Ibaka,Center / power forward,Center,matched,,Serge Ibaka; FC Bayern Munich (basketball); 2023–24 EuroLeague; Sayon Keita; Real Madrid Baloncesto,True,direct,bio_name,1989.0,exact_match,exact_birth_year
PBRS,"IDBIHI, YASSIN",Yassin Idbihi,Yassin Idbihi,https://en.wikipedia.org/wiki/Yassin_Idbihi,Power forward / center,Power Forward,matched,,Yassin Idbihi; FC Bayern Munich (basketball); Limoges CSP; 2015–16 Euroleague squads; 2014–15 Euroleague squads,True,direct,bio_name,1983.0,exact_match,exact_birth_year
PKRF,"ILIADIS, SAVVAS",Savvas Iliadis,Savvas Iliadis,https://en.wikipedia.org/wiki/Savvas_Iliadis,Point guard / shooting guard,Point Guard,matched,,Savvas Iliadis; EuroLeague MVP of the Round; Aris B.C.; Panionios B.C.; 2006–07 Euroleague,True,direct,bio_name,1979.0,exact_match,exact_birth_year
P006561,"ILIC, ALEKSA",Aleksa Ilic,Aleksa Ilić,https://en.wikipedia.org/wiki/Aleksa_Ilić,Power forward / center,Power Forward,matched,,Aleksa Ilić; KK Crvena zvezda; 2025–26 KK Partizan season; 2025–26 Basketball League of Serbia; List of 2024–25 EuroLeague transactions,True,search,bio_name,1996.0,exact_match,exact_birth_year
P011964,"ILIC, DALIBOR",Dalibor Ilic,Dalibor Ilić,https://en.wikipedia.org/wiki/Dalibor_Ilić,Center / power forward,Center,matched,,Dalibor Ilić; 2025–26 Basketball League of Serbia; KK Crvena zvezda; 2022–23 KK Crvena zvezda season; List of 2024–25 EuroLeague transactions,True,search,bio_name,2000.0,exact_match,exact_birth_year
PAPS,"ILIEVSKI, VLADO",Vlado Ilievski,Vlado Ilievski,https://en.wikipedia.org/wiki/Vlado_Ilievski,Point guard,Point Guard,matched,,Vlado Ilievski; ABA League; North Macedonia men's national basketball team; FC Barcelona Bàsquet; KK Partizan,False,direct,bio_name,1980.0,exact_match,exact_birth_year
P002618,"ILNITSKIY, STANISLAV",Stanislav Ilnitskiy,2015–16 Euroleague squads,https://en.wikipedia.org/wiki/2015–16_Euroleague_squads,,,page_found_not_basketball_player,Wikipedia page(s) found but none identifiable as a basketball-biography page,2015–16 Euroleague squads; Rosters of the top basketball teams in European club competitions; EuroBasket 2022 qualification; 2018 EuroCup Finals; Italy team for EuroBasket 2022 qualification,False,search,bio_name,,unavailable,
P008282,"ILYASOGLU, OMERCAN",Omercan Ilyasoglu,Ömercan İlyasoğlu,https://en.wikipedia.org/wiki/Ömercan_İlyasoğlu,Point guard,Point Guard,matched,,Ömercan İlyasoğlu; Bursaspor Basketbol; Turkey men's national under-18 and under-19 basketball team; 2019 Turkish Basketball Presidential Cup; 2021–22 Anadolu Efes S.K. season,False,search,bio_name,2001.0,exact_match,exact_birth_year
PJKP,"ILYASOVA, ERSAN",Ersan Ilyasova,Ersan İlyasova,https://en.wikipedia.org/wiki/Ersan_İlyasova,Power forward,Power Forward,matched,,Ersan İlyasova; Bogdan Bogdanović (basketball); Turkey men's national basketball team; FC Barcelona Bàsquet; Tiago Splitter,False,direct,bio_name,1987.0,exact_match,exact_birth_year
P005200,"IMHOFF, ARNAUD",Arnaud Imhoff,Rafael Nadal,https://en.wikipedia.org/wiki/Rafael_Nadal,,,page_found_not_basketball_player,Wikipedia page(s) found but none identifiable as a basketball-biography page,Rafael Nadal,False,search,bio_name,,unavailable,
P003062,"INGLES, JOE",Joe Ingles,Joe Ingles,https://en.wikipedia.org/wiki/Joe_Ingles,Small forward,Small Forward,matched,,Joe Ingles; Israeli Basketball Premier League; Maccabi Tel Aviv B.C.; Rosters of the champion and finalist teams of EuroLeague; Devin Smith (basketball),False,direct,bio_name,1987.0,exact_match,exact_birth_year
P003960,"INGLIS, DAMIEN",Damien Inglis,Damien Inglis,https://en.wikipedia.org/wiki/Damien_Inglis,Power forward,Power Forward,matched,,Damien Inglis; AS Monaco Basket; List of 2024–25 EuroLeague transactions; Limoges CSP; SIG Strasbourg,False,direct,bio_name,1995.0,exact_match,exact_birth_year
P000838,"INGROSSO, TOMMASO",Tommaso Ingrosso,Rosters of the top basketball teams in European club competitions,https://en.wikipedia.org/wiki/Rosters_of_the_top_basketball_teams_in_European_club_competitions,,,page_found_not_basketball_player,Wikipedia page(s) found but none identifiable as a basketball-biography page,Rosters of the top basketball teams in European club competitions,False,search,bio_name,,unavailable,
P014133,"IROEGBU, IKE",Ike Iroegbu,Ike Iroegbu,https://en.wikipedia.org/wiki/Ike_Iroegbu,Point guard,Point Guard,matched,,Ike Iroegbu; List of 2025–26 EuroLeague transactions; BC Zenit Saint Petersburg; BC Lietkabelis; 2019 FIBA Basketball World Cup squads; 2023–24 ACB season,False,direct,bio_name,1995.0,exact_match,exact_birth_year
P001903,"ISIK, ALI",Ali Isik,2025–26 Fenerbahçe S.K. (basketball) season,https://en.wikipedia.org/wiki/2025–26_Fenerbahçe_S.K._(basketball)_season,,,page_found_not_basketball_player,Wikipedia page(s) found but none identifiable as a basketball-biography page,2025–26 Fenerbahçe S.K. (basketball) season; Karşıyaka Basket; 2025–26 Fenerbahçe S.K. (women's basketball) season; 2025–26 Galatasaray S.K. (women's basketball) season; 2025–26 Women's Basketball Super League,False,search,bio_name,,unavailable,
PAIS,"ITURBE, IKER",Iker Iturbe,Iker Iturbe,https://en.wikipedia.org/wiki/Iker_Iturbe,Small forward / power forward,Small Forward,matched,,Iker Iturbe; Real Madrid Baloncesto; Spain men's national basketball team; CB Estudiantes; Rosters of the top basketball teams in European club competitions,True,direct,bio_name,1976.0,exact_match,exact_birth_year
P001266,"IVANOV, DEJAN",Dejan Ivanov,Dejan Ivanov,https://en.wikipedia.org/wiki/Dejan_Ivanov,Power forward,Power Forward,matched,,Dejan Ivanov; Panathinaikos B.C.; KK Split; BC Rytas; Dimitrios Tsaldaris,False,direct,bio_name,1986.0,exact_match,exact_birth_year
P003332,"IVANOVIC, NIKOLA",Nikola Ivanovic,Nikola Ivanović,https://en.wikipedia.org/wiki/Nikola_Ivanović,Point guard,Point Guard,matched,,Nikola Ivanović; 2024–25 EuroLeague; 2025–26 EuroLeague; Nikola Topić; 2021–22 EuroLeague,False,direct,bio_name,1994.0,exact_match,exact_birth_year
P005154,"IVERSON, COLTON",Colton Iverson,Colton Iverson,https://en.wikipedia.org/wiki/Colton_Iverson,Center,Center,matched,,Colton Iverson; Karşıyaka Basket; 2019–20 BC Zenit Saint Petersburg season; Basketball Champions League Star Lineup; 2018–19 Basketball Champions League,False,direct,bio_name,1989.0,exact_match,exact_birth_year
P002072,"IVLEV, VLADIMIR",Vladimir Ivlev,Vladimir Ivlev,https://en.wikipedia.org/wiki/Vladimir_Ivlev,Center,Center,matched,,Vladimir Ivlev; List of 2021–22 EuroLeague transactions; Russia men's national basketball team; Rosters of the top basketball teams in European club competitions; Italy team for EuroBasket 2022 qualification,False,direct,bio_name,1990.0,exact_match,exact_birth_year
P014029,"IZUNDU, EBUKA",Ebuka Izundu,Ebuka Izundu,https://en.wikipedia.org/wiki/Ebuka_Izundu,Center,Center,matched,,Ebuka Izundu; 2025–26 EuroLeague; List of 2025–26 EuroLeague transactions; EuroLeague MVP of the Round; KK Crvena zvezda,False,direct,bio_name,1996.0,exact_match,exact_birth_year
P000753,"JAABER, IBRAHIM",Ibrahim Jaaber,Ibrahim Jaaber,https://en.wikipedia.org/wiki/Ibrahim_Jaaber,Point guard / shooting guard,Point Guard,matched,,Ibrahim Jaaber; Iranian Basketball Super League; EuroLeague individual highs; BC Žalgiris; EuroLeague season statistical leaders,True,direct,bio_name,1984.0,exact_match,exact_birth_year
P003413,"JACKSON, AARON",Aaron Jackson,Aaron Jackson (basketball),https://en.wikipedia.org/wiki/Aaron_Jackson_(basketball),Point guard / shooting guard,Point Guard,matched,,Aaron Jackson; Aaron Jackson (basketball); Frank Jackson (basketball); PBC CSKA Moscow; Joe Jackson (basketball); 2016–17 EuroCup Basketball,True,search,bio_name,1986.0,exact_match,exact_birth_year
P011939,"JACKSON-CARTWRIGHT, PARKER",Parker Jackson-cartwright,Candace Parker,https://en.wikipedia.org/wiki/Candace_Parker,,,page_found_identity_mismatch,Selected page's birth year (1986) clearly differs from players_bio.csv (1995); rejected as a different person.,Candace Parker; Sue Bird; Diana Taurasi; BC Rytas; Maya Moore,False,search,bio_name,1986.0,clear_mismatch,
P000229,"JACKSON, EDWIN",Edwin Jackson,Edwin Jackson (basketball),https://en.wikipedia.org/wiki/Edwin_Jackson_(basketball),Shooting guard,Shooting Guard,matched,,Edwin Jackson; Edwin Jackson (basketball); List of 2026–27 EuroLeague transactions; ASVEL Basket; LNB Élite; France men's national basketball team,False,search,bio_name,1989.0,exact_match,exact_birth_year
P012732,"JACKSON, FRANK",Frank Jackson,Frank Jackson (basketball),https://en.wikipedia.org/wiki/Frank_Jackson_(basketball),Shooting guard,Shooting Guard,matched,,Frank Jackson; Frank Jackson (basketball); List of 2026–27 EuroLeague transactions; Phil Jackson; Olympiacos B.C.; ASVEL Basket,False,search,bio_name,1998.0,exact_match,exact_birth_year
P000126,"JACKSON, MARC",Marc Jackson,Marc Jackson,https://en.wikipedia.org/wiki/Marc_Jackson,Center / power forward,Center,matched,,Marc Jackson; Fenerbahçe S.K. (basketball); Marc Gasol; List of 2026–27 EuroLeague transactions; Phil Jackson; Emma Meesseman,True,direct,bio_name,1975.0,exact_match,exact_birth_year
P005112,"JACKSON, PIERRE",Pierre Jackson,Pierre Jackson,https://en.wikipedia.org/wiki/Pierre_Jackson,Point guard,Point Guard,matched,,Pierre Jackson; Fenerbahçe S.K. (basketball); 2017–18 EuroLeague; 2016–17 EuroCup Basketball; Maccabi Tel Aviv B.C.,False,direct,bio_name,1991.0,exact_match,exact_birth_year
PKNK,"JACOBSEN, CASEY",Casey Jacobsen,Casey Jacobsen,https://en.wikipedia.org/wiki/Casey_Jacobsen,Shooting guard / small forward,Shooting Guard,matched,,Casey Jacobsen; Saski Baskonia; EuroCup Basketball MVP of the Round; 2009–10 Eurocup Basketball; Maciej Lampe,True,direct,bio_name,1981.0,exact_match,exact_birth_year
P000266,"JACQUES, YOHANN",Yohann Jacques,France men's national basketball team,https://en.wikipedia.org/wiki/France_men's_national_basketball_team,,,page_found_not_basketball_player,Wikipedia page(s) found but none identifiable as a basketball-biography page,France men's national basketball team; ASVEL Basket; LNB All-Star Game; Euroleague 2008–09 Rosters; Besançon,False,search,bio_name,,unavailable,
P002746,"JADIN, AMAURY",Amaury Jadin,,,,,no_page_found,Wikipedia search returned no results,,False,,bio_name,,unavailable,
P000592,"JAGLA, JAN",Jan Jagla,Jan Jagla,https://en.wikipedia.org/wiki/Jan_Jagla,Power forward,Power Forward,matched,,Jan Jagla; FC Bayern Munich (basketball); Svetislav Pešić; Arka Gdynia (basketball); Türk Telekom B.K.,False,direct,bio_name,1981.0,exact_match,exact_birth_year
P004397,"JAGODIC-KURIDZA, MARKO",Marko Jagodic-kuridza,Marko Jagodić-Kuridža,https://en.wikipedia.org/wiki/Marko_Jagodić-Kuridža,Power forward,Power Forward,matched,,Marko Jagodić-Kuridža; 2018–19 Slovenian Basketball League; KK Crvena zvezda; 2020–21 KK Crvena zvezda season; Serbia at the 2023 FIBA Basketball World Cup qualification,False,search,bio_name,1987.0,exact_match,exact_birth_year
PCLR,"JAGODNIK, GORAN",Goran Jagodnik,Goran Jagodnik,https://en.wikipedia.org/wiki/Goran_Jagodnik,Power forward / small forward,Power Forward,matched,,Goran Jagodnik; Basketball League of Serbia; Arka Gdynia (basketball); 2010–11 Euroleague; Basketball Nymburk,True,direct,bio_name,1974.0,exact_match,exact_birth_year
P002581,"JAITEH, MAM",Mam Jaiteh,Mouhammadou Jaiteh,https://en.wikipedia.org/wiki/Mouhammadou_Jaiteh,Center,Center,matched,,Mouhammadou Jaiteh; Dubai Basketball; 2024–25 EuroLeague; 2025 EuroLeague Final Four; EuroCup Basketball MVP,False,direct,bio_name,1994.0,exact_match,exact_birth_year
P012197,"JAKUCIONIS, KASPARAS",Kasparas Jakucionis,Kasparas Jakučionis,https://en.wikipedia.org/wiki/Kasparas_Jakučionis,Point guard / shooting guard,Point Guard,matched,,Kasparas Jakučionis; List of 2026–27 NBA season transactions; Basketball in Lithuania; FC Barcelona Bàsquet B; Illinois Fighting Illini men's basketball,True,direct,bio_name,2006.0,exact_match,exact_birth_year
P005422,"JALLOW, KARIM",Karim Jallow,Karim Jallow,https://en.wikipedia.org/wiki/Karim_Jallow,Power forward / small forward,Power Forward,matched,,Karim Jallow; FC Bayern Munich (basketball); List of 2026–27 EuroLeague transactions; 2019–20 FC Bayern Munich (basketball) season; List of 2025–26 EuroLeague transactions,True,direct,bio_name,1997.0,exact_match,exact_birth_year
P005985,"JAMES, MIKE",Mike James,"Mike James (basketball, born 1990)","https://en.wikipedia.org/wiki/Mike_James_(basketball,_born_1990)",Point guard,Point Guard,matched,,"Mike James; Mike James (basketball, born 1990); EuroLeague; Fenerbahçe S.K. (basketball); 2025–26 EuroLeague; Alphonso Ford EuroLeague Top Scorer Trophy",False,search,bio_name,1990.0,exact_match,exact_birth_year
P001335,"JAMES, SHAWN",Shawn James,Shawn James (basketball),https://en.wikipedia.org/wiki/Shawn_James_(basketball),Power forward / center,Power Forward,matched,,Shawn James; Shawn James (basketball); All-EuroLeague Team; Maccabi Tel Aviv B.C.; ABA League; Olympiacos B.C.,True,search,bio_name,1983.0,exact_match,exact_birth_year
PLCW,"JANAVICIUS, ZYGIMANTAS",Zygimantas Janavicius,Žygimantas Janavičius,https://en.wikipedia.org/wiki/Žygimantas_Janavičius,Point guard,Point Guard,matched,,Žygimantas Janavičius; BC Žalgiris; Basketball Löwen Braunschweig; BC Lietkabelis; BC Rytas,False,direct,bio_name,1989.0,exact_match,exact_birth_year
P007961,"JANKOVIC, STEFAN",Stefan Jankovic,Stefan Janković (basketball),https://en.wikipedia.org/wiki/Stefan_Janković_(basketball),Power forward / center,Power Forward,matched,,Stefan Janković; Stefan Janković (basketball); Bogdan Bogdanović (basketball); ABA League; KK Crvena zvezda; 2018–19 KK Partizan season,True,search,bio_name,1993.0,exact_match,exact_birth_year
P000411,"JANKOVIC, VLADIMIR",Vladimir Jankovic,Vlado Janković,https://en.wikipedia.org/wiki/Vlado_Janković,Small forward / power forward,Small Forward,matched,,Vladimir Janković; Vlado Janković; ABA League; KK Crvena zvezda; 2025–26 EuroCup Women regular season; Panionios B.C.,True,search,bio_name,1990.0,exact_match,exact_birth_year
PBWI,"JANKUNAS, PAULIUS",Paulius Jankunas,Paulius Jankūnas,https://en.wikipedia.org/wiki/Paulius_Jankūnas,Power forward / center,Power Forward,matched,,Paulius Jankūnas; EuroLeague 2010–2020 All-Decade Team; 2016–17 EuroLeague; BC Žalgiris; EuroLeague career statistical leaders,True,direct,bio_name,1984.0,exact_match,exact_birth_year
P004165,"JANNING, MATT",Matt Janning,Matt Janning,https://en.wikipedia.org/wiki/Matt_Janning,Shooting guard,Shooting Guard,matched,,Matt Janning; Anadolu Efes S.K.; 2016 Euroleague Final Four; PBC Lokomotiv Kuban; 2014–15 Euroleague squads,False,direct,bio_name,1988.0,exact_match,exact_birth_year
P012613,"JANTUNEN, MIKAEL",Mikael Jantunen,Mikael Jantunen,https://en.wikipedia.org/wiki/Mikael_Jantunen,Power forward,Power Forward,matched,,Mikael Jantunen; Fenerbahçe S.K. (basketball); Paris Basketball; 2026 EuroLeague Final Four; List of 2026–27 EuroLeague transactions,False,direct,bio_name,2000.0,exact_match,exact_birth_year
P000912,"JARAMAZ, NEMANJA",Nemanja Jaramaz,Nemanja Jaramaz,https://en.wikipedia.org/wiki/Nemanja_Jaramaz,Shooting guard,Shooting Guard,matched,,Nemanja Jaramaz; Ognjen Jaramaz; FC Bayern Munich (basketball); 2024–25 KK Partizan season; BeoBasket,False,direct,bio_name,1991.0,exact_match,exact_birth_year
P004058,"JARAMAZ, OGNJEN",Ognjen Jaramaz,Ognjen Jaramaz,https://en.wikipedia.org/wiki/Ognjen_Jaramaz,Shooting guard / point guard,Shooting Guard,matched,,Ognjen Jaramaz; FC Bayern Munich (basketball); Nemanja Jaramaz; 2023–24 KK Partizan season; 2024–25 KK Partizan season,True,direct,bio_name,1995.0,exact_match,exact_birth_year
PANM,"JARIC, MARKO",Marko Jaric,Marko Jarić,https://en.wikipedia.org/wiki/Marko_Jarić,Shooting guard,Shooting Guard,matched,,Marko Jarić; 2024–25 EuroCup Basketball; EuroCup Basketball MVP; Srećko Jarić; Real Madrid Baloncesto,False,direct,bio_name,1978.0,exact_match,exact_birth_year
PBVC,"JASAITIS, SIMAS",Simas Jasaitis,Simas Jasaitis,https://en.wikipedia.org/wiki/Simas_Jasaitis,Small forward / shooting guard,Small Forward,matched,,Simas Jasaitis; BC Rytas; Galatasaray S.K. (men's basketball); LKL All-Star Game; PBC Lokomotiv Kuban,True,direct,bio_name,1982.0,exact_match,exact_birth_year
PADG,"JASIKEVICIUS, SARAS",Saras Jasikevicius,Šarūnas Jasikevičius,https://en.wikipedia.org/wiki/Šarūnas_Jasikevičius,Point guard,Point Guard,matched,,Šarūnas Jasikevičius; 2023–24 EuroLeague; Roger Grimau; Dino Meneghin; Pierluigi Marzorati,False,direct,bio_name,1976.0,exact_match,exact_birth_year
PBVE,"JAVTOKAS, ROBERTAS",Robertas Javtokas,Robertas Javtokas,https://en.wikipedia.org/wiki/Robertas_Javtokas,Center,Center,matched,,Robertas Javtokas; BC Žalgiris; BC Rytas; Rosters of the champion and finalist teams of EuroLeague; Lukas Lekavičius,False,direct,bio_name,1980.0,exact_match,exact_birth_year
P002823,"JAWAI, NATE",Nate Jawai,Nathan Jawai,https://en.wikipedia.org/wiki/Nathan_Jawai,Power forward / center,Power Forward,matched,,Nathan Jawai; Basketball League of Serbia; EuroLeague MVP of the Round; BC UNICS; Rosters of the top basketball teams in European club competitions,True,direct,bio_name,1986.0,exact_match,exact_birth_year
P004193,"JEAN-BAPTISTE-ADOLPHE, MICHEL",Michel Jean-baptiste-adolphe,List of Occitans,https://en.wikipedia.org/wiki/List_of_Occitans,,,page_found_not_basketball_player,Wikipedia page(s) found but none identifiable as a basketball-biography page,List of Occitans; Rosters of the top basketball teams in European club competitions; Besançon; Morea expedition; Rive-de-Gier,False,search,bio_name,,unavailable,
P002536,"JEAN-CHARLES, LIVIO",Livio Jean-charles,Livio Jean-Charles,https://en.wikipedia.org/wiki/Livio_Jean-Charles,Center,Center,matched,,Livio Jean-Charles; Olympiacos B.C.; ASVEL Basket; Euroleague Basketball Next Generation Tournament; 2022 EuroLeague Final Four,False,search,bio_name,1993.0,exact_match,exact_birth_year
PKNB,"JEANNEAU, AYMERIC",Aymeric Jeanneau,Aymeric Jeanneau,https://en.wikipedia.org/wiki/Aymeric_Jeanneau,Point guard,Point Guard,matched,,Aymeric Jeanneau; France men's national basketball team; EuroLeague season statistical leaders; SIG Strasbourg; Rosters of the top basketball teams in European club competitions,False,direct,bio_name,1978.0,exact_match,exact_birth_year
P007992,"JEFFERSON, CORY",Cory Jefferson,Cory Jefferson,https://en.wikipedia.org/wiki/Cory_Jefferson,Power forward,Power Forward,matched,,Cory Jefferson; Markel Brown; List of 2018–19 EuroLeague transactions; Frank Jackson (basketball); Chinese Basketball Association,False,direct,bio_name,1990.0,exact_match,exact_birth_year
P009733,"JEKIRI, TONYE",Tonye Jekiri,Tonye Jekiri,https://en.wikipedia.org/wiki/Tonye_Jekiri,Center,Center,matched,,Tonye Jekiri; Fenerbahçe S.K. (basketball); ASVEL Basket; List of 2025–26 EuroLeague transactions; 2019–20 EuroLeague,False,direct,bio_name,1994.0,exact_match,exact_birth_year
P000597,"JELINEK, DAVID",David Jelinek,David Jelínek,https://en.wikipedia.org/wiki/David_Jelínek,Shooting guard / small forward,Shooting Guard,matched,,David Jelínek; 2015–16 PLK season; 2021–22 FC Barcelona Bàsquet season; 2020–21 Real Madrid Baloncesto season; EuroLeague individual highs,True,direct,bio_name,1990.0,exact_match,exact_birth_year
P004796,"JELOVAC, STEVAN",Stevan Jelovac,Stevan Jelovac,https://en.wikipedia.org/wiki/Stevan_Jelovac,Power forward /  Center,Power Forward,matched,,Stevan Jelovac; SUNEL Arena; Dimitrios Mavroeidis; AEK B.C.; BC Rytas,True,direct,bio_name,1989.0,exact_match,exact_birth_year
P005014,"JENKINS, CHARLES",Charles Jenkins,Charles Jenkins (basketball),https://en.wikipedia.org/wiki/Charles_Jenkins_(basketball),Shooting guard / point guard,Shooting Guard,matched,,Charles Jenkins; Charles Jenkins (basketball); 2016–17 EuroLeague; Basketball League of Serbia; ABA League; EuroLeague MVP of the Round,True,search,bio_name,1989.0,exact_match,exact_birth_year
PKYC,"JENKINS, JULIUS",Julius Jenkins,Julius Jenkins,https://en.wikipedia.org/wiki/Julius_Jenkins,Point guard / shooting guard,Point Guard,matched,,Julius Jenkins; David DeJulius; ABA League; Basketball; Alba Berlin,True,direct,bio_name,1981.0,exact_match,exact_birth_year
P001219,"JENNINGS, BRANDON",Brandon Jennings,Brandon Jennings,https://en.wikipedia.org/wiki/Brandon_Jennings,Point guard,Point Guard,matched,,Brandon Jennings; Fenerbahçe S.K. (basketball); Brandon Hunter; Ersan İlyasova; Breanna Stewart,False,direct,bio_name,1989.0,exact_match,exact_birth_year
P009748,"JEREBKO, JONAS",Jonas Jerebko,Jonas Jerebko,https://en.wikipedia.org/wiki/Jonas_Jerebko,Power forward,Power Forward,matched,,Jonas Jerebko; Juancho Hernangómez; PBC CSKA Moscow; Thomas Robinson (basketball); Luigi Datome,False,direct,bio_name,1987.0,exact_match,exact_birth_year
P003067,"JERRELLS, CURTIS",Curtis Jerrells,Curtis Jerrells,https://en.wikipedia.org/wiki/Curtis_Jerrells,Point guard,Point Guard,matched,,Curtis Jerrells; Fenerbahçe S.K. (basketball); Basketball League of Serbia; ABA League; 2016 Israeli Basketball League Cup,False,direct,bio_name,1987.0,exact_match,exact_birth_year
P013290,"JESSUP, JUSTINIAN",Justinian Jessup,Justinian Jessup,https://en.wikipedia.org/wiki/Justinian_Jessup,Shooting guard,Shooting Guard,matched,,Justinian Jessup; List of 2025–26 EuroLeague transactions; FC Bayern Munich (basketball); Anthony Lamb (basketball); 2025–26 Golden State Warriors season,False,direct,bio_name,1998.0,exact_match,exact_birth_year
P000140,"JETER, POOH",Pooh Jeter,Eugene Jeter,https://en.wikipedia.org/wiki/Eugene_Jeter,Point guard,Point Guard,matched,,Eugene Jeter; Israeli Basketball Premier League; Serbia men's national basketball team; Vasilije Micić; Chinese Basketball Association,False,direct,bio_name,1983.0,exact_match,exact_birth_year
PAAS,"JIMENEZ, CARLOS",Carlos Jimenez,Carlos Jiménez,https://en.wikipedia.org/wiki/Carlos_Jiménez,Small forward,Small Forward,matched,,Carlos Jiménez; 2022–23 EuroLeague; 2021–22 EuroLeague; 2020–21 EuroLeague; FC Barcelona Bàsquet,False,direct,bio_name,1976.0,exact_match,exact_birth_year
P009105,"JIMENEZ, MILLAN",Millan Jimenez,List of 2025–26 EuroLeague transactions,https://en.wikipedia.org/wiki/List_of_2025–26_EuroLeague_transactions,,,page_found_not_basketball_player,Wikipedia page(s) found but none identifiable as a basketball-biography page,List of 2025–26 EuroLeague transactions; Rosters of the champion and finalist teams of EuroLeague; Rosters of the top basketball teams in European club competitions; 2019–20 Valencia Basket season; CB Estudiantes,False,search,bio_name,,unavailable,
P002499,"JODAR, ALBERTO",Alberto Jodar,Richard Gasquet,https://en.wikipedia.org/wiki/Richard_Gasquet,,,page_found_not_basketball_player,Wikipedia page(s) found but none identifiable as a basketball-biography page,Richard Gasquet; Tennis in Spain; ATP 250 tournaments; Spain at the 2008 Summer Olympics; Spain at the 2012 Summer Olympics,False,search,bio_name,,unavailable,
P001487,"JOGELA, TAURAS",Tauras Jogela,Tauras Jogėla,https://en.wikipedia.org/wiki/Tauras_Jogėla,Power forward / small forward,Power Forward,matched,,Tauras Jogėla; BC Žalgiris; BC Prienai; BC Šiauliai; BC Žalgiris-2,True,direct,bio_name,1993.0,exact_match,exact_birth_year
P007016,"JOHNSON, ELIJAH",Elijah Johnson,Elijah Johnson (basketball),https://en.wikipedia.org/wiki/Elijah_Johnson_(basketball),Point guard / shooting guard,Point Guard,matched,,Elijah Johnson; Elijah Johnson (basketball); List of 2026–27 EuroLeague transactions; Maccabi Tel Aviv B.C.; EuroLeague MVP of the Round; Hapoel Tel Aviv B.C.,True,search,bio_name,1990.0,exact_match,exact_birth_year
P005893,"JOHNSON, JAJUAN",Jajuan Johnson,JaJuan Johnson,https://en.wikipedia.org/wiki/JaJuan_Johnson,Power forward / center,Power Forward,matched,,JaJuan Johnson; FC Bayern Munich (basketball); EuroCup Basketball All-EuroCup Team; List of 2020–21 EuroLeague transactions; List of 2021–22 EuroLeague transactions,True,search,bio_name,1989.0,exact_match,exact_birth_year
P001320,"JOHNSON, JERRY",Jerry Johnson,"Jerry Johnson (basketball, born 1982)","https://en.wikipedia.org/wiki/Jerry_Johnson_(basketball,_born_1982)",Point guard / shooting guard,Point Guard,matched,,"Jerry Johnson; Jerry Johnson (basketball, born 1982); Olympiacos B.C.; Luka Dončić; National Basketball Association; Carsen Edwards",True,search,bio_name,1982.0,exact_match,exact_birth_year
P000343,"JOHNSON, LINTON",Linton Johnson,Linton Johnson,https://en.wikipedia.org/wiki/Linton_Johnson,Power forward,Power Forward,matched,,Linton Johnson; Saski Baskonia; Hapoel Tel Aviv B.C.; Boštjan Nachbar; Rosters of the top basketball teams in European club competitions; Darrun Hilliard,False,direct,bio_name,1980.0,exact_match,exact_birth_year
P002842,"JOHNSON, MARCUS",Marcus Johnson,Wesley Johnson (basketball),https://en.wikipedia.org/wiki/Wesley_Johnson_(basketball),Small forward / shooting guard,Small Forward,matched,,Marcus Johnson; Wesley Johnson (basketball); List of 2026–27 EuroLeague transactions; FC Bayern Munich (basketball); Malaysia National Basketball League; Marcus Fizer,True,search,bio_name,1987.0,exact_match,exact_birth_year
P004684,"JOHNSON-ODOM, DARIUS",Darius Johnson-odom,Darius Johnson-Odom,https://en.wikipedia.org/wiki/Darius_Johnson-Odom,Point guard / shooting guard,Point Guard,matched,,Darius Johnson-Odom; Saski Baskonia; Wake Forest Demon Deacons men's basketball; 2017–18 LBA season; Olympiacos B.C.,True,search,bio_name,1989.0,exact_match,exact_birth_year
P005815,"JOHNSON, ORLANDO",Orlando Johnson,Orlando Johnson,https://en.wikipedia.org/wiki/Orlando_Johnson,Shooting guard / small forward,Shooting Guard,matched,,Orlando Johnson; Orlando Woolridge; Stanley Johnson (basketball); Khem Birch; Maccabi Tel Aviv B.C.,True,direct,bio_name,1989.0,exact_match,exact_birth_year
P013364,"JOHNSON, STANLEY",Stanley Johnson,Stanley Johnson (basketball),https://en.wikipedia.org/wiki/Stanley_Johnson_(basketball),Small forward / power forward,Small Forward,matched,,Stanley Johnson; Stanley Johnson (basketball); List of 2026–27 EuroLeague transactions; Talen Horton-Tucker; List of 2024–25 EuroLeague transactions; Nikola Mirotić,True,search,bio_name,1996.0,exact_match,exact_birth_year
P009816,"JOHNSON, WESLEY",Wesley Johnson,Wesley Johnson (basketball),https://en.wikipedia.org/wiki/Wesley_Johnson_(basketball),Small forward / shooting guard,Small Forward,matched,,Wesley Johnson; Wesley Johnson (basketball); Jaycee Carroll; Anthony Bennett (basketball); Panathinaikos B.C.; The Patterson School,True,search,bio_name,1987.0,exact_match,exact_birth_year
P014107,"JOKSIMOVIC, STEFAN",Stefan Joksimovic,Stefan Joksimović,https://en.wikipedia.org/wiki/Stefan_Joksimović,Shooting guard,Shooting Guard,matched,,Stefan Joksimović; Nebojša Joksimović (basketball); ABA League; Eternal derby (Serbia); Saski Baskonia,False,direct,bio_name,2008.0,exact_match,exact_birth_year
P007519,"JOKUBAITIS, ROKAS",Rokas Jokubaitis,Rokas Jokubaitis,https://en.wikipedia.org/wiki/Rokas_Jokubaitis,Point guard,Point Guard,matched,,Rokas Jokubaitis; 2021–22 EuroLeague; EuroLeague Rising Star; 2023 EuroLeague Final Four; FC Barcelona Bàsquet,False,direct,bio_name,2000.0,exact_match,exact_birth_year
PKNS,"JOMANTAS, ARTURAS",Arturas Jomantas,Artūras Jomantas,https://en.wikipedia.org/wiki/Artūras_Jomantas,Power forward,Power Forward,matched,,Artūras Jomantas; Artūras Gudaitis; EuroLeague MVP of the Round; LKL All-Star Game; BC Rytas,False,direct,bio_name,1985.0,exact_match,exact_birth_year
P013369,"JONES, CARLIK",Carlik Jones,Carlik Jones,https://en.wikipedia.org/wiki/Carlik_Jones,Point guard,Point Guard,matched,,Carlik Jones; 2025–26 EuroLeague; 2024–25 EuroLeague; 2026–27 KK Partizan season; List of 2025–26 EuroLeague transactions,False,direct,bio_name,1997.0,exact_match,exact_birth_year
P010568,"JONES, CHRIS",Chris Jones,"Chris Jones (basketball, born 1993)","https://en.wikipedia.org/wiki/Chris_Jones_(basketball,_born_1993)",Point guard / Shooting guard,Point Guard,matched,,"Christopher Jones; Chris Jones (basketball, born 1993); 2025–26 EuroCup Basketball; Chris Duarte (basketball); Tyrique Jones; 2026 EuroLeague Final Four",True,search,bio_name,1993.0,exact_match,exact_birth_year
P001373,"JONES, DWAYNE",Dwayne Jones,Dwayne Jones (basketball),https://en.wikipedia.org/wiki/Dwayne_Jones_(basketball),Power forward,Power Forward,matched,,Dwayne Jones; Dwayne Jones (basketball); 2025–26 EuroLeague; 2022–23 EuroLeague; List of 2026–27 EuroLeague transactions; AS Monaco Basket,False,search,bio_name,1983.0,exact_match,exact_birth_year
P009298,"JONES, JALEN",Jalen Jones,Jalen Jones,https://en.wikipedia.org/wiki/Jalen_Jones,Small forward / power forward,Small Forward,matched,,Jalen Jones; EuroLeague MVP of the Round; Saski Baskonia; 2025–26 Chicago Bulls season; EuroCup Basketball MVP of the Round,True,direct,bio_name,1993.0,exact_match,exact_birth_year
P014102,"JONES, KAI",Kai Jones,Kai Jones,https://en.wikipedia.org/wiki/Kai_Jones,Center / power forward,Center,matched,,Kai Jones; List of 2025–26 EuroLeague transactions; London Lions (basketball); Panathinaikos B.C.; Anadolu Efes S.K.,True,direct,bio_name,2001.0,exact_match,exact_birth_year
P007185,"JONES, KEVIN",Kevin Jones,Kevin Jones (basketball),https://en.wikipedia.org/wiki/Kevin_Jones_(basketball),Power forward,Power Forward,matched,,Kevin Jones; 2025–26 EuroCup Basketball; Kevin Jones (basketball); 2025–26 EuroLeague; 2024–25 EuroLeague; Fenerbahçe S.K. (basketball),False,search,bio_name,1989.0,exact_match,exact_birth_year
P011981,"JONES, TYRIQUE",Tyrique Jones,Tyrique Jones,https://en.wikipedia.org/wiki/Tyrique_Jones,Center,Center,matched,,Tyrique Jones; 2026 EuroLeague Final Four; 2023–24 EuroLeague; List of 2025–26 EuroLeague transactions; 2025–26 KK Partizan season,False,direct,bio_name,1997.0,exact_match,exact_birth_year
P000703,"JORDAN, JARED",Jared Jordan,Jared Jordan,https://en.wikipedia.org/wiki/Jared_Jordan,Point guard,Point Guard,matched,,Jared Jordan; List of 2026–27 EuroLeague transactions; List of 2025–26 EuroLeague transactions; EuroLeague MVP of the Round; Real Madrid Baloncesto,False,direct,bio_name,1984.0,exact_match,exact_birth_year
P014316,"JOSEPH, CORY",Cory Joseph,Cory Joseph,https://en.wikipedia.org/wiki/Cory_Joseph,Point guard,Point Guard,matched,,Cory Joseph; 2026 EuroLeague Final Four; Olympiacos B.C.; List of 2025–26 EuroLeague transactions; Deividas Sirvydis,False,direct,bio_name,1991.0,exact_match,exact_birth_year
P010307,"JOVANOVIC, DORDIJE",Dordije Jovanovic,ABA League JTD,https://en.wikipedia.org/wiki/ABA_League_JTD,,,page_found_not_basketball_player,Wikipedia page(s) found but none identifiable as a basketball-biography page,ABA League JTD; Montenegro men's national basketball team; 2024–25 KK Partizan season; KK Budućnost; 2023–24 KK Partizan season,False,search,bio_name,,unavailable,
P003264,"JOVANOVIC, NIKOLA",Nikola Jovanovic,"Nikola Jovanović (basketball, born 1994)","https://en.wikipedia.org/wiki/Nikola_Jovanović_(basketball,_born_1994)",Power forward / center,Power Forward,matched,,"Nikola Jovanović; Bogdan Bogdanović (basketball); Nikola Jovanović (basketball, born 1994); KK Crvena zvezda; Serbia men's national basketball team; KK Partizan",True,search,bio_name,1994.0,exact_match,exact_birth_year
P004863,"JOVIC, STEFAN",Stefan Jovic,Stefan Jović,https://en.wikipedia.org/wiki/Stefan_Jović,Point guard,Point Guard,matched,,Stefan Jović; FC Bayern Munich (basketball); List of 2026–27 EuroLeague transactions; Basketball League of Serbia; 2024 Serbia men's Olympic basketball team,False,direct,bio_name,1990.0,exact_match,exact_birth_year
P005089,"JUDITH, MARC",Marc Judith,Marc Judith,https://en.wikipedia.org/wiki/Marc_Judith,Small forward,Small Forward,matched,,Marc Judith; Nanterre 92; Tarik Black; Braxgata HC; Rosters of the top basketball teams in European club competitions,False,direct,bio_name,1987.0,exact_match,exact_birth_year
PBCY,"JULIAN, CYRIL",Cyril Julian,Cyril Julian,https://en.wikipedia.org/wiki/Cyril_Julian,,,page_found_identity_unconfirmed,Basketball page found but birth year/nationality could not be confirmed against players_bio.csv,Cyril Julian; Paris Saint-Germain Basketball; LNB Élite; France men's national basketball team; EuroCup Basketball individual statistics,False,direct,bio_name,,unavailable,
PBDE,"JURAK, GORAN",Goran Jurak,Goran Jurak,https://en.wikipedia.org/wiki/Goran_Jurak,,,position_unavailable,Basketball page confirmed but has no 'position' field in its infobox,Goran Jurak; BC Žalgiris; Olympiacos B.C.; Marc Salyers; Slovenian Basketball All-Star Game,False,direct,bio_name,,unavailable,
PJIV,"JURKOVIC, IVICA",Ivica Jurkovic,Ivica Jurković,https://en.wikipedia.org/wiki/Ivica_Jurković,Power forward,Power Forward,matched,,Ivica Jurković; Olympiacos B.C.; Dražen Petrović; Josip Gjergja; PAOK BC,False,direct,bio_name,1973.0,exact_match,exact_birth_year
PLCT,"JUSKEVICIUS, ADAS",Adas Juskevicius,Adas Juškevičius,https://en.wikipedia.org/wiki/Adas_Juškevičius,Shooting guard / point guard,Shooting Guard,matched,,Adas Juškevičius; Galatasaray S.K. (men's basketball); Lithuania men's national basketball team; BC Lietkabelis; BC Žalgiris,True,direct,bio_name,1989.0,exact_match,exact_birth_year
P012181,"JUZENAS, MANTAS",Mantas Juzenas,Mantas Juzėnas,https://en.wikipedia.org/wiki/Mantas_Juzėnas,Shooting guard,Shooting Guard,matched,,Mantas Juzėnas; BC Žalgiris; 2024–25 BC Žalgiris season; 2024–25 King Mindaugas Cup; Lithuania,False,direct,bio_name,2006.0,exact_match,exact_birth_year
P005962,"JYZ, BARTOSZ",Bartosz Jyz,2014–15 Euroleague squads,https://en.wikipedia.org/wiki/2014–15_Euroleague_squads,,,page_found_not_basketball_player,Wikipedia page(s) found but none identifiable as a basketball-biography page,2014–15 Euroleague squads,False,search,bio_name,,unavailable,
P007855,"KABA, ALPHA",Alpha Kaba,Alpha Kaba,https://en.wikipedia.org/wiki/Alpha_Kaba,Center / power forward,Center,matched,,Alpha Kaba; 2022–23 EuroCup Basketball; List of 2024–25 EuroLeague transactions; 2020–21 EuroCup Basketball; Nanterre 92,True,direct,bio_name,1996.0,exact_match,exact_birth_year
P012796,"KABENGELE, MFIONDU",Mfiondu Kabengele,Mfiondu Kabengele,https://en.wikipedia.org/wiki/Mfiondu_Kabengele,Center / power forward,Center,matched,,Mfiondu Kabengele; Dubai Basketball; 2025–26 EuroLeague; List of 2026–27 EuroLeague transactions; List of 2025–26 EuroLeague transactions,True,direct,bio_name,1997.0,exact_match,exact_birth_year
P002835,"KADIR, ELISHAY",Elishay Kadir,Elishay Kadir,https://en.wikipedia.org/wiki/Elishay_Kadir,Power forward / center,Power Forward,matched,,Elishay Kadir; Israel men's national basketball team; Hapoel Jerusalem B.C.; Rosters of the champion and finalist teams of EuroLeague; 2017–18 Israeli Basketball Premier League; 2015–16 Israeli Basketball Super League,True,direct,bio_name,1987.0,exact_match,exact_birth_year
P008137,"KADOSHNIKOV, DMITRII",Dmitrii Kadoshnikov,2019 FIBA Under-19 Basketball World Cup,https://en.wikipedia.org/wiki/2019_FIBA_Under-19_Basketball_World_Cup,,,page_found_not_basketball_player,Wikipedia page(s) found but none identifiable as a basketball-biography page,2019 FIBA Under-19 Basketball World Cup,False,search,bio_name,,unavailable,
PCPF,"KAFKIS, PANAGIOTIS",Panagiotis Kafkis,Panagiotis Kafkis,https://en.wikipedia.org/wiki/Panagiotis_Kafkis,Point guard / shooting guard,Point Guard,matched,,Panagiotis Kafkis; Olympiacos B.C.; PAOK BC; Panionios B.C.; A.C. Doukas Basketball,True,direct,bio_name,1980.0,exact_match,exact_birth_year
PKIR,"KAHUDI, CHARLES",Charles Kahudi,Charles Kahudi,https://en.wikipedia.org/wiki/Charles_Kahudi,Small forward / power forward,Small Forward,matched,,Charles Kahudi; France men's national basketball team; ASVEL Basket; 2019–20 EuroLeague; 2020–21 Fenerbahçe S.K. (basketball) season,True,direct,bio_name,1986.0,exact_match,exact_birth_year
PJUP,"KAIMAKOGLOU, KOSTAS",Kostas Kaimakoglou,Kostas Kaimakoglou,https://en.wikipedia.org/wiki/Kostas_Kaimakoglou,Power forward,Power Forward,matched,,Kostas Kaimakoglou; Greece men's national basketball team; 2009–10 Greek Basket League; Panathinaikos B.C.; Rosters of the champion and finalist teams of EuroLeague,False,direct,bio_name,1983.0,exact_match,exact_birth_year
PABG,"KAKIOUZIS, MICHAILIS",Michailis Kakiouzis,Michalis Kakiouzis,https://en.wikipedia.org/wiki/Michalis_Kakiouzis,Power forward,Power Forward,matched,,Michalis Kakiouzis; Rosters of the top basketball teams in European club competitions,False,direct,bio_name,1976.0,exact_match,exact_birth_year
P006586,"KALAITZAKIS, GEORGIOS",Georgios Kalaitzakis,Georgios Kalaitzakis,https://en.wikipedia.org/wiki/Georgios_Kalaitzakis,Small forward,Small Forward,matched,,Georgios Kalaitzakis; Panagiotis Kalaitzakis; Panathinaikos B.C.; 2025 EuroLeague Final Four; Greece men's national basketball team,False,direct,bio_name,1999.0,exact_match,exact_birth_year
P011209,"KALAITZAKIS, PANAGIOTIS",Panagiotis Kalaitzakis,Panagiotis Kalaitzakis,https://en.wikipedia.org/wiki/Panagiotis_Kalaitzakis,Small forward / shooting guard,Small Forward,matched,,Panagiotis Kalaitzakis; Georgios Kalaitzakis; Greece men's national basketball team; Aris B.C.; 2025 EuroLeague Final Four,True,direct,bio_name,1999.0,exact_match,exact_birth_year
PAPI,"KALAITZIS, GEORGIOS",Georgios Kalaitzis,Georgios Kalaitzis,https://en.wikipedia.org/wiki/Georgios_Kalaitzis,Guard / small forward,Small Forward,matched,,Georgios Kalaitzis; Panathinaikos B.C.; Rosters of the champion and finalist teams of EuroLeague; Greece men's national basketball team; 2001 FIBA SuproLeague Final Four,False,direct,bio_name,1976.0,exact_match,exact_birth_year
PBZQ,"KALAMPOKIS, GIANNIS",Giannis Kalampokis,Giannis Kalampokis,https://en.wikipedia.org/wiki/Giannis_Kalampokis,Shooting guard / small forward,Shooting Guard,matched,,Giannis Kalampokis; Olympiacos B.C.; AEK B.C.; Palaio Faliro B.C.; Panionios B.C.,True,direct,bio_name,1978.0,exact_match,exact_birth_year
P004866,"KALINIC, NIKOLA",Nikola Kalinic,Nikola Kalinić (basketball),https://en.wikipedia.org/wiki/Nikola_Kalinić_(basketball),Power forward / small forward,Power Forward,matched,,Nikola Kalinić; Nikola Kalinić (basketball); Fenerbahçe S.K. (basketball); Nikola Topić; 2017 EuroLeague Final Four; 2024 Serbia men's Olympic basketball team,True,search,bio_name,1991.0,exact_match,exact_birth_year
PJBX,"KALNIETIS, MANTAS",Mantas Kalnietis,Mantas Kalnietis,https://en.wikipedia.org/wiki/Mantas_Kalnietis,Point guard / shooting guard,Point Guard,matched,,Mantas Kalnietis; BC Žalgiris; PBC Lokomotiv Kuban; Olimpia Milano; Lithuania men's national basketball team,True,direct,bio_name,1986.0,exact_match,exact_birth_year
P011926,"KAMAGATE, ISMAEL",Ismael Kamagate,Ismaël Kamagate,https://en.wikipedia.org/wiki/Ismaël_Kamagate,Center,Center,matched,,Ismaël Kamagate; Paris Basketball; 2024–25 Basketball Champions League; 2022–23 EuroCup Basketball; LNB Pro A Best Defender,False,direct,bio_name,2001.0,exact_match,exact_birth_year
P008325,"KAMENJAS, KENAN",Kenan Kamenjas,Kenan Kamenjaš,https://en.wikipedia.org/wiki/Kenan_Kamenjaš,Center,Center,matched,,Kenan Kamenjaš; Dubai Basketball; 2024–25 EuroCup Basketball; ABA League Supercup; List of 2025–26 EuroLeague transactions,False,search,bio_name,2000.0,exact_match,exact_birth_year
P012743,"KAMINSKY, FRANK",Frank Kaminsky,Frank Kaminsky,https://en.wikipedia.org/wiki/Frank_Kaminsky,Center / power forward,Center,matched,,Frank Kaminsky; 2024–25 KK Partizan season; List of 2024–25 EuroLeague transactions; KK Partizan; Wisconsin Badgers men's basketball,True,direct,bio_name,1993.0,exact_match,exact_birth_year
P005781,"KANE, DEANDRE",Deandre Kane,DeAndre Kane,https://en.wikipedia.org/wiki/DeAndre_Kane,Shooting guard / small forward,Shooting Guard,matched,,DeAndre Kane; DeAndre; Maccabi Tel Aviv B.C.; 2016–17 EuroCup Basketball; Kane (surname),True,direct,bio_name,1989.0,exact_match,exact_birth_year
P000326,"KANGUR, KRISTJAN",Kristjan Kangur,Kristjan Kangur,https://en.wikipedia.org/wiki/Kristjan_Kangur,Small forward,Small Forward,matched,,Kristjan Kangur; Olimpia Milano; Mens Sana Basketball Siena; BC Kalev; ASVEL Basket,False,direct,bio_name,1982.0,exact_match,exact_birth_year
P001223,"KANONIDIS, ANDREAS",Andreas Kanonidis,Andreas Kanonidis,https://en.wikipedia.org/wiki/Andreas_Kanonidis,Small forward / power forward,Small Forward,matched,,Andreas Kanonidis; A.C. Doukas Basketball; Panionios B.C.; Doxa Lefkadas B.C.; 2008–09 HEBA Greek All Star Game,True,direct,bio_name,1991.0,exact_match,exact_birth_year
P005817,"KANTE, LAMINE",Lamine Kante,Lamine Kanté,https://en.wikipedia.org/wiki/Lamine_Kanté,Small forward,Small Forward,matched,,Lamine Kanté; UEFA Euro 2024; Torey Thomas; Golden generation; List of Catalan footballers,False,direct,bio_name,1987.0,exact_match,exact_birth_year
P000936,enes-kanter,Enes Kanter,Enes Kanter Freedom,https://en.wikipedia.org/wiki/Enes_Kanter_Freedom,Center,Center,matched,,"Enes Kanter Freedom; Kerem Kanter; Fenerbahçe S.K. (basketball); Chris Singleton (basketball, born 1989); 2011 NBA draft",False,direct,slug_fallback,1992.0,unavailable,direct_name_match_no_contradicting_evidence
P005100,"KANYGIN, IGOR",Igor Kanygin,Igor Kanygin,https://en.wikipedia.org/wiki/Igor_Kanygin,,,page_found_not_basketball_player,Wikipedia page(s) found but none identifiable as a basketball-biography page,Igor Kanygin; Rosters of the top basketball teams in European club competitions; 2015–16 Euroleague squads; BC Astana; Russia at the 2015 European Games,False,direct,bio_name,,unavailable,
P004006,"KAPLANOVIC, DORDE",Dorde Kaplanovic,Đorđe Kaplanović,https://en.wikipedia.org/wiki/Đorđe_Kaplanović,Center / power forward,Center,matched,,Đorđe Kaplanović; Serbia men's national under-16 basketball team; 2014–15 Euroleague squads; Milan Gurović; 2014–15 KK Crvena zvezda season,True,direct,bio_name,1995.0,exact_match,exact_birth_year
P004456,"KAPONO, JASON",Jason Kapono,Jason Kapono,https://en.wikipedia.org/wiki/Jason_Kapono,Small forward,Small Forward,matched,,Jason Kapono; Panathinaikos B.C.; Anthony Parker; Rosters of the top basketball teams in European club competitions; Christian Eyenga,False,direct,bio_name,1981.0,exact_match,exact_birth_year
PKTP,"KARADOLAMIS, DIMITRIOS",Dimitrios Karadolamis,Dimitrios Karadolamis,https://en.wikipedia.org/wiki/Dimitrios_Karadolamis,Small forward / power forward,Small Forward,matched,,Dimitrios Karadolamis; Aris B.C.; Rosters of the top basketball teams in European club competitions,True,direct,bio_name,1987.0,exact_match,exact_birth_year
P004490,"KARAHODZIC, KENAN",Kenan Karahodzic,Kenan Karahodžić,https://en.wikipedia.org/wiki/Kenan_Karahodžić,Power forward,Power Forward,matched,,Kenan Karahodžić; Kemal Karahodžić; 2017–18 KK Partizan season; KK Partizan all-time roster,False,search,bio_name,1996.0,exact_match,exact_birth_year
P002872,"KARAMALEGKOS, IOANNIS",Ioannis Karamalegkos,Ioannis Karamalegkos,https://en.wikipedia.org/wiki/Ioannis_Karamalegkos,Point guard / shooting guard,Point Guard,matched,,Ioannis Karamalegkos; Rosters of the champion and finalist teams of EuroLeague; Panathinaikos B.C.; List of youngest EuroLeague players since the 2000–01 season; Rosters of the top basketball teams in European club competitions,True,direct,bio_name,1994.0,exact_match,exact_birth_year
P004206,"KARAMAN, ILKAN",Ilkan Karaman,İlkan Karaman,https://en.wikipedia.org/wiki/İlkan_Karaman,Power forward,Power Forward,matched,,İlkan Karaman; Fenerbahçe S.K. (basketball); LNB Élite; 2014–15 Fenerbahçe S.K. (basketball) season; Karşıyaka Basket,False,direct,bio_name,1990.0,exact_match,exact_birth_year
P004302,"KARASEV, SERGEY",Sergey Karasev,Sergey Karasev,https://en.wikipedia.org/wiki/Sergey_Karasev,Small forward / shooting guard,Small Forward,matched,,Sergey Karasev; Vasily Karasev; Russia men's national basketball team; BC Zenit Saint Petersburg; 2016–17 VTB United League,True,direct,bio_name,1993.0,exact_match,exact_birth_year
P003212,"KARINIAUSKAS, VAIDAS",Vaidas Kariniauskas,Vaidas Kariniauskas,https://en.wikipedia.org/wiki/Vaidas_Kariniauskas,Point guard,Point Guard,matched,,Vaidas Kariniauskas; BC Žalgiris; BC Wolves; Lithuania men's national basketball team; U-BT Cluj-Napoca,False,direct,bio_name,1993.0,exact_match,exact_birth_year
P005848,"KAROLAK, JAKUB",Jakub Karolak,2014–15 Euroleague squads,https://en.wikipedia.org/wiki/2014–15_Euroleague_squads,,,page_found_not_basketball_player,Wikipedia page(s) found but none identifiable as a basketball-biography page,2014–15 Euroleague squads; Polish Basketball All-Star Game; 2020–21 PLK season,False,search,bio_name,,unavailable,
P002776,"KARPEKO, ALEXEY",Alexey Karpeko,,,,,no_page_found,Wikipedia search returned no results,,False,,bio_name,,unavailable,
P006594,"KARPUKHIN, ALEKSANDR",Aleksandr Karpukhin,,,,,no_page_found,Wikipedia search returned no results,,False,,bio_name,,unavailable,
P005146,"KASELAKIS, LEONIDAS",Leonidas Kaselakis,Leonidas Kaselakis,https://en.wikipedia.org/wiki/Leonidas_Kaselakis,Power forward / small forward,Power Forward,matched,,Leonidas Kaselakis; AEK B.C.; 2015–16 Greek Basket League; Panathinaikos B.C.; Promitheas Patras B.C.,True,direct,bio_name,1990.0,exact_match,exact_birth_year
PJEQ,"KASHIROV, ANATOLY",Anatoly Kashirov,Anatoly Kashirov,https://en.wikipedia.org/wiki/Anatoly_Kashirov,Center,Center,matched,,Anatoly Kashirov; Rosters of the champion and finalist teams of EuroLeague; Aris B.C.; Andrey Batt; 2008 Euroleague Final Four,False,direct,bio_name,1987.0,exact_match,exact_birth_year
P002628,"KASTRATI, ERJON",Erjon Kastrati,Erjon Kastrati,https://en.wikipedia.org/wiki/Erjon_Kastrati,Small forward / shooting guard,Small Forward,matched,,Erjon Kastrati; KK Krka; KB Ylli; BC Körmend; Kosovo men's national basketball team; Gëzim Morina,True,direct,bio_name,1994.0,exact_match,exact_birth_year
PCJE,"KASTROPIL, FRANKO",Franko Kastropil,Franko Kaštropil,https://en.wikipedia.org/wiki/Franko_Kaštropil,Center,Center,matched,,Franko Kaštropil; KK Split; KK Cedevita; Rosters of the top basketball teams in European club competitions; BC Yambol,False,search,bio_name,1984.0,exact_match,exact_birth_year
PBOD,"KASUN, MARIO",Mario Kasun,Mario Kasun,https://en.wikipedia.org/wiki/Mario_Kasun,Center,Center,matched,,Mario Kasun; FC Barcelona Bàsquet; Anadolu Efes S.K.; Alex Renfroe; Skyliners Frankfurt,False,direct,bio_name,1980.0,exact_match,exact_birth_year
P000664,"KATELYNAS, MINDAUGAS",Mindaugas Katelynas,Mindaugas Katelynas,https://en.wikipedia.org/wiki/Mindaugas_Katelynas,Power forward,Power Forward,matched,,Mindaugas Katelynas; Olimpia Milano; BC Rytas; Real Betis Baloncesto; Rosters of the top basketball teams in European club competitions,False,direct,bio_name,1983.0,exact_match,exact_birth_year
PJQH,"KATIC, RASKO",Rasko Katic,Raško Katić,https://en.wikipedia.org/wiki/Raško_Katić,Center,Center,matched,,Raško Katić; Basketball League of Serbia; KK Partizan; Charles Jenkins (basketball); KK Crvena zvezda,False,direct,bio_name,1980.0,exact_match,exact_birth_year
P001771,"KATIC, TONI",Toni Katic,Premijer liga (Croatian basketball),https://en.wikipedia.org/wiki/Premijer_liga_(Croatian_basketball),,,page_found_not_basketball_player,Wikipedia page(s) found but none identifiable as a basketball-biography page,Premijer liga (Croatian basketball); Rosters of the top basketball teams in European club competitions; KK Cedevita; 2015–16 Euroleague squads; 2017 ABA League Playoffs,False,search,bio_name,,unavailable,
P002867,"KATSIVELIS, DIMITRIS",Dimitris Katsivelis,Dimitrios Katsivelis,https://en.wikipedia.org/wiki/Dimitrios_Katsivelis,Point guard,Point Guard,matched,,Dimitrios Katsivelis; Greece men's national basketball team; AEK B.C.; Olympiacos B.C.; Peristeri B.C.,False,direct,bio_name,1991.0,exact_match,exact_birth_year
PBJR,"KAUKENAS, RIMANTAS",Rimantas Kaukenas,Rimantas Kaukėnas,https://en.wikipedia.org/wiki/Rimantas_Kaukėnas,Shooting guard,Shooting Guard,matched,,Rimantas Kaukėnas; BC Žalgiris; BC Rytas; Simas Jasaitis; Real Madrid Baloncesto,False,direct,bio_name,1977.0,exact_match,exact_birth_year
P001228,"KAUN, SASHA",Sasha Kaun,Sasha Kaun,https://en.wikipedia.org/wiki/Sasha_Kaun,Center,Center,matched,,Sasha Kaun; PBC CSKA Moscow; 2011–12 Euroleague; EuroLeague MVP of the Round; Rosters of the champion and finalist teams of EuroLeague,False,direct,bio_name,1985.0,exact_match,exact_birth_year
P000399,"KAVALIAUSKAS, ANTANAS",Antanas Kavaliauskas,Antanas Kavaliauskas,https://en.wikipedia.org/wiki/Antanas_Kavaliauskas,Power forward / center,Power Forward,matched,,Antanas Kavaliauskas; BC Žalgiris; Dainius Adomaitis; J. P. Batista; Lithuania men's national basketball team,True,direct,bio_name,1984.0,exact_match,exact_birth_year
P004289,"KAVVADAS, VASILIS",Vasilis Kavvadas,Vassilis Kavvadas,https://en.wikipedia.org/wiki/Vassilis_Kavvadas,Center,Center,matched,,Vassilis Kavvadas; Olympiacos B.C.; Aris B.C.; AEK B.C.; Rosters of the champion and finalist teams of EuroLeague,False,search,bio_name,1991.0,exact_match,exact_birth_year
PBFE,"KECMAN, DUSAN",Dusan Kecman,Dušan Kecman,https://en.wikipedia.org/wiki/Dušan_Kecman,Small forward / shooting guard,Small Forward,matched,,Dušan Kecman; Basketball League of Serbia; ABA League; 2000–01 YUBA League; YUBA League,True,direct,bio_name,1977.0,exact_match,exact_birth_year
P012885,"KEITA, SAYON",Sayon Keita,Sayon Keita,https://en.wikipedia.org/wiki/Sayon_Keita,Center,Center,matched,,Sayon Keita; Raúl Villar; 2025–26 EuroLeague Basketball Next Generation Tournament; 2025–26 FC Barcelona Bàsquet season; 2024–25 FC Barcelona Bàsquet season,False,direct,bio_name,2008.0,exact_match,exact_birth_year
P000545,"KELATI, THOMAS",Thomas Kelati,Thomas Kelati,https://en.wikipedia.org/wiki/Thomas_Kelati,Shooting guard / small forward,Shooting Guard,matched,,Thomas Kelati; Saski Baskonia; EuroBasket 2011; Breanna Stewart; Diana Taurasi,True,direct,bio_name,1982.0,exact_match,exact_birth_year
PTFE,"KELLEY, TRE",Tre Kelley,Tre Kelley,https://en.wikipedia.org/wiki/Tre_Kelley,Point guard,Point Guard,matched,,Tre Kelley; Lebanese Basketball League; Panellinios B.C.; Sagesse SC (basketball); BC Oostende,False,direct,bio_name,1985.0,exact_match,exact_birth_year
P011307,"KELL, TREY",Trey Kell,Trey Kell,https://en.wikipedia.org/wiki/Trey_Kell,Point guard / shooting guard,Point Guard,matched,,Trey Kell; NBA G League; List of 2022–23 EuroLeague transactions; 2021–22 Olimpia Milano season; 2020–21 FIBA Europe Cup; List of 2021–22 EuroLeague transactions,True,direct,bio_name,1996.0,exact_match,exact_birth_year
PKKK,"KELYS, ZYDRUNAS",Zydrunas Kelys,BC Rytas,https://en.wikipedia.org/wiki/BC_Rytas,,,page_found_not_basketball_player,Wikipedia page(s) found but none identifiable as a basketball-biography page,BC Rytas,False,search,bio_name,,unavailable,
P004247,"KEMP, MARCELUS",Marcelus Kemp,Marcelus Kemp,https://en.wikipedia.org/wiki/Marcelus_Kemp,Shooting guard / small forward,Shooting Guard,matched,,Marcelus Kemp; Rosters of the top basketball teams in European club competitions; Jerel McNeal,True,direct,bio_name,1984.0,exact_match,exact_birth_year
P000393,"KENDALL, LEVON",Levon Kendall,Levon Kendall,https://en.wikipedia.org/wiki/Levon_Kendall,,,position_unavailable,Basketball page confirmed but has no 'position' field in its infobox,Levon Kendall; Maroussi B.C.; Panionios B.C.; CB Estudiantes; Rosters of the top basketball teams in European club competitions,False,direct,bio_name,,unavailable,
P000577,"KESELJ, MARKO",Marko Keselj,Marko Kešelj,https://en.wikipedia.org/wiki/Marko_Kešelj,Small forward,Small Forward,matched,,Marko Kešelj; Basketball League of Serbia; Serbia men's national basketball team; KK Crvena zvezda; ASVEL Basket,False,direct,bio_name,,unavailable,nationality_field
P003481,"KESSENS, MICHAEL",Michael Kessens,List of 2024–25 EuroLeague transactions,https://en.wikipedia.org/wiki/List_of_2024–25_EuroLeague_transactions,,,page_found_not_basketball_player,Wikipedia page(s) found but none identifiable as a basketball-biography page,List of 2024–25 EuroLeague transactions; Telekom Baskets Bonn; 2025–26 BBL-Pokal; 2019–20 BBL-Pokal; List of PlayStation (console) games (M–Z),False,search,bio_name,,unavailable,
P014168,"KEY, BRAXTON",Braxton Key,Braxton Key,https://en.wikipedia.org/wiki/Braxton_Key,Power forward / small forward,Power Forward,matched,,Braxton Key; Fenerbahçe S.K. (basketball); 2026 EuroLeague Final Four; List of 2026–27 EuroLeague transactions; 2026–27 Fenerbahçe S.K. (basketball) season,True,direct,bio_name,1997.0,exact_match,exact_birth_year
P000179,"KEYRU, VICTOR",Victor Keyru,Victor Keyru,https://en.wikipedia.org/wiki/Victor_Keyru,Shooting guard / small forward,Shooting Guard,matched,,Victor Keyru; PBC CSKA Moscow; Rosters of the champion and finalist teams of EuroLeague; 2009 Euroleague Final Four; Russia men's national basketball team,True,direct,bio_name,1984.0,exact_match,exact_birth_year
PKIG,"KEYS, BILLY",Billy Keys,Billy Keys,https://en.wikipedia.org/wiki/Billy_Keys,Point guard,Point Guard,matched,,Billy Keys; Fenerbahçe S.K. (basketball); BeoBasket; Vassilis Spanoulis; BC Rytas,False,direct,bio_name,1977.0,exact_match,exact_birth_year
P005717,"KHABIROV, RUSLAN",Ruslan Khabirov,2014–15 Euroleague squads,https://en.wikipedia.org/wiki/2014–15_Euroleague_squads,,,page_found_not_basketball_player,Wikipedia page(s) found but none identifiable as a basketball-biography page,2014–15 Euroleague squads,False,search,bio_name,,unavailable,
P012123,"KHARCHENKOV, IVAN",Ivan Kharchenkov,Ivan Kharchenkov,https://en.wikipedia.org/wiki/Ivan_Kharchenkov,Small forward,Small Forward,matched,,Ivan Kharchenkov; FC Bayern Munich (basketball); Hannes Steinbach,False,direct,bio_name,2006.0,exact_match,exact_birth_year
P014106,"KHATIASHVILI, MATE",Mate Khatiashvili,2024 FIBA U16 EuroBasket,https://en.wikipedia.org/wiki/2024_FIBA_U16_EuroBasket,,,page_found_not_basketball_player,Wikipedia page(s) found but none identifiable as a basketball-biography page,2024 FIBA U16 EuroBasket; 2026 FIBA U18 EuroBasket Division B; 2025 FIBA U18 EuroBasket Division B,False,search,bio_name,,unavailable,
P004173,"KHAZZOUH, JULIAN",Julian Khazzouh,Julian Khazzouh,https://en.wikipedia.org/wiki/Julian_Khazzouh,Center / power forward,Center,matched,,Julian Khazzouh; Arka Gdynia (basketball); Donar (basketball); Hills Hornets; List of 2011–12 NBA season transactions,True,direct,bio_name,1986.0,exact_match,exact_birth_year
P006710,"KHOMENKO, ALEXANDER",Alexander Khomenko,2021 EuroLeague Final Four,https://en.wikipedia.org/wiki/2021_EuroLeague_Final_Four,,,page_found_not_basketball_player,Wikipedia page(s) found but none identifiable as a basketball-biography page,2021 EuroLeague Final Four; Rosters of the top basketball teams in European club competitions; BC Nizhny Novgorod; Thomas (surname); Lombardy,False,search,bio_name,,unavailable,
PBCQ,"KHRYAPA, VICTOR",Victor Khryapa,Victor Khryapa,https://en.wikipedia.org/wiki/Victor_Khryapa,Power forward / small forward,Power Forward,matched,,Victor Khryapa; EuroLeague 2010–2020 All-Decade Team; All-EuroLeague Team; Russian Professional Basketball League; 2016–17 EuroLeague,True,direct,bio_name,1982.0,exact_match,exact_birth_year
PLKY,"KHVOSTOV, DMITRY",Dmitry Khvostov,Dmitry Khvostov (basketball),https://en.wikipedia.org/wiki/Dmitry_Khvostov_(basketball),Point guard,Point Guard,matched,,Dmitry Khvostov; Dmitry Khvostov (basketball); 2019–20 BC Zenit Saint Petersburg season; Russia men's national basketball team; List of 2021–22 EuroLeague transactions; 2015–16 Eurocup Basketball,False,search,bio_name,1989.0,exact_match,exact_birth_year
P007868,"KIDD, STANTON",Stanton Kidd,Stanton Kidd,https://en.wikipedia.org/wiki/Stanton_Kidd,Small forward / power forward,Small Forward,matched,,Stanton Kidd; Hapoel Jerusalem B.C.; PBC Lokomotiv Kuban; William Howard (basketball); 2018 EuroCup Finals,True,direct,bio_name,1992.0,exact_match,exact_birth_year
P001883,"KIKOWSKI, PAWEL",Pawel Kikowski,Polish Basketball All-Star Game,https://en.wikipedia.org/wiki/Polish_Basketball_All-Star_Game,,,page_found_not_basketball_player,Wikipedia page(s) found but none identifiable as a basketball-biography page,Polish Basketball All-Star Game; Czech Basketball All-Star Game,False,search,bio_name,,unavailable,
P004999,"KILICLI, DENIZ",Deniz Kilicli,Deniz Kılıçlı,https://en.wikipedia.org/wiki/Deniz_Kılıçlı,Center,Center,matched,,Deniz Kılıçlı; Turkey women's national volleyball team; Bahçeşehir Koleji S.K.; Rosters of the top basketball teams in European club competitions; Trabzonspor B.K.,False,direct,bio_name,1990.0,exact_match,exact_birth_year
P009227,"KILPATRICK, SEAN",Sean Kilpatrick,Sean Kilpatrick,https://en.wikipedia.org/wiki/Sean_Kilpatrick,Shooting guard,Shooting Guard,matched,,Sean Kilpatrick; Panathinaikos B.C.; KK Budućnost; List of 2018–19 EuroLeague transactions; Aaron Craft,False,direct,bio_name,1990.0,exact_match,exact_birth_year
PBOG,"KING, ALEX",Alex King,Alexander King,https://en.wikipedia.org/wiki/Alexander_King,,,ambiguous_multiple_pages,2 basketball-player Wikipedia pages found for this name; none confirmed by birth year/nationality against players_bio.csv,Alexander King; Fenerbahçe S.K. (basketball); FC Bayern Munich (basketball); Galatasaray S.K. (men's basketball); EuroLeague career statistical leaders; Álex Abrines,False,direct,bio_name,,unavailable,
P000738,"KINSEY, TARENCE",Tarence Kinsey,Tarence Kinsey,https://en.wikipedia.org/wiki/Tarence_Kinsey,Shooting guard / small forward,Shooting Guard,matched,,Tarence Kinsey; Fenerbahçe S.K. (basketball); LNB Élite; KK Crvena zvezda; Basketbol Süper Ligi,True,direct,bio_name,1984.0,exact_match,exact_birth_year
P003530,"KIRILENKO, ANDREI",Andrei Kirilenko,Andrei Kirilenko,https://en.wikipedia.org/wiki/Andrei_Kirilenko,Power forward / small forward,Power Forward,matched,,Andrei Kirilenko; EuroLeague 2010–2020 All-Decade Team; Olaf Lange (basketball); EuroLeague Best Defender; 2011–12 Euroleague,True,direct,bio_name,1981.0,exact_match,exact_birth_year
P007616,"KIRK, ALEX",Alex Kirk,Alex Kirk,https://en.wikipedia.org/wiki/Alex_Kirk,Center,Center,matched,,Alex Kirk; Basketball Champions League Asia; Rosters of the champion and finalist teams of EuroLeague; National Basketball League of Canada; BC Žalgiris,False,direct,bio_name,1991.0,exact_match,exact_birth_year
P004217,"KITCHEN, DERWIN",Derwin Kitchen,Derwin Kitchen,https://en.wikipedia.org/wiki/Derwin_Kitchen,Point guard / shooting guard,Point Guard,matched,,Derwin Kitchen; Hapoel Jerusalem B.C.; Rosters of the top basketball teams in European club competitions; Jordan Loyd; 2011–12 Israeli Basketball Super League,True,direct,bio_name,1986.0,exact_match,exact_birth_year
P010100,"KLAVZAR, URBAN",Urban Klavzar,Urban Klavžar,https://en.wikipedia.org/wiki/Urban_Klavžar,Point guard / shooting guard,Point Guard,matched,,Urban Klavžar; 2016–17 Slovenian Basketball League; 2022–23 Real Madrid Baloncesto season; 2015–16 Slovenian Basketball League; 2021–22 Real Madrid Baloncesto season,True,direct,bio_name,2004.0,exact_match,exact_birth_year
P003072,"KLEINER, JONATHAN-CAN",Jonathan-can Kleiner,Belgium,https://en.wikipedia.org/wiki/Belgium,,,page_found_not_basketball_player,Wikipedia page(s) found but none identifiable as a basketball-biography page,Belgium; Thessaloniki,False,search,bio_name,,unavailable,
P001925,"KLEIZA, LINAS",Linas Kleiza,Linas Kleiza,https://en.wikipedia.org/wiki/Linas_Kleiza,Power forward / small forward,Power Forward,matched,,Linas Kleiza; Fenerbahçe S.K. (basketball); Olympiacos B.C.; Alphonso Ford EuroLeague Top Scorer Trophy; All-EuroLeague Team,True,direct,bio_name,1985.0,exact_match,exact_birth_year
PBDK,"KLIMAVICIUS, TADAS",Tadas Klimavicius,Tadas Klimavičius,https://en.wikipedia.org/wiki/Tadas_Klimavičius,Power forward,Power Forward,matched,,Tadas Klimavičius; BC Žalgiris; Baltic Basketball League; Lithuania men's national basketball team; BC Šiauliai,False,direct,bio_name,1982.0,exact_match,exact_birth_year
P006360,"KLIMENKO, ARTEM",Artem Klimenko,Artem Klimenko,https://en.wikipedia.org/wiki/Artem_Klimenko,Center,Center,matched,,Artem Klimenko; BC Avtodor; 2015–16 VTB United League; Italy team for EuroBasket 2022 qualification; 2014 NBA draft,False,direct,bio_name,1994.0,exact_match,exact_birth_year
P007560,"KLJAJIC, JOVAN",Jovan Kljajic,Jovan Kljajić,https://en.wikipedia.org/wiki/Jovan_Kljajić,Shooting guard,Shooting Guard,matched,,Jovan Kljajić; Montenegro men's national basketball team; Eternal derby (Serbia); BC Prienai; List of Serbs of Croatia,False,search,bio_name,2001.0,exact_match,exact_birth_year
P001235,"KLOBUCAR, JAKA",Jaka Klobucar,Jaka Klobučar,https://en.wikipedia.org/wiki/Jaka_Klobučar,Guard / small forward,Small Forward,matched,,Jaka Klobučar; KK Cedevita Olimpija; KK Krka; Slovenian Basketball League; Vaidas Kariniauskas,False,direct,bio_name,1987.0,exact_match,exact_birth_year
P010394,"KNIGHT, MARCOS",Marcos Knight,Marcos Knight,https://en.wikipedia.org/wiki/Marcos_Knight,Point guard,Point Guard,matched,,Marcos Knight; United Basketball League; ASVEL Basket; Virtus Roma; John Patrick (basketball),False,direct,bio_name,1989.0,exact_match,exact_birth_year
P007487,"KOCHERGIN, DANIIL",Daniil Kochergin,PBC CSKA Junior,https://en.wikipedia.org/wiki/PBC_CSKA_Junior,,,page_found_not_basketball_player,Wikipedia page(s) found but none identifiable as a basketball-biography page,PBC CSKA Junior,False,search,bio_name,,unavailable,
PJVK,"KOC, INANC",Inanc Koc,İnanç Koç,https://en.wikipedia.org/wiki/İnanç_Koç,Assistant coach,,position_text_unrecognized,Could not map position text to a canonical position: 'Assistant coach',İnanç Koç; Tofaş S.K.; Karşıyaka Basket; 2015–16 Basketbol Süper Ligi; 2015–16 Euroleague squads,False,direct,bio_name,,unavailable,
PCOB,"KOFFI, ALAIN",Alain Koffi,Alain Koffi,https://en.wikipedia.org/wiki/Alain_Koffi,Power forward / center,Power Forward,matched,,Alain Koffi; France men's national basketball team; Accor Arena; Le Mans Sarthe Basket; BCM Gravelines-Dunkerque,True,direct,bio_name,1983.0,exact_match,exact_birth_year
P002104,"KOKSAL, GOKSENIN",Goksenin Koksal,Göksenin Köksal,https://en.wikipedia.org/wiki/Göksenin_Köksal,Shooting guard / small forward,Shooting Guard,matched,,Göksenin Köksal; Galatasaray S.K. (men's basketball); Turkey men's national basketball team; Galatasaray S.K. men's basketball team rosters; 2022–23 Galatasaray S.K. (men's basketball) season,True,direct,bio_name,1991.0,exact_match,exact_birth_year
P003570,"KOLYUSHKIN, MAXIM",Maxim Kolyushkin,2016 Euroleague Final Four,https://en.wikipedia.org/wiki/2016_Euroleague_Final_Four,,,page_found_not_basketball_player,Wikipedia page(s) found but none identifiable as a basketball-biography page,2016 Euroleague Final Four; Rosters of the top basketball teams in European club competitions; 2015–16 Euroleague squads,False,search,bio_name,,unavailable,
P002279,"KOMOLOV, ARTEM",Artem Komolov,List of 2021–22 EuroLeague transactions,https://en.wikipedia.org/wiki/List_of_2021–22_EuroLeague_transactions,,,page_found_not_basketball_player,Wikipedia page(s) found but none identifiable as a basketball-biography page,List of 2021–22 EuroLeague transactions,False,search,bio_name,,unavailable,
P014031,"KONDIC, KOSTA",Kosta Kondic,Dubai Basketball,https://en.wikipedia.org/wiki/Dubai_Basketball,,,page_found_not_basketball_player,Wikipedia page(s) found but none identifiable as a basketball-biography page,Dubai Basketball; List of 2025–26 EuroLeague transactions; 2024–25 ABA League First Division; 2023–24 KK Partizan season; 2022–23 KK Crvena zvezda season,False,search,bio_name,,unavailable,
P000066,"KONE, MOHAMED",Mohamed Kone,Mohamed Koné,https://en.wikipedia.org/wiki/Mohamed_Koné,,,page_found_identity_unconfirmed,Basketball page found but birth year/nationality could not be confirmed against players_bio.csv,Mohamed Koné; 2025–26 EuroLeague Basketball Next Generation Tournament; Rosters of the top basketball teams in European club competitions; Stade Malien; FC Barcelona Bàsquet B; 2023 FIBA Basketball World Cup squads,False,direct,bio_name,,unavailable,
P005255,"KONIARIS, ANTONIOS",Antonios Koniaris,Antonis Koniaris,https://en.wikipedia.org/wiki/Antonis_Koniaris,Point guard,Point Guard,matched,,Antonis Koniaris; PAOK BC; AEK B.C.; Panathinaikos B.C.; Olympiacos B.C.,False,direct,bio_name,1997.0,exact_match,exact_birth_year
P004178,"KOPONEN, PETTERI",Petteri Koponen,Petteri Koponen,https://en.wikipedia.org/wiki/Petteri_Koponen,Point guard / shooting guard,Point Guard,matched,,Petteri Koponen; FC Bayern Munich (basketball); FC Barcelona Bàsquet; List of 2024–25 EuroLeague transactions; EuroLeague MVP of the Round,True,direct,bio_name,1988.0,exact_match,exact_birth_year
P011050,"KOPRIVICA, BALSA",Balsa Koprivica,Balša Koprivica,https://en.wikipedia.org/wiki/Balša_Koprivica,Center,Center,matched,,Balša Koprivica; 2024–25 KK Partizan season; KK Partizan; List of 2025–26 EuroLeague transactions; 2023–24 KK Partizan season,False,direct,bio_name,2000.0,exact_match,exact_birth_year
P004300,"KORKMAZ, CAN",Can Korkmaz,Can Korkmaz,https://en.wikipedia.org/wiki/Can_Korkmaz,Point guard,Point Guard,matched,,Can Korkmaz; 2024–25 Fenerbahçe S.K. (basketball) season; Galatasaray S.K. (men's basketball); Anadolu Efes S.K.; Aaron Doornekamp,False,direct,bio_name,1992.0,exact_match,exact_birth_year
P005763,"KORKMAZ, FURKAN",Furkan Korkmaz,Furkan Korkmaz,https://en.wikipedia.org/wiki/Furkan_Korkmaz,Small forward / shooting guard,Small Forward,matched,,Furkan Korkmaz; EuroBasket 2022; List of 2026–27 EuroLeague transactions; Beşiktaş J.K. (men's basketball); Galatasaray S.K. (men's basketball),True,direct,bio_name,1997.0,exact_match,exact_birth_year
P003571,"KOROBKOV, PAVEL",Pavel Korobkov,Pavel Korobkov,https://en.wikipedia.org/wiki/Pavel_Korobkov,Power forward / center,Power Forward,matched,,Pavel Korobkov; Rosters of the champion and finalist teams of EuroLeague; 2016 Euroleague Final Four; 2015–16 Fenerbahçe S.K. (basketball) season; Rosters of the top basketball teams in European club competitions,True,direct,bio_name,1990.0,exact_match,exact_birth_year
P012443,"KOSTIC, ANDREJ",Andrej Kostic,Duško Vujošević,https://en.wikipedia.org/wiki/Duško_Vujošević,Head coach,,position_text_unrecognized,Could not map position text to a canonical position: 'Head coach',KK Crvena zvezda (youth); Duško Vujošević; Serbia men's national under-18 basketball team; Luka Pavićević; OKK Beograd,False,search,bio_name,,unavailable,
PLEA,"KOSTRZEWSKI, MATEUSZ",Mateusz Kostrzewski,Mateusz Kostrzewski,https://en.wikipedia.org/wiki/Mateusz_Kostrzewski,Small forward,Small Forward,matched,,Mateusz Kostrzewski; 2022 Polish Basketball Cup; Polish Basketball Cup; 2026 Polish Basketball Cup; Rosters of the top basketball teams in European club competitions,False,direct,bio_name,1989.0,exact_match,exact_birth_year
P004096,"KOSUT, EMIRCAN",Emircan Kosut,Emircan Koşut,https://en.wikipedia.org/wiki/Emircan_Koşut,Center / power forward,Center,matched,,Emircan Koşut; Turkey men's national under-20 basketball team; Turkey men's national under-18 and under-19 basketball team; Türk Telekom B.K.; List of 2016–17 EuroLeague transactions,True,direct,bio_name,1995.0,exact_match,exact_birth_year
P000218,"KOSZAREK, LUKASZ",Lukasz Koszarek,Łukasz Koszarek,https://en.wikipedia.org/wiki/Łukasz_Koszarek,Point guard,Point Guard,matched,,Łukasz Koszarek; Poland men's national basketball team; Arka Gdynia (basketball); Zastal Zielona Góra; Trefl Sopot,False,direct,bio_name,1984.0,exact_match,exact_birth_year
P004603,"KOTSAR, MAIK",Maik Kotsar,Maik Kotsar,https://en.wikipedia.org/wiki/Maik_Kotsar,Center,Center,matched,,Maik Kotsar; 2022–23 EuroLeague; EuroLeague MVP of the Round; List of 2024–25 EuroLeague transactions; Saski Baskonia,False,direct,bio_name,1996.0,exact_match,exact_birth_year
P009766,"KOUFOS, KOSTA",Kosta Koufos,Kosta Koufos,https://en.wikipedia.org/wiki/Kosta_Koufos,Center,Center,matched,,Kosta Koufos; Greece men's national basketball team; Olympiacos B.C.; London Lions (basketball); PBC CSKA Moscow,False,direct,bio_name,1989.0,exact_match,exact_birth_year
P010791,"KOUMADJE, KHALIFA",Khalifa Koumadje,Khalifa Koumadje,https://en.wikipedia.org/wiki/Khalifa_Koumadje,Center,Center,matched,,Khalifa Koumadje; List of 2024–25 EuroLeague transactions,False,direct,bio_name,1996.0,exact_match,exact_birth_year
P001140,"KOUMPOURAS, FANIS",Fanis Koumpouras,Fanis Koumpouras,https://en.wikipedia.org/wiki/Fanis_Koumpouras,Point guard,Point Guard,matched,,Fanis Koumpouras; G.S. Olympia Larissa B.C.; Aris B.C.; AGEH Gymnastikos B.C.; Maroussi B.C.,False,direct,bio_name,1983.0,exact_match,exact_birth_year
P004451,"KOUZELOGLOU, IOANNIS",Ioannis Kouzeloglou,Ioannis Kouzeloglou,https://en.wikipedia.org/wiki/Ioannis_Kouzeloglou,Center / power forward,Center,matched,,Ioannis Kouzeloglou; List of 2025–26 EuroLeague transactions; Panathinaikos B.C.; AEK B.C.; Kolossos Rodou B.C.,True,direct,bio_name,1995.0,exact_match,exact_birth_year
P005427,"KOVACEVIC, DEJAN",Dejan Kovacevic,Dražen Petrović,https://en.wikipedia.org/wiki/Dražen_Petrović,,,page_found_identity_mismatch,Selected page's birth year (1964) clearly differs from players_bio.csv (1996); rejected as a different person.,KK Crvena zvezda; Dražen Petrović; KK Budućnost; KK Cedevita; KK Zadar,False,search,bio_name,1964.0,clear_mismatch,
P004810,"KRAMER, CHRIS",Chris Kramer,Chris Kramer,https://en.wikipedia.org/wiki/Chris_Kramer,Point guard / shooting guard,Point Guard,matched,,Chris Kramer; 2026 EuroLeague Final Four; List of 2026–27 EuroLeague transactions; List of 2025–26 EuroLeague transactions; 2017–18 EuroCup Basketball,True,direct,bio_name,1988.0,exact_match,exact_birth_year
P006482,"KRAMER, DAVID",David Kramer,David Krämer,https://en.wikipedia.org/wiki/David_Krämer,Shooting guard,Shooting Guard,matched,,David Kramer; David Krämer; 2026 EuroLeague Final Four; List of 2026–27 EuroLeague transactions; FC Bayern Munich (basketball); PBC CSKA Moscow,False,search,bio_name,1997.0,exact_match,exact_birth_year
PAON,"KRASIC, BARISA",Barisa Krasic,Bariša Krasić,https://en.wikipedia.org/wiki/Bariša_Krasić,Power forward,Power Forward,matched,,Bariša Krasić; KK Cedevita; Premijer liga (Croatian basketball); 2024–25 ABA League First Division; KK Cibona,False,search,bio_name,1978.0,exact_match,exact_birth_year
P004512,"KRATZER, LEON",Leon Kratzer,Leon Kratzer,https://en.wikipedia.org/wiki/Leon_Kratzer,Center,Center,matched,,Leon Kratzer; List of 2026–27 EuroLeague transactions; List of 2025–26 EuroLeague transactions; ProA; 2024–25 Paris Basketball season,False,direct,bio_name,1997.0,exact_match,exact_birth_year
P000139,"KRAVTSOV, VIACHESLAV",Viacheslav Kravtsov,Viacheslav Kravtsov,https://en.wikipedia.org/wiki/Viacheslav_Kravtsov,Center,Center,matched,,Viacheslav Kravtsov; PBC CSKA Moscow; Valencia Basket; P. League+; BC Kyiv,False,direct,bio_name,1987.0,exact_match,exact_birth_year
P009328,"KRIISA, KERR",Kerr Kriisa,Kerr Kriisa,https://en.wikipedia.org/wiki/Kerr_Kriisa,Point guard,Point Guard,matched,,Kerr Kriisa; Valmo Kriisa; BC Žalgiris; University of Tartu men's basketball team; 2020–21 BC Žalgiris season,False,direct,bio_name,2001.0,exact_match,exact_birth_year
P010185,"KRIVAS, MOTIEJUS",Motiejus Krivas,Motiejus Krivas,https://en.wikipedia.org/wiki/Motiejus_Krivas,Center,Center,matched,,Motiejus Krivas; BC Žalgiris,False,direct,bio_name,2004.0,exact_match,exact_birth_year
P005835,"KRIVOSHEEV, MAKSIM",Maksim Krivosheev,2007–08 Russian Basketball Super League A,https://en.wikipedia.org/wiki/2007–08_Russian_Basketball_Super_League_A,,,page_found_not_basketball_player,Wikipedia page(s) found but none identifiable as a basketball-biography page,2007–08 Russian Basketball Super League A,False,search,bio_name,,unavailable,
P001081,"KRSTANOVIC, STIPE",Stipe Krstanovic,3x3 basketball at the 2010 Summer Youth Olympics,https://en.wikipedia.org/wiki/3x3_basketball_at_the_2010_Summer_Youth_Olympics,,,page_found_not_basketball_player,Wikipedia page(s) found but none identifiable as a basketball-biography page,3x3 basketball at the 2010 Summer Youth Olympics; Croatia men's national under-18 and under-19 basketball team; NK Zadar,False,search,bio_name,,unavailable,
PAUO,"KRSTIC, NENAD",Nenad Krstic,Nenad Krstić,https://en.wikipedia.org/wiki/Nenad_Krstić,Center,Center,matched,,Nenad Krstić; EuroLeague 2010–2020 All-Decade Team; KK Partizan; All-EuroLeague Team; Miloš Teodosić,False,direct,bio_name,1983.0,exact_match,exact_birth_year
PCKI,"KRUPALIJA, DAMIR",Damir Krupalija,Damir Krupalija,https://en.wikipedia.org/wiki/Damir_Krupalija,Small forward,Small Forward,matched,,Damir Krupalija; EuroCup Basketball individual statistics; Spirou Charleroi; Illinois Fighting Illini men's basketball; KK Bosna Royal; Rosters of the top basketball teams in European club competitions,False,direct,bio_name,1979.0,exact_match,exact_birth_year
PLEE,"KRUSLIN, FILIP",Filip Kruslin,Filip Krušlin,https://en.wikipedia.org/wiki/Filip_Krušlin,Shooting guard,Shooting Guard,matched,,Filip Krušlin; KK Split; 2021–22 Dinamo Sassari season; KK Cedevita; KK Bosna Royal,False,direct,bio_name,1989.0,exact_match,exact_birth_year
P010824,"KUBLICKAS, KAJUS",Kajus Kublickas,2025–26 Florida Gators men's basketball team,https://en.wikipedia.org/wiki/2025–26_Florida_Gators_men's_basketball_team,,,page_found_not_basketball_player,Wikipedia page(s) found but none identifiable as a basketball-biography page,2025–26 Florida Gators men's basketball team; 2024–25 Florida Gators men's basketball team; 2025–26 Pacific Tigers men's basketball team; 2023–24 Florida Gators men's basketball team; Pacific Tigers men's basketball statistical leaders,False,search,bio_name,,unavailable,
P005207,"KUCHAREK, MACIEJ",Maciej Kucharek,Przemysław Zamojski,https://en.wikipedia.org/wiki/Przemysław_Zamojski,,,page_found_identity_mismatch,Selected page's birth year (1986) clearly differs from players_bio.csv (1993); rejected as a different person.,Przemysław Zamojski; 2021 FIBA Europe Cup Finals; 2013 Polish Basketball Supercup,False,search,bio_name,1986.0,clear_mismatch,
P004120,"KUDLACEK, JAKUB",Jakub Kudlacek,Pallacanestro Reggiana,https://en.wikipedia.org/wiki/Pallacanestro_Reggiana,,,page_found_not_basketball_player,Wikipedia page(s) found but none identifiable as a basketball-biography page,Pallacanestro Reggiana,False,search,bio_name,,unavailable,
P003549,"KUEBLER, MICHAEL",Michael Kuebler,Carl English,https://en.wikipedia.org/wiki/Carl_English,,,birth_year_small_discrepancy,"Birth year differs by 1-2 years (players_bio.csv=1982, wikipedia=1981); not auto-accepted, flagged for review.",Carl English; February 24,False,search,bio_name,1981.0,small_discrepancy,
P003657,"KUKSIKS, RIHARDS",Rihards Kuksiks,Rihards Kuksiks,https://en.wikipedia.org/wiki/Rihards_Kuksiks,Small forward,Small Forward,matched,,Rihards Kuksiks; BK Ventspils; BC Lietkabelis; Frank Robinson (basketball); BK VEF Rīga,False,direct,bio_name,1988.0,exact_match,exact_birth_year
P001108,"KULAGIN, DMITRY",Dmitry Kulagin,Dmitry Kulagin,https://en.wikipedia.org/wiki/Dmitry_Kulagin,Shooting guard / point guard,Shooting Guard,matched,,Dmitry Kulagin; BC Zenit Saint Petersburg; Mikhail Kulagin; 2016 Euroleague Final Four; 2017–18 EuroCup Basketball,True,direct,bio_name,1992.0,exact_match,exact_birth_year
P002276,"KULAGIN, MIKHAIL",Mikhail Kulagin,Mikhail Kulagin,https://en.wikipedia.org/wiki/Mikhail_Kulagin,Point guard / shooting guard,Point Guard,matched,,Mikhail Kulagin; Dmitry Kulagin; BC Zenit Saint Petersburg; 2017 EuroLeague Final Four; 2016 Euroleague Final Four,True,direct,bio_name,1994.0,exact_match,exact_birth_year
P005849,"KULIG, DAMIAN",Damian Kulig,Damian Kulig,https://en.wikipedia.org/wiki/Damian_Kulig,Power forward / center,Power Forward,matched,,Damian Kulig; Poland men's national basketball team; Trabzonspor B.K.; 2014–15 Eurocup Basketball; 2022 Polish Basketball Cup,True,direct,bio_name,1987.0,exact_match,exact_birth_year
P001490,"KUPSAS, MINDAUGAS",Mindaugas Kupsas,Mindaugas Kupšas,https://en.wikipedia.org/wiki/Mindaugas_Kupšas,Center,Center,matched,,Mindaugas Kupšas; BC Žalgiris; BC Lietkabelis; BC Šiauliai; BC Juventus; 2024–25 BC Žalgiris season,False,direct,bio_name,1991.0,exact_match,exact_birth_year
PBKM,"KUQO, ERMAL",Ermal Kuqo,Ermal Kuqo,https://en.wikipedia.org/wiki/Ermal_Kuqo,Senior Director of Minor League Operations,,position_text_unrecognized,Could not map position text to a canonical position: 'Senior Director of Minor League Operations',Ermal Kuqo; Fenerbahçe S.K. (basketball); Galatasaray S.K. (men's basketball); Anadolu Efes S.K.; Türk Telekom B.K.,False,direct,bio_name,,unavailable,
PJLX,"KURBANOV, NIKITA",Nikita Kurbanov,Nikita Kurbanov,https://en.wikipedia.org/wiki/Nikita_Kurbanov,Small forward,Small Forward,matched,,Nikita Kurbanov; Rosters of the champion and finalist teams of EuroLeague; 2019 EuroLeague Final Four; PBC Lokomotiv Kuban; 2020–21 EuroLeague,False,direct,bio_name,1986.0,exact_match,exact_birth_year
P005789,"KURIC, KYLE",Kyle Kuric,Kyle Kuric,https://en.wikipedia.org/wiki/Kyle_Kuric,Shooting guard,Shooting Guard,matched,,Kyle Kuric; 2023 EuroLeague Final Four; FC Barcelona Bàsquet; EuroCup Basketball All-EuroCup Team; 2022 EuroLeague Final Four,False,direct,bio_name,1989.0,exact_match,exact_birth_year
P003436,"KURTIC, DZENAN",Dzenan Kurtic,"Jablanica, Bosnia and Herzegovina","https://en.wikipedia.org/wiki/Jablanica,_Bosnia_and_Herzegovina",,,page_found_not_basketball_player,Wikipedia page(s) found but none identifiable as a basketball-biography page,"Jablanica, Bosnia and Herzegovina",False,search,bio_name,,unavailable,
P007265,"KURUCS, ARTURS",Arturs Kurucs,Artūrs Kurucs,https://en.wikipedia.org/wiki/Artūrs_Kurucs,Point guard / shooting guard,Point Guard,matched,,Artūrs Kurucs; Rodions Kurucs; Jamal Jones (basketball); BK VEF Rīga; Poland men's national basketball team,True,search,bio_name,2000.0,exact_match,exact_birth_year
P005713,"KURUCS, RODIONS",Rodions Kurucs,Rodions Kurucs,https://en.wikipedia.org/wiki/Rodions_Kurucs,Small forward / power forward,Small Forward,matched,,Rodions Kurucs; Artūrs Kurucs; Saski Baskonia; List of 2025–26 EuroLeague transactions; BK VEF Rīga,True,direct,bio_name,1998.0,exact_match,exact_birth_year
PAFJ,"KUS, DAVOR",Davor Kus,Davor Kus,https://en.wikipedia.org/wiki/Davor_Kus,Point guard / shooting guard,Point Guard,matched,,Davor Kus; ABA League; AEK B.C.; 2006–07 Euroleague; Premijer liga (Croatian basketball),True,direct,bio_name,1978.0,exact_match,exact_birth_year
P014128,"KUSTURICA, NIKOLA",Nikola Kusturica,Nikola Kusturica,https://en.wikipedia.org/wiki/Nikola_Kusturica,Small forward,Small Forward,matched,,Nikola Kusturica; 2025–26 FC Barcelona Bàsquet season; 2025–26 EuroLeague Basketball Next Generation Tournament; Serbs; FC Barcelona Bàsquet B,False,direct,bio_name,2009.0,exact_match,exact_birth_year
PABI,"KUTLUAY, IBRAHIM",Ibrahim Kutluay,İbrahim Kutluay,https://en.wikipedia.org/wiki/İbrahim_Kutluay,Shooting guard / Small forward,Shooting Guard,matched,,İbrahim Kutluay; Ömer Kutluay; Fenerbahçe S.K. (basketball); 1998–99 FIBA EuroLeague; Alphonso Ford EuroLeague Top Scorer Trophy,True,direct,bio_name,1974.0,exact_match,exact_birth_year
P003479,"KUZMIC, OGNJEN",Ognjen Kuzmic,Ognjen Kuzmić,https://en.wikipedia.org/wiki/Ognjen_Kuzmić,Center,Center,matched,,Ognjen Kuzmić; 2016–17 EuroLeague; Basketball League of Serbia; ABA League; KK Crvena zvezda,False,direct,bio_name,1990.0,exact_match,exact_birth_year
P002008,"KUZMINSKAS, MINDAUGAS",Mindaugas Kuzminskas,Mindaugas Kuzminskas,https://en.wikipedia.org/wiki/Mindaugas_Kuzminskas,Power forward / small forward,Power Forward,matched,,Mindaugas Kuzminskas; BC Žalgiris; Olimpia Milano; LKL All-Star Game; Olympiacos B.C.,True,direct,bio_name,1989.0,exact_match,exact_birth_year
PJXU,"KYRITSIS, ALEXANDROS",Alexandros Kyritsis,Alexis Kyritsis,https://en.wikipedia.org/wiki/Alexis_Kyritsis,Shooting guard / small forward,Shooting Guard,matched,,Alexis Kyritsis; Aris B.C.; Panathinaikos B.C.; Olympiacos B.C.; Kolossos Rodou B.C.,True,direct,bio_name,1982.0,exact_match,exact_birth_year
P002503,"LABANOWSKI, SEAN",Sean Labanowski,Sean Labanowski,https://en.wikipedia.org/wiki/Sean_Labanowski,Power forward / center,Power Forward,matched,,Sean Labanowski; 2011 Euroleague Final Four; List of faculty and alumni of Marshall University; Maccabi Tel Aviv B.C. past rosters,True,direct,bio_name,1992.0,exact_match,exact_birth_year
P004884,"LABEYRIE, LOUIS",Louis Labeyrie,Louis Labeyrie,https://en.wikipedia.org/wiki/Louis_Labeyrie,Power forward / center,Power Forward,matched,,Louis Labeyrie; France men's national basketball team; Mouhammadou Jaiteh; Limoges CSP; SIG Strasbourg,True,direct,bio_name,1992.0,exact_match,exact_birth_year
P001261,"LACOMBE, PAUL",Paul Lacombe,Paul Lacombe (basketball),https://en.wikipedia.org/wiki/Paul_Lacombe_(basketball),Shooting guard / small forward,Shooting Guard,matched,,Paul Lacombe; Paul Lacombe (basketball); BeoBasket; ASVEL Basket; AS Monaco Basket; France men's national basketball team,True,search,bio_name,1990.0,exact_match,exact_birth_year
P002870,"LAFAYETTE, OLIVER",Oliver Lafayette,Oliver Lafayette,https://en.wikipedia.org/wiki/Oliver_Lafayette,Point guard / shooting guard,Point Guard,matched,,Oliver Lafayette; Jimmy Oliver (basketball); ABA League; Olympiacos B.C.; Arka Gdynia (basketball),True,direct,bio_name,1984.0,exact_match,exact_birth_year
P006705,"LAGANA, MATTEO",Matteo Lagana,Orlandina Basket,https://en.wikipedia.org/wiki/Orlandina_Basket,,,page_found_not_basketball_player,Wikipedia page(s) found but none identifiable as a basketball-biography page,Orlandina Basket; List of people from Calabria,False,search,bio_name,,unavailable,
P007736,"LAKIC, ARIJAN",Arijan Lakic,Arijan Lakić,https://en.wikipedia.org/wiki/Arijan_Lakić,Shooting guard / Small forward,Shooting Guard,matched,,Arijan Lakić; 2026–27 KK Partizan season; Serbia men's national basketball team; Virtus Bologna; Predrag Danilović,True,search,bio_name,2000.0,exact_match,exact_birth_year
P001571,"LAKKAS, CHRISTOS",Christos Lakkas,Christos Lakkas,https://en.wikipedia.org/wiki/Christos_Lakkas,Point guard / shooting guard,Point Guard,matched,,Christos Lakkas; Peristeri B.C.; Maroussi B.C.; 2023 in sports (A),True,direct,bio_name,1991.0,exact_match,exact_birth_year
PATA,"LAKOVIC, JAKA",Jaka Lakovic,Jaka Lakovič,https://en.wikipedia.org/wiki/Jaka_Lakovič,Point guard,Point Guard,matched,,Jaka Lakovič; Slovenian Basketball League; ABA League; Galatasaray S.K. (men's basketball); All-EuroLeague Team,False,direct,bio_name,1978.0,exact_match,exact_birth_year
PCLL,"LALIC, JURE",Jure Lalic,Jure Lalić,https://en.wikipedia.org/wiki/Jure_Lalić,Center,Center,matched,,Jure Lalić; KK Krka; KK Zadar; PBC Academic; Ben Hansbrough,False,direct,bio_name,1986.0,exact_match,exact_birth_year
P010385,"LAMMERS, BEN",Ben Lammers,Ben Lammers,https://en.wikipedia.org/wiki/Ben_Lammers,Center,Center,matched,,Ben Lammers; 2026 in sports; List of 2020–21 EuroLeague transactions; 2024 Copa del Rey de Baloncesto; Super League,False,direct,bio_name,1995.0,exact_match,exact_birth_year
PBBY,"LAMPE, MACIEJ",Maciej Lampe,Maciej Lampe,https://en.wikipedia.org/wiki/Maciej_Lampe,Power forward / center,Power Forward,matched,,Maciej Lampe; Beşiktaş J.K. (men's basketball); Russian Professional Basketball League; EuroLeague MVP of the Month; Real Madrid Baloncesto,True,direct,bio_name,1985.0,exact_match,exact_birth_year
P008820,"LANDALE, JOCK",Jock Landale,Jock Landale,https://en.wikipedia.org/wiki/Jock_Landale,Center,Center,matched,,Jock Landale; Danilo Gallinari; 2026–27 Atlanta Hawks season; BC Žalgiris; 2018–19 KK Partizan season,False,direct,bio_name,1995.0,exact_match,exact_birth_year
P002089,"LAND, ERIK",Erik Land,T. J. Warren,https://en.wikipedia.org/wiki/T._J._Warren,,,page_found_identity_unconfirmed,Basketball page found but birth year/nationality could not be confirmed against players_bio.csv,Rosters of the top basketball teams in European club competitions; T. J. Warren; UEFA Euro 2024; Finland; Deaths in July 2026,False,search,bio_name,,unavailable,
P004160,"LANDESBERG, SYLVEN",Sylven Landesberg,Sylven Landesberg,https://en.wikipedia.org/wiki/Sylven_Landesberg,Shooting guard / small forward,Shooting Guard,matched,,Sylven Landesberg; Israeli Basketball Premier League; Rosters of the champion and finalist teams of EuroLeague; Maccabi Tel Aviv B.C.; 2014 Euroleague Final Four,True,direct,bio_name,1990.0,exact_match,exact_birth_year
PBEB,"LANGDON, TRAJAN",Trajan Langdon,Trajan Langdon,https://en.wikipedia.org/wiki/Trajan_Langdon,Shooting guard,Shooting Guard,matched,,Trajan Langdon; All-EuroLeague Team; EuroLeague Championship Game; 2008 Euroleague Final Four; EuroLeague Final Four MVP,False,direct,bio_name,1976.0,exact_match,exact_birth_year
P001887,"LANGFORD, KEITH",Keith Langford,Keith Langford,https://en.wikipedia.org/wiki/Keith_Langford,Shooting guard,Shooting Guard,matched,,Keith Langford; Alphonso Ford EuroLeague Top Scorer Trophy; 2016–17 EuroLeague; EuroLeague 2010–2020 All-Decade Team; FIBA EuroChallenge,False,direct,bio_name,1983.0,exact_match,exact_birth_year
P004192,"LANG, NICOLAS",Nicolas Lang,Nicolas Lang,https://en.wikipedia.org/wiki/Nicolas_Lang,Shooting guard / small forward,Shooting Guard,matched,,Nicolas Lang; Miloš Teodosić; Pablo Prigioni; Filip Petrušev; Deni Avdija; SIG Strasbourg,True,direct,bio_name,1990.0,exact_match,exact_birth_year
PJHV,"LAPETA, ADAM",Adam Lapeta,Adam Łapeta,https://en.wikipedia.org/wiki/Adam_Łapeta,Center,Center,matched,,Adam Łapeta; BC Rytas; Poland men's national basketball team; History of BC Rytas; List of 2022–23 T1 League transactions,False,direct,bio_name,1987.0,exact_match,exact_birth_year
P006435,"LAPROVITTOLA, NICOLAS",Nicolas Laprovittola,Nicolás Laprovíttola,https://en.wikipedia.org/wiki/Nicolás_Laprovíttola,Point guard / shooting guard,Point Guard,matched,,Nicolás Laprovíttola; 2021–22 EuroLeague; 2023 EuroLeague Final Four; FC Barcelona Bàsquet; Joventut Badalona,True,direct,bio_name,1990.0,exact_match,exact_birth_year
P010392,"LARENTZAKIS, GIANNOULIS",Giannoulis Larentzakis,Giannoulis Larentzakis,https://en.wikipedia.org/wiki/Giannoulis_Larentzakis,Shooting guard,Shooting Guard,matched,,Giannoulis Larentzakis; Greece men's national basketball team; Olympiacos B.C.; 2022 EuroLeague Final Four; List of 2025–26 EuroLeague transactions,False,direct,bio_name,1993.0,exact_match,exact_birth_year
P007200,"LARKIN, SHANE",Shane Larkin,Shane Larkin,https://en.wikipedia.org/wiki/Shane_Larkin,Point guard / shooting guard,Point Guard,matched,,Shane Larkin; 2024–25 EuroLeague; Fenerbahçe S.K. (basketball); 2019–20 EuroLeague; 2018–19 EuroLeague,True,direct,bio_name,1992.0,exact_match,exact_birth_year
P001287,"LASME, STEPHANE",Stephane Lasme,Stéphane Lasme,https://en.wikipedia.org/wiki/Stéphane_Lasme,Center,Center,matched,,Stéphane Lasme; Basketball League of Serbia; 2012–13 Euroleague; ABA League; Panathinaikos B.C.,False,direct,bio_name,1982.0,exact_match,exact_birth_year
P004194,"LAUVERGNE, JOFFREY",Joffrey Lauvergne,Joffrey Lauvergne,https://en.wikipedia.org/wiki/Joffrey_Lauvergne,Center,Center,matched,,Joffrey Lauvergne; Fenerbahçe S.K. (basketball); BC Žalgiris; Bogdan Bogdanović (basketball); Basketball League of Serbia,False,direct,bio_name,1991.0,exact_match,exact_birth_year
P014120,"LAVI, GUR",Gur Lavi,Israel men's national basketball team,https://en.wikipedia.org/wiki/Israel_men's_national_basketball_team,,,page_found_not_basketball_player,Wikipedia page(s) found but none identifiable as a basketball-biography page,Israel men's national basketball team; List of 2025–26 EuroLeague transactions; List of Israelis,False,search,bio_name,,unavailable,
PLGE,"LAVINA, FERRAN",Ferran Lavina,Ferran Laviña,https://en.wikipedia.org/wiki/Ferran_Laviña,Small forward,Small Forward,matched,,Ferran Laviña; Rosters of the top basketball teams in European club competitions; CB L'Hospitalet; Euroleague 2008–09 Rosters,False,direct,bio_name,1977.0,exact_match,exact_birth_year
PBWK,"LAVRINOVIC, DARJUS",Darjus Lavrinovic,Darjuš Lavrinovič,https://en.wikipedia.org/wiki/Darjuš_Lavrinovič,,,position_unavailable,Basketball page confirmed but has no 'position' field in its infobox,Darjuš Lavrinovič; Kšyštof Lavrinovič; Fenerbahçe S.K. (basketball); All-EuroLeague Team; BC Žalgiris,False,direct,bio_name,,unavailable,
P006860,"LAVRINOVICIUS, DANIELIUS",Danielius Lavrinovicius,List of 2024–25 EuroLeague transactions,https://en.wikipedia.org/wiki/List_of_2024–25_EuroLeague_transactions,,,page_found_not_basketball_player,Wikipedia page(s) found but none identifiable as a basketball-biography page,List of 2024–25 EuroLeague transactions; BC Lietkabelis; BC Žalgiris; 2024–25 BC Žalgiris season; 2024–25 King Mindaugas Cup,False,search,bio_name,,unavailable,
PBLH,"LAVRINOVIC, KSISTOF",Ksistof Lavrinovic,Kšyštof Lavrinovič,https://en.wikipedia.org/wiki/Kšyštof_Lavrinovič,Power forward / center,Power Forward,matched,,Kšyštof Lavrinovič; Darjuš Lavrinovič; BC Žalgiris; 2016–17 EuroCup Basketball; EuroCup Basketball MVP of the Round,True,direct,bio_name,1979.0,exact_match,exact_birth_year
P003431,"LAW, ACIE",Acie Law,Acie Law,https://en.wikipedia.org/wiki/Acie_Law,Point guard,Point Guard,matched,,Acie Law; ABA League; Olympiacos B.C.; Rosters of the champion and finalist teams of EuroLeague; 2012 Euroleague Final Four,False,direct,bio_name,1985.0,exact_match,exact_birth_year
P004812,"LAWAL, GANI",Gani Lawal,Gani Lawal,https://en.wikipedia.org/wiki/Gani_Lawal,Power forward / center,Power Forward,matched,,Gani Lawal; Panathinaikos B.C.; Trabzonspor B.K.; Judson Wallace; San Lorenzo de Almagro (basketball),True,direct,bio_name,1988.0,exact_match,exact_birth_year
P005804,"LAWAL, SHANE",Shane Lawal,Shane Lawal,https://en.wikipedia.org/wiki/Shane_Lawal,Center,Center,matched,,Shane Lawal; Saski Baskonia; 2015–16 FC Barcelona Bàsquet season; 2015–16 Euroleague squads; American Basketball Association,False,direct,bio_name,1986.0,exact_match,exact_birth_year
P003442,"LAWSON, TY",Ty Lawson,Ty Lawson,https://en.wikipedia.org/wiki/Ty_Lawson,Point guard,Point Guard,matched,,Ty Lawson; List of 2026–27 EuroLeague transactions; Ricky Rubio; Kostas Papanikolaou; BC Žalgiris,False,direct,bio_name,1987.0,exact_match,exact_birth_year
P004720,"LAZAREVIC, STEFAN",Stefan Lazarevic,Stefan Lazarević (basketball),https://en.wikipedia.org/wiki/Stefan_Lazarević_(basketball),Small forward / power forward,Small Forward,matched,,Stefan Lazarević; Stefan Lazarević (basketball); KK Crvena zvezda; 2022–23 KK Crvena zvezda season; Nikola Topić; 2017–18 KK Crvena zvezda season,True,search,bio_name,1996.0,exact_match,exact_birth_year
P002073,"LAZAREV, IVAN",Ivan Lazarev,Ivan Lazarev (basketball),https://en.wikipedia.org/wiki/Ivan_Lazarev_(basketball),Power forward / center,Power Forward,matched,,Ivan Lazarev; Ivan Lazarev (basketball); Rosters of the champion and finalist teams of EuroLeague; Rosters of the top basketball teams in European club competitions; 2015–16 Euroleague squads; Russia,True,search,bio_name,1991.0,exact_match,exact_birth_year
PLUO,"LAZIC, BRANKO",Branko Lazic,Branko Lazić,https://en.wikipedia.org/wiki/Branko_Lazić,Small forward / shooting guard,Small Forward,matched,,Branko Lazić; Basketball League of Serbia; List of 2026–27 EuroLeague transactions; KK Crvena zvezda; ABA League,True,direct,bio_name,1989.0,exact_match,exact_birth_year
P014012,"LEAF, TJ",Tj Leaf,T. J. Leaf,https://en.wikipedia.org/wiki/T._J._Leaf,Power forward / center,Power Forward,matched,,T. J. Leaf; Brad Leaf; List of 2025–26 EuroLeague transactions; T. J. Warren; Major professional sports leagues in the United States and Canada,True,search,bio_name,1997.0,exact_match,exact_birth_year
P000144,"LEBEDINTSEV, ANDRIY",Andriy Lebedintsev,MBC Mariupol,https://en.wikipedia.org/wiki/MBC_Mariupol,,,page_found_not_basketball_player,Wikipedia page(s) found but none identifiable as a basketball-biography page,MBC Mariupol; 2015–16 SL Favorit Sport season,False,search,bio_name,,unavailable,
P003176,"LEBO, KARLO",Karlo Lebo,KK Cedevita,https://en.wikipedia.org/wiki/KK_Cedevita,,,page_found_not_basketball_player,Wikipedia page(s) found but none identifiable as a basketball-biography page,KK Cedevita,False,search,bio_name,,unavailable,
P001838,"LEBRUN, MAEL",Mael Lebrun,Maël Lebrun,https://en.wikipedia.org/wiki/Maël_Lebrun,Shooting guard / small forward,Shooting Guard,matched,,Maël Lebrun; France at the 2024 Summer Olympics,True,direct,bio_name,1991.0,exact_match,exact_birth_year
PBFQ,"LECHTHALER, LUCA",Luca Lechthaler,Luca Lechthaler,https://en.wikipedia.org/wiki/Luca_Lechthaler,Center,Center,matched,,Luca Lechthaler; 2019–20 Aquila Basket Trento season; Rosters of the top basketball teams in European club competitions; 2017 Italian Basketball Supercup; 2018 LBA Finals,False,direct,bio_name,1986.0,exact_match,exact_birth_year
P008987,"LEDAY, ZACH",Zach Leday,Zach LeDay,https://en.wikipedia.org/wiki/Zach_LeDay,Power forward,Power Forward,matched,,Zach LeDay; 2024–25 EuroLeague; List of 2026–27 EuroLeague transactions; 2023–24 KK Partizan season; 2018–19 EuroLeague,False,direct,bio_name,1994.0,exact_match,exact_birth_year
P007969,"LEDO, RICKY",Ricky Ledo,Ricky Ledo,https://en.wikipedia.org/wiki/Ricky_Ledo,Small forward,Small Forward,matched,,Ricky Ledo; AEK B.C.; Anadolu Efes S.K.; P. League+; 2016–17 Basketbol Süper Ligi,False,direct,bio_name,1992.0,exact_match,exact_birth_year
P011225,"LEE, PARIS",Paris Lee,Paris Lee,https://en.wikipedia.org/wiki/Paris_Lee,Point guard,Point Guard,matched,,Paris Lee; List of 2026–27 EuroLeague transactions; 2023–24 EuroLeague; List of 2025–26 EuroLeague transactions; EuroLeague Championship Game,False,direct,bio_name,1995.0,exact_match,exact_birth_year
P013389,"LEE, SABEN",Saben Lee,Saben Lee,https://en.wikipedia.org/wiki/Saben_Lee,Point guard / shooting guard,Point Guard,matched,,Saben Lee; List of 2026–27 EuroLeague transactions; 2025 EuroLeague Final Four; Olympiacos B.C.; List of 2024–25 EuroLeague transactions,True,direct,bio_name,1999.0,exact_match,exact_birth_year
P003210,"LEKAVICIUS, LUKAS",Lukas Lekavicius,Lukas Lekavičius,https://en.wikipedia.org/wiki/Lukas_Lekavičius,Point guard,Point Guard,matched,,Lukas Lekavičius; BC Žalgiris; EuroLeague career statistical leaders; List of 2025–26 EuroLeague transactions; Marius Grigonis,False,direct,bio_name,1994.0,exact_match,exact_birth_year
P010190,"LELEVICIUS, LIUTAURAS",Liutauras Lelevicius,BC Lietkabelis,https://en.wikipedia.org/wiki/BC_Lietkabelis,,,page_found_not_basketball_player,Wikipedia page(s) found but none identifiable as a basketball-biography page,BC Lietkabelis; BC Žalgiris; BC Žalgiris-2; 2023–24 King Mindaugas Cup,False,search,bio_name,,unavailable,
PLGQ,"LELOUP, JEREMY",Jeremy Leloup,SIG Strasbourg,https://en.wikipedia.org/wiki/SIG_Strasbourg,,,page_found_not_basketball_player,Wikipedia page(s) found but none identifiable as a basketball-biography page,SIG Strasbourg; Le Mans Sarthe Basket; 2015–16 Euroleague squads; 2016 Eurocup Finals; Rosters of the top basketball teams in European club competitions,False,search,bio_name,,unavailable,
P014169,"LEN, ALEX",Alex Len,Alex Len,https://en.wikipedia.org/wiki/Alex_Len,Center,Center,matched,,Alex Len; List of 2026–27 EuroLeague transactions; List of 2025–26 EuroLeague transactions; Saski Baskonia; Real Madrid Baloncesto,False,direct,bio_name,1993.0,exact_match,exact_birth_year
P001947,"LEONARD, CHRISTOPHE",Christophe Leonard,Christophe Léonard,https://en.wikipedia.org/wiki/Christophe_Léonard,Small forward,Small Forward,matched,,Christophe Léonard; Élite 2 Leaders Cup; Rosters of the top basketball teams in European club competitions; January 2007 in sports; List of professional sportspeople convicted of crimes; 2014 in sports,False,direct,bio_name,1990.0,exact_match,exact_birth_year
P001928,"LESIC, SAVA",Sava Lesic,Sava Lešić,https://en.wikipedia.org/wiki/Sava_Lešić,Power forward,Power Forward,matched,,Sava Lešić; Basketball League of Serbia; BC Khimik; Pallacanestro Reggiana; 2018–19 ABA League First Division,False,direct,bio_name,1988.0,exact_match,exact_birth_year
P003842,"LESSORT, MATHIAS",Mathias Lessort,Mathias Lessort,https://en.wikipedia.org/wiki/Mathias_Lessort,Center,Center,matched,,Mathias Lessort; 2023–24 EuroLeague; All-EuroLeague Team; FC Bayern Munich (basketball); 2022–23 EuroLeague,False,direct,bio_name,1995.0,exact_match,exact_birth_year
PTGZ,"LESTINI, FEDERICO",Federico Lestini,Rosters of the top basketball teams in European club competitions,https://en.wikipedia.org/wiki/Rosters_of_the_top_basketball_teams_in_European_club_competitions,,,page_found_not_basketball_player,Wikipedia page(s) found but none identifiable as a basketball-biography page,Rosters of the top basketball teams in European club competitions,False,search,bio_name,,unavailable,
P005979,"LEUMI, ORR",Orr Leumi,Orr Leumi,https://en.wikipedia.org/wiki/Orr_Leumi,Shooting guard,Shooting Guard,matched,,Orr Leumi; 2016–17 Israeli Basketball Super League; Ironi Nahariya; 2020–21 Israeli Basketball Premier League; Maccabi Tel Aviv B.C. past rosters,False,direct,bio_name,1996.0,exact_match,exact_birth_year
P003013,"LEUNEN, MAARTEN",Maarten Leunen,Maarty Leunen,https://en.wikipedia.org/wiki/Maarty_Leunen,Power forward,Power Forward,matched,,Maarty Leunen; 2019–20 Fortitudo Bologna season; 2016 Italian Basketball Supercup; 2016 Italian Basketball Cup; 2017 Italian Basketball Cup,False,direct,bio_name,1985.0,exact_match,exact_birth_year
P007768,"LEVI, NIMROD",Nimrod Levi,Nimrod Levi,https://en.wikipedia.org/wiki/Nimrod_Levi,Power forward,Power Forward,matched,,Nimrod Levi; Israel men's national basketball team; Hapoel Jerusalem B.C.; 2018–19 Israeli Basketball Premier League; 2021–22 Israeli Basketball Premier League,False,direct,bio_name,1995.0,exact_match,exact_birth_year
PCTS,"LEWIS, LARRY",Larry Lewis,Larry Lewis,https://en.wikipedia.org/wiki/Larry_Lewis,,,page_found_not_basketball_player,Wikipedia page(s) found but none identifiable as a basketball-biography page,Larry Lewis; ABA League; Olympiacos B.C.; EuroLeague season statistical leaders; EuroCup Basketball MVP of the Round; American Basketball Association,False,direct,bio_name,,unavailable,
P004797,"LYDEKA, TAUTVYDAS",Tautvydas Lydeka,Tautvydas Lydeka,https://en.wikipedia.org/wiki/Tautvydas_Lydeka,Center,Center,matched,,Tautvydas Lydeka; San Lorenzo de Almagro (basketball); BC Dnipro; BC Žalgiris; BC Rytas; Trefl Sopot,False,direct,bio_name,1983.0,exact_match,exact_birth_year
P003526,"LIGHTY, DAVID",David Lighty,David Lighty,https://en.wikipedia.org/wiki/David_Lighty,Small forward / shooting guard,Small Forward,matched,,David Lighty; List of 2026–27 EuroLeague transactions; 2013–14 Fenerbahçe S.K. (basketball) season; Deon Thompson; ASVEL Basket,True,direct,bio_name,1988.0,exact_match,exact_birth_year
PJAV,"LIKHODEI, VALERII",Valerii Likhodei,Valery Likhodey,https://en.wikipedia.org/wiki/Valery_Likhodey,Assistant coach,,position_text_unrecognized,Could not map position text to a canonical position: 'Assistant coach',Valery Likhodey; Pavel Antipov,False,direct,bio_name,,unavailable,
P001098,"LIMA, AUGUSTO",Augusto Lima,Augusto Lima,https://en.wikipedia.org/wiki/Augusto_Lima,Power forward / center,Power Forward,matched,,Augusto Lima; Alianza Lima; Real Madrid Baloncesto; BC Žalgiris; KK Cedevita,True,direct,bio_name,1991.0,exact_match,exact_birth_year
PDID,"LIMONAD, RAVIV",Raviv Limonad,Raviv Limonad,https://en.wikipedia.org/wiki/Raviv_Limonad,Point guard / shooting guard,Point Guard,matched,,Raviv Limonad; Israel men's national basketball team; 2015–16 Israeli Basketball Super League; Hapoel Tel Aviv B.C.; Hapoel Jerusalem B.C.,True,direct,bio_name,1984.0,exact_match,exact_birth_year
PLNP,"LINEHAN, JOHN",John Linehan,John Linehan (basketball),https://en.wikipedia.org/wiki/John_Linehan_(basketball),Point guard,Point Guard,matched,,John Linehan; John Linehan (basketball); LNB Élite; 2009–10 Pro A season; 2010–11 Pro A season; Kenneth Faried,False,search,bio_name,1978.0,exact_match,exact_birth_year
P005825,"LINHART, NATE",Nate Linhart,Nate Linhart,https://en.wikipedia.org/wiki/Nate_Linhart,Small forward,Small Forward,matched,,Nate Linhart; 2014–15 Euroleague squads; Rosters of the top basketball teams in European club competitions; 2017–18 Basketball Bundesliga; Maccabi Tel Aviv B.C. past rosters,False,direct,bio_name,1986.0,exact_match,exact_birth_year
PLXI,"LIPKEVICIUS, VYTENIS",Vytenis Lipkevicius,Vytenis Lipkevičius,https://en.wikipedia.org/wiki/Vytenis_Lipkevičius,Small forward / Power forward,Small Forward,matched,,Vytenis Lipkevičius; BC Lietkabelis; BC Žalgiris; 2025–26 LKL season; 2015–16 Euroleague squads,True,direct,bio_name,1989.0,exact_match,exact_birth_year
P000236,"LISHCHUK, SERHIY",Serhiy Lishchuk,Serhiy Lishchuk,https://en.wikipedia.org/wiki/Serhiy_Lishchuk,Center / power forward,Center,matched,,Serhiy Lishchuk; UCAM Murcia CB; BC Khimik; Valencia Basket; MBC Mariupol,True,direct,bio_name,1982.0,exact_match,exact_birth_year
PAND,"LISICKY, PETER",Peter Lisicky,Peter Lisicky,https://en.wikipedia.org/wiki/Peter_Lisicky,,,page_found_identity_unconfirmed,Basketball page found but birth year/nationality could not be confirmed against players_bio.csv,"Peter Lisicky; Rosters of the top basketball teams in European club competitions; Whitehall High School (Pennsylvania); Euroleague 2008–09 Rosters; List of gay, lesbian or bisexual people: L",False,direct,bio_name,,unavailable,
PTGB,"LLULL, SERGIO",Sergio Llull,Sergio Llull,https://en.wikipedia.org/wiki/Sergio_Llull,Shooting guard / point guard,Shooting Guard,matched,,Sergio Llull; EuroLeague 2010–2020 All-Decade Team; EuroLeague; 2026 EuroLeague Final Four; 2016–17 EuroLeague,True,direct,bio_name,1987.0,exact_match,exact_birth_year
P001995,"LOFTON, CHRIS",Chris Lofton,Chris Lofton,https://en.wikipedia.org/wiki/Chris_Lofton,Guard,,position_text_unrecognized,Could not map position text to a canonical position: 'Guard',Chris Lofton; Kenneth Lofton Jr.; Beşiktaş J.K. (men's basketball); PBC Lokomotiv Kuban; Hapoel Jerusalem B.C.,False,direct,bio_name,,unavailable,
P000541,"LOGAN, DAVID",David Logan,David Logan (basketball),https://en.wikipedia.org/wiki/David_Logan_(basketball),Point guard / shooting guard,Point Guard,matched,,David Logan; David Logan (basketball); 2016–17 EuroCup Basketball; Arka Gdynia (basketball); EuroCup Basketball MVP of the Round,True,search,bio_name,1982.0,exact_match,exact_birth_year
P003608,"LOJESKI, MATT",Matt Lojeski,Matt Lojeski,https://en.wikipedia.org/wiki/Matt_Lojeski,Small forward / shooting guard,Small Forward,matched,,Matt Lojeski; Pro Basketball League MVP; EuroLeague Championship Game; EuroLeague Championship Game Top Scorer; AEK B.C.,True,direct,bio_name,1985.0,exact_match,exact_birth_year
P007032,"LO, MAODO",Maodo Lo,Maodo Lô,https://en.wikipedia.org/wiki/Maodo_Lô,Point guard / shooting guard,Point Guard,matched,,Maodo Lô; 2023–24 EuroLeague; FC Bayern Munich (basketball); 2021–22 EuroLeague; 2025–26 BC Žalgiris season,True,direct,bio_name,1992.0,exact_match,exact_birth_year
P005553,"LOMAZS, RIHARDS",Rihards Lomazs,Rihards Lomažs,https://en.wikipedia.org/wiki/Rihards_Lomažs,Shooting guard,Shooting Guard,matched,,Rihards Lomažs; 2025–26 EuroCup Basketball; 2019–20 ASVEL Basket season; BK Ventspils; List of 2024–25 EuroLeague transactions,False,direct,bio_name,1996.0,exact_match,exact_birth_year
P012113,"LONATI, ACHILLE",Achille Lonati,2025–26 St. Bonaventure Bonnies men's basketball team,https://en.wikipedia.org/wiki/2025–26_St._Bonaventure_Bonnies_men's_basketball_team,,,page_found_not_basketball_player,Wikipedia page(s) found but none identifiable as a basketball-biography page,2025–26 St. Bonaventure Bonnies men's basketball team; 2024 FIBA Under-17 Basketball World Cup squads,False,search,bio_name,,unavailable,
PBEJ,"LONCAR, KRESIMIR",Kresimir Loncar,Krešimir Lončar,https://en.wikipedia.org/wiki/Krešimir_Lončar,Manager of sport & scouting,,position_text_unrecognized,Could not map position text to a canonical position: 'Manager of sport & scouting',Krešimir Lončar; Rosters of the champion and finalist teams of EuroLeague; KK Cedevita; KK Split; BC Khimki,False,direct,bio_name,,unavailable,
PAFL,"LONGIN, BRANIMIR",Branimir Longin,Krešimir Ćosić Cup,https://en.wikipedia.org/wiki/Krešimir_Ćosić_Cup,,,page_found_identity_unconfirmed,Basketball page found but birth year/nationality could not be confirmed against players_bio.csv,Krešimir Ćosić Cup; Euroleague 2008–09 Rosters; List of Serbs; List of people from Serbia,False,search,bio_name,,unavailable,
P006135,"LOPATIN, ANDREI",Andrei Lopatin,PBC Lokomotiv Kuban,https://en.wikipedia.org/wiki/PBC_Lokomotiv_Kuban,,,page_found_not_basketball_player,Wikipedia page(s) found but none identifiable as a basketball-biography page,PBC Lokomotiv Kuban; Rosters of the top basketball teams in European club competitions; Italy team for EuroBasket 2022 qualification,False,search,bio_name,,unavailable,
P005356,"LOPEZ-AROSTEGUI, XABI",Xabi Lopez-arostegui,Xabier López-Arostegui,https://en.wikipedia.org/wiki/Xabier_López-Arostegui,Small forward,Small Forward,matched,,Xabier López-Arostegui; List of 2026–27 EuroLeague transactions; 2025 Supercopa de España de Baloncesto; 2017–18 ACB season; 2018–19 ACB season,False,search,bio_name,1997.0,exact_match,exact_birth_year
P001450,"LOPEZ, RAI",Rai Lopez,2026 in sports,https://en.wikipedia.org/wiki/2026_in_sports,,,page_found_not_basketball_player,Wikipedia page(s) found but none identifiable as a basketball-biography page,2026 in sports; UEFA Women's Euro 2025; Euro Beach Soccer League; 2020–21 Virtus Bologna season; 2024–25 Real Madrid CF season,False,search,bio_name,,unavailable,
P009918,"LOPEZ, LAUTARO",Lautaro Lopez,Lautaro López,https://en.wikipedia.org/wiki/Lautaro_López,Point guard,Point Guard,matched,,Lautaro López; KK Bosna Royal; 2020–21 Saski Baskonia season; 2019–20 Saski Baskonia season; 2021–22 Radivoj Korać Cup,False,direct,bio_name,1999.0,exact_match,exact_birth_year
PAIT,"LOPEZ, RAUL",Raul Lopez,Raül López (basketball),https://en.wikipedia.org/wiki/Raül_López_(basketball),Point guard,Point Guard,matched,,Raúl López; Raül López (basketball); Fenerbahçe S.K. (basketball); Raul Neto; Juan Carlos Navarro (basketball); Real Madrid Baloncesto,False,search,bio_name,1980.0,exact_match,exact_birth_year
PBWL,"LORBEK, ERAZEM",Erazem Lorbek,Erazem Lorbek,https://en.wikipedia.org/wiki/Erazem_Lorbek,Power forward / center,Power Forward,matched,,Erazem Lorbek; All-EuroLeague Team; FC Barcelona Bàsquet; Rosters of the champion and finalist teams of EuroLeague; EuroLeague career statistical leaders,True,direct,bio_name,1984.0,exact_match,exact_birth_year
PLSN,"LORBEK, KLEMEN",Klemen Lorbek,Klemen Lorbek,https://en.wikipedia.org/wiki/Klemen_Lorbek,Point guard / shooting guard,Point Guard,matched,,Klemen Lorbek; Erazem Lorbek; Domen Lorbek; Rosters of the top basketball teams in European club competitions; List of professional sports families,True,direct,bio_name,1988.0,exact_match,exact_birth_year
P006302,"LOUNTZIS, MICHALIS",Michalis Lountzis,Michalis Lountzis,https://en.wikipedia.org/wiki/Michalis_Lountzis,Point guard / shooting guard,Point Guard,matched,,Michalis Lountzis; 2025–26 EuroCup Basketball; 2023 EuroLeague Final Four; Greece men's national basketball team; List of 2024–25 EuroLeague transactions,True,direct,bio_name,1998.0,exact_match,exact_birth_year
P009754,"LOYD, JORDAN",Jordan Loyd,Jordan Loyd,https://en.wikipedia.org/wiki/Jordan_Loyd,Shooting guard / point guard,Shooting Guard,matched,,Jordan Loyd; List of 2026–27 EuroLeague transactions; 2025 EuroLeague Final Four; 2022–23 EuroLeague; 2023 EuroLeague Final Four,True,direct,bio_name,1993.0,exact_match,exact_birth_year
P001867,"GORDON, JAMON",Jamon Gordon,Jamon Gordon,https://en.wikipedia.org/wiki/Jamon_Gordon,Point guard / shooting guard,Point Guard,matched,,Jamon Gordon; Galatasaray S.K. (men's basketball); ABA League; EuroLeague MVP of the Round; Olympiacos B.C.,True,direct,bio_name,1984.0,exact_match,exact_birth_year
P003417,"LUCAS, KALIN",Kalin Lucas,Kalin Lucas,https://en.wikipedia.org/wiki/Kalin_Lucas,Point guard,Point Guard,matched,,Kalin Lucas; Olympiacos B.C.; KK Crvena zvezda; 2019–20 KK Crvena zvezda season; Bandırma B.İ.K.,False,direct,bio_name,1989.0,exact_match,exact_birth_year
P001288,"LUCIC, VLADIMIR",Vladimir Lucic,Vladimir Lučić,https://en.wikipedia.org/wiki/Vladimir_Lučić,Small forward / Power forward,Small Forward,matched,,Vladimir Lučić; FC Bayern Munich (basketball); 2020–21 EuroLeague; Basketball League of Serbia; KK Partizan,True,direct,bio_name,1989.0,exact_match,exact_birth_year
PBUU,"LUKAUSKIS, MINDAUGAS",Mindaugas Lukauskis,Mindaugas Lukauskis,https://en.wikipedia.org/wiki/Mindaugas_Lukauskis,Small forward / shooting guard,Small Forward,matched,,Mindaugas Lukauskis; ASVEL Basket; Tofaş S.K.; BC Lietkabelis; Lietuvos krepšinio lyga,True,direct,bio_name,1979.0,exact_match,exact_birth_year
P006158,"LUKOSIUNAS, KAROLIS",Karolis Lukosiunas,Karolis Lukošiūnas,https://en.wikipedia.org/wiki/Karolis_Lukošiūnas,Shooting guard / small forward,Shooting Guard,matched,,Karolis Lukošiūnas; BC Žalgiris; London Lions (basketball); List of 2024–25 EuroLeague transactions; List of 2019–20 EuroLeague transactions,True,direct,bio_name,1997.0,exact_match,exact_birth_year
P010781,"LUNDBERG, IFFE",Iffe Lundberg,Gabriel Lundberg,https://en.wikipedia.org/wiki/Gabriel_Lundberg,Shooting guard / point guard,Shooting Guard,matched,,Gabriel Lundberg; 2025–26 KK Partizan season; 2025–26 Israeli Basketball Premier League; List of 2025–26 EuroLeague transactions; List of 2024–25 EuroLeague transactions,True,direct,bio_name,1994.0,exact_match,exact_birth_year
P012080,"LUWAWU-CABARROT, TIMOTHE",Timothe Luwawu-cabarrot,Timothé Luwawu-Cabarrot,https://en.wikipedia.org/wiki/Timothé_Luwawu-Cabarrot,Small forward / Shooting guard,Small Forward,matched,,Timothé Luwawu-Cabarrot; Basketball League of Serbia; Real Madrid Baloncesto; LNB Élite; ASVEL Basket,True,search,bio_name,1995.0,exact_match,exact_birth_year
P001633,"LUZ, RAFA",Rafa Luz,Rafa Luz,https://en.wikipedia.org/wiki/Rafa_Luz,Point guard,Point Guard,matched,,Rafa Luz; S.L. Benfica; Rafael Nadal; 2026–27 FC Barcelona Bàsquet season; 2024–25 FC Barcelona Bàsquet season,False,direct,bio_name,1992.0,exact_match,exact_birth_year
PCOX,"LYDAY, TERRELL",Terrell Lyday,Terrell Lyday,https://en.wikipedia.org/wiki/Terrell_Lyday,Shooting guard,Shooting Guard,matched,,Terrell Lyday; FIBA EuroCup Challenge; ASVEL Basket; EuroCup Basketball All-EuroCup Team; EuroLeague MVP of the Round,False,direct,bio_name,1979.0,exact_match,exact_birth_year
P014117,"LYLES, TREY",Trey Lyles,Trey Lyles,https://en.wikipedia.org/wiki/Trey_Lyles,Power forward,Power Forward,matched,,Trey Lyles; 2026 EuroLeague Final Four; List of 2026–27 EuroLeague transactions; List of 2025–26 EuroLeague transactions; Real Madrid Baloncesto,False,direct,bio_name,1995.0,exact_match,exact_birth_year
P011620,"MACHOWSKI, NILS",Nils Machowski,Basketball Löwen Braunschweig,https://en.wikipedia.org/wiki/Basketball_Löwen_Braunschweig,,,page_found_not_basketball_player,Wikipedia page(s) found but none identifiable as a basketball-biography page,Basketball Löwen Braunschweig,False,search,bio_name,,unavailable,
PCBV,"MACIJAUSKAS, ARVYDAS",Arvydas Macijauskas,Arvydas Macijauskas,https://en.wikipedia.org/wiki/Arvydas_Macijauskas,Shooting guard,Shooting Guard,matched,,Arvydas Macijauskas; Olympiacos B.C.; BC Rytas; All-EuroLeague Team; Rosters of the champion and finalist teams of EuroLeague,False,direct,bio_name,1980.0,exact_match,exact_birth_year
PJCC,"MACIULIS, JONAS",Jonas Maciulis,Jonas Mačiulis,https://en.wikipedia.org/wiki/Jonas_Mačiulis,Small forward / power forward,Small Forward,matched,,Jonas Mačiulis; Jonas Valančiūnas; BC Žalgiris; Lithuania men's national basketball team; Real Madrid Baloncesto,True,direct,bio_name,1985.0,exact_match,exact_birth_year
P009902,"MACK, SHELVIN",Shelvin Mack,Shelvin Mack,https://en.wikipedia.org/wiki/Shelvin_Mack,Point guard / shooting guard,Point Guard,matched,,Shelvin Mack; Hapoel Jerusalem B.C.; Tyler Dorsey; Panathinaikos B.C.; 2019–20 Olimpia Milano season,True,direct,bio_name,1990.0,exact_match,exact_birth_year
P011236,"MACON JR, DARYL",Daryl Macon Jr,Daryl Macon,https://en.wikipedia.org/wiki/Daryl_Macon,Shooting guard / point guard,Shooting Guard,matched,,Daryl Macon; Galatasaray S.K. (men's basketball); 2021–22 EuroLeague; EuroLeague MVP of the Round; List of 2024–25 EuroLeague transactions,True,search,bio_name,1995.0,exact_match,exact_birth_year
PJEA,"MACVAN, MILAN",Milan Macvan,Milan Mačvan,https://en.wikipedia.org/wiki/Milan_Mačvan,Power forward,Power Forward,matched,,Milan Mačvan; Olimpia Milano; Galatasaray S.K. (men's basketball); Basketball League of Serbia; FC Bayern Munich (basketball),False,direct,bio_name,,unavailable,nationality_field
P011052,"MADAR, YAM",Yam Madar,Yam Madar,https://en.wikipedia.org/wiki/Yam_Madar,Point guard,Point Guard,matched,,Yam Madar; Fenerbahçe S.K. (basketball); 2024–25 EuroCup Basketball; FC Bayern Munich (basketball); EuroLeague Rising Star,False,direct,bio_name,2000.0,exact_match,exact_birth_year
P008796,"MAGETTE, JOSH",Josh Magette,Josh Magette,https://en.wikipedia.org/wiki/Josh_Magette,Point guard,Point Guard,matched,,Josh Magette; KK Cedevita; List of 2018–19 EuroLeague transactions; List of 2017–18 NBA season transactions; List of 2018–19 NBA season transactions,False,direct,bio_name,1989.0,exact_match,exact_birth_year
P006463,"MAGRO, DANIELE",Daniele Magro,Daniele Magro,https://en.wikipedia.org/wiki/Daniele_Magro,Center,Center,matched,,Daniele Magro; 2019–20 Dinamo Sassari season; Italy men's national basketball team; 2015–16 Euroleague squads; 2016–17 Olimpia Milano season,False,direct,bio_name,1987.0,exact_match,exact_birth_year
P003042,"MAHALBASIC, RASID",Rasid Mahalbasic,Rašid Mahalbašić,https://en.wikipedia.org/wiki/Rašid_Mahalbašić,Center / power forward,Center,matched,,Rašid Mahalbašić; Fenerbahçe S.K. (basketball); Arka Gdynia (basketball); KK Cedevita Olimpija; 2012–13 Euroleague,True,direct,bio_name,1990.0,exact_match,exact_birth_year
P002969,"MAHMUTOGLU, MELIH",Melih Mahmutoglu,Melih Mahmutoğlu,https://en.wikipedia.org/wiki/Melih_Mahmutoğlu,Shooting guard,Shooting Guard,matched,,Melih Mahmutoğlu; Fenerbahçe S.K. (basketball); List of 2026–27 EuroLeague transactions; 2017 EuroLeague Final Four; 2016–17 Fenerbahçe S.K. (basketball) season,False,direct,bio_name,1990.0,exact_match,exact_birth_year
PBUL,"MAINOLDI, LEO",Leo Mainoldi,Leo Mainoldi,https://en.wikipedia.org/wiki/Leo_Mainoldi,Power forward,Power Forward,matched,,Leo Mainoldi,False,direct,bio_name,1985.0,exact_match,exact_birth_year
PCIU,"MAJSTOROVIC, MILAN",Milan Majstorovic,Milan Majstorović,https://en.wikipedia.org/wiki/Milan_Majstorović,Power forward / center,Power Forward,matched,,Milan Majstorović; 2018–19 KK Crvena zvezda season; Crvena Zvezda–Partizan basketball rivalry; Rosters of the top basketball teams in European club competitions; KK MZT Skopje,True,direct,bio_name,1983.0,exact_match,exact_birth_year
P006357,"MAKIEV, ALAN",Alan Makiev,List of 2017–18 EuroLeague transactions,https://en.wikipedia.org/wiki/List_of_2017–18_EuroLeague_transactions,,,page_found_not_basketball_player,Wikipedia page(s) found but none identifiable as a basketball-biography page,List of 2017–18 EuroLeague transactions; Rosters of the top basketball teams in European club competitions,False,search,bio_name,,unavailable,
P011935,"MAKOUNDOU, YOAN",Yoan Makoundou,Yoan Makoundou,https://en.wikipedia.org/wiki/Yoan_Makoundou,Center / power forward,Center,matched,,Yoan Makoundou; List of 2026–27 EuroLeague transactions; AS Monaco Basket; 2023 EuroLeague Final Four; List of 2025–26 EuroLeague transactions,True,direct,bio_name,2000.0,exact_match,exact_birth_year
P012609,"MALCOLM, COLLIN",Collin Malcolm,Collin Malcolm,https://en.wikipedia.org/wiki/Collin_Malcolm,Small forward / shooting guard,Small Forward,matched,,Collin Malcolm; Paris Basketball; List of 2026–27 EuroLeague transactions; List of 2025–26 EuroLeague transactions; Anadolu Efes S.K.,True,direct,bio_name,1997.0,exact_match,exact_birth_year
P007027,"MALEDON, THEO",Theo Maledon,Théo Maledon,https://en.wikipedia.org/wiki/Théo_Maledon,Shooting guard / point guard,Shooting Guard,matched,,Théo Maledon; 2024–25 EuroLeague; 2025–26 EuroLeague; All-EuroLeague Team; 2026 EuroLeague Final Four,True,direct,bio_name,2001.0,exact_match,exact_birth_year
PCMF,"MALLET, DEMOND",Demond Mallet,Demond Mallet,https://en.wikipedia.org/wiki/Demond_Mallet,Point guard,Point Guard,matched,,Demond Mallet; Joventut Badalona; Basketball Löwen Braunschweig; Pro Basketball League MVP; Spirou Charleroi,False,direct,bio_name,1978.0,exact_match,exact_birth_year
P004185,"MALMANIS, RINALDS",Rinalds Malmanis,Nikola Radičević,https://en.wikipedia.org/wiki/Nikola_Radičević,,,birth_year_small_discrepancy,"Birth year differs by 1-2 years (players_bio.csv=1996, wikipedia=1994); not auto-accepted, flagged for review.",BC Kalev; Nikola Radičević; Rosters of the top basketball teams in European club competitions; 2015–16 Saski Baskonia season; 2018 Copa del Rey de Baloncesto,False,search,bio_name,1994.0,small_discrepancy,
PANH,"MANCINELLI, STEFANO",Stefano Mancinelli,Stefano Mancinelli,https://en.wikipedia.org/wiki/Stefano_Mancinelli,Small forward / power forward,Small Forward,matched,,Stefano Mancinelli; Italy men's national basketball team; Rosters of the champion and finalist teams of EuroLeague; Olimpia Milano; 2004 Euroleague Final Four,True,direct,bio_name,1983.0,exact_match,exact_birth_year
P012715,"MANEK, BRADY",Brady Manek,Brady Manek,https://en.wikipedia.org/wiki/Brady_Manek,Power forward,Power Forward,matched,,Brady Manek; List of 2025–26 EuroLeague transactions; BC Žalgiris; 2025–26 BC Žalgiris season; North Carolina Tar Heels men's basketball,False,direct,bio_name,1998.0,exact_match,exact_birth_year
P011064,"MANNION, NICCOLO",Niccolo Mannion,Nico Mannion,https://en.wikipedia.org/wiki/Nico_Mannion,Point guard,Point Guard,matched,,Nico Mannion; Pallacanestro Reggiana,False,direct,bio_name,2001.0,exact_match,exact_birth_year
P003537,"MANTZARIS, VANGELIS",Vangelis Mantzaris,Vangelis Mantzaris,https://en.wikipedia.org/wiki/Vangelis_Mantzaris,Point guard,Point Guard,matched,,Vangelis Mantzaris; Greece men's national basketball team; Olympiacos B.C.; Rosters of the champion and finalist teams of EuroLeague; Peristeri B.C.,False,direct,bio_name,1990.0,exact_match,exact_birth_year
P008084,"MANTZOUKAS, ELEFTHERIOS",Eleftherios Mantzoukas,Lefteris Mantzoukas,https://en.wikipedia.org/wiki/Lefteris_Mantzoukas,Power forward / small forward,Power Forward,matched,,Lefteris Mantzoukas; Panathinaikos B.C.,True,direct,bio_name,2003.0,exact_match,exact_birth_year
P002871,"MARAGKOS, PARIS",Paris Maragkos,Paris Maragkos,https://en.wikipedia.org/wiki/Paris_Maragkos,Power forward / center,Power Forward,matched,,Paris Maragkos; Rosters of the champion and finalist teams of EuroLeague; Panathinaikos B.C.; Derby of the Eternal Enemies (basketball); Larisa B.C.,True,direct,bio_name,1994.0,exact_match,exact_birth_year
P002299,"MARCHETTI, GIANLUCA",Gianluca Marchetti,Gianluca Marchetti,https://en.wikipedia.org/wiki/Gianluca_Marchetti,Point guard,Point Guard,matched,,Gianluca Marchetti; Rosters of the top basketball teams in European club competitions; Gianluigi Buffon; Emilia-Romagna; History of Calcio Foggia 1920; Faenza,False,direct,bio_name,1993.0,exact_match,exact_birth_year
PAHW,"MARCONATO, DENIS",Denis Marconato,Denis Marconato,https://en.wikipedia.org/wiki/Denis_Marconato,Center,Center,matched,,Denis Marconato; Italy men's national basketball team; FC Barcelona Bàsquet; Rosters of the champion and finalist teams of EuroLeague; EuroLeague 2000–2010 All-Decade Team,False,direct,bio_name,1975.0,exact_match,exact_birth_year
P009948,"MARCOS, JUANI",Juani Marcos,Juani Marcos,https://en.wikipedia.org/wiki/Juani_Marcos,Point guard,Point Guard,matched,,Juani Marcos; List of 2026–27 EuroLeague transactions; 2025–26 FC Barcelona Bàsquet season; List of 2025–26 EuroLeague transactions; 2026–27 FC Barcelona Bàsquet season; 2024–25 FC Barcelona Bàsquet season,False,direct,bio_name,2000.0,exact_match,exact_birth_year
P000088,"MARELLI, DAVIDE",Davide Marelli,Italy men's national basketball team,https://en.wikipedia.org/wiki/Italy_men's_national_basketball_team,,,page_found_not_basketball_player,Wikipedia page(s) found but none identifiable as a basketball-biography page,Italy men's national basketball team,False,search,bio_name,,unavailable,
P000089,"MARELLI, SANDRO",Sandro Marelli,Italy men's national basketball team,https://en.wikipedia.org/wiki/Italy_men's_national_basketball_team,,,page_found_not_basketball_player,Wikipedia page(s) found but none identifiable as a basketball-biography page,Italy men's national basketball team; Lombardy; Turin; List of people from Italy,False,search,bio_name,,unavailable,
P001922,"MARIC, ALEKS",Aleks Maric,Aleks Marić,https://en.wikipedia.org/wiki/Aleks_Marić,Center,Center,matched,,Aleks Marić; Basketball League of Serbia; ABA League; PBC Lokomotiv Kuban; Panathinaikos B.C.,False,direct,bio_name,1984.0,exact_match,exact_birth_year
P010754,"MARI, LUCAS",Lucas Mari,List of 2026–27 EuroLeague transactions,https://en.wikipedia.org/wiki/List_of_2026–27_EuroLeague_transactions,,,page_found_not_basketball_player,Wikipedia page(s) found but none identifiable as a basketball-biography page,List of 2026–27 EuroLeague transactions; Saski Baskonia; Real Madrid Baloncesto; Valencia Basket; Bamberg Baskets,False,search,bio_name,,unavailable,
P011974,lucas-mari,Lucas Mari,List of 2026–27 EuroLeague transactions,https://en.wikipedia.org/wiki/List_of_2026–27_EuroLeague_transactions,,,page_found_not_basketball_player,Wikipedia page(s) found but none identifiable as a basketball-biography page,List of 2026–27 EuroLeague transactions; Saski Baskonia; Real Madrid Baloncesto; Valencia Basket; Bamberg Baskets,False,search,slug_fallback,,unavailable,
P004761,"MARINKOVIC, VANJA",Vanja Marinkovic,Vanja Marinković,https://en.wikipedia.org/wiki/Vanja_Marinković,Small forward / shooting guard,Small Forward,matched,,Vanja Marinković; KK Partizan; List of 2026–27 EuroLeague transactions; 2026–27 KK Partizan season; 2024–25 KK Partizan season,True,direct,bio_name,1997.0,exact_match,exact_birth_year
P003993,"MARIN, MAURICIO",Mauricio Marin,2014–15 Euroleague squads,https://en.wikipedia.org/wiki/2014–15_Euroleague_squads,,,page_found_not_basketball_player,Wikipedia page(s) found but none identifiable as a basketball-biography page,2014–15 Euroleague squads; List of people who died in traffic collisions; 1988; Pelé; May 2010 in sports,False,search,bio_name,,unavailable,
PLMG,"MARJANOVIC, BOBAN",Boban Marjanovic,Boban Marjanović,https://en.wikipedia.org/wiki/Boban_Marjanović,Center,Center,matched,,Boban Marjanović; Fenerbahçe S.K. (basketball); Basketball League of Serbia; All-EuroLeague Team; Serbia men's national basketball team,False,direct,bio_name,1988.0,exact_match,exact_birth_year
PBED,"MARKOISHVILI, MANUCHAR",Manuchar Markoishvili,Manuchar Markoishvili,https://en.wikipedia.org/wiki/Manuchar_Markoishvili,Small forward / shooting guard,Small Forward,matched,,Manuchar Markoishvili; 2025–26 EuroLeague; Galatasaray S.K. (men's basketball); List of 2025–26 EuroLeague transactions; PBC CSKA Moscow,True,direct,bio_name,1986.0,exact_match,exact_birth_year
PBCC,"MARKOTA, DAMIR",Damir Markota,Damir Markota,https://en.wikipedia.org/wiki/Damir_Markota,Power forward,Power Forward,matched,,Damir Markota; Beşiktaş J.K. (men's basketball); Premijer liga (Croatian basketball); BC Žalgiris; KK Cedevita,False,direct,bio_name,1985.0,exact_match,exact_birth_year
PLME,"MARKOVIC, STEFAN",Stefan Markovic,Stefan Marković (basketball),https://en.wikipedia.org/wiki/Stefan_Marković_(basketball),Point guard / shooting guard,Point Guard,matched,,Stefan Marković; Stefan Marković (basketball); EuroCup Basketball; Basketball League of Serbia; BC Zenit Saint Petersburg; KK Crvena zvezda,True,search,bio_name,1988.0,exact_match,exact_birth_year
PBHR,"MARQUIS, CLAUDE",Claude Marquis,FIBA EuroChallenge individual statistics,https://en.wikipedia.org/wiki/FIBA_EuroChallenge_individual_statistics,,,page_found_not_basketball_player,Wikipedia page(s) found but none identifiable as a basketball-biography page,FIBA EuroChallenge individual statistics; Cholet Basket; Rosters of the top basketball teams in European club competitions; LNB All-Star Game; List of professional sports families,False,search,bio_name,,unavailable,
P000670,"MARSHALL, RAWLE",Rawle Marshall,Rawle Marshall,https://en.wikipedia.org/wiki/Rawle_Marshall,Small forward,Small Forward,matched,,Rawle Marshall; Basketball League of Serbia; ABA League; PBC Lokomotiv Kuban; EuroLeague MVP of the Round,False,direct,bio_name,1982.0,exact_match,exact_birth_year
P003715,"MARTIN, ALBERTO",Alberto Martin,Alberto Martín,https://en.wikipedia.org/wiki/Alberto_Martín,,,page_found_identity_unconfirmed,Basketball page found but birth year/nationality could not be confirmed against players_bio.csv,Alberto Martín; Real Madrid Baloncesto; 2022 EuroLeague Final Four; Rosters of the champion and finalist teams of EuroLeague; Baloncesto Málaga; Spain men's national basketball team,False,direct,bio_name,,unavailable,
P003395,"MARTINEZ, CARLOS",Carlos Martinez,Carlos Martínez,https://en.wikipedia.org/wiki/Carlos_Martínez,,,page_found_not_basketball_player,Wikipedia page(s) found but none identifiable as a basketball-biography page,Carlos Martínez; 2026 EuroLeague Final Four; 2025–26 EuroLeague; EuroLeague Championship Game; 2017–18 EuroLeague; FC Barcelona Bàsquet,False,direct,bio_name,,unavailable,
P007995,"MARTINEZ, IVAN",Ivan Martinez,Velimir Perasović,https://en.wikipedia.org/wiki/Velimir_Perasović,,,page_found_identity_mismatch,Selected page's birth year (1965) clearly differs from players_bio.csv (1990); rejected as a different person.,EuroLeague Championship Game; 2016–17 EuroCup Basketball; Rosters of the champion and finalist teams of EuroLeague; Velimir Perasović; Spain men's national basketball team,False,search,bio_name,1965.0,clear_mismatch,
P001351,"MARTINEZ, RAFA",Rafa Martinez,Rafa Martínez,https://en.wikipedia.org/wiki/Rafa_Martínez,Shooting guard,Shooting Guard,matched,,Rafa Martínez; Rafa Villar (basketball); List of 2026–27 EuroLeague transactions; 2017–18 EuroLeague; Agustín Ubal,False,direct,bio_name,1982.0,exact_match,exact_birth_year
P006768,"MARTINEZ, SERGI",Sergi Martinez,Sergi Martínez,https://en.wikipedia.org/wiki/Sergi_Martínez,Small forward,Small Forward,matched,,Sergi Martínez; 2023 EuroLeague Final Four; Agustín Ubal; Rosters of the champion and finalist teams of EuroLeague; Saski Baskonia,False,search,bio_name,1999.0,exact_match,exact_birth_year
P009540,"MARTIN, HASSAN",Hassan Martin,Hassan Martin,https://en.wikipedia.org/wiki/Hassan_Martin,Center / power forward,Center,matched,,Hassan Martin; 2022 EuroLeague Final Four; Olympiacos B.C.; BeoBasket; 2019–20 EuroCup Basketball,True,direct,bio_name,1995.0,exact_match,exact_birth_year
P011967,"MARTIN, JARELL",Jarell Martin,Jarell Martin,https://en.wikipedia.org/wiki/Jarell_Martin,Power forward,Power Forward,matched,,Jarell Martin; Jaron Blossomgame; Russ Smith (basketball); List of 2020–21 EuroLeague transactions; Chinese Basketball Association,False,direct,bio_name,1994.0,exact_match,exact_birth_year
P012713,"MASCOLO, BRUNO",Bruno Mascolo,Bruno Mascolo,https://en.wikipedia.org/wiki/Bruno_Mascolo,Point guard,Point Guard,matched,,Bruno Mascolo; List of 2024–25 EuroLeague transactions; Derthona Basket; 2024–25 Virtus Bologna season; 2023–24 Virtus Bologna season,False,direct,bio_name,1996.0,exact_match,exact_birth_year
P008015,"MASHOUR, KARAM",Karam Mashour,Karam Mashour,https://en.wikipedia.org/wiki/Karam_Mashour,Small forward / power forward,Small Forward,matched,,Karam Mashour; 2016–17 Israeli Basketball Super League; 2015–16 Israeli Basketball Super League; 2018–19 Israeli Basketball Premier League; List of 2018–19 EuroLeague transactions; List of 2017–18 EuroLeague transactions,True,direct,bio_name,1991.0,exact_match,exact_birth_year
P003474,"MASIC, ANTE",Ante Masic,Ante Mašić,https://en.wikipedia.org/wiki/Ante_Mašić,Small forward,Small Forward,matched,,Ante Mašić; KK Cedevita; 2017–18 Junior ABA League; 2022–23 ABA League Second Division,False,direct,bio_name,1985.0,exact_match,exact_birth_year
P006183,"MASIULIS, GYTIS",Gytis Masiulis,Gytis Masiulis,https://en.wikipedia.org/wiki/Gytis_Masiulis,Power forward,Power Forward,matched,,Gytis Masiulis; Tomas Masiulis; 2025–26 EuroLeague; BC Žalgiris; List of 2025–26 EuroLeague transactions,False,direct,bio_name,1998.0,exact_match,exact_birth_year
PACX,"MASIULIS, TOMAS",Tomas Masiulis,Tomas Masiulis,https://en.wikipedia.org/wiki/Tomas_Masiulis,Power forward,Power Forward,matched,,Tomas Masiulis; Gytis Masiulis; 2025–26 EuroLeague; BC Žalgiris; List of 2025–26 EuroLeague transactions,False,direct,bio_name,1975.0,exact_match,exact_birth_year
P009600,"MASON, MAKAI",Makai Mason,Makai Mason,https://en.wikipedia.org/wiki/Makai_Mason,Point guard / shooting guard,Point Guard,matched,,Makai Mason; List of 2020–21 EuroLeague transactions; 2019–20 Alba Berlin season; Miye Oni; List of 2019–20 EuroLeague transactions,True,direct,bio_name,1995.0,exact_match,exact_birth_year
P012618,"MASSA, BODIAN",Bodian Massa,Bodian Massa,https://en.wikipedia.org/wiki/Bodian_Massa,Center,Center,matched,,Bodian Massa; List of 2025–26 EuroLeague transactions; ASVEL Basket,False,direct,bio_name,1997.0,exact_match,exact_birth_year
PLGV,"MASSEY, JEREMIAH",Jeremiah Massey,Jeremiah Massey,https://en.wikipedia.org/wiki/Jeremiah_Massey,Power forward / center,Power Forward,matched,,Jeremiah Massey; 2007–08 Greek Basket League; Aris B.C.; Real Madrid Baloncesto; EuroLeague MVP of the Round,True,direct,bio_name,1982.0,exact_match,exact_birth_year
P011936,"MATHEWS, JONAH",Jonah Mathews,Jonah Mathews,https://en.wikipedia.org/wiki/Jonah_Mathews,Point guard / shooting guard,Point Guard,matched,,Jonah Mathews; 2026 Turkish Basketball Cup; 2025 Turkish Basketball Presidential Cup; KK Włocławek; 2021–22 PLK season; 2025–26 Basketbol Süper Ligi,True,direct,bio_name,1998.0,exact_match,exact_birth_year
P010414,"MATHIANG, MANGOK",Mangok Mathiang,Mangok Mathiang,https://en.wikipedia.org/wiki/Mangok_Mathiang,Power forward / center,Power Forward,matched,,Mangok Mathiang; Australia men's national basketball team; Bahçeşehir Koleji S.K.; 2019–20 Basketbol Süper Ligi; List of NBA players born outside the United States; 2020–21 KK Cedevita Olimpija season,True,direct,bio_name,1992.0,exact_match,exact_birth_year
P007025,"MATTISSECK, JONAS",Jonas Mattisseck,Jonas Mattisseck,https://en.wikipedia.org/wiki/Jonas_Mattisseck,Shooting guard,Shooting Guard,matched,,Jonas Mattisseck; DBB Albert Schweitzer Tournament; Alba Berlin; Nikita Mikhailovskii; Rosters of the top basketball teams in European club competitions,False,direct,bio_name,2000.0,exact_match,exact_birth_year
PKRK,"MAVROEIDIS, DIMITRIOS",Dimitrios Mavroeidis,Dimitrios Mavroeidis,https://en.wikipedia.org/wiki/Dimitrios_Mavroeidis,Center,Center,matched,,Dimitrios Mavroeidis; AEK B.C.; Rosters of the champion and finalist teams of EuroLeague; Greece men's national basketball team; Olympiacos B.C.,False,direct,bio_name,1985.0,exact_match,exact_birth_year
PJRC,"MAVROKEFALIDIS, LOUKAS",Loukas Mavrokefalidis,Loukas Mavrokefalidis,https://en.wikipedia.org/wiki/Loukas_Mavrokefalidis,Center / power forward,Center,matched,,Loukas Mavrokefalidis; Olympiacos B.C.; Greece men's national basketball team; AEK B.C.; PAOK BC,True,direct,bio_name,1984.0,exact_match,exact_birth_year
P011433,"MAYER, OMER",Omer Mayer,Ömer Yurtseven,https://en.wikipedia.org/wiki/Ömer_Yurtseven,,,page_found_identity_unconfirmed,Basketball page found but birth year/nationality could not be confirmed against players_bio.csv,Fenerbahçe S.K. (basketball); Ömer Yurtseven; 2024–25 EuroLeague; 2025 EuroLeague Final Four; Beşiktaş J.K. (men's basketball),False,search,bio_name,,unavailable,
P011264,"MAYO, O J",O J Mayo,O. J. Mayo,https://en.wikipedia.org/wiki/O._J._Mayo,shooting guard,Shooting Guard,matched,,O. J. Mayo; Marko Jarić; Maccabi Tel Aviv B.C.; Zamalek SC Basketball; BC UNICS; List of 2021–22 EuroLeague transactions,False,direct,bio_name,1987.0,exact_match,exact_birth_year
P004511,"MAYR, DANIEL",Daniel Mayr,Daniel Mayr,https://en.wikipedia.org/wiki/Daniel_Mayr,Center,Center,matched,,Daniel Mayr; 2015–16 Euroleague squads; 2014–15 Euroleague squads; 2017 in sports; Culture of Canada,False,direct,bio_name,1995.0,exact_match,exact_birth_year
P003069,"MAY, SEAN",Sean May,Sean May,https://en.wikipedia.org/wiki/Sean_May,Power forward,Power Forward,matched,,Sean May; Fenerbahçe S.K. (basketball); Śląsk Wrocław (basketball); Rudy Fernández (basketball); Derrick Williams (basketball),False,direct,bio_name,1984.0,exact_match,exact_birth_year
P013396,"MAYS, SKYLAR",Skylar Mays,Skylar Mays,https://en.wikipedia.org/wiki/Skylar_Mays,Point guard,Point Guard,matched,,Skylar Mays; Fenerbahçe S.K. (basketball); 2024–25 Fenerbahçe S.K. (basketball) season; Women's National Basketball Association; List of 2024–25 EuroLeague transactions; Breanna Stewart,False,direct,bio_name,1997.0,exact_match,exact_birth_year
P004401,"MAZALIN, LOVRO",Lovro Mazalin,Lovro Mazalin,https://en.wikipedia.org/wiki/Lovro_Mazalin,Power forward / center,Power Forward,matched,,Lovro Mazalin; KK Cedevita; Premijer liga (Croatian basketball); 2015–16 Euroleague squads; 2014–15 Euroleague squads,True,direct,bio_name,1997.0,exact_match,exact_birth_year
PJMF,"MAZEIKA, MARTYNAS",Martynas Mazeika,Martynas Mažeika,https://en.wikipedia.org/wiki/Martynas_Mažeika,Shooting guard / point guard,Shooting Guard,matched,,Martynas Mažeika; Lithuania men's national basketball team; AEK B.C.; BC Neptūnas; Alba Berlin,True,direct,bio_name,1985.0,exact_match,exact_birth_year
PCQJ,"MAZZARINO, NICOLAS",Nicolas Mazzarino,Nicolás Mazzarino,https://en.wikipedia.org/wiki/Nicolás_Mazzarino,Assistant coach,,position_text_unrecognized,Could not map position text to a canonical position: 'Assistant coach',Nicolás Mazzarino; Pallacanestro Cantù; 2011–12 Fenerbahçe S.K. (basketball) season; 2023–24 LUB season; 2024–25 LUB season,False,direct,bio_name,,unavailable,
P005061,"MBAKWE, TREVOR",Trevor Mbakwe,Trevor Mbakwe,https://en.wikipedia.org/wiki/Trevor_Mbakwe,Center,Center,matched,,Trevor Mbakwe; 2014–15 Eurocup Basketball; List of 2016–17 EuroLeague transactions; Auxilium Pallacanestro Torino; 2015–16 Euroleague squads,False,direct,bio_name,1989.0,exact_match,exact_birth_year
P007993,"M'BAYE, AMATH",Amath M'baye,Amath M'Baye,https://en.wikipedia.org/wiki/Amath_M'Baye,Power forward,Power Forward,matched,,Amath M'Baye; Paris Basketball; France men's national basketball team; List of 2025–26 EuroLeague transactions; 2022–23 EuroLeague,False,search,bio_name,1989.0,exact_match,exact_birth_year
P001062,"MBAYE, PAPA",Papa Mbaye,Ablaye Mbaye,https://en.wikipedia.org/wiki/Ablaye_Mbaye,Center,Center,matched,,Ablaye Mbaye,False,search,bio_name,1990.0,exact_match,exact_birth_year
P005730,"MBODJ, CHEIKH",Cheikh Mbodj,Cheikh Mbodj,https://en.wikipedia.org/wiki/Cheikh_Mbodj,Center,Center,matched,,Cheikh Mbodj; Czarni Słupsk; 2018 Polish Basketball Cup,False,direct,bio_name,1987.0,exact_match,exact_birth_year
P002014,"MCCALEBB, BO",Bo Mccalebb,Bo McCalebb,https://en.wikipedia.org/wiki/Bo_McCalebb,Point guard,Point Guard,matched,,Bo McCalebb; Alphonso Ford EuroLeague Top Scorer Trophy; Fenerbahçe S.K. (basketball); FC Bayern Munich (basketball); Basketball League of Serbia,False,search,bio_name,1985.0,exact_match,exact_birth_year
P008002,"MCCALLUM, RAY",Ray Mccallum,Ray McCallum Jr.,https://en.wikipedia.org/wiki/Ray_McCallum_Jr.,Point guard,Point Guard,matched,,Ray McCallum Jr.; Hapoel Jerusalem B.C.; Boban Marjanović; Beno Udrih; 2018–19 EuroLeague regular season,False,search,bio_name,1991.0,exact_match,exact_birth_year
PDHI,"McCARTY, KELLY",Kelly Mccarty,Kelly McCarty,https://en.wikipedia.org/wiki/Kelly_McCarty,Small forward / shooting guard,Small Forward,matched,,FIBA EuroChallenge; Kelly McCarty; EuroCup Basketball All-EuroCup Team; Breanna Stewart; Hapoel Jerusalem B.C.,True,search,bio_name,1975.0,exact_match,exact_birth_year
P005216,"MCCOLLUM, ERRICK",Errick Mccollum,Errick McCollum,https://en.wikipedia.org/wiki/Errick_McCollum,Point guard / shooting guard,Point Guard,matched,,Errick McCollum; Fenerbahçe S.K. (basketball); 2017–18 EuroLeague; CJ McCollum; EuroCup Basketball Awards,True,search,bio_name,1988.0,exact_match,exact_birth_year
P013386,"MCCORMACK, DAVID",David Mccormack,David McCormack (basketball),https://en.wikipedia.org/wiki/David_McCormack_(basketball),Center,Center,matched,,David McCormack (basketball); List of 2026–27 EuroLeague transactions; List of 2025–26 EuroLeague transactions; IMG (company); List of 2024–25 EuroLeague transactions,False,search,bio_name,1999.0,exact_match,exact_birth_year
PAPC,"McDONALD, ARRIEL",Arriel Mcdonald,Ariel McDonald,https://en.wikipedia.org/wiki/Ariel_McDonald,Point guard,Point Guard,matched,,Ariel McDonald; KK Cedevita Olimpija; FIBA SuproLeague awards,False,search,bio_name,1972.0,exact_match,exact_birth_year
PJTT,"MCDONALD, WILL",Will Mcdonald,EuroLeague Championship Game,https://en.wikipedia.org/wiki/EuroLeague_Championship_Game,,,page_found_not_basketball_player,Wikipedia page(s) found but none identifiable as a basketball-biography page,EuroLeague Championship Game; All-EuroLeague Team; EuroLeague Final Four; EuroLeague Final Four MVP; EuroLeague MVP of the Round,False,search,bio_name,,unavailable,
P008062,"MCDOWELL-WHITE, WILL",Will Mcdowell-white,Will McDowell-White,https://en.wikipedia.org/wiki/Will_McDowell-White,Point guard / shooting guard,Point Guard,matched,,Will McDowell-White; 2024–25 EuroLeague regular season; List of 2024–25 EuroLeague transactions; Breanna Stewart; National Basketball Association,True,search,bio_name,1998.0,exact_match,exact_birth_year
000117,"MCDUFFIE, DIMITRY",Dimitry Mcduffie,,,,,no_page_found,Wikipedia search returned no results,,False,,bio_name,,unavailable,
PJNP,"McELROY, IMMANUEL",Immanuel Mcelroy,Immanuel McElroy,https://en.wikipedia.org/wiki/Immanuel_McElroy,Point guard / shooting guard,Point Guard,matched,,Immanuel McElroy; EuroCup Basketball All-EuroCup Team; EuroLeague MVP of the Round; 2008–09 Euroleague; EuroLeague season statistical leaders,True,search,bio_name,1980.0,exact_match,exact_birth_year
P000672,"McGRATH, DONNIE",Donnie Mcgrath,Donnie McGrath,https://en.wikipedia.org/wiki/Donnie_McGrath,Point guard / shooting guard,Point Guard,matched,,Donnie McGrath; AEK B.C.; 2014–15 Euroleague squads; BC Žalgiris; Rosters of the top basketball teams in European club competitions,True,search,bio_name,1984.0,exact_match,exact_birth_year
P012800,"McGRUDER, RODNEY",Rodney Mcgruder,Rodney McGruder,https://en.wikipedia.org/wiki/Rodney_McGruder,Shooting guard,Shooting Guard,matched,,Rodney McGruder; Diante Garrett; Derrick Walton; 2022–23 Detroit Pistons season; List of 2020–21 NBA season transactions,False,search,bio_name,1991.0,exact_match,exact_birth_year
PKWI,"MCINTYRE, TERRELL",Terrell Mcintyre,Terrell McIntyre,https://en.wikipedia.org/wiki/Terrell_McIntyre,Point guard,Point Guard,matched,,Terrell McIntyre; All-EuroLeague Team; 2009–10 Euroleague; EuroLeague MVP of the Round; EuroLeague 2000–2010 All-Decade Team,False,search,bio_name,1977.0,exact_match,exact_birth_year
P007853,"MCKISSIC, SHAQUIELLE",Shaquielle Mckissic,Shaquielle McKissic,https://en.wikipedia.org/wiki/Shaquielle_McKissic,Small forward / shooting guard,Small Forward,matched,,Shaquielle McKissic; 2026 EuroLeague Final Four; List of 2026–27 EuroLeague transactions; 2023 EuroLeague Final Four; 2025 EuroLeague Final Four,True,search,bio_name,1990.0,exact_match,exact_birth_year
P004418,"MCLEAN, JAMEL",Jamel Mclean,Jamel McLean,https://en.wikipedia.org/wiki/Jamel_McLean,Power forward / center,Power Forward,matched,,Jamel McLean; 2017–18 EuroLeague; Olympiacos B.C.; 2019–20 Dinamo Sassari season; EuroLeague MVP of the Round,True,search,bio_name,1988.0,exact_match,exact_birth_year
P000731,"MC LEOD, KEITH",Keith Mc Leod,Šarūnas Jasikevičius,https://en.wikipedia.org/wiki/Šarūnas_Jasikevičius,,,page_found_identity_unconfirmed,Basketball page found but birth year/nationality could not be confirmed against players_bio.csv,Šarūnas Jasikevičius; Virtus Roma; List of 2011–12 NBA season transactions; DeMatha Catholic High School; Rosters of the top basketball teams in European club competitions,False,search,bio_name,,unavailable,
P006338,"McNEAL, JEREL",Jerel Mcneal,"Chris Wright (basketball, born 1988)","https://en.wikipedia.org/wiki/Chris_Wright_(basketball,_born_1988)",,,birth_year_small_discrepancy,"Birth year differs by 1-2 years (players_bio.csv=1987, wikipedia=1988); not auto-accepted, flagged for review.","Hapoel Tel Aviv B.C.; Aris B.C.; Chinese Basketball Association; 2015–16 Greek Basket League; Chris Wright (basketball, born 1988)",False,search,bio_name,1988.0,small_discrepancy,
P007996,"MCRAE, JORDAN",Jordan Mcrae,Jordan McRae,https://en.wikipedia.org/wiki/Jordan_McRae,Small forward / shooting guard,Small Forward,matched,,Jordan McRae; 2022–23 EuroCup Basketball; AEK B.C.; Anadolu Efes S.K.; Saski Baskonia,True,search,bio_name,1991.0,exact_match,exact_birth_year
P002982,"MEACHAM, TRENTON",Trenton Meacham,Trenton Meacham,https://en.wikipedia.org/wiki/Trenton_Meacham,Point guard / shooting guard,Point Guard,matched,,Trenton Meacham; ASVEL Basket; 2013–14 Eurocup Basketball; 2010–11 Eurocup Basketball; EuroCup Basketball MVP of the Round,True,direct,bio_name,1985.0,exact_match,exact_birth_year
P001946,"MEJIA, SAMMY",Sammy Mejia,Sammy Mejía,https://en.wikipedia.org/wiki/Sammy_Mejía,Small forward / shooting guard,Small Forward,matched,,Sammy Mejía; 2010–11 Euroleague; PBC CSKA Moscow; 2019–20 EuroCup Basketball; 2018–19 EuroCup Basketball,True,direct,bio_name,1983.0,exact_match,exact_birth_year
P005196,"MEJRI, SALAH",Salah Mejri,Salah Mejri,https://en.wikipedia.org/wiki/Salah_Mejri,Center,Center,matched,,Salah Mejri; Rosters of the champion and finalist teams of EuroLeague; Lebanese Basketball League; Real Madrid Baloncesto; FIBA West Asia Super League,False,direct,bio_name,1986.0,exact_match,exact_birth_year
PKJP,"MEKEL, GAL",Gal Mekel,Gal Mekel,https://en.wikipedia.org/wiki/Gal_Mekel,Point guard,Point Guard,matched,,Gal Mekel; Israel men's national basketball team; Israeli Basketball Premier League; ABA League; Omri Casspi,False,direct,bio_name,1988.0,exact_match,exact_birth_year
P002849,"MELLI, NICOLO",Nicolo Melli,Nicolò Melli,https://en.wikipedia.org/wiki/Nicolò_Melli,Power forward / center,Power Forward,matched,,Nicolò Melli; Fenerbahçe S.K. (basketball); EuroLeague 2010–2020 All-Decade Team; 2016–17 EuroLeague; All-EuroLeague Team,True,direct,bio_name,1991.0,exact_match,exact_birth_year
P008296,"MENALO, LEO",Leo Menalo,Leo Menalo,https://en.wikipedia.org/wiki/Leo_Menalo,Power forward,Power Forward,matched,,Leo Menalo; List of 2022–23 EuroLeague transactions; 2023–24 Virtus Bologna season; 2022–23 Virtus Bologna season; Mostar,False,direct,bio_name,2002.0,exact_match,exact_birth_year
P004233,"MENCO, RAFI",Rafi Menco,Rafi Menco,https://en.wikipedia.org/wiki/Rafi_Menco,Small forward,Small Forward,matched,,Rafi Menco; Israel men's national basketball team; 2019–20 Israeli Basketball Premier League; 2016–17 Israeli Basketball Super League; Maccabi Tel Aviv B.C.,False,direct,bio_name,1994.0,exact_match,exact_birth_year
P000186,"MENSAH-BONSU, POPS",Pops Mensah-bonsu,Pops Mensah-Bonsu,https://en.wikipedia.org/wiki/Pops_Mensah-Bonsu,Power forward / center,Power Forward,matched,,Pops Mensah-Bonsu; Beşiktaş J.K. (men's basketball); Galatasaray S.K. (men's basketball); FIBA EuroChallenge; Great Britain men's national basketball team,True,search,bio_name,1983.0,exact_match,exact_birth_year
P013514,"MENSAH, NATHAN",Nathan Mensah,Nathan Mensah,https://en.wikipedia.org/wiki/Nathan_Mensah,Center,Center,matched,,Nathan Mensah; Galatasaray S.K. (men's basketball); EuroLeague MVP of the Round; Olympiacos B.C.; List of 2024–25 EuroLeague transactions; Rosters of the top basketball teams in European club competitions,False,direct,bio_name,1998.0,exact_match,exact_birth_year
P005091,"MENSAH, WILLIAM",William Mensah,Shawn James (basketball),https://en.wikipedia.org/wiki/Shawn_James_(basketball),,,page_found_identity_unconfirmed,Basketball page found but birth year/nationality could not be confirmed against players_bio.csv,William Mensah; EuroLeague MVP of the Round; AEK B.C.; EuroCup Basketball individual statistics; ASVEL Basket; Shawn James (basketball),False,search,bio_name,,unavailable,
100,mercante-jacopo,Mercante Jacopo,,,,,no_page_found,Wikipedia search returned no results,,False,,slug_fallback,,unavailable,
P001233,"MERCANTE, JACOPO",Jacopo Mercante,,,,,no_page_found,Wikipedia search returned no results,,False,,bio_name,,unavailable,
MER,andrea-merlati,Andrea Merlati,Italy men's national basketball team,https://en.wikipedia.org/wiki/Italy_men's_national_basketball_team,,,page_found_not_basketball_player,Wikipedia page(s) found but none identifiable as a basketball-biography page,Italy men's national basketball team; Pallacanestro Cantù; Rosters of the top basketball teams in European club competitions,False,search,slug_fallback,,unavailable,
P003525,"MERONI, MARCO",Marco Meroni,List of European association football families,https://en.wikipedia.org/wiki/List_of_European_association_football_families,,,page_found_not_basketball_player,Wikipedia page(s) found but none identifiable as a basketball-biography page,List of European association football families; February 24; Milan; List of people who died in traffic collisions,False,search,bio_name,,unavailable,
P012724,"MESTOGLU, HAMZA",Hamza Mestoglu,Yiğit Hamza Mestoğlu,https://en.wikipedia.org/wiki/Yiğit_Hamza_Mestoğlu,Small forward / power forward,Small Forward,matched,,Yiğit Hamza Mestoğlu; Fenerbahçe S.K. (basketball); 2024–25 Fenerbahçe S.K. (basketball) season; 2023–24 Fenerbahçe S.K. (basketball) season; 2025–26 Fenerbahçe S.K. (basketball) season,True,search,bio_name,2004.0,exact_match,exact_birth_year
PLWB,"METREVELI, NIKA",Nika Metreveli,Nika Metreveli,https://en.wikipedia.org/wiki/Nika_Metreveli,Center,Center,matched,,Nika Metreveli; Rosters of the top basketball teams in European club competitions,False,direct,bio_name,1991.0,exact_match,exact_birth_year
P013379,"METU, CHIMEZIE",Chimezie Metu,Chimezie Metu,https://en.wikipedia.org/wiki/Chimezie_Metu,Power forward / center,Power Forward,matched,,Chimezie Metu; 2025–26 FC Barcelona Bàsquet season; List of 2024–25 EuroLeague transactions; Galatasaray S.K. (men's basketball); FC Barcelona Bàsquet,True,direct,bio_name,1997.0,exact_match,exact_birth_year
P011520,"MICCOLI, SAMUELE",Samuele Miccoli,,,,,no_page_found,Wikipedia search returned no results,,False,,bio_name,,unavailable,
PKKV,"MICEVIC, MARKO",Marko Micevic,Euroleague 2008–09 Rosters,https://en.wikipedia.org/wiki/Euroleague_2008–09_Rosters,,,page_found_not_basketball_player,Wikipedia page(s) found but none identifiable as a basketball-biography page,Euroleague 2008–09 Rosters,False,search,bio_name,,unavailable,
PJNX,"MICHELORI, ANDREA",Andrea Michelori,Italy men's national basketball team,https://en.wikipedia.org/wiki/Italy_men's_national_basketball_team,,,page_found_not_basketball_player,Wikipedia page(s) found but none identifiable as a basketball-biography page,Italy men's national basketball team; Rosters of the top basketball teams in European club competitions; Lega Basket All Star Game; Fabrizio Frates,False,search,bio_name,,unavailable,
P003836,"MICHINEAU, DAVID",David Michineau,David Michineau,https://en.wikipedia.org/wiki/David_Michineau,Point guard,Point Guard,matched,,David Michineau; List of 2025–26 EuroLeague transactions; Élan Chalon; Kessler Edwards; 2024–25 Basketbol Süper Ligi; Napoli Basket (2016),False,direct,bio_name,1994.0,exact_match,exact_birth_year
P001473,"MICIC, DJORDJE",Djordje Micic,2025–26 KK Partizan season,https://en.wikipedia.org/wiki/2025–26_KK_Partizan_season,,,page_found_not_basketball_player,Wikipedia page(s) found but none identifiable as a basketball-biography page,2025–26 KK Partizan season; 2015–16 Euroleague squads; 2014–15 Euroleague squads; Sport in Serbia; List of Serbs,False,search,bio_name,,unavailable,
P002580,"MICIC, VASILIJE",Vasilije Micic,Vasilije Micić,https://en.wikipedia.org/wiki/Vasilije_Micić,Point guard,Point Guard,matched,,Vasilije Micić; EuroLeague MVP; Alphonso Ford EuroLeague Top Scorer Trophy; 2021–22 EuroLeague; EuroLeague Final Four MVP,False,direct,bio_name,1994.0,exact_match,exact_birth_year
PJWO,"MICKEAL, PETE",Pete Mickeal,Pete Mickeal,https://en.wikipedia.org/wiki/Pete_Mickeal,Small forward,Small Forward,matched,,Pete Mickeal; EuroLeague 2010–2020 All-Decade Team; FC Barcelona Bàsquet; Saski Baskonia; EuroLeague MVP of the Month,False,direct,bio_name,1978.0,exact_match,exact_birth_year
P008847,"MICKEY, JORDAN",Jordan Mickey,Jordan Mickey,https://en.wikipedia.org/wiki/Jordan_Mickey,Power forward / center,Power Forward,matched,,Jordan Mickey; EuroLeague career statistical leaders; 2020–21 EuroLeague; BC Zenit Saint Petersburg; EuroLeague MVP of the Round,True,direct,bio_name,1994.0,exact_match,exact_birth_year
P000529,"MICOV, VLADIMIR",Vladimir Micov,Vladimir Micov,https://en.wikipedia.org/wiki/Vladimir_Micov,Small forward,Small Forward,matched,,Vladimir Micov; Galatasaray S.K. (men's basketball); KK Crvena zvezda; PBC CSKA Moscow; Olimpia Milano,False,direct,bio_name,1985.0,exact_match,exact_birth_year
P012943,"MIJAILOVIC, UROS",Uros Mijailovic,KK Partizan,https://en.wikipedia.org/wiki/KK_Partizan,,,page_found_not_basketball_player,Wikipedia page(s) found but none identifiable as a basketball-biography page,KK Partizan; 2025–26 KK Partizan season; ABA League; 2025–26 ABA League First Division; 2026–27 KK Partizan season,False,search,bio_name,,unavailable,
P012977,"MIKALAUSKAS, KAJUS",Kajus Mikalauskas,2025–26 BC Žalgiris season,https://en.wikipedia.org/wiki/2025–26_BC_Žalgiris_season,,,page_found_not_basketball_player,Wikipedia page(s) found but none identifiable as a basketball-biography page,2025–26 BC Žalgiris season,False,search,bio_name,,unavailable,
P011836,"MIKE, ISIAHA",Isiaha Mike,Isiaha Mike,https://en.wikipedia.org/wiki/Isiaha_Mike,Power forward / small forward,Power Forward,matched,,Isiaha Mike; List of 2026–27 EuroLeague transactions; 2023–24 EuroCup Basketball; List of 2025–26 EuroLeague transactions; 2025–26 KK Partizan season,True,direct,bio_name,1997.0,exact_match,exact_birth_year
PKPD,"MILAKNIS, ARTURAS",Arturas Milaknis,Artūras Milaknis,https://en.wikipedia.org/wiki/Artūras_Milaknis,Shooting guard / small forward,Shooting Guard,matched,,Artūras Milaknis; BC Žalgiris; Tofaş S.K.; 2019–20 EuroLeague; Lithuania men's national basketball team,True,direct,bio_name,1986.0,exact_match,exact_birth_year
PLIZ,"MILES, AARON",Aaron Miles,Aaron Miles (basketball),https://en.wikipedia.org/wiki/Aaron_Miles_(basketball),Point guard,Point Guard,matched,,Aaron Miles; Aaron Miles (basketball); EuroLeague MVP of the Round; Rosters of the champion and finalist teams of EuroLeague; PBC Lokomotiv Kuban; KK Crvena zvezda,False,search,bio_name,1983.0,exact_match,exact_birth_year
P000713,"MILICIC, IGOR",Igor Milicic,Igor Miličić,https://en.wikipedia.org/wiki/Igor_Miličić,Guard,,position_text_unrecognized,Could not map position text to a canonical position: 'Guard',Igor Miličić; Igor Miličić Jr.; Beşiktaş J.K. (men's basketball); Serbia men's national basketball team; Poland men's national basketball team,False,direct,bio_name,,unavailable,
PAIV,"MILIC, MARKO",Marko Milic,Marko Milić (basketball),https://en.wikipedia.org/wiki/Marko_Milić_(basketball),Power forward,Power Forward,matched,,Marko Milić (basketball); Fenerbahçe S.K. (basketball); Real Madrid Baloncesto; FIBA EuroStars; ABA League,False,direct,bio_name,1977.0,exact_match,exact_birth_year
P014094,"MILJENOVIC, STEFAN",Stefan Miljenovic,Bogdan Bogdanović (basketball),https://en.wikipedia.org/wiki/Bogdan_Bogdanović_(basketball),,,page_found_identity_mismatch,Selected page's birth year (1992) clearly differs from players_bio.csv (2001); rejected as a different person.,Bogdan Bogdanović (basketball); KK Crvena zvezda; Serbia men's national basketball team; 2025–26 ABA League First Division; PAOK BC,False,search,bio_name,1992.0,clear_mismatch,
P000435,"MILLAGE, CURTIS",Curtis Millage,Curtis Millage,https://en.wikipedia.org/wiki/Curtis_Millage,,,birth_year_small_discrepancy,"Birth year differs by 1-2 years (players_bio.csv=1981, wikipedia=1980); not auto-accepted, flagged for review.",Curtis Millage; ASK Riga; Baltic Basketball All-Star Game; FIBA EuroCup All-Star Day; FIBA EuroChallenge individual statistics,False,direct,bio_name,1980.0,small_discrepancy,
P010857,"MILLER, BABA",Baba Miller,Baba Miller,https://en.wikipedia.org/wiki/Baba_Miller,Power forward / small forward,Power Forward,matched,,Baba Miller; Real Madrid Baloncesto; 2021–22 Real Madrid Baloncesto season; Spain men's national basketball team; List of 2026–27 NBA season transactions,True,direct,bio_name,2004.0,exact_match,exact_birth_year
P006421,"MILLER, DARIUS",Darius Miller,Darius Miller,https://en.wikipedia.org/wiki/Darius_Miller,Small forward,Small Forward,matched,,Darius Miller; Darius Songaila; List of 2026–27 EuroLeague transactions; BC Žalgiris; All-EuroLeague Team,False,direct,bio_name,1990.0,exact_match,exact_birth_year
P009048,"MILLER-MCINTYRE, CODI",Codi Miller-mcintyre,Codi Miller-McIntyre,https://en.wikipedia.org/wiki/Codi_Miller-McIntyre,Point guard,Point Guard,matched,,Codi Miller-McIntyre; 2025–26 EuroLeague; 2023–24 EuroLeague; EuroLeague; List of 2026–27 EuroLeague transactions,False,search,bio_name,1994.0,exact_match,exact_birth_year
P006657,"MILLER, QUINCY",Quincy Miller,Quincy Miller,https://en.wikipedia.org/wiki/Quincy_Miller,Power forward,Power Forward,matched,,Quincy Miller; All-EuroLeague Team; Basketball League of Serbia; Olympiacos B.C.; P. League+,False,direct,bio_name,1992.0,exact_match,exact_birth_year
P002822,"MILOSAVLJEVIC, DRAGAN",Dragan Milosavljevic,Dragan Milosavljević,https://en.wikipedia.org/wiki/Dragan_Milosavljević,Shooting guard / small forward,Shooting Guard,matched,,Dragan Milosavljević; Basketball League of Serbia; ABA League; KK Partizan; KK Igokea,True,direct,bio_name,1989.0,exact_match,exact_birth_year
PJPP,"MILOSEVIC, STEVAN",Stevan Milosevic,KK Crvena zvezda,https://en.wikipedia.org/wiki/KK_Crvena_zvezda,,,page_found_not_basketball_player,Wikipedia page(s) found but none identifiable as a basketball-biography page,KK Crvena zvezda; AEK B.C.; Maroussi B.C.; ŽKK Crvena zvezda; BC Rytas,False,search,bio_name,,unavailable,
PTHY,"MILOSEVIC, STRAHINJA",Strahinja Milosevic,Strahinja Milošević,https://en.wikipedia.org/wiki/Strahinja_Milošević,Small forward,Small Forward,matched,,Strahinja Milošević; KK Crvena zvezda; Szolnoki Olajbányász; ŽKK Crvena zvezda; Crvena Zvezda–Partizan basketball rivalry,False,direct,bio_name,1985.0,exact_match,exact_birth_year
PKPH,"MILOSEVIC, IGOR",Igor Milosevic,Igor Milošević,https://en.wikipedia.org/wiki/Igor_Milošević,Point guard / shooting guard,Point Guard,matched,,Igor Milošević; KK Crvena zvezda; Olympiacos B.C.; BC Rytas; Maroussi B.C.,True,direct,bio_name,1986.0,exact_match,exact_birth_year
P014007,"MILTON, SHAKE",Shake Milton,Shake Milton,https://en.wikipedia.org/wiki/Shake_Milton,Shooting guard / point guard,Shooting Guard,matched,,Shake Milton; List of 2026–27 EuroLeague transactions; 2026–27 KK Partizan season; List of 2025–26 EuroLeague transactions; KK Partizan,True,direct,bio_name,1996.0,exact_match,exact_birth_year
P003941,"MILUTINOV, NIKOLA",Nikola Milutinov,Nikola Milutinov,https://en.wikipedia.org/wiki/Nikola_Milutinov,Center,Center,matched,,Nikola Milutinov; 2025–26 EuroLeague; Serbia men's national basketball team; 2026 EuroLeague Final Four; All-EuroLeague Team,False,direct,bio_name,1994.0,exact_match,exact_birth_year
PKWH,"MINARD, RICKY",Ricky Minard,Ricky Minard,https://en.wikipedia.org/wiki/Ricky_Minard,Shooting guard / small forward,Shooting Guard,matched,,Ricky Minard; 2013–14 Euroleague; BC UNICS; Rosters of the top basketball teams in European club competitions; Pallacanestro Biella; Tampereen Pyrintö (basketball),True,direct,bio_name,1982.0,exact_match,exact_birth_year
P007423,"MINCHEV, YORDAN",Yordan Minchev,Yordan Minchev,https://en.wikipedia.org/wiki/Yordan_Minchev,Small forward / power forward,Small Forward,matched,,Yordan Minchev; Fenerbahçe S.K. (basketball); 2016–17 Fenerbahçe S.K. (basketball) season; Fenerbahçe (men's basketball) past rosters; BC Levski Sofia,True,direct,bio_name,1998.0,exact_match,exact_birth_year
P004645,"MINIOTAS, REGIMANTAS",Regimantas Miniotas,Regimantas Miniotas,https://en.wikipedia.org/wiki/Regimantas_Miniotas,Power forward / Center,Power Forward,matched,,Regimantas Miniotas; Lithuania men's national basketball team; List of 2021–22 EuroLeague transactions; BC Wolves; 2016–17 Baltic Basketball League,True,direct,bio_name,1996.0,exact_match,exact_birth_year
PBFT,"MIRALLES, ALBERT",Albert Miralles,Albert Miralles,https://en.wikipedia.org/wiki/Albert_Miralles,Center,Center,matched,,Albert Miralles; DBB Albert Schweitzer Tournament; Joventut Badalona; Pallacanestro Roseto; Pape Sow,False,direct,bio_name,1982.0,exact_match,exact_birth_year
P000796,"MIROTIC, NIKOLA",Nikola Mirotic,Nikola Mirotić,https://en.wikipedia.org/wiki/Nikola_Mirotić,Power forward,Power Forward,matched,,Nikola Mirotić; EuroLeague MVP; 2021–22 EuroLeague; 2025–26 EuroLeague; All-EuroLeague Team,False,direct,bio_name,1991.0,exact_match,exact_birth_year
P000275,"MITCHELL, DARREL",Darrel Mitchell,Darrel Mitchell,https://en.wikipedia.org/wiki/Darrel_Mitchell,Point guard / shooting guard,Point Guard,matched,,Darrel Mitchell; AS Monaco Basket; AEK B.C.; Tasmin Mitchell; EuroCup Basketball individual statistics,True,direct,bio_name,1984.0,exact_match,exact_birth_year
P012622,"MITCHELL, MATTHEW",Matthew Mitchell,Matt Mitchell (basketball),https://en.wikipedia.org/wiki/Matt_Mitchell_(basketball),Power forward / small forward,Power Forward,matched,,Matt Mitchell; Matt Mitchell (basketball); British Basketball League; Ricky Rubio; EuroCup Basketball MVP of the Round; List of 2024–25 EuroLeague transactions,True,search,bio_name,1999.0,exact_match,exact_birth_year
P007866,"MITOGLOU, KONSTANTINOS",Konstantinos Mitoglou,Dinos Mitoglou,https://en.wikipedia.org/wiki/Dinos_Mitoglou,Power forward / center,Power Forward,matched,,Dinos Mitoglou; 2020–21 EuroLeague; Panathinaikos B.C.; EuroLeague MVP of the Round; List of 2025–26 EuroLeague transactions,True,direct,bio_name,1996.0,exact_match,exact_birth_year
P011965,"MITROU-LONG, NAZ",Naz Mitrou-long,Naz Mitrou-Long,https://en.wikipedia.org/wiki/Naz_Mitrou-Long,Shooting guard / point guard,Shooting Guard,matched,,Naz Mitrou-Long; Elijah Mitrou-Long; List of 2025–26 EuroLeague transactions; 2025 EuroLeague Final Four; 2024 EuroLeague Final Four,True,search,bio_name,1993.0,exact_match,exact_birth_year
P001929,"MITROVIC, ALEKSANDAR",Aleksandar Mitrovic,Aleksandar Mitrović (basketball),https://en.wikipedia.org/wiki/Aleksandar_Mitrović_(basketball),Shooting guard / small forward,Shooting Guard,matched,,Aleksandar Mitrović; Aleksandar Mitrović (basketball); Bogdan Bogdanović (basketball); KK Partizan; 2016–17 EuroLeague; 2021–22 EuroLeague,True,search,bio_name,1990.0,exact_match,exact_birth_year
P002553,"MITROVIC, LUKA",Luka Mitrovic,Luka Mitrović,https://en.wikipedia.org/wiki/Luka_Mitrović,Power forward,Power Forward,matched,,Luka Mitrović; Bogdan Bogdanović (basketball); Zvezdan Mitrović; 2021–22 EuroLeague; Aleksandar Mitrović (basketball),False,direct,bio_name,1993.0,exact_match,exact_birth_year
PTGJ,"MOCNIK, JAN",Jan Mocnik,Jan Močnik,https://en.wikipedia.org/wiki/Jan_Močnik,Point Guard,Point Guard,matched,,Jan Močnik; ABA League; Slovenian Basketball League; KK Kansai Helios Domžale; 2016–17 Slovenian Basketball League,False,direct,bio_name,1987.0,exact_match,exact_birth_year
P001833,"MOERMAN, ADRIEN",Adrien Moerman,Adrien Moerman,https://en.wikipedia.org/wiki/Adrien_Moerman,Power forward,Power Forward,matched,,Adrien Moerman; 2022 EuroLeague Final Four; 2019 EuroLeague Final Four; Anadolu Efes S.K.; Nanterre 92,False,direct,bio_name,1988.0,exact_match,exact_birth_year
PLGT,"MOISO, JEROME",Jerome Moiso,Jérôme Moïso,https://en.wikipedia.org/wiki/Jérôme_Moïso,Power forward / center,Power Forward,matched,,Jérôme Moïso; France men's national basketball team; LNB Élite; BC Khimki; Fred House; Chinese Basketball Association,True,direct,bio_name,1978.0,exact_match,exact_birth_year
P003362,"MOLDOVEANU, VLAD",Vlad Moldoveanu,Vlad Moldoveanu,https://en.wikipedia.org/wiki/Vlad_Moldoveanu,Power forward,Power Forward,matched,,Vlad Moldoveanu; 2013–14 KML season; BC Kalev; U-BT Cluj-Napoca; 2014–15 Euroleague squads,False,direct,bio_name,1988.0,exact_match,exact_birth_year
P001199,"MOLINA, MIGUEL",Miguel Molina,"Michael Young (basketball, born 1961)","https://en.wikipedia.org/wiki/Michael_Young_(basketball,_born_1961)",,,page_found_identity_mismatch,Selected page's birth year (1961) clearly differs from players_bio.csv (1989); rejected as a different person.,"Miguel Molina; Baloncesto Superior Nacional; 2025–26 in Spanish basketball; Michael Young (basketball, born 1961); Liga Mayor de Baloncesto; 2026 in sports",False,search,bio_name,1961.0,clear_mismatch,
P001477,"MONALDI, DIEGO",Diego Monaldi,Diego Monaldi,https://en.wikipedia.org/wiki/Diego_Monaldi,Point guard,Point Guard,matched,,Diego Monaldi; Dinamo Sassari; Napoli Basket (2016); 2017 Italian Basketball Cup; 2019–20 Victoria Libertas Pesaro season,False,direct,bio_name,1993.0,exact_match,exact_birth_year
PJCL,"MONCASI, ALBERT",Albert Moncasi,Rosters of the top basketball teams in European club competitions,https://en.wikipedia.org/wiki/Rosters_of_the_top_basketball_teams_in_European_club_competitions,,,page_found_not_basketball_player,Wikipedia page(s) found but none identifiable as a basketball-biography page,Rosters of the top basketball teams in European club competitions,False,search,bio_name,,unavailable,
P012201,"MONEKE, CHIMA",Chima Moneke,Chima Moneke,https://en.wikipedia.org/wiki/Chima_Moneke,Power forward,Power Forward,matched,,Chima Moneke; 2025–26 EuroLeague; 2023–24 EuroLeague; 2022–23 EuroLeague; 2021–22 Basketball Champions League,False,direct,bio_name,1995.0,exact_match,exact_birth_year
P009835,"MONROE, GREG",Greg Monroe,Greg Monroe,https://en.wikipedia.org/wiki/Greg_Monroe,Power forward / center,Power Forward,matched,,Greg Monroe; FC Bayern Munich (basketball); 2019–20 FC Bayern Munich (basketball) season; Jonas Valančiūnas; Breanna Stewart,True,direct,bio_name,1990.0,exact_match,exact_birth_year
P003412,"MONSE, STEVEN",Steven Monse,Puerto Rico,https://en.wikipedia.org/wiki/Puerto_Rico,,,page_found_not_basketball_player,Wikipedia page(s) found but none identifiable as a basketball-biography page,Puerto Rico; BBC Magdeburg,False,search,bio_name,,unavailable,
P010042,"MONTERO, JEAN",Jean Montero,Jean Montero,https://en.wikipedia.org/wiki/Jean_Montero,Point guard / Shooting guard,Point Guard,matched,,Jean Montero; 2025–26 EuroLeague; EuroLeague Rising Star; 2026 EuroLeague Final Four; 2024–25 EuroCup Basketball,True,direct,bio_name,2003.0,exact_match,exact_birth_year
P012784,"MONTVILA, NEDAS",Nedas Montvila,List of 2024–25 EuroLeague transactions,https://en.wikipedia.org/wiki/List_of_2024–25_EuroLeague_transactions,,,page_found_not_basketball_player,Wikipedia page(s) found but none identifiable as a basketball-biography page,List of 2024–25 EuroLeague transactions; 2025–26 King Mindaugas Cup; BC Žalgiris; 2024–25 BC Žalgiris season; 2024–25 King Mindaugas Cup,False,search,bio_name,,unavailable,
PBFX,"MONIA, SERGEY",Sergey Monia,Sergei Monia,https://en.wikipedia.org/wiki/Sergei_Monia,Small forward / power forward,Small Forward,matched,,Sergei Monia; Russia men's national basketball team; BC Avtodor; BC Khimki; EuroBasket 2011,True,search,bio_name,1983.0,exact_match,exact_birth_year
P005668,"MOON, JAMARIO",Jamario Moon,Jamario Moon,https://en.wikipedia.org/wiki/Jamario_Moon,Small forward,Small Forward,matched,,Jamario Moon; Xavier Moon; Liga Nacional de Baloncesto Profesional; Boštjan Nachbar; Olympiacos B.C.,False,direct,bio_name,1980.0,exact_match,exact_birth_year
P014115,"MOORE, OMARI",Omari Moore,Omari Moore,https://en.wikipedia.org/wiki/Omari_Moore,Shooting guard / point guard,Shooting Guard,matched,,Omari Moore; 2026 EuroLeague Final Four; List of 2025–26 EuroLeague transactions; Damian Jones (basketball); Tyson Etienne,True,direct,bio_name,2000.0,exact_match,exact_birth_year
P006544,"MORAITIS, DIMITRIS",Dimitris Moraitis,Dimitrios Moraitis,https://en.wikipedia.org/wiki/Dimitrios_Moraitis,Point guard / shooting guard,Point Guard,matched,,Dimitrios Moraitis; Greece men's national basketball team; Panathinaikos B.C.; Peristeri B.C.; Olympiacos B.C.,True,direct,bio_name,1999.0,exact_match,exact_birth_year
PJOB,"MORANDAIS, MICHEL",Michel Morandais,Michel Morandais,https://en.wikipedia.org/wiki/Michel_Morandais,Shooting guard / small forward,Shooting Guard,matched,,Michel Morandais; CB Estudiantes; Rosters of the top basketball teams in European club competitions; Metropolitans 92; S.S. Basket Napoli,True,direct,bio_name,1979.0,exact_match,exact_birth_year
P000726,"MORASCHINI, RICCARDO",Riccardo Moraschini,Riccardo Moraschini,https://en.wikipedia.org/wiki/Riccardo_Moraschini,Guard / small forward,Small Forward,matched,,Riccardo Moraschini; Italy men's national basketball team; 2019–20 Olimpia Milano season; 2021 EuroLeague Final Four; 2019–20 New Basket Brindisi season,False,direct,bio_name,1991.0,exact_match,exact_birth_year
P001862,"MORAY, YANNICK",Yannick Moray,October 17,https://en.wikipedia.org/wiki/October_17,,,page_found_not_basketball_player,Wikipedia page(s) found but none identifiable as a basketball-biography page,October 17,False,search,bio_name,,unavailable,
PBUF,"MORDENTE, MARCO",Marco Mordente,Marco Mordente,https://en.wikipedia.org/wiki/Marco_Mordente,Point guard / shooting guard,Point Guard,matched,,Marco Mordente; Italy men's national basketball team; Olimpia Milano; 2008–09 Euroleague; Rosters of the top basketball teams in European club competitions,True,direct,bio_name,1979.0,exact_match,exact_birth_year
P005404,"MORETTI, DAVIDE",Davide Moretti,Davide Moretti,https://en.wikipedia.org/wiki/Davide_Moretti,Point guard,Point Guard,matched,,Davide Moretti; Virtus Bologna; Italy men's national basketball team; Pallacanestro Trieste; 2021–22 Olimpia Milano season,False,direct,bio_name,1998.0,exact_match,exact_birth_year
P010431,"MORGAN, JEREMY",Jeremy Morgan,Jeremy Morgan,https://en.wikipedia.org/wiki/Jeremy_Morgan,Shooting guard / small forward,Shooting Guard,matched,,Jeremy Morgan; Paris Basketball; List of 2025–26 EuroLeague transactions; Panathinaikos B.C.; Virtus Bologna,True,direct,bio_name,1995.0,exact_match,exact_birth_year
P012585,"MORGAN, MATTHEW",Matthew Morgan,Matt Morgan (basketball),https://en.wikipedia.org/wiki/Matt_Morgan_(basketball),Point guard / shooting guard,Point Guard,matched,,Matt Morgan (disambiguation); Matt Morgan (basketball); 2023–24 EuroCup Basketball; List of 2026–27 EuroLeague transactions; EuroCup Basketball MVP of the Round; List of 2024–25 EuroLeague transactions,True,search,bio_name,1997.0,exact_match,exact_birth_year
P006481,"MORGAN, RAYMAR",Raymar Morgan,Raymar Morgan,https://en.wikipedia.org/wiki/Raymar_Morgan,Power forward / center,Power Forward,matched,,Raymar Morgan; 2020–21 Basketball Champions League; 2018–19 EuroCup Basketball; 2015–16 Eurocup Basketball; 2016–17 Basketball Bundesliga,True,direct,bio_name,1988.0,exact_match,exact_birth_year
P001471,"MORINA, GEZIM",Gezim Morina,Gëzim Morina,https://en.wikipedia.org/wiki/Gëzim_Morina,Power forward / center,Power Forward,matched,,Gëzim Morina; 2019–20 Slovenian Basketball League; KB Ylli; Kosovo men's national basketball team,True,direct,bio_name,1992.0,exact_match,exact_birth_year
P002693,"MORLEY, ZACH",Zach Morley,David Okwera,https://en.wikipedia.org/wiki/David_Okwera,,,ambiguous_multiple_pages,2 basketball-player Wikipedia pages found for this name; none confirmed by birth year/nationality against players_bio.csv,"David Okwera; September 2; 2015 in golf; List of LGBTQ firsts by year (2010s); Timeline of LGBTQ history, 21st century",False,search,bio_name,,unavailable,
PAFY,"MOROVIC, VEDRAN",Vedran Morovic,Vedran Morović,https://en.wikipedia.org/wiki/Vedran_Morović,Point guard,Point Guard,matched,,Vedran Morović; KK MZT Skopje,False,direct,bio_name,1983.0,exact_match,exact_birth_year
P014212,"MORRIS, MONTE",Monte Morris,Monté Morris,https://en.wikipedia.org/wiki/Monté_Morris,Point guard,Point Guard,matched,,Monté Morris; Monte Harrison; List of 2025–26 EuroLeague transactions; Olympiacos B.C.; FC Barcelona Bàsquet,False,direct,bio_name,1995.0,exact_match,exact_birth_year
PLTS,"MORRIS, TERENCE",Terence Morris,Terence Morris,https://en.wikipedia.org/wiki/Terence_Morris,Power forward,Power Forward,matched,,Terence Morris; All-EuroLeague Team; PBC CSKA Moscow; Maccabi Tel Aviv B.C.; EuroLeague MVP of the Month,False,direct,bio_name,1979.0,exact_match,exact_birth_year
P002852,"MOSS, DAVID",David Moss,David Moss (basketball),https://en.wikipedia.org/wiki/David_Moss_(basketball),Shooting guard / small forward,Shooting Guard,matched,,David Moss; David Moss (basketball); Olimpia Milano; Breanna Stewart; Bruno Cerella; Virtus Bologna,True,search,bio_name,1983.0,exact_match,exact_birth_year
PLCZ,"MOTIEJUNAS, DONATAS",Donatas Motiejunas,Donatas Motiejūnas,https://en.wikipedia.org/wiki/Donatas_Motiejūnas,Center / power forward,Center,matched,,Donatas Motiejūnas; 2023 EuroLeague Final Four; BC Žalgiris; EuroCup Basketball Rising Star; Arka Gdynia (basketball),True,direct,bio_name,1990.0,exact_match,exact_birth_year
P011157,"MOTLEY, JOHNATHAN",Johnathan Motley,Johnathan Motley,https://en.wikipedia.org/wiki/Johnathan_Motley,Power forward / center,Power Forward,matched,,Johnathan Motley; 2024–25 EuroCup Basketball; Fenerbahçe S.K. (basketball); 2022–23 EuroLeague; 2021–22 EuroCup Basketball,True,direct,bio_name,1995.0,exact_match,exact_birth_year
PBDH,"MOTTOLA, HANNO",Hanno Mottola,Hanno Möttölä,https://en.wikipedia.org/wiki/Hanno_Möttölä,Power forward,Power Forward,matched,,Hanno Möttölä; EuroLeague MVP of the Round; Rosters of the champion and finalist teams of EuroLeague; BC Žalgiris; 2004 Euroleague Final Four,False,direct,bio_name,1976.0,exact_match,exact_birth_year
P006599,"MOTUM, BROCK",Brock Motum,Brock Motum,https://en.wikipedia.org/wiki/Brock_Motum,Power forward,Power Forward,matched,,Brock Motum; Anadolu Efes S.K.; BC Žalgiris; Aaron White (basketball); 2019 EuroLeague Final Four,False,direct,bio_name,1990.0,exact_match,exact_birth_year
P006636,"MOURATOS, VASSILIS",Vassilis Mouratos,Vassilis Mouratos,https://en.wikipedia.org/wiki/Vassilis_Mouratos,Point guard,Point Guard,matched,,Vassilis Mouratos; Olympiacos B.C.; Peristeri B.C.; 2021–22 Greek Basket League; Promitheas Patras B.C.,False,direct,bio_name,1997.0,exact_match,exact_birth_year
PLLK,"MOZGOV, TIMOFEY",Timofey Mozgov,Timofey Mozgov,https://en.wikipedia.org/wiki/Timofey_Mozgov,Center,Center,matched,,Timofey Mozgov; Tristan Thompson; BC Khimki; Russia men's national basketball team; Jerian Grant,False,direct,bio_name,1986.0,exact_match,exact_birth_year
PLGA,"MRSIC, DAMIR",Damir Mrsic,Damir Mršić,https://en.wikipedia.org/wiki/Damir_Mršić,Shooting guard,Shooting Guard,matched,,Damir Mršić; Fenerbahçe S.K. (basketball); Damir Mulaomerović; KK Split; KK Cedevita,False,direct,bio_name,1970.0,exact_match,exact_birth_year
P011200,"MUDIAY, EMMANUEL",Emmanuel Mudiay,Emmanuel Mudiay,https://en.wikipedia.org/wiki/Emmanuel_Mudiay,Point guard,Point Guard,matched,,Emmanuel Mudiay; BC Žalgiris; Willy Hernangómez; Will Bynum; List of 2021–22 EuroLeague transactions,False,direct,bio_name,1996.0,exact_match,exact_birth_year
P001324,"MUHAMMED, ALI",Ali Muhammed,Bobby Dixon,https://en.wikipedia.org/wiki/Bobby_Dixon,Point guard / shooting guard,Point Guard,matched,,Ali Mohamed; Fenerbahçe S.K. (basketball); Rosters of the champion and finalist teams of EuroLeague; Bobby Dixon; 2019 EuroLeague Final Four; 2018 EuroLeague Final Four,True,search,bio_name,1983.0,exact_match,exact_birth_year
P000437,"MULALIC, MIRKO",Mirko Mulalic,Mirko Mulalić,https://en.wikipedia.org/wiki/Mirko_Mulalić,Shooting guard,Shooting Guard,matched,,Mirko Mulalić; KK Cedevita Olimpija; KK Krka; 2016–17 ABA League; 2019 ABA League Supercup; 2016–17 Slovenian Basketball League,False,direct,bio_name,1988.0,exact_match,exact_birth_year
PAPL,"MULAOMEROVIC, DAMIR",Damir Mulaomerovic,Damir Mulaomerović,https://en.wikipedia.org/wiki/Damir_Mulaomerović,Point guard,Point Guard,matched,,Damir Mulaomerović; ABA League; Rosters of the champion and finalist teams of EuroLeague; 1999–2000 FIBA EuroLeague; Anadolu Efes S.K.,False,direct,bio_name,1974.0,exact_match,exact_birth_year
P003246,"MULLER, MALIK",Malik Muller,Malik Müller,https://en.wikipedia.org/wiki/Malik_Müller,Shooting guard,Shooting Guard,matched,,Malik Müller; EuroLeague season statistical leaders; 2015–16 Euroleague squads; 2018 Basketball Champions League Final Four; Rosters of the top basketball teams in European club competitions,False,search,bio_name,1994.0,exact_match,exact_birth_year
PBFJ,"MUMBRU, ALEX",Alex Mumbru,Álex Mumbrú,https://en.wikipedia.org/wiki/Álex_Mumbrú,Small forward / power forward,Small Forward,matched,,Álex Mumbrú; 2023–24 EuroLeague; Real Madrid Baloncesto; 2022–23 EuroLeague; Spain men's national basketball team,True,direct,bio_name,1979.0,exact_match,exact_birth_year
P007759,"MUNFORD, XAVIER",Xavier Munford,Xavier Munford,https://en.wikipedia.org/wiki/Xavier_Munford,Point guard,Point Guard,matched,,Xavier Munford; 2023–24 EuroCup Basketball; FC Barcelona Bàsquet; Joel Bolomboy; Bursaspor Basketbol,False,direct,bio_name,1992.0,exact_match,exact_birth_year
P000719,"MUONEKE, GABE",Gabe Muoneke,Gabe Muoneke,https://en.wikipedia.org/wiki/Gabe_Muoneke,Forward / center,Center,matched,,Gabe Muoneke; Basketball Champions League Asia; Iranian Basketball Super League; Chinese Basketball Association; Rosters of the top basketball teams in European club competitions,False,direct,bio_name,1978.0,exact_match,exact_birth_year
P011235,"MUOSA, ZAYD",Zayd Muosa,Olympiacos B.C. B Development Team,https://en.wikipedia.org/wiki/Olympiacos_B.C._B_Development_Team,,,page_found_not_basketball_player,Wikipedia page(s) found but none identifiable as a basketball-biography page,Olympiacos B.C. B Development Team,False,search,bio_name,,unavailable,
P000977,"MURIC, DINO",Dino Muric,Dino Murić,https://en.wikipedia.org/wiki/Dino_Murić,Power forward,Power Forward,matched,,Dino Murić; Edo Murić; 2019–20 Slovenian Basketball League; Slovenian Basketball League; 2020–21 Slovenian Basketball League,False,direct,bio_name,1990.0,exact_match,exact_birth_year
P003515,"MURIC, EDO",Edo Muric,Edo Murić,https://en.wikipedia.org/wiki/Edo_Murić,Small forward,Small Forward,matched,,Edo Murić; Basketball League of Serbia; 2019–20 Slovenian Basketball League; KK Cedevita Olimpija; Anadolu Efes S.K.,False,direct,bio_name,1991.0,exact_match,exact_birth_year
P005201,"MURPHY, KEVIN",Kevin Murphy,Kevin Murphy (basketball),https://en.wikipedia.org/wiki/Kevin_Murphy_(basketball),Shooting guard,Shooting Guard,matched,,Kevin Murphy; Kevin Murphy (basketball); EuroLeague individual highs; Walter Berry (basketball); Lebanese Basketball League; Nanterre 92,False,search,bio_name,1990.0,exact_match,exact_birth_year
P003235,"MURRAY, FLIP",Flip Murray,Ronald Murray,https://en.wikipedia.org/wiki/Ronald_Murray,Point guard / shooting guard,Point Guard,matched,,Ronald Murray; Lebanese Basketball League; Lynn Greer; Coin flipping; Mark Termini,True,direct,bio_name,1979.0,exact_match,exact_birth_year
P006540,"MUSA, DZANAN",Dzanan Musa,Džanan Musa,https://en.wikipedia.org/wiki/Džanan_Musa,Shooting guard / small forward,Shooting Guard,matched,,Džanan Musa; Dubai Basketball; 2023–24 EuroLeague; 2022–23 EuroLeague; 2023 EuroLeague Final Four,True,direct,bio_name,1999.0,exact_match,exact_birth_year
P006634,"MUSHIDI, KOSTJA",Kostja Mushidi,Kostja Mushidi,https://en.wikipedia.org/wiki/Kostja_Mushidi,Shooting guard,Shooting Guard,matched,,Kostja Mushidi; Mitteldeutscher BC; Niners Chemnitz; 2026–27 BBL-Pokal; 2024–25 BBL-Pokal; DBB Albert Schweitzer Tournament,False,direct,bio_name,1998.0,exact_match,exact_birth_year
PLUR,"MUSLI, DEJAN",Dejan Musli,Dejan Musli,https://en.wikipedia.org/wiki/Dejan_Musli,Center,Center,matched,,Dejan Musli; Euroleague Basketball Next Generation Tournament; KK Partizan; Nikola Milutinov; EuroCup Basketball All-EuroCup Team,False,direct,bio_name,1991.0,exact_match,exact_birth_year
P007991,"MUSTAFA, MUHAYMIN",Muhaymin Mustafa,Muhaymin Mustafa,https://en.wikipedia.org/wiki/Muhaymin_Mustafa,Small forward / shooting guard,Small Forward,matched,,Muhaymin Mustafa; Karşıyaka Basket; List of 2018–19 EuroLeague transactions; Ionikos Nikaias B.C.; 2022–23 Galatasaray S.K. (men's basketball) season,True,direct,bio_name,1999.0,exact_match,exact_birth_year
P008176,"MUTAF, DAVID",David Mutaf,Sarper David Mutaf,https://en.wikipedia.org/wiki/Sarper_David_Mutaf,Shooting guard / small forward,Shooting Guard,matched,,Sarper David Mutaf; Fenerbahçe S.K. (basketball); Can Maxim Mutaf; 2024–25 Fenerbahçe S.K. (basketball) season; List of 2025–26 EuroLeague transactions,True,search,bio_name,2002.0,exact_match,exact_birth_year
PLQV,"MUTAF, MAXIM",Maxim Mutaf,Can Maxim Mutaf,https://en.wikipedia.org/wiki/Can_Maxim_Mutaf,Shooting guard / small forward,Shooting Guard,matched,,Can Maxim Mutaf; Sarper David Mutaf; Fenerbahçe S.K. (basketball); Aleksandar Ugrinoski; 2013–14 Fenerbahçe S.K. (basketball) season,True,search,bio_name,1991.0,exact_match,exact_birth_year
P012997,"MUURINEN, MIIKKA",Miikka Muurinen,Miikka Muurinen,https://en.wikipedia.org/wiki/Miikka_Muurinen,Power forward,Power Forward,matched,,Miikka Muurinen; 2026–27 KK Partizan season; List of 2025–26 EuroLeague transactions; KK Partizan; 2025–26 KK Partizan season,False,direct,bio_name,2007.0,exact_match,exact_birth_year
PAHX,"NACHBAR, BOSTJAN",Bostjan Nachbar,Boštjan Nachbar,https://en.wikipedia.org/wiki/Boštjan_Nachbar,Small forward / power forward,Small Forward,matched,,Boštjan Nachbar; FC Barcelona Bàsquet; EuroLeague MVP of the Round; Anadolu Efes S.K.; 2013–14 Euroleague,True,direct,bio_name,1980.0,exact_match,exact_birth_year
P005828,"NACIUS, RAIDAS",Raidas Nacius,2014–15 Euroleague squads,https://en.wikipedia.org/wiki/2014–15_Euroleague_squads,,,page_found_not_basketball_player,Wikipedia page(s) found but none identifiable as a basketball-biography page,2014–15 Euroleague squads,False,search,bio_name,,unavailable,
PBPN,"NADJFEJI, ALEKSANDAR",Aleksandar Nadjfeji,Aleksandar Nađfeji,https://en.wikipedia.org/wiki/Aleksandar_Nađfeji,Power forward,Power Forward,matched,,Aleksandar Nađfeji; YUBA All-Star Game; Telekom Baskets Bonn; Stevan Nađfeji; BBL All-Star Game,False,direct,bio_name,1976.0,exact_match,exact_birth_year
PAUI,"NADJFEJI, STEVAN",Stevan Nadjfeji,Stevan Nađfeji,https://en.wikipedia.org/wiki/Stevan_Nađfeji,Power forward,Power Forward,matched,,Stevan Nađfeji; YUBA All-Star Game; Aleksandar Nađfeji; Rethymno Cretan Kings B.C.,False,direct,bio_name,1979.0,exact_match,exact_birth_year
PCOT,"NAIMY, YUVAL",Yuval Naimy,Yuval Naimy,https://en.wikipedia.org/wiki/Yuval_Naimy,Point guard,Point Guard,matched,,Yuval Naimy; Israel men's national basketball team; Hapoel Jerusalem B.C.; 2009–10 Eurocup Basketball; 2011–12 Israeli Basketball Super League,False,direct,bio_name,1985.0,exact_match,exact_birth_year
P007632,"NAKIC, MARIO",Mario Nakic,Mario Nakić,https://en.wikipedia.org/wiki/Mario_Nakić,Small forward,Small Forward,matched,,Mario Nakić; Ivo Nakić; Rosters of the champion and finalist teams of EuroLeague; KK Partizan; 2026–27 KK Partizan season,False,direct,bio_name,2001.0,exact_match,exact_birth_year
P000634,"NALGA, CEMAL",Cemal Nalga,Cemal Nalga,https://en.wikipedia.org/wiki/Cemal_Nalga,Center,Center,matched,,"Cemal Nalga; Galatasaray S.K. (men's basketball); Jerry Johnson (basketball, born 1982); Rosters of the top basketball teams in European club competitions; Okan Çevik; Turkey men's national under-18 and under-19 basketball team",False,direct,bio_name,1987.0,exact_match,exact_birth_year
P011224,"NAPIER, SHABAZZ",Shabazz Napier,Shabazz Napier,https://en.wikipedia.org/wiki/Shabazz_Napier,Point guard,Point Guard,matched,,Shabazz Napier; 2024–25 EuroLeague; FC Bayern Munich (basketball); 2024–25 Basketball Bundesliga; KK Crvena zvezda,False,direct,bio_name,1991.0,exact_match,exact_birth_year
PLZO,"NARDI, MIKE",Mike Nardi,Mike Nardi,https://en.wikipedia.org/wiki/Mike_Nardi,Point guard / shooting guard,Point Guard,matched,,Mike Nardi; Allan Ray; Euroleague 2008–09 Rosters; Oriundo; Novak Djokovic; 2022 in sports,True,direct,bio_name,1985.0,exact_match,exact_birth_year
P006635,"NASTIC, STEFAN",Stefan Nastic,Stefan Nastić,https://en.wikipedia.org/wiki/Stefan_Nastić,Center,Center,matched,,Stefan Nastić; KK Crvena zvezda; 2015–16 Euroleague squads; List of 2016–17 EuroLeague transactions; Aleksandar Džikić,False,direct,bio_name,1992.0,exact_match,exact_birth_year
PLAC,"NAVAJAS, ALEJANDRO",Alejandro Navajas,2017–18 British Basketball League season,https://en.wikipedia.org/wiki/2017–18_British_Basketball_League_season,,,page_found_not_basketball_player,Wikipedia page(s) found but none identifiable as a basketball-biography page,2017–18 British Basketball League season,False,search,bio_name,,unavailable,
P003298,"NAVARRO, DAVID",David Navarro,David Navarro,https://en.wikipedia.org/wiki/David_Navarro,,,page_found_identity_unconfirmed,Basketball page found but birth year/nationality could not be confirmed against players_bio.csv,David Navarro; FC Barcelona Bàsquet; All-EuroLeague Team; List of 2026–27 EuroLeague transactions; EuroLeague Final Four MVP; 2009–10 Euroleague,False,direct,bio_name,,unavailable,
PADI,"NAVARRO, JUAN CARLOS",Juan Carlos Navarro,Juan Carlos Navarro (basketball),https://en.wikipedia.org/wiki/Juan_Carlos_Navarro_(basketball),Shooting guard,Shooting Guard,matched,,Juan Carlos Navarro; Juan Carlos Navarro (basketball); EuroLeague 2010–2020 All-Decade Team; EuroLeague Legend; FC Barcelona Bàsquet; Alphonso Ford EuroLeague Top Scorer Trophy,False,search,bio_name,1980.0,exact_match,exact_birth_year
P001124,"NAVARRO, JUANLU",Juanlu Navarro,Spain at the 2024 Summer Olympics,https://en.wikipedia.org/wiki/Spain_at_the_2024_Summer_Olympics,,,page_found_not_basketball_player,Wikipedia page(s) found but none identifiable as a basketball-biography page,Spain at the 2024 Summer Olympics; Spain at the Olympics,False,search,bio_name,,unavailable,
P009213,"NDIAYE, ELI",Eli Ndiaye,Eli Ndiaye,https://en.wikipedia.org/wiki/Eli_Ndiaye,Power forward,Power Forward,matched,,Eli Ndiaye; List of 2026–27 EuroLeague transactions; 2024 EuroLeague Final Four; Euroleague Basketball Next Generation Tournament; 2023 EuroLeague Final Four,False,direct,bio_name,2004.0,exact_match,exact_birth_year
P000459,"N'DIAYE, MAMADOU",Mamadou N'diaye,"Mamadou N'Diaye (basketball, born 1975)","https://en.wikipedia.org/wiki/Mamadou_N'Diaye_(basketball,_born_1975)",Center,Center,matched,,"Mamadou N'Diaye; Mamadou N'Diaye (basketball, born 1975); Panellinios B.C.; PAOK BC; BC Žalgiris; EuroCup Basketball MVP of the Round",False,search,bio_name,1975.0,exact_match,exact_birth_year
P012731,"NDIAYE, MBAYE",Mbaye Ndiaye,Mbaye Ndiaye (basketball),https://en.wikipedia.org/wiki/Mbaye_Ndiaye_(basketball),Power forward / small forward,Power Forward,matched,,Mbaye Ndiaye; Mbaye Ndiaye (basketball); List of 2026–27 EuroLeague transactions; Olympiacos B.C.,True,search,bio_name,1999.0,exact_match,exact_birth_year
P012058,"NDIAYE, OUSMANE",Ousmane Ndiaye,Ousmane N'Diaye (basketball),https://en.wikipedia.org/wiki/Ousmane_N'Diaye_(basketball),Center,Center,matched,,Ousmane N'Diaye (basketball); List of 2026–27 EuroLeague transactions; Nationale 1 Masculin; List of 2025–26 NBA season transactions; List of NBA players born outside the United States,False,search,bio_name,2004.0,exact_match,exact_birth_year
P004587,"NDIAYE, SAMBA",Samba Ndiaye,Samba Ndiaye,https://en.wikipedia.org/wiki/Samba_Ndiaye,,,page_found_not_basketball_player,Wikipedia page(s) found but none identifiable as a basketball-biography page,Samba Ndiaye; Nationale 1 Masculin; History of Real Madrid Baloncesto; 2015–16 Real Madrid Baloncesto season; France at the 2024 Summer Olympics,False,direct,bio_name,,unavailable,
P008097,"NDJOCK, ELWIN",Elwin Ndjock,,,,,no_page_found,Wikipedia search returned no results,,False,,bio_name,,unavailable,
PTGE,"NDONG, BONIFACE",Boniface Ndong,Boniface N'Dong,https://en.wikipedia.org/wiki/Boniface_N'Dong,Center,Center,matched,,Boniface N'Dong; 2012–13 FC Barcelona Bàsquet season; Baloncesto Málaga; 2011–12 FC Barcelona Bàsquet season; 2009–10 FC Barcelona Bàsquet season,False,direct,bio_name,1977.0,exact_match,exact_birth_year
P006726,"NDOUR, MAURICE",Maurice Ndour,Maurice Ndour,https://en.wikipedia.org/wiki/Maurice_Ndour,Center / power forward,Center,matched,,Maurice Ndour; Galatasaray S.K. (men's basketball); Real Madrid Baloncesto; 2018–19 EuroCup Basketball; 2025–26 EuroCup Women regular season,True,direct,bio_name,1992.0,exact_match,exact_birth_year
PJXC,"NDOYE, MALEYE",Maleye Ndoye,FIBA EuroChallenge individual statistics,https://en.wikipedia.org/wiki/FIBA_EuroChallenge_individual_statistics,,,page_found_not_basketball_player,Wikipedia page(s) found but none identifiable as a basketball-biography page,FIBA EuroChallenge individual statistics,False,search,bio_name,,unavailable,
P000751,"NEAL, GARY",Gary Neal,Gary Neal,https://en.wikipedia.org/wiki/Gary_Neal,Shooting guard,Shooting Guard,matched,,Gary Neal; EuroCup Basketball All-EuroCup Team; Karşıyaka Basket; 2008–09 Eurocup Basketball; 2009–10 Eurocup Basketball,False,direct,bio_name,1984.0,exact_match,exact_birth_year
P011199,"NEBO, JOSH",Josh Nebo,Josh Nebo,https://en.wikipedia.org/wiki/Josh_Nebo,Center,Center,matched,,Josh Nebo; 2023–24 EuroLeague; List of 2026–27 EuroLeague transactions; 2023–24 KK Partizan season; BeoBasket,False,direct,bio_name,1997.0,exact_match,exact_birth_year
P012948,"NEDELJKOVIC, ALEKSEJ",Aleksej Nedeljkovic,Serbia men's national under-18 basketball team,https://en.wikipedia.org/wiki/Serbia_men's_national_under-18_basketball_team,,,page_found_not_basketball_player,Wikipedia page(s) found but none identifiable as a basketball-biography page,Serbia men's national under-18 basketball team; List of people from Serbia,False,search,bio_name,,unavailable,
P000848,"NEDOVIC, NEMANJA",Nemanja Nedovic,Nemanja Nedović,https://en.wikipedia.org/wiki/Nemanja_Nedović,Shooting guard,Shooting Guard,matched,,Nemanja Nedović; Fenerbahçe S.K. (basketball); Basketball League of Serbia; Miško Ražnatović; 2023–24 KK Crvena zvezda season,False,direct,bio_name,1991.0,exact_match,exact_birth_year
P002829,"NELSON, DEMARCUS",Demarcus Nelson,DeMarcus Nelson,https://en.wikipedia.org/wiki/DeMarcus_Nelson,Point guard,Point Guard,matched,,DeMarcus Nelson; FC Bayern Munich (basketball); Basketball League of Serbia; BeoBasket; EuroCup Basketball All-EuroCup Team,False,search,bio_name,1985.0,exact_match,exact_birth_year
P003931,"NELSON, REEVES",Reeves Nelson,Reeves Nelson,https://en.wikipedia.org/wiki/Reeves_Nelson,Power forward,Power Forward,matched,,Reeves Nelson; Boban Marjanović; BC Žalgiris; Tyler Honeycutt; Maya Moore; Aris B.C.,False,direct,bio_name,1991.0,exact_match,exact_birth_year
PKXL,"NELSON, SPENCER",Spencer Nelson,Spencer Nelson,https://en.wikipedia.org/wiki/Spencer_Nelson,Small forward / power forward,Small Forward,matched,,Spencer Nelson; FC Bayern Munich (basketball); EuroLeague MVP of the Round; EuroLeague individual highs; EuroLeague season statistical leaders,True,direct,bio_name,1980.0,exact_match,exact_birth_year
P008807,"NENADIC, NEMANJA",Nemanja Nenadic,KK Crvena zvezda,https://en.wikipedia.org/wiki/KK_Crvena_zvezda,,,page_found_not_basketball_player,Wikipedia page(s) found but none identifiable as a basketball-biography page,KK Crvena zvezda; 2018–19 KK Crvena zvezda season; 2016–17 Basketball League of Serbia; 2020–21 KK Crvena zvezda season; 2024–25 PLK season,False,search,bio_name,,unavailable,
P005172,"NERUSH, OLEKSANDR",Oleksandr Nerush,Olexandr Nerush,https://en.wikipedia.org/wiki/Olexandr_Nerush,Small forward / power forward,Small Forward,matched,,Olexandr Nerush; Ukraine at the 2023 European Games; Ukraine at the 2019 European Games,True,search,bio_name,1983.0,exact_match,exact_birth_year
PCIA,"NESOVIC, ALEKSEJ",Aleksej Nesovic,Aleksej Nešović,https://en.wikipedia.org/wiki/Aleksej_Nešović,Point guard,Point Guard,matched,,Aleksej Nešović; Arka Gdynia (basketball); KK Crvena zvezda; OKK Beograd; KK Vršac,False,direct,bio_name,1985.0,exact_match,exact_birth_year
P002815,"NESTEROVIC, RASHO",Rasho Nesterovic,Rasho Nesterović,https://en.wikipedia.org/wiki/Rasho_Nesterović,Center,Center,matched,,Rasho Nesterović; 1999 FIBA EuroLeague Final Four; Rosters of the champion and finalist teams of EuroLeague; Olympiacos B.C.; EuroLeague MVP of the Month,False,direct,bio_name,1976.0,exact_match,exact_birth_year
P013505,"NETO, RAUL",Raul Neto,Raul Neto,https://en.wikipedia.org/wiki/Raul_Neto,Point guard,Point Guard,matched,,Raul Neto; Fenerbahçe S.K. (basketball); List of 2024–25 EuroLeague transactions; 2024–25 FC Barcelona Bàsquet season; 2023–24 Fenerbahçe S.K. (basketball) season,False,direct,bio_name,1992.0,exact_match,exact_birth_year
P014122,"NETZIPOGLOU, OMIROS",Omiros Netzipoglou,Omiros Netzipoglou,https://en.wikipedia.org/wiki/Omiros_Netzipoglou,Shooting guard / Small forward,Shooting Guard,matched,,Omiros Netzipoglou; List of 2025–26 EuroLeague transactions; Aris B.C.; Olympiacos B.C.; AEK B.C.,True,direct,bio_name,2002.0,exact_match,exact_birth_year
P002090,"NEUMANN, PHILIPP",Philipp Neumann,DBB Albert Schweitzer Tournament,https://en.wikipedia.org/wiki/DBB_Albert_Schweitzer_Tournament,,,page_found_not_basketball_player,Wikipedia page(s) found but none identifiable as a basketball-biography page,DBB Albert Schweitzer Tournament; BBL All-Star Game; Berlin; Elizabeth (given name); 2023 in ice sports,False,search,bio_name,,unavailable,
P000396,"NEWLEY, BRAD",Brad Newley,Brad Newley,https://en.wikipedia.org/wiki/Brad_Newley,Small forward / shooting guard,Small Forward,matched,,Brad Newley; AEK B.C.; Tyler Ennis (basketball); National Basketball League (Australia); CB Gran Canaria,True,direct,bio_name,1985.0,exact_match,exact_birth_year
P002341,"NEY, JOEY",Joey Ney,List of Vanderbilt University people,https://en.wikipedia.org/wiki/List_of_Vanderbilt_University_people,,,page_found_not_basketball_player,Wikipedia page(s) found but none identifiable as a basketball-biography page,List of Vanderbilt University people; List of Brown University alumni,False,search,bio_name,,unavailable,
P009556,"NGOUAMA, MEHDY",Mehdy Ngouama,List of 2025–26 EuroLeague transactions,https://en.wikipedia.org/wiki/List_of_2025–26_EuroLeague_transactions,,,page_found_not_basketball_player,Wikipedia page(s) found but none identifiable as a basketball-biography page,List of 2025–26 EuroLeague transactions,False,search,bio_name,,unavailable,
P004215,"NGUIRANE, MAODO",Maodo Nguirane,Maodo Nguirane,https://en.wikipedia.org/wiki/Maodo_Nguirane,Power forward / center,Power Forward,matched,,Maodo Nguirane; 2014–15 Euroleague squads; November 1993,True,direct,bio_name,1993.0,exact_match,exact_birth_year
P012687,"NIANG, SALIOU",Saliou Niang,Saliou Niang,https://en.wikipedia.org/wiki/Saliou_Niang,Small forward,Small Forward,matched,,Saliou Niang; 2025–26 EuroLeague; List of 2025–26 EuroLeague transactions; 2025–26 Virtus Bologna season; EuroLeague MVP of the Round,False,direct,bio_name,2004.0,exact_match,exact_birth_year
PKNG,"NICHOLAS, DREW",Drew Nicholas,Drew Nicholas,https://en.wikipedia.org/wiki/Drew_Nicholas,Shooting guard,Shooting Guard,matched,,Drew Nicholas; Alphonso Ford EuroLeague Top Scorer Trophy; PBC CSKA Moscow; Luka Dončić; 2005–06 Euroleague,False,direct,bio_name,1981.0,exact_match,exact_birth_year
P001834,"NICHOLS, AUSTIN",Austin Nichols,Austin Nichols,https://en.wikipedia.org/wiki/Austin_Nichols,,,position_unavailable,Basketball page confirmed but has no 'position' field in its infobox,Austin Nichols; Rosters of the champion and finalist teams of EuroLeague; Justin Dentmon; Tristan Thompson; List of 2016–17 EuroLeague transactions; Perrin Buford,False,direct,bio_name,,unavailable,direct_name_match_no_contradicting_evidence
P003482,"NICHOLS, DEMETRIS",Demetris Nichols,Demetris Nichols,https://en.wikipedia.org/wiki/Demetris_Nichols,Small forward / power forward,Small Forward,matched,,Demetris Nichols; PBC CSKA Moscow; 2016 Euroleague Final Four; Rosters of the champion and finalist teams of EuroLeague; Panathinaikos B.C.,True,direct,bio_name,1984.0,exact_match,exact_birth_year
PJRD,"NIELSEN, MATT",Matt Nielsen,Matthew Nielsen,https://en.wikipedia.org/wiki/Matthew_Nielsen,Power forward,Power Forward,matched,,Matthew Nielsen; 2009–10 Eurocup Basketball; EuroCup Basketball Awards; Valencia Basket; EuroCup Basketball Finals MVP,False,direct,bio_name,1978.0,exact_match,exact_birth_year
P006819,"NIKIC, KRESIMIR",Kresimir Nikic,List of 2024–25 EuroLeague transactions,https://en.wikipedia.org/wiki/List_of_2024–25_EuroLeague_transactions,,,page_found_not_basketball_player,Wikipedia page(s) found but none identifiable as a basketball-biography page,List of 2024–25 EuroLeague transactions; Mitteldeutscher BC; Rosters of the top basketball teams in European club competitions,False,search,bio_name,,unavailable,
P010063,"NIKOLAIDIS, ALEXANDROS",Alexandros Nikolaidis,Alexandros Nikolaidis (basketball),https://en.wikipedia.org/wiki/Alexandros_Nikolaidis_(basketball),Point guard / shooting guard,Point Guard,matched,,Alexandros Nikolaidis; Alexandros Nikolaidis (basketball); George Papas; Olympiacos B.C.; AEK B.C.; Panathinaikos A.O.,True,search,bio_name,2002.0,exact_match,exact_birth_year
P003703,"NIKOLIC, ALEKSEJ",Aleksej Nikolic,Aleksej Nikolić,https://en.wikipedia.org/wiki/Aleksej_Nikolić,Point guard,Point Guard,matched,,Aleksej Nikolić; KK Partizan; Galatasaray S.K. (men's basketball); 2025–26 KK Partizan season; 2026–27 KK Partizan season,False,direct,bio_name,1995.0,exact_match,exact_birth_year
P002551,"NIKOLIC, DANILO",Danilo Nikolic,Danilo Nikolić (basketball),https://en.wikipedia.org/wiki/Danilo_Nikolić_(basketball),Power forward / center,Power Forward,matched,,Danilo Nikolić; Danilo Nikolić (basketball); KK Partizan; 2019–20 EuroLeague; 2024–25 KK Partizan season; 2026–27 ABA League First Division,True,search,bio_name,1993.0,exact_match,exact_birth_year
PBOS,"NIKOLIC, GORAN",Goran Nikolic,Goran Nikolić,https://en.wikipedia.org/wiki/Goran_Nikolić,Power forward / center,Power Forward,matched,,Goran Nikolić; ABA League; Serbia men's national basketball team; 2025–26 KK Partizan season; KK Partizan,True,direct,bio_name,1976.0,exact_match,exact_birth_year
PJMS,"NIKOLIC, UROS",Uros Nikolic,Uroš Nikolić (basketball),https://en.wikipedia.org/wiki/Uroš_Nikolić_(basketball),Power forward / center,Power Forward,matched,,Uroš Nikolić; Uroš Nikolić (basketball); 2025–26 EuroLeague; 2023–24 EuroLeague; 2024–25 EuroLeague; 2021–22 EuroLeague,True,search,bio_name,1987.0,exact_match,exact_birth_year
P005357,"NIKOLIC, ZORAN",Zoran Nikolic,Zoran Nikolić (basketball),https://en.wikipedia.org/wiki/Zoran_Nikolić_(basketball),Center,Center,matched,,Zoran Nikolić; Zoran Nikolić (basketball); Aleksandar Nikolić; Aleksandar Nikolić Hall; Miroslav Nikolić; Serbia men's national basketball team,False,search,bio_name,1996.0,exact_match,exact_birth_year
P005963,"NIKOLOV, KRISTIJAN",Kristijan Nikolov,Kristijan Nikolov,https://en.wikipedia.org/wiki/Kristijan_Nikolov,Point guard,Point Guard,matched,,Kristijan Nikolov; Galatasaray S.K. (men's basketball); North Macedonia men's national basketball team; Gaziantep Basketbol; Rosters of the top basketball teams in European club competitions,False,direct,bio_name,1996.0,exact_match,exact_birth_year
P001908,"NJEI, ACHA",Acha Njei,,,,,no_page_found,Wikipedia search returned no results,,False,,bio_name,,unavailable,
PLNM,"NJOYA, SAIDOU",Saidou Njoya,Euroleague 2008–09 Rosters,https://en.wikipedia.org/wiki/Euroleague_2008–09_Rosters,,,page_found_not_basketball_player,Wikipedia page(s) found but none identifiable as a basketball-biography page,Euroleague 2008–09 Rosters,False,search,bio_name,,unavailable,
P010641,"NNAJI, JAMES",James Nnaji,James Nnaji,https://en.wikipedia.org/wiki/James_Nnaji,Center,Center,matched,,James Nnaji; 2023 EuroLeague Final Four; 2025–26 FC Barcelona Bàsquet season; 2024–25 FC Barcelona Bàsquet season; List of 2024–25 EuroLeague transactions,False,direct,bio_name,2004.0,exact_match,exact_birth_year
P009051,"NNOKO, LANDRY",Landry Nnoko,Landry Nnoko,https://en.wikipedia.org/wiki/Landry_Nnoko,Center,Center,matched,,Landry Nnoko; BeoBasket; 2020–21 KK Crvena zvezda season; KK Crvena zvezda; KK Crvena zvezda accomplishments and records,False,direct,bio_name,1994.0,exact_match,exact_birth_year
P001241,"NOCEDAL, MATIAS",Matias Nocedal,Matías Nocedal,https://en.wikipedia.org/wiki/Matías_Nocedal,,,page_found_identity_unconfirmed,Basketball page found but birth year/nationality could not be confirmed against players_bio.csv,Matías Nocedal; Rosters of the top basketball teams in European club competitions; Euroleague 2008–09 Rosters,False,direct,bio_name,,unavailable,
PAPR,"NOCIONI, ANDRES",Andres Nocioni,Andrés Nocioni,https://en.wikipedia.org/wiki/Andrés_Nocioni,Small forward / power forward,Small Forward,matched,,Andrés Nocioni; EuroLeague 2010–2020 All-Decade Team; EuroLeague Final Four MVP; All-EuroLeague Team; EuroLeague Final Four,True,direct,bio_name,1979.0,exact_match,exact_birth_year
P010162,"NOGUES, ISAAC",Isaac Nogues,Isaac Nogués,https://en.wikipedia.org/wiki/Isaac_Nogués,Shooting guard,Shooting Guard,matched,,Isaac Nogués; 2026 EuroLeague Final Four; List of 2026–27 EuroLeague transactions; List of 2025–26 EuroLeague transactions; Joventut Badalona,False,search,bio_name,2004.0,exact_match,exact_birth_year
PJSU,"NOLAN, NORMAN",Norman Nolan,PAOK BC,https://en.wikipedia.org/wiki/PAOK_BC,,,page_found_not_basketball_player,Wikipedia page(s) found but none identifiable as a basketball-biography page,PAOK BC; Maroussi B.C.; 2017–18 Baltic Basketball League; Pallacanestro Biella; Full-court press,False,search,bio_name,,unavailable,
PLHH,"NOREL, HENK",Henk Norel,Henk Norel,https://en.wikipedia.org/wiki/Henk_Norel,Power forward / center,Power Forward,matched,,Henk Norel; Netherlands men's national basketball team; 2009 NBA draft; Quinten Post; CB Prat,True,direct,bio_name,1987.0,exact_match,exact_birth_year
P014134,"NORRIS, MILES",Miles Norris,Miles Norris,https://en.wikipedia.org/wiki/Miles_Norris,Power forward,Power Forward,matched,,Miles Norris; List of 2026–27 EuroLeague transactions; FC Bayern Munich (basketball); List of 2025–26 EuroLeague transactions; 50 Greatest EuroLeague Contributors (2008),False,direct,bio_name,2000.0,exact_match,exact_birth_year
P006068,"NOUA, AMINE",Amine Noua,Amine Noua,https://en.wikipedia.org/wiki/Amine_Noua,Power forward,Power Forward,matched,,Amine Noua; Fenerbahçe S.K. (basketball); ASVEL Basket; 2024–25 Fenerbahçe S.K. (basketball) season; 2023–24 Fenerbahçe S.K. (basketball) season,False,direct,bio_name,1997.0,exact_match,exact_birth_year
P001890,"NOVIKOV, VALENTIN",Valentin Novikov,Valentin Novikov,https://en.wikipedia.org/wiki/Valentin_Novikov,,,page_found_not_basketball_player,Wikipedia page(s) found but none identifiable as a basketball-biography page,Valentin Novikov; Culture of Russia,False,direct,bio_name,,unavailable,
P000078,"NOVI, MICHELE",Michele Novi,2022–23 EuroLeague,https://en.wikipedia.org/wiki/2022–23_EuroLeague,,,page_found_not_basketball_player,Wikipedia page(s) found but none identifiable as a basketball-biography page,2022–23 EuroLeague; 2025–26 KK Partizan season; 2024–25 KK Partizan season; 2017–18 KK Partizan season; 2018–19 KK Crvena zvezda season,False,search,bio_name,,unavailable,
P014119,"NOWELL, MARKQUIS",Markquis Nowell,Markquis Nowell,https://en.wikipedia.org/wiki/Markquis_Nowell,Point guard,Point Guard,matched,,Markquis Nowell; List of 2025–26 EuroLeague transactions; List of 2024–25 NBA season transactions; List of 2023–24 NBA season transactions,False,direct,bio_name,1999.0,exact_match,exact_birth_year
PABB,"DIKOUDIS, DIMOS",Dimos Dikoudis,Dimos Dikoudis,https://en.wikipedia.org/wiki/Dimos_Dikoudis,Power forward / center,Power Forward,matched,,Dimos Dikoudis; 2000–01 Euroleague; Greece men's national basketball team; Aris B.C.; PBC CSKA Moscow,True,direct,bio_name,1977.0,exact_match,exact_birth_year
P006591,"NTILIKINA, FRANK",Frank Ntilikina,Frank Ntilikina,https://en.wikipedia.org/wiki/Frank_Ntilikina,Point guard,Point Guard,matched,,Frank Ntilikina; List of 2026–27 EuroLeague transactions; Paris Basketball; LNB Élite; Olympiacos B.C.,False,direct,bio_name,1998.0,exact_match,exact_birth_year
P012100,"NUFER, ANTON",Anton Nufer,Alba Berlin,https://en.wikipedia.org/wiki/Alba_Berlin,,,page_found_not_basketball_player,Wikipedia page(s) found but none identifiable as a basketball-biography page,Alba Berlin,False,search,bio_name,,unavailable,
P010106,"NUNEZ, JUAN",Juan Nunez,Juan Núñez (basketball),https://en.wikipedia.org/wiki/Juan_Núñez_(basketball),Point guard,Point Guard,matched,,Juan Núñez; Juan Núñez (basketball); FC Barcelona Bàsquet; Real Madrid Baloncesto; Rosters of the champion and finalist teams of EuroLeague; 2022 EuroLeague Final Four,False,search,bio_name,2004.0,exact_match,exact_birth_year
P007400,"NUNNALLY, JAMES",James Nunnally,James Nunnally,https://en.wikipedia.org/wiki/James_Nunnally,Small forward,Small Forward,matched,,James Nunnally; Fenerbahçe S.K. (basketball); 2023–24 EuroLeague; Nunnally; Maccabi Tel Aviv B.C.,False,direct,bio_name,1990.0,exact_match,exact_birth_year
P012774,"NUNN, KENDRICK",Kendrick Nunn,Kendrick Nunn,https://en.wikipedia.org/wiki/Kendrick_Nunn,Shooting guard,Shooting Guard,matched,,Kendrick Nunn; 2024–25 EuroLeague; Alphonso Ford EuroLeague Top Scorer Trophy; 2025–26 EuroLeague; EuroLeague MVP,False,direct,bio_name,1995.0,exact_match,exact_birth_year
P004053,"NURKIC, JUSUF",Jusuf Nurkic,Jusuf Nurkić,https://en.wikipedia.org/wiki/Jusuf_Nurkić,Center,Center,matched,,Jusuf Nurkić; ABA League; Vasilije Micić; EuroBasket 2022; Anthony Randolph,False,direct,bio_name,1994.0,exact_match,exact_birth_year
P013363,"NWORA, JORDAN",Jordan Nwora,Jordan Nwora,https://en.wikipedia.org/wiki/Jordan_Nwora,Small forward,Small Forward,matched,,Jordan Nwora; 2025–26 EuroLeague; KK Crvena zvezda; List of 2025–26 EuroLeague transactions; Serge Ibaka,False,direct,bio_name,1998.0,exact_match,exact_birth_year
P005092,"NZEULIE, JEREMY",Jeremy Nzeulie,Jérémy Nzeulie,https://en.wikipedia.org/wiki/Jérémy_Nzeulie,Shooting guard / point guard,Shooting Guard,matched,,Jérémy Nzeulie; 2017 FIBA Europe Cup Finals; Élan Chalon; Nanterre 92; SIG Strasbourg,True,direct,bio_name,1991.0,exact_match,exact_birth_year
P011938,"OBASOHAN, RETIN",Retin Obasohan,Retin Obasohan,https://en.wikipedia.org/wiki/Retin_Obasohan,Point guard,Point Guard,matched,,Retin Obasohan; ASVEL Basket; CB San Pablo Burgos; Hapoel Jerusalem B.C.; Levi Randolph; 2021–22 Israeli Basketball Premier League,False,direct,bio_name,1993.0,exact_match,exact_birth_year
P008262,"OBIESIE, JOSHUA",Joshua Obiesie,Joshua Obiesie,https://en.wikipedia.org/wiki/Joshua_Obiesie,Small forward,Small Forward,matched,,Joshua Obiesie; FC Bayern Munich (basketball); AEK B.C.; List of 2021–22 EuroLeague transactions; List of 2022–23 EuroLeague transactions; Bamberg Baskets,False,direct,bio_name,2000.0,exact_match,exact_birth_year
P009004,"O'BRYANT, JOHNNY",Johnny O'bryant,Johnny O'Bryant III,https://en.wikipedia.org/wiki/Johnny_O'Bryant_III,Center / power forward,Center,matched,,Johnny O'Bryant III; O'Bryant; 2018–19 EuroLeague; Maccabi Tel Aviv B.C.; EuroLeague MVP of the Round,True,search,bio_name,1993.0,exact_match,exact_birth_year
P004508,"OBST, ANDREAS",Andreas Obst,Andreas Obst,https://en.wikipedia.org/wiki/Andreas_Obst,Shooting guard,Shooting Guard,matched,,Andreas Obst; 2025–26 EuroLeague; FC Bayern Munich (basketball); List of 2025–26 EuroLeague transactions; BeoBasket,False,direct,bio_name,1996.0,exact_match,exact_birth_year
P011823,"ODIASE, TAI",Tai Odiase,Tai Odiase,https://en.wikipedia.org/wiki/Tai_Odiase,Center,Center,matched,,Tai Odiase; List of 2026–27 EuroLeague transactions; List of 2025–26 EuroLeague transactions; 2025–26 Israeli Basketball Premier League; Hapoel Tel Aviv B.C.,False,direct,bio_name,1995.0,exact_match,exact_birth_year
P008140,"ODINOKOV, VLADISLAV",Vladislav Odinokov,1994 in Russia,https://en.wikipedia.org/wiki/1994_in_Russia,,,page_found_not_basketball_player,Wikipedia page(s) found but none identifiable as a basketball-biography page,1994 in Russia,False,search,bio_name,,unavailable,
P005667,"ODOM, LAMAR",Lamar Odom,Lamar Odom,https://en.wikipedia.org/wiki/Lamar_Odom,Power forward / small forward,Power Forward,matched,,Lamar Odom; Pau Gasol; Saski Baskonia; Basketball in Lithuania; Continental Basketball Association,True,direct,bio_name,1979.0,exact_match,exact_birth_year
P004982,"OFOEGBU, IKE",Ike Ofoegbu,Ike Ofoegbu,https://en.wikipedia.org/wiki/Ike_Ofoegbu,Power forward / center,Power Forward,matched,,Ike Ofoegbu; 2014–15 Israeli Basketball Super League; Maccabi Haifa B.C.; SMU Mustangs men's basketball; Vítor Faverani,True,direct,bio_name,1984.0,exact_match,exact_birth_year
P003242,"OGBE, KENNETH",Kenneth Ogbe,Kenneth Ogbe,https://en.wikipedia.org/wiki/Kenneth_Ogbe,Shooting guard,Shooting Guard,matched,,Kenneth Ogbe; Rosters of the top basketball teams in European club competitions; 2019–20 Basketball Bundesliga; List of 2020–21 EuroLeague transactions; 2019 EuroCup Finals,False,direct,bio_name,1994.0,exact_match,exact_birth_year
P002926,"OGILVY, ANDREW JAMES",Andrew James Ogilvy,Andrew Ogilvy,https://en.wikipedia.org/wiki/Andrew_Ogilvy,Center,Center,matched,,Andrew Ogilvy; Rosters of the top basketball teams in European club competitions; 2026 deaths in the United States; 2000 New Year Honours; Deaths in August 2024; March 2009 in sports,False,direct,bio_name,1988.0,exact_match,exact_birth_year
P007057,"OGUNSIPE, MARVIN",Marvin Ogunsipe,Marvin Ogunsipe,https://en.wikipedia.org/wiki/Marvin_Ogunsipe,Center / power forward,Center,matched,,Marvin Ogunsipe; FC Bayern Munich (basketball); 2019–20 FC Bayern Munich (basketball) season; Hamburg Towers; List of 2019–20 EuroLeague transactions; List of 2021–22 EuroLeague transactions,True,direct,bio_name,1996.0,exact_match,exact_birth_year
P000622,"OHAYON, YOGEV",Yogev Ohayon,Yogev Ohayon,https://en.wikipedia.org/wiki/Yogev_Ohayon,Point guard,Point Guard,matched,,Yogev Ohayon; Israel men's national basketball team; Rosters of the champion and finalist teams of EuroLeague; Maccabi Tel Aviv B.C.; Hapoel Jerusalem B.C.,False,direct,bio_name,1987.0,exact_match,exact_birth_year
PLPK,"OHLBRECHT, TIM",Tim Ohlbrecht,Tim Ohlbrecht,https://en.wikipedia.org/wiki/Tim_Ohlbrecht,Power forward / center,Power Forward,matched,,Tim Ohlbrecht; James Anderson (basketball); Basketball in Germany; BC Enisey; Telekom Baskets Bonn,True,direct,bio_name,1988.0,exact_match,exact_birth_year
P009461,"OIKONOMOPOULOS, SOTIRIS",Sotiris Oikonomopoulos,Sotiris Oikonomopoulos,https://en.wikipedia.org/wiki/Sotiris_Oikonomopoulos,Point guard / shooting guard,Point Guard,matched,,Sotiris Oikonomopoulos; Olympiacos B.C.; Olympiacos B.C. B Development Team,True,direct,bio_name,2003.0,exact_match,exact_birth_year
P011982,"OJELEYE, SEMI",Semi Ojeleye,Semi Ojeleye,https://en.wikipedia.org/wiki/Semi_Ojeleye,Small forward / power forward,Small Forward,matched,,Semi Ojeleye; Sterling Brown (basketball); 2024–25 EuroCup Basketball; List of 2025–26 EuroLeague transactions; SMU Mustangs men's basketball,True,direct,bio_name,1994.0,exact_match,exact_birth_year
P008801,"OJO, MICHAEL",Michael Ojo,"Michael Ojo (basketball, born 1993)","https://en.wikipedia.org/wiki/Michael_Ojo_(basketball,_born_1993)",Center,Center,matched,,"Michael Ojo; Michael Ojo (basketball, born 1993); ABA League; 2018–19 KK Crvena zvezda season; List of basketball players who died during their careers; KK Crvena zvezda",False,search,bio_name,1993.0,exact_match,exact_birth_year
P014006,"OKEKE, CHUMA",Chuma Okeke,Chuma Okeke,https://en.wikipedia.org/wiki/Chuma_Okeke,Power forward,Power Forward,matched,,Chuma Okeke; 2026 EuroLeague Final Four; Real Madrid Baloncesto; List of 2025–26 EuroLeague transactions; 2025–26 Real Madrid Baloncesto season,False,direct,bio_name,1998.0,exact_match,exact_birth_year
P011212,"OKOBO, ELIE",Elie Okobo,Élie Okobo,https://en.wikipedia.org/wiki/Élie_Okobo,Point guard / shooting guard,Point Guard,matched,,Élie Okobo; Dubai Basketball; 2025–26 EuroLeague; 2024–25 EuroLeague; List of 2026–27 EuroLeague transactions,True,direct,bio_name,1997.0,exact_match,exact_birth_year
P005363,"OKOUO, VINY",Viny Okouo,Viny Okouo,https://en.wikipedia.org/wiki/Viny_Okouo,Center,Center,matched,,Viny Okouo; Rosters of the top basketball teams in European club competitions; 2017 EuroCup Finals; 2017 Copa del Rey de Baloncesto; 2018 Copa del Rey de Baloncesto,False,direct,bio_name,1997.0,exact_match,exact_birth_year
PASB,"OKULAJA, ADEMOLA",Ademola Okulaja,Ademola Okulaja,https://en.wikipedia.org/wiki/Ademola_Okulaja,Power forward,Power Forward,matched,,Ademola Okulaja; FC Barcelona Bàsquet; EuroLeague MVP of the Round; BC Khimki; Fragiskos Alvertis,False,direct,bio_name,1975.0,exact_match,exact_birth_year
P006600,"OLASENI, GABE",Gabe Olaseni,Gabriel Olaseni,https://en.wikipedia.org/wiki/Gabriel_Olaseni,Center,Center,matched,,Gabriel Olaseni; 2023–24 EuroCup Basketball; EuroCup Basketball MVP of the Round; British Basketball League; 2019 FIBA Europe Cup Finals,False,direct,bio_name,1991.0,exact_match,exact_birth_year
P001972,"OLESON, BRAD",Brad Oleson,Brad Oleson,https://en.wikipedia.org/wiki/Brad_Oleson,Shooting guard / point guard,Shooting Guard,matched,,Brad Oleson; FC Barcelona Bàsquet; Baloncesto Fuenlabrada; 2017–18 FC Barcelona Bàsquet season; Todd Fuller,True,direct,bio_name,1983.0,exact_match,exact_birth_year
P006919,"OLINDE, LOUIS",Louis Olinde,Louis Olinde,https://en.wikipedia.org/wiki/Louis_Olinde,Small forward / power forward,Small Forward,matched,,Louis Olinde; Artūrs Žagars; List of 2020–21 EuroLeague transactions; Hamburg Towers; List of 2016–17 EuroLeague transactions,True,direct,bio_name,1998.0,exact_match,exact_birth_year
P000554,"OLIVER, ALBERT",Albert Oliver,Albert Oliver,https://en.wikipedia.org/wiki/Albert_Oliver,Assistant coach,,position_text_unrecognized,Could not map position text to a canonical position: 'Assistant coach',Albert Oliver; Rosters of the champion and finalist teams of EuroLeague; 2025–26 FC Barcelona Bàsquet season; Joventut Badalona; Bàsquet Manresa,False,direct,bio_name,,unavailable,
P004443,"OLMAZ, AYBERK",Ayberk Olmaz,Ayberk Olmaz,https://en.wikipedia.org/wiki/Ayberk_Olmaz,Power forward / center,Power Forward,matched,,Ayberk Olmaz; Fenerbahçe S.K. (basketball); 2015–16 Fenerbahçe S.K. (basketball) season; 2016–17 Fenerbahçe S.K. (basketball) season; 2013–14 Fenerbahçe S.K. (basketball) season,True,direct,bio_name,1996.0,exact_match,exact_birth_year
P004222,"OMIC, ALEN",Alen Omic,Alen Omić,https://en.wikipedia.org/wiki/Alen_Omić,Center,Center,matched,,Alen Omić; Slovenian Basketball League; ABA League; KK Crvena zvezda; 2024–25 KK Partizan season,False,direct,bio_name,1992.0,exact_match,exact_birth_year
P014121,"OMORUYI, CLIFFORD",Clifford Omoruyi,Clifford Omoruyi,https://en.wikipedia.org/wiki/Clifford_Omoruyi,Center,Center,matched,,Clifford Omoruyi; List of 2025–26 EuroLeague transactions; Vangelis Margaritis; PAOK BC; List of 2024–25 NBA season transactions,False,direct,bio_name,2001.0,exact_match,exact_birth_year
P014207,"OMORUYI, EUGENE",Eugene Omoruyi,Eugene Omoruyi,https://en.wikipedia.org/wiki/Eugene_Omoruyi,Small forward / power forward,Small Forward,matched,,Eugene Omoruyi; Beşiktaş J.K. (men's basketball); List of 2026–27 EuroLeague transactions; Chris Duarte (basketball); List of 2025–26 EuroLeague transactions,True,direct,bio_name,1997.0,exact_match,exact_birth_year
PARO,"ONAN, OMER",Omer Onan,Ömer Onan,https://en.wikipedia.org/wiki/Ömer_Onan,Shooting guard,Shooting Guard,matched,,Ömer Onan; Fenerbahçe S.K. (basketball); 2015–16 Fenerbahçe S.K. (basketball) season; Anadolu Efes S.K.; Turkey men's national basketball team,False,direct,bio_name,1978.0,exact_match,exact_birth_year
P010400,"ONCEL, RIDVAN",Ridvan Oncel,Rıdvan Öncel,https://en.wikipedia.org/wiki/Rıdvan_Öncel,Point guard,Point Guard,matched,,Rıdvan Öncel; List of 2025–26 EuroLeague transactions; Türk Telekom B.K.; Bahçeşehir Koleji S.K.; Trabzonspor B.K.,False,search,bio_name,1997.0,exact_match,exact_birth_year
P006647,"ONUAKU, ARINZE",Arinze Onuaku,Arinze Onuaku,https://en.wikipedia.org/wiki/Arinze_Onuaku,Power forward / center,Power Forward,matched,,"Arinze Onuaku; Chinese Basketball Association; BC Neptūnas; Malcolm Thomas (basketball, born 1988); Maccabi Tel Aviv B.C. past rosters",True,direct,bio_name,1987.0,exact_match,exact_birth_year
P010776,"O'QUINN, KYLE BRANDON",Kyle Brandon O'quinn,Kyle O'Quinn,https://en.wikipedia.org/wiki/Kyle_O'Quinn,Center / power forward,Center,matched,,Kyle O'Quinn; Fenerbahçe S.K. (basketball); Fenerbahçe (men's basketball) past rosters; List of people who died in traffic collisions; List of 2018–19 NBA season transactions,True,search,bio_name,1990.0,exact_match,exact_birth_year
P002012,"ORELIK, GEDIMINAS",Gediminas Orelik,Gediminas Orelik,https://en.wikipedia.org/wiki/Gediminas_Orelik,Power forward,Power Forward,matched,,Gediminas Orelik; Beşiktaş J.K. (men's basketball); BC Lietkabelis; BC Rytas; Baltic Basketball League,False,direct,bio_name,1990.0,exact_match,exact_birth_year
P005917,"ORIOLA, PIERRE",Pierre Oriola,Pierre Oriola,https://en.wikipedia.org/wiki/Pierre_Oriola,Power forward / center,Power Forward,matched,,Pierre Oriola; FC Barcelona Bàsquet; 2020–21 EuroLeague; Spain men's national basketball team; AEK B.C.,True,direct,bio_name,1992.0,exact_match,exact_birth_year
PKWG,"ORTNER, BENJAMIN",Benjamin Ortner,Benjamin Ortner,https://en.wikipedia.org/wiki/Benjamin_Ortner,Center,Center,matched,,Benjamin Ortner; Nicolò Melli; Pallacanestro Brescia; 2017 Basketball Champions League Final Four; 2013–14 Euroleague Regular Season Group C,False,direct,bio_name,1983.0,exact_match,exact_birth_year
P010581,"OSETKOWSKI, DYLAN",Dylan Osetkowski,Dylan Osetkowski,https://en.wikipedia.org/wiki/Dylan_Osetkowski,Power forward / center,Power Forward,matched,,Dylan Osetkowski; List of 2026–27 EuroLeague transactions; 2026–27 KK Partizan season; 2025–26 KK Partizan season; KK Partizan,True,direct,bio_name,1996.0,exact_match,exact_birth_year
P004088,"OSMAN, CEDI",Cedi Osman,Cedi Osman,https://en.wikipedia.org/wiki/Cedi_Osman,Small forward,Small Forward,matched,,Cedi Osman; 2025–26 EuroLeague; 2024–25 EuroLeague; 2025 EuroLeague Final Four; List of 2026–27 EuroLeague transactions,False,direct,bio_name,1995.0,exact_match,exact_birth_year
P012710,"OSMANI, ERCAN",Ercan Osmani,Ercan Osmani,https://en.wikipedia.org/wiki/Ercan_Osmani,Power forward / center,Power Forward,matched,,Ercan Osmani; Anadolu Efes S.K.; List of 2025–26 EuroLeague transactions; 2026–27 Anadolu Efes S.K. season; 2023–24 Anadolu Efes S.K. season,True,direct,bio_name,1998.0,exact_match,exact_birth_year
P012788,"OTURU, DAN",Dan Oturu,Daniel Oturu,https://en.wikipedia.org/wiki/Daniel_Oturu,Center,Center,matched,,Daniel Oturu; List of 2026–27 EuroLeague transactions; List of 2025–26 EuroLeague transactions; Hapoel Tel Aviv B.C.; Mathias Lessort,False,search,bio_name,1999.0,exact_match,exact_birth_year
P004197,"OUATTARA, YAKUBA",Yakuba Ouattara,Yakuba Ouattara,https://en.wikipedia.org/wiki/Yakuba_Ouattara,Shooting guard / small forward,Shooting Guard,matched,,Yakuba Ouattara; AS Monaco Basket; 2023 EuroLeague Final Four; France men's national basketball team; List of 2024–25 EuroLeague transactions,True,direct,bio_name,1992.0,exact_match,exact_birth_year
P003552,"OVENEKE, RANDY",Randy Oveneke,Belgium men's national basketball team,https://en.wikipedia.org/wiki/Belgium_men's_national_basketball_team,,,page_found_not_basketball_player,Wikipedia page(s) found but none identifiable as a basketball-biography page,Belgium men's national basketball team; 2007–08 Drexel Dragons men's basketball team; 2006–07 Drexel Dragons men's basketball team; 2005–06 Drexel Dragons men's basketball team; 2004–05 Drexel Dragons men's basketball team,False,search,bio_name,,unavailable,
PAQA,"OZBOLT, SASO",Saso Ozbolt,Sašo Ožbolt,https://en.wikipedia.org/wiki/Sašo_Ožbolt,Guard,,position_text_unrecognized,Could not map position text to a canonical position: 'Guard',Sašo Ožbolt; EuroLeague season statistical leaders; Slovenian Basketball All-Star Game; KK Zagreb; Slovenian Basketball Cup,False,direct,bio_name,,unavailable,
P006640,"OZDEMIROGLU, DOGUS",Dogus Ozdemiroglu,Doğuş Özdemiroğlu,https://en.wikipedia.org/wiki/Doğuş_Özdemiroğlu,Point guard,Point Guard,matched,,2025–26 EuroCup Basketball; Doğuş Özdemiroğlu; List of 2025–26 EuroLeague transactions; 2021–22 Basketball Champions League; 2023–24 Anadolu Efes S.K. season,False,search,bio_name,1996.0,exact_match,exact_birth_year
PBNW,"OZER, CEVHER",Cevher Ozer,Cevher Özer,https://en.wikipedia.org/wiki/Cevher_Özer,Power forward,Power Forward,matched,,Cevher Özer; Galatasaray S.K. (men's basketball); Türk Telekom B.K.; Darüşşafaka Basketbol; Bandırma B.İ.K.; 2019–20 Basketbol Süper Ligi,False,direct,bio_name,1983.0,exact_match,exact_birth_year
P004179,"OZMIZRAK, KARTAL",Kartal Ozmizrak,Kartal Özmızrak,https://en.wikipedia.org/wiki/Kartal_Özmızrak,Point guard,Point Guard,matched,,Kartal Özmızrak; Beşiktaş J.K. (men's basketball); Bahçeşehir Koleji S.K.; Turkey men's national under-20 basketball team; Turkey men's national basketball team,False,direct,bio_name,1995.0,exact_match,exact_birth_year
PAWO,"PACHULIA, ZAZA",Zaza Pachulia,Zaza Pachulia,https://en.wikipedia.org/wiki/Zaza_Pachulia,Center,Center,matched,,Zaza Pachulia; Galatasaray S.K. (men's basketball); EuroLeague MVP of the Round; Giorgi Shermadini; Salah Mejri,False,direct,bio_name,1984.0,exact_match,exact_birth_year
PLIF,"PACUN, BORA HUN",Bora Hun Pacun,Bora Paçun,https://en.wikipedia.org/wiki/Bora_Paçun,Center,Center,matched,,Bora Paçun; Rosters of the top basketball teams in European club competitions; 2011–12 Galatasaray S.K. (men's basketball) season,False,direct,bio_name,1987.0,exact_match,exact_birth_year
P002705,"PAGE, DYLAN",Dylan Page,Dylan Page,https://en.wikipedia.org/wiki/Dylan_Page,Small forward,Small Forward,matched,,Dylan Page; 2025–26 KK Partizan season; Dylan Ennis; BeoBasket; ASVEL Basket,False,direct,bio_name,1982.0,exact_match,exact_birth_year
P006739,"PAJOLA, ALESSANDRO",Alessandro Pajola,Alessandro Pajola,https://en.wikipedia.org/wiki/Alessandro_Pajola,Point guard,Point Guard,matched,,Alessandro Pajola; List of 2026–27 EuroLeague transactions; Italy men's national basketball team; Virtus Bologna; 2026–27 KK Partizan season,False,direct,bio_name,1999.0,exact_match,exact_birth_year
PTGU,"PALACIO, MILT",Milt Palacio,Milt Palacio,https://en.wikipedia.org/wiki/Milt_Palacio,Point guard / shooting guard,Point Guard,matched,,Milt Palacio; Basketball League of Serbia; ABA League; EuroLeague MVP of the Month; 2007–08 Euroleague,True,direct,bio_name,1978.0,exact_match,exact_birth_year
P003603,"PALACIOS, JUAN",Juan Palacios,Juan Palacios (basketball),https://en.wikipedia.org/wiki/Juan_Palacios_(basketball),Power forward / center,Power Forward,matched,,Juan Palacios; Juan Palacios (basketball); Real Madrid Baloncesto; EuroLeague MVP of the Month; 2017–18 EuroLeague; 2012–13 Fenerbahçe S.K. (basketball) season,True,search,bio_name,1985.0,exact_match,exact_birth_year
P013283,"PALATIN, GUY",Guy Palatin,Guy Palatin,https://en.wikipedia.org/wiki/Guy_Palatin,Shooting guard,Shooting Guard,matched,,Guy Palatin; Israel men's national basketball team; List of 2025–26 EuroLeague transactions; 2023–24 Israeli Basketball Premier League; Hapoel Tel Aviv B.C.,False,direct,bio_name,2000.0,exact_match,exact_birth_year
P004175,"PAMULA, PIOTR",Piotr Pamula,Poland men's national basketball team,https://en.wikipedia.org/wiki/Poland_men's_national_basketball_team,,,page_found_not_basketball_player,Wikipedia page(s) found but none identifiable as a basketball-biography page,Poland men's national basketball team; Polish Basketball All-Star Game,False,search,bio_name,,unavailable,
P006433,"PANGOS, KEVIN",Kevin Pangos,Kevin Pangos,https://en.wikipedia.org/wiki/Kevin_Pangos,Point guard,Point Guard,matched,,Kevin Pangos; All-EuroLeague Team; BC Žalgiris; PBC CSKA Moscow; 2020–21 EuroLeague,False,direct,bio_name,1993.0,exact_match,exact_birth_year
PLSK,"PANIN, VADIM",Vadim Panin,Vadim Panin,https://en.wikipedia.org/wiki/Vadim_Panin,Small forward,Small Forward,matched,,Vadim Panin; FIBA EuroCup Challenge; BC UNICS; Rosters of the top basketball teams in European club competitions; 2014–15 Euroleague squads,False,direct,bio_name,1984.0,exact_match,exact_birth_year
PLRF,"PANKO, ANDY",Andy Panko,Andy Panko,https://en.wikipedia.org/wiki/Andy_Panko,Small forward / power forward,Small Forward,matched,,Andy Panko; PAOK BC; Baloncesto Málaga; Rosters of the top basketball teams in European club competitions; Primera FEB,True,direct,bio_name,1977.0,exact_match,exact_birth_year
PABK,"PANTELIADIS, SPYRIDON",Spyridon Panteliadis,Spyros Panteliadis,https://en.wikipedia.org/wiki/Spyros_Panteliadis,Point guard,Point Guard,matched,,Spyros Panteliadis; Maroussi B.C.; Rosters of the top basketball teams in European club competitions,False,direct,bio_name,1977.0,exact_match,exact_birth_year
P007634,"PANTZAR, MELWIN",Melwin Pantzar,Melwin Pantzar,https://en.wikipedia.org/wiki/Melwin_Pantzar,Point guard,Point Guard,matched,,Melwin Pantzar; Real Madrid Baloncesto; 2024–25 FIBA Europe Cup; 2025–26 FIBA Europe Cup; Baloncesto Málaga,False,direct,bio_name,2000.0,exact_match,exact_birth_year
P009815,"PAPADAKIS, KONSTANTINOS",Konstantinos Papadakis,Konstantinos Papadakis,https://en.wikipedia.org/wiki/Konstantinos_Papadakis,,,position_unavailable,Basketball page confirmed but has no 'position' field in its infobox,Konstantinos Papadakis; PAOK BC; Aris B.C.; AEK B.C.; Panathinaikos B.C.; Costis Gontikas,False,direct,bio_name,,unavailable,direct_name_match_no_contradicting_evidence
PAPP,"PAPADOPOULOS, LAZAROS",Lazaros Papadopoulos,Lazaros Papadopoulos,https://en.wikipedia.org/wiki/Lazaros_Papadopoulos,Center,Center,matched,,Lazaros Papadopoulos; All-EuroLeague Team; PAOK BC; Greece men's national basketball team; Rosters of the champion and finalist teams of EuroLeague,False,direct,bio_name,1980.0,exact_match,exact_birth_year
P005844,"PAPAGIANNIS, GEORGIOS",Georgios Papagiannis,Georgios Papagiannis,https://en.wikipedia.org/wiki/Georgios_Papagiannis,Center,Center,matched,,Georgios Papagiannis; Fenerbahçe S.K. (basketball); Panathinaikos B.C.; 2021–22 EuroLeague; Bogdan Bogdanović (basketball),False,direct,bio_name,1997.0,exact_match,exact_birth_year
PATW,"PAPALOUKAS, THEODOROS",Theodoros Papaloukas,Theodoros Papaloukas,https://en.wikipedia.org/wiki/Theodoros_Papaloukas,Point guard / shooting guard,Point Guard,matched,,Theodoros Papaloukas; Olympiacos B.C.; EuroLeague MVP; EuroLeague 25th Anniversary Team; 2005–06 Euroleague,True,direct,bio_name,1977.0,exact_match,exact_birth_year
PACJ,"PAPAMAKARIOS, MANOLIS",Manolis Papamakarios,Manolis Papamakarios,https://en.wikipedia.org/wiki/Manolis_Papamakarios,Point guard / shooting guard,Point Guard,matched,,Manolis Papamakarios; Olympiacos B.C.; Peristeri B.C.; A.C. Doukas Basketball; Argyris Pedoulakis,True,direct,bio_name,1980.0,exact_match,exact_birth_year
P001255,"PAPANIKOLAOU, KOSTAS",Kostas Papanikolaou,Kostas Papanikolaou,https://en.wikipedia.org/wiki/Kostas_Papanikolaou,Small forward,Small Forward,matched,,Kostas Papanikolaou; EuroLeague; Fenerbahçe S.K. (basketball); EuroLeague 2010–2020 All-Decade Team; 2023 EuroLeague Final Four,False,direct,bio_name,1990.0,exact_match,exact_birth_year
P001567,"PAPANTONAKOS, KOSTAS",Kostas Papantonakos,AEK B.C.,https://en.wikipedia.org/wiki/AEK_B.C.,,,page_found_not_basketball_player,Wikipedia page(s) found but none identifiable as a basketball-biography page,AEK B.C.; Peristeri B.C.; Maroussi B.C.,False,search,bio_name,,unavailable,
P001144,"PAPANTONIOU, NONTAS",Nontas Papantoniou,Nondas Papantoniou,https://en.wikipedia.org/wiki/Nondas_Papantoniou,Point guard / shooting guard,Point Guard,matched,,Nondas Papantoniou; Peristeri B.C.,True,direct,bio_name,1990.0,exact_match,exact_birth_year
P005161,"PAPAPETROU, IOANNIS",Ioannis Papapetrou,Ioannis Papapetrou,https://en.wikipedia.org/wiki/Ioannis_Papapetrou,Small forward / power forward,Small Forward,matched,,Ioannis Papapetrou; Panathinaikos B.C.; ABA League; Olympiacos B.C.; Greece men's national basketball team,True,direct,bio_name,1994.0,exact_match,exact_birth_year
P012023,"PAPAS, GEORGE",George Papas,George Papas,https://en.wikipedia.org/wiki/George_Papas,Shooting guard,Shooting Guard,matched,,George Papas; Olympiacos B.C.; Alexandros Nikolaidis (basketball); Peristeri B.C.; Promitheas Patras B.C.,False,direct,bio_name,1998.0,exact_match,exact_birth_year
P000464,"PAPPAS, NIKOS",Nikos Pappas,Nikos Pappas (basketball),https://en.wikipedia.org/wiki/Nikos_Pappas_(basketball),Shooting guard / small forward,Shooting Guard,matched,,Nikos Pappas; Nikos Pappas (basketball); Nikos Galis; Nikos Oikonomou; AEK B.C.; Nikos Chatzivrettas,True,search,bio_name,1990.0,exact_match,exact_birth_year
P001303,"PARAGYIOS, MICHAEL",Michael Paragyios,Michael Paragyios,https://en.wikipedia.org/wiki/Michael_Paragyios,Power forward / center,Power Forward,matched,,Michael Paragyios; Greece men's national basketball team; Maroussi B.C.; Ionikos Nikaias B.C.; HEBA Greek All-Star Game,True,direct,bio_name,1982.0,exact_match,exact_birth_year
11111,michail-paragyios,Michail Paragyios,Greece men's national basketball team,https://en.wikipedia.org/wiki/Greece_men's_national_basketball_team,,,page_found_not_basketball_player,Wikipedia page(s) found but none identifiable as a basketball-biography page,Greece men's national basketball team,False,search,slug_fallback,,unavailable,
P003034,"PARAKHOUSKI, ARTSIOM",Artsiom Parakhouski,Artsiom Parakhouski,https://en.wikipedia.org/wiki/Artsiom_Parakhouski,Center,Center,matched,,Artsiom Parakhouski; EuroLeague season statistical leaders; EuroLeague MVP of the Round; 2018–19 EuroCup Basketball; Hapoel Jerusalem B.C.,False,direct,bio_name,1987.0,exact_match,exact_birth_year
P001276,"PARGO, JANNERO",Jannero Pargo,Jannero Pargo,https://en.wikipedia.org/wiki/Jannero_Pargo,Point guard / shooting guard,Point Guard,matched,,Jannero Pargo; Jeremy Pargo; MBC Dynamo Moscow; Paul Robeson High School (Chicago); American Basketball Association (2000–present),True,direct,bio_name,1979.0,exact_match,exact_birth_year
P002834,"PARGO, JEREMY",Jeremy Pargo,Jeremy Pargo,https://en.wikipedia.org/wiki/Jeremy_Pargo,Point guard,Point Guard,matched,,Jeremy Pargo; Jannero Pargo; All-EuroLeague Team; PBC CSKA Moscow; Maccabi Tel Aviv B.C.,False,direct,bio_name,1986.0,exact_match,exact_birth_year
P012745,"PARKER, JABARI",Jabari Parker,Jabari Parker,https://en.wikipedia.org/wiki/Jabari_Parker,Power forward,Power Forward,matched,,Jabari Parker; 2025–26 FC Barcelona Bàsquet season; Candace Parker; Kendrick Nunn; Sterling Brown (basketball),False,direct,bio_name,1995.0,exact_match,exact_birth_year
P000264,"PARKER, TJ",Tj Parker,T. J. Parker (basketball),https://en.wikipedia.org/wiki/T._J._Parker_(basketball),Point guard / shooting guard,Point Guard,matched,,Tony Parker; 2023–24 EuroLeague; List of 2026–27 EuroLeague transactions; T. J. Parker (basketball); Jabari Parker,True,search,bio_name,1984.0,exact_match,exact_birth_year
P007464,"PARRA, JOEL",Joel Parra,Joel Parra,https://en.wikipedia.org/wiki/Joel_Parra,Small forward / power forward,Small Forward,matched,,Joel Parra; List of 2026–27 EuroLeague transactions; 2025–26 FC Barcelona Bàsquet season; List of 2025–26 EuroLeague transactions; FC Barcelona Bàsquet,True,direct,bio_name,2000.0,exact_match,exact_birth_year
PCJB,"PASALIC, DRAGO",Drago Pasalic,Drago Pašalić,https://en.wikipedia.org/wiki/Drago_Pašalić,Power forward / center,Power Forward,matched,,Drago Pašalić; Donar (basketball); PAOK BC; 2018–19 Dutch Basketball League; Dutch Basketball Supercup,True,direct,bio_name,1984.0,exact_match,exact_birth_year
P006385,"PASCOLO, DAVIDE",Davide Pascolo,Davide Pascolo,https://en.wikipedia.org/wiki/Davide_Pascolo,Power forward,Power Forward,matched,,Davide Pascolo; EuroCup Basketball All-EuroCup Team; 2016 Italian Basketball Supercup; 2015–16 Eurocup Basketball; List of 2016–17 EuroLeague transactions,False,direct,bio_name,1990.0,exact_match,exact_birth_year
P003921,"PASECNIKS, ANZEJS",Anzejs Pasecniks,Anžejs Pasečņiks,https://en.wikipedia.org/wiki/Anžejs_Pasečņiks,Center / power forward,Center,matched,,Anžejs Pasečņiks; Serge Ibaka; CB Gran Canaria; Rosters of the top basketball teams in European club competitions; BK VEF Rīga,True,direct,bio_name,1995.0,exact_match,exact_birth_year
PAYU,"PASHUTIN, ZAKHAR",Zakhar Pashutin,Zakhar Pashutin,https://en.wikipedia.org/wiki/Zakhar_Pashutin,Shooting guard,Shooting Guard,matched,,Zakhar Pashutin; 2007 Euroleague Final Four; Evgeniy Pashutin; Russia men's national basketball team; PBC CSKA Moscow,False,direct,bio_name,1974.0,exact_match,exact_birth_year
P005093,"PASSAVE, JOHAN",Johan Passave,Léopold Cavalière,https://en.wikipedia.org/wiki/Léopold_Cavalière,,,page_found_identity_mismatch,Selected page's birth year (1996) clearly differs from players_bio.csv (1985); rejected as a different person.,Nanterre 92; Léopold Cavalière; Rosters of the top basketball teams in European club competitions; LNB All-Star Game,False,search,bio_name,1996.0,clear_mismatch,
P004804,"PATEEV, RUSLAN",Ruslan Pateev,Ruslan Pateev,https://en.wikipedia.org/wiki/Ruslan_Pateev,Center,Center,matched,,Ruslan Pateev; Russia men's national basketball team; 2015–16 Euroleague squads; Rosters of the top basketball teams in European club competitions; 2015 Eurocup Finals,False,direct,bio_name,1990.0,exact_match,exact_birth_year
P005973,"PATSATSIA, LEVAN",Levan Patsatsia,Levan Patsatsia,https://en.wikipedia.org/wiki/Levan_Patsatsia,Head coach,,position_text_unrecognized,Could not map position text to a canonical position: 'Head coach',Levan Patsatsia; Will Daniels; BC Dinamo Tbilisi; 2014–15 Euroleague squads,False,direct,bio_name,,unavailable,
P004945,"PAUL, BRANDON",Brandon Paul,Brandon Paul,https://en.wikipedia.org/wiki/Brandon_Paul,Shooting guard / small forward,Shooting Guard,matched,,Brandon Paul; Fenerbahçe S.K. (basketball); List of 2026–27 EuroLeague transactions; List of 2025–26 EuroLeague transactions; EuroLeague MVP of the Round,True,direct,bio_name,1991.0,exact_match,exact_birth_year
PJFX,"PAULDING, RICKEY",Rickey Paulding,Rickey Paulding,https://en.wikipedia.org/wiki/Rickey_Paulding,"Shooting guard, small forward",Shooting Guard,matched,,Rickey Paulding; Baskets Oldenburg; Basketball Bundesliga; Rosters of the top basketball teams in European club competitions; BBL All-Star Game; 2016–17 Basketball Bundesliga,True,direct,bio_name,1982.0,exact_match,exact_birth_year
P003204,"PAULI, ORIOL",Oriol Pauli,Oriol Paulí,https://en.wikipedia.org/wiki/Oriol_Paulí,Small forward,Small Forward,matched,,Oriol Paulí; 2022–23 FC Barcelona Bàsquet season; 2024–25 FC Barcelona Bàsquet season; List of 2024–25 EuroLeague transactions; 2023–24 FC Barcelona Bàsquet season,False,direct,bio_name,1994.0,exact_match,exact_birth_year
P013377,"PAUL, MBIYA",Mbiya Paul,2025–26 Kansas Jayhawks men's basketball team,https://en.wikipedia.org/wiki/2025–26_Kansas_Jayhawks_men's_basketball_team,,,page_found_not_basketball_player,Wikipedia page(s) found but none identifiable as a basketball-biography page,2025–26 Kansas Jayhawks men's basketball team; 2023 BAL season rosters; 2023 BAL season,False,search,bio_name,,unavailable,
P007533,"PAVELKA, TOMAS",Tomas Pavelka,Tomáš Pavelka,https://en.wikipedia.org/wiki/Tomáš_Pavelka,,,page_found_not_basketball_player,Wikipedia page(s) found but none identifiable as a basketball-biography page,Tomáš Pavelka; Latvian–Estonian Basketball League; 2024–25 BC Žalgiris season; BC Neptūnas; 2022–23 Latvian–Estonian Basketball League; 2023–24 LKL season,False,direct,bio_name,,unavailable,
PJSE,"PAVIC, IVAN",Ivan Pavic,Slovenian Basketball League,https://en.wikipedia.org/wiki/Slovenian_Basketball_League,,,page_found_not_basketball_player,Wikipedia page(s) found but none identifiable as a basketball-biography page,Slovenian Basketball League; 2017–18 Slovenian Basketball League; 2015–16 Slovenian Basketball League; KK Krka; Olympiacos CFP,False,search,bio_name,,unavailable,
P012934,"PAVLOVIC, NOVAK",Novak Pavlovic,Dražen Petrović,https://en.wikipedia.org/wiki/Dražen_Petrović,,,page_found_identity_unconfirmed,Basketball page found but birth year/nationality could not be confirmed against players_bio.csv,Dražen Petrović; Sport in Serbia; Serbia men's national under-18 basketball team; List of Montenegrins; KK Crvena zvezda (youth),False,search,bio_name,,unavailable,
PANE,"PAVLOVIC, SASHA",Sasha Pavlovic,Aleksandar Pavlović (basketball),https://en.wikipedia.org/wiki/Aleksandar_Pavlović_(basketball),Small forward / shooting guard,Small Forward,matched,,Aleksandar Pavlović (basketball); Predrag Danilović; Panathinaikos B.C.; Tarence Kinsey; List of Serbian NBA players,True,direct,bio_name,1983.0,exact_match,exact_birth_year
P008348,"PAYNE, ADREIAN",Adreian Payne,Adreian Payne,https://en.wikipedia.org/wiki/Adreian_Payne,Center / power forward,Center,matched,,Adreian Payne; List of basketball players who died during their careers; Edo Murić; Panathinaikos B.C.; List of 2018–19 EuroLeague transactions,True,direct,bio_name,1991.0,exact_match,exact_birth_year
P014213,"PAYNE, CAMERON",Cameron Payne,Cameron Payne,https://en.wikipedia.org/wiki/Cameron_Payne,Point guard / shooting guard,Point Guard,matched,,Cameron Payne; 2025–26 KK Partizan season; List of 2025–26 EuroLeague transactions; Joffrey Lauvergne; Breanna Stewart,True,direct,bio_name,1994.0,exact_match,exact_birth_year
P003673,"PAYNE, MARK",Mark Payne,Mark Payne (basketball),https://en.wikipedia.org/wiki/Mark_Payne_(basketball),Guard / forward,,position_text_unrecognized,Could not map position text to a canonical position: 'Guard / forward',Mark Payne; Mark Payne (basketball); PAOK BC; Georgios Bogris; Panathinaikos B.C.; 2019–20 FC Bayern Munich (basketball) season,False,search,bio_name,,unavailable,
P005438,"PECCHIA, ANDREA",Andrea Pecchia,Giordano Bortolani,https://en.wikipedia.org/wiki/Giordano_Bortolani,,,page_found_identity_mismatch,Selected page's birth year (2000) clearly differs from players_bio.csv (1997); rejected as a different person.,Giordano Bortolani; Derthona Basket; Italy team for EuroBasket 2022 qualification; 2020–21 Olimpia Milano season; 2019–20 Pallacanestro Cantù season,False,search,bio_name,2000.0,clear_mismatch,
P002850,"PECHEROV, OLEKSIY",Oleksiy Pecherov,Oleksiy Pecherov,https://en.wikipedia.org/wiki/Oleksiy_Pecherov,Power forward / center,Power Forward,matched,,Oleksiy Pecherov; Sagesse SC (basketball); Darius Songaila; BC Kyiv; Paris Basket Racing,True,direct,bio_name,1985.0,exact_match,exact_birth_year
PLGN,"PECIUKAS, VAIDOTAS",Vaidotas Peciukas,BC Neptūnas,https://en.wikipedia.org/wiki/BC_Neptūnas,,,page_found_not_basketball_player,Wikipedia page(s) found but none identifiable as a basketball-biography page,BC Neptūnas; BC Žalgiris; BC Mureș; Czech Basketball All-Star Game,False,search,bio_name,,unavailable,
P005922,"PEINERS, ZANIS",Zanis Peiners,Žanis Peiners,https://en.wikipedia.org/wiki/Žanis_Peiners,Small forward / shooting guard,Small Forward,matched,,Žanis Peiners; PAOK BC; BC Lietkabelis; 2019–20 KK Partizan season; List of 2018–19 EuroLeague transactions,True,direct,bio_name,1990.0,exact_match,exact_birth_year
PARV,"PEKER, KAYA",Kaya Peker,Kaya Peker,https://en.wikipedia.org/wiki/Kaya_Peker,Center,Center,matched,,Kaya Peker; Fenerbahçe S.K. (basketball); Beşiktaş J.K. (men's basketball); Anadolu Efes S.K.; Turkey men's national basketball team,False,direct,bio_name,1980.0,exact_match,exact_birth_year
PKNN,"PEKOVIC, NIKOLA",Nikola Pekovic,Nikola Peković,https://en.wikipedia.org/wiki/Nikola_Peković,Center,Center,matched,,Nikola Peković; Basketball League of Serbia; All-EuroLeague Team; Nikola Vučević; ABA League,False,direct,bio_name,,unavailable,direct_name_match_no_contradicting_evidence
PACK,"PELEKANOS, MICHALIS",Michalis Pelekanos,Michalis Pelekanos,https://en.wikipedia.org/wiki/Michalis_Pelekanos,Small forward,Small Forward,matched,,Michalis Pelekanos; Rosters of the champion and finalist teams of EuroLeague; Real Madrid Baloncesto; Olympiacos B.C.; AEK B.C.,False,direct,bio_name,1981.0,exact_match,exact_birth_year
P006459,"PELLEGRINO, FRANCESCO",Francesco Pellegrino,2019–20 Reyer Venezia season,https://en.wikipedia.org/wiki/2019–20_Reyer_Venezia_season,,,page_found_not_basketball_player,Wikipedia page(s) found but none identifiable as a basketball-biography page,2019–20 Reyer Venezia season; Sport in Italy; List of professional sports families; Sport in Vatican City; List of people from Italy,False,search,bio_name,,unavailable,
PTEX,"PELLIN, MARC-ANTOINE",Marc-antoine Pellin,Marc-Antoine Pellin,https://en.wikipedia.org/wiki/Marc-Antoine_Pellin,,,page_found_identity_unconfirmed,Basketball page found but birth year/nationality could not be confirmed against players_bio.csv,Marc-Antoine Pellin; Orléans Loiret Basket; JL Bourg Basket; 2007–08 Euroleague; 2006–07 Pro A season,False,search,bio_name,,unavailable,
P005415,"PENAVA, AJDIN",Ajdin Penava,Ajdin Penava,https://en.wikipedia.org/wiki/Ajdin_Penava,Power forward,Power Forward,matched,,Ajdin Penava; List of 2018–19 EuroLeague transactions; List of 2020–21 EuroLeague transactions; 2020–21 Saski Baskonia season; Rosters of the top basketball teams in European club competitions,False,direct,bio_name,1997.0,exact_match,exact_birth_year
P003327,"PENNINCK, BORIS",Boris Penninck,,,,,no_page_found,Wikipedia search returned no results,,False,,bio_name,,unavailable,
PBXD,"PENN, SCOONIE",Scoonie Penn,Scoonie Penn,https://en.wikipedia.org/wiki/Scoonie_Penn,Point guard,Point Guard,matched,,Scoonie Penn; ABA League; Anadolu Efes S.K.; YUBA League; Rosters of the champion and finalist teams of EuroLeague,False,direct,bio_name,1977.0,exact_match,exact_birth_year
P004588,"PENO, STEFAN",Stefan Peno,Stefan Peno,https://en.wikipedia.org/wiki/Stefan_Peno,Point guard,Point Guard,matched,,Stefan Peno; BC Lietkabelis; FC Barcelona Bàsquet; 2017–18 FC Barcelona Bàsquet season; Rosters of the top basketball teams in European club competitions,False,direct,bio_name,1997.0,exact_match,exact_birth_year
P009752,"PEREZ, ALEX",Alex Perez,Alex Perez,https://en.wikipedia.org/wiki/Alex_Perez,,,page_found_identity_unconfirmed,Basketball page found but birth year/nationality could not be confirmed against players_bio.csv,Alex Perez; Fenerbahçe S.K. (basketball); 2023–24 EuroLeague; 2022–23 EuroLeague; 2024–25 Fenerbahçe S.K. (basketball) season; Rosters of the champion and finalist teams of EuroLeague,False,direct,bio_name,,unavailable,
P001198,"PEREZ, JAVIER",Javier Perez,Javier Pérez,https://en.wikipedia.org/wiki/Javier_Pérez,,,page_found_identity_unconfirmed,Basketball page found but birth year/nationality could not be confirmed against players_bio.csv,Javier Pérez; Florentino Pérez; Real Madrid Baloncesto; Rosters of the champion and finalist teams of EuroLeague; 2025–26 FC Barcelona Bàsquet season; 2024–25 FC Barcelona Bàsquet season,False,direct,bio_name,,unavailable,
P003205,"PEREZ, JOSEP",Josep Perez,Yankuba Sima,https://en.wikipedia.org/wiki/Yankuba_Sima,,,birth_year_small_discrepancy,"Birth year differs by 1-2 years (players_bio.csv=1994, wikipedia=1996); not auto-accepted, flagged for review.",Fenerbahçe S.K. (basketball); Spain men's national basketball team; Yankuba Sima; Real Madrid Baloncesto; 2013–14 Fenerbahçe S.K. (basketball) season,False,search,bio_name,1996.0,small_discrepancy,
P005238,"PEREZ, PABLO",Pablo Perez,Pablo Pérez,https://en.wikipedia.org/wiki/Pablo_Pérez,,,page_found_not_basketball_player,Wikipedia page(s) found but none identifiable as a basketball-biography page,Pablo Pérez; 2024–25 EuroLeague; 2022–23 EuroLeague; 2023–24 EuroLeague; 2025–26 EuroLeague; 2020–21 EuroLeague,False,direct,bio_name,,unavailable,
PCJF,"PERIC, HRVOJE",Hrvoje Peric,Hrvoje Perić,https://en.wikipedia.org/wiki/Hrvoje_Perić,Power forward / small forward,Power Forward,matched,,Hrvoje Perić; KK Split; Dražen Petrović; Toni Kukoč; KK Zadar,True,direct,bio_name,1985.0,exact_match,exact_birth_year
P001920,"PERKINS, DORON",Doron Perkins,Doron Perkins,https://en.wikipedia.org/wiki/Doron_Perkins,Head coach,,position_text_unrecognized,Could not map position text to a canonical position: 'Head coach',Doron Perkins; Maccabi Tel Aviv B.C.; 2010–11 Euroleague; Olympiacos B.C.; Rosters of the champion and finalist teams of EuroLeague,False,direct,bio_name,,unavailable,
PBQK,"PERKOVIC, JASMIN",Jasmin Perkovic,Jasmin Perković,https://en.wikipedia.org/wiki/Jasmin_Perković,Forward / center,Center,matched,,Jasmin Perković; AEK B.C.; KK Cedevita; KK Bosna Royal; Ungmennafélag Hrunamanna,False,search,bio_name,1980.0,exact_match,exact_birth_year
PBFG,"PEROVIC, KOSTA",Kosta Perovic,Kosta Perović,https://en.wikipedia.org/wiki/Kosta_Perović,Center,Center,matched,,Kosta Perović; Basketball League of Serbia; ABA League; KK Partizan; FC Barcelona Bàsquet,False,direct,bio_name,1985.0,exact_match,exact_birth_year
PKRH,"PERPEROGLOU, STRATOS",Stratos Perperoglou,Stratos Perperoglou,https://en.wikipedia.org/wiki/Stratos_Perperoglou,Small forward,Small Forward,matched,,Stratos Perperoglou; EuroLeague 2010–2020 All-Decade Team; Olympiacos B.C.; Rosters of the champion and finalist teams of EuroLeague; ABA League,False,direct,bio_name,1984.0,exact_match,exact_birth_year
P010413,"PERRY, KENDRICK",Kendrick Perry,Kendrick Perry,https://en.wikipedia.org/wiki/Kendrick_Perry,Point guard,Point Guard,matched,,Kendrick Perry; BeoBasket; Panathinaikos B.C.; Slovenian Basketball League; Baloncesto Málaga,False,direct,bio_name,1992.0,exact_match,exact_birth_year
PXBB,"PERRY, MARQUE",Marque Perry,Marque Perry,https://en.wikipedia.org/wiki/Marque_Perry,Point guard,Point Guard,matched,,Marque Perry; 2025–26 EuroCup Women knockout stage; 2025–26 EuroCup Women regular season; Olympiacos B.C.; 2025–26 Basketball Champions League,False,direct,bio_name,1981.0,exact_match,exact_birth_year
P010387,"PERSIDIS, NIKOLAOS",Nikolaos Persidis,Nikos Persidis,https://en.wikipedia.org/wiki/Nikos_Persidis,Small forward / power forward,Small Forward,matched,,Nikos Persidis; AEK B.C.; PAOK BC; Olympiacos F.C.,True,search,bio_name,1995.0,exact_match,exact_birth_year
P008829,"PETERS, ALEC",Alec Peters,Alec Peters,https://en.wikipedia.org/wiki/Alec_Peters,Power forward / small forward,Power Forward,matched,,Alec Peters; 2026 EuroLeague Final Four; 2025 EuroLeague Final Four; 2023–24 EuroLeague; List of 2026–27 EuroLeague transactions,True,direct,bio_name,1995.0,exact_match,exact_birth_year
P010683,"PETERS, LAMAR",Lamar Peters,Lamar Peters,https://en.wikipedia.org/wiki/Lamar_Peters,Point guard,Point Guard,matched,,Lamar Peters; List of 2026–27 EuroLeague transactions; List of 2021–22 EuroLeague transactions; 2020–21 Basketbol Süper Ligi; November 1993,False,direct,bio_name,1998.0,exact_match,exact_birth_year
PJZN,"PETRAVICIUS, MARIUS",Marius Petravicius,Lithuania men's national basketball team,https://en.wikipedia.org/wiki/Lithuania_men's_national_basketball_team,,,page_found_not_basketball_player,Wikipedia page(s) found but none identifiable as a basketball-biography page,Lithuania men's national basketball team; BC Rytas; Rosters of the top basketball teams in European club competitions; Basketball in Lithuania; List of Lithuanians,False,search,bio_name,,unavailable,
P011194,"PETRUSEV, FILIP",Filip Petrusev,Filip Petrušev,https://en.wikipedia.org/wiki/Filip_Petrušev,Power forward / center,Power Forward,matched,,Filip Petrušev; Dubai Basketball; 2024–25 EuroLeague; BeoBasket; Olympiacos B.C.,True,direct,bio_name,2000.0,exact_match,exact_birth_year
P005162,"PETWAY, BRENT",Brent Petway,Brent Petway,https://en.wikipedia.org/wiki/Brent_Petway,Power forward,Power Forward,matched,,Brent Petway; NBA G League; Rosters of the champion and finalist teams of EuroLeague; Olympiacos B.C.; 2015 Euroleague Final Four,False,direct,bio_name,1985.0,exact_match,exact_birth_year
P010560,"PIERRE, DYSHAWN",Dyshawn Pierre,Dyshawn Pierre,https://en.wikipedia.org/wiki/Dyshawn_Pierre,Power forward / small forward,Power Forward,matched,,Dyshawn Pierre; Fenerbahçe S.K. (basketball); 2025 EuroLeague Final Four; 2025–26 Fenerbahçe S.K. (basketball) season; 2024–25 Fenerbahçe S.K. (basketball) season,True,direct,bio_name,1993.0,exact_match,exact_birth_year
PAZK,"PIETRUS, FLORENT",Florent Pietrus,Florent Piétrus,https://en.wikipedia.org/wiki/Florent_Piétrus,Power forward,Power Forward,matched,,Florent Piétrus; Mickaël Piétrus; France men's national basketball team; LNB Élite; EuroLeague MVP of the Round,False,direct,bio_name,1981.0,exact_match,exact_birth_year
P004316,"PILEPIC, FRAN",Fran Pilepic,Fran Pilepić,https://en.wikipedia.org/wiki/Fran_Pilepić,Shooting guard,Shooting Guard,matched,,Fran Pilepić; EuroLeague; EuroLeague records; Premijer liga (Croatian basketball); BC Lietkabelis,False,direct,bio_name,1989.0,exact_match,exact_birth_year
P003439,"PINDA, KINGSLEY",Kingsley Pinda,Kingsley Pinda,https://en.wikipedia.org/wiki/Kingsley_Pinda,Shooting guard,Shooting Guard,matched,,Kingsley Pinda; Pinda; Kingsley (given name); Team Newcastle Knights B.C.,False,direct,bio_name,1992.0,exact_match,exact_birth_year
P002063,"PINKNEY, KEVINN",Kevinn Pinkney,Kevinn Pinkney,https://en.wikipedia.org/wiki/Kevinn_Pinkney,Center / power forward,Center,matched,,Kevinn Pinkney; 2016–17 Israeli Basketball Super League; Trabzonspor B.K.; Maccabi Haifa B.C.; Turów Zgorzelec; Slovenian Basketball All-Star Game,True,direct,bio_name,1983.0,exact_match,exact_birth_year
P006300,"PISKIN, SUACAN",Suacan Piskin,Şuacan Pişkin,https://en.wikipedia.org/wiki/Şuacan_Pişkin,Point guard / shooting guard,Point Guard,matched,,Şuacan Pişkin; Galatasaray S.K. men's basketball team rosters,True,direct,bio_name,1990.0,exact_match,exact_birth_year
P002017,"PLAISTED, TRENT",Trent Plaisted,Trent Plaisted,https://en.wikipedia.org/wiki/Trent_Plaisted,Power forward / center,Power Forward,matched,,Trent Plaisted; 2013–14 Eurocup Basketball; BC Žalgiris; BC Neptūnas; Ratiopharm Ulm; Rosters of the top basketball teams in European club competitions,True,direct,bio_name,1986.0,exact_match,exact_birth_year
P004575,"PLANINIC, DARKO",Darko Planinic,Darko Planinić,https://en.wikipedia.org/wiki/Darko_Planinić,Center,Center,matched,,Darko Planinić; ABA League; EuroLeague season statistical leaders; 2016 Euroleague Final Four; 2015–16 Fenerbahçe S.K. (basketball) season,False,direct,bio_name,1990.0,exact_match,exact_birth_year
PAFP,"PLANINIC, ZORAN",Zoran Planinic,Zoran Planinić,https://en.wikipedia.org/wiki/Zoran_Planinić,Point guard / shooting guard,Point Guard,matched,,Zoran Planinić; ABA League; EuroCup Basketball Finals MVP; 2011–12 Eurocup Basketball; EuroCup Basketball Awards,True,direct,bio_name,1982.0,exact_match,exact_birth_year
P006240,"PLAVSIC, UROS",Uros Plavsic,Uroš Plavšić,https://en.wikipedia.org/wiki/Uroš_Plavšić,Center,Center,matched,,Uroš Plavšić; Serbia men's national basketball team; 2026–27 U-BT Cluj-Napoca season; 2024 Serbia men's Olympic basketball team; List of 2026–27 EuroLeague transactions,False,search,bio_name,1998.0,exact_match,exact_birth_year
PLHK,"PLEISS, TIBOR",Tibor Pleiss,Tibor Pleiß,https://en.wikipedia.org/wiki/Tibor_Pleiß,Center,Center,matched,,Tibor Pleiß; 2016–17 EuroLeague; 2021–22 EuroLeague; EuroLeague career statistical leaders; List of 2025–26 EuroLeague transactions,False,direct,bio_name,1989.0,exact_match,exact_birth_year
P004438,"PLOTNIKOV, GLEB",Gleb Plotnikov,Courtney Fortson,https://en.wikipedia.org/wiki/Courtney_Fortson,,,page_found_identity_mismatch,Selected page's birth year (1988) clearly differs from players_bio.csv (1991); rejected as a different person.,BC Khimki; Courtney Fortson,False,search,bio_name,1988.0,clear_mismatch,
PLKX,"PNINI, GUY",Guy Pnini,Guy Pnini,https://en.wikipedia.org/wiki/Guy_Pnini,Small forward,Small Forward,matched,,Guy Pnini; Israel men's national basketball team; 2016–17 EuroLeague; ABA League; Cyprus Basketball Division A,False,direct,bio_name,1983.0,exact_match,exact_birth_year
P001878,"POCIUS, MARTYNAS",Martynas Pocius,Martynas Pocius,https://en.wikipedia.org/wiki/Martynas_Pocius,Shooting guard / small forward,Shooting Guard,matched,,Martynas Pocius; BC Žalgiris; Galatasaray S.K. (men's basketball); LKL All-Star Game; Real Madrid Baloncesto,True,direct,bio_name,1986.0,exact_match,exact_birth_year
P002083,"POETA, GIUSEPPE",Giuseppe Poeta,Giuseppe Poeta,https://en.wikipedia.org/wiki/Giuseppe_Poeta,Point guard,Point Guard,matched,,Giuseppe Poeta; 2025–26 EuroLeague; List of 2025–26 EuroLeague transactions; Italy men's national basketball team; Olimpia Milano,False,direct,bio_name,1985.0,exact_match,exact_birth_year
P004887,"POIRIER, VINCENT",Vincent Poirier,Vincent Poirier,https://en.wikipedia.org/wiki/Vincent_Poirier,Center,Center,matched,,Vincent Poirier; 2024–25 EuroLeague; 2021–22 EuroLeague; 2017–18 EuroLeague; EuroLeague career statistical leaders,False,direct,bio_name,1993.0,exact_match,exact_birth_year
P008232,"POKUSEVSKI, ALEKSEJ",Aleksej Pokusevski,Aleksej Pokuševski,https://en.wikipedia.org/wiki/Aleksej_Pokuševski,Power forward,Power Forward,matched,,Aleksej Pokuševski; Serbia men's national basketball team; KK Partizan; 2024–25 KK Partizan season; 2026–27 KK Partizan season,False,direct,bio_name,2001.0,exact_match,exact_birth_year
P011937,"POLITE, ANTHONY",Anthony Polite,Anthony Polite,https://en.wikipedia.org/wiki/Anthony_Polite,Small forward,Small Forward,matched,,Anthony Polite; CB Breogán; List of 2022–23 EuroLeague transactions; Hamburg Towers; Tehran,False,direct,bio_name,1997.0,exact_match,exact_birth_year
P002084,"POLONARA, ACHILLE",Achille Polonara,Achille Polonara,https://en.wikipedia.org/wiki/Achille_Polonara,Power forward,Power Forward,matched,,Achille Polonara; Fenerbahçe S.K. (basketball); Italy men's national basketball team; 2020–21 EuroLeague; List of 2025–26 EuroLeague transactions,False,direct,bio_name,1991.0,exact_match,exact_birth_year
P012088,"POMMIER, MATYS",Matys Pommier,,,,,no_page_found,Wikipedia search returned no results,,False,,bio_name,,unavailable,
P005292,"PONITKA, MARCEL",Marcel Ponitka,Marcel Ponitka,https://en.wikipedia.org/wiki/Marcel_Ponitka,Guard,,position_text_unrecognized,Could not map position text to a canonical position: 'Guard',Marcel Ponitka; Mateusz Ponitka; Israel men's national basketball team; Luka Dončić; Legia Warsaw (basketball),False,direct,bio_name,,unavailable,
P004172,"PONITKA, MATEUSZ",Mateusz Ponitka,Mateusz Ponitka,https://en.wikipedia.org/wiki/Mateusz_Ponitka,Small forward / point guard,Small Forward,matched,,Mateusz Ponitka; Poland men's national basketball team; EuroCup Basketball Awards; EuroCup Basketball Rising Star; Marcel Ponitka,True,direct,bio_name,1993.0,exact_match,exact_birth_year
PJAN,"PONKRASHOV, ANTON",Anton Ponkrashov,Anton Ponkrashov,https://en.wikipedia.org/wiki/Anton_Ponkrashov,Guard / small forward,Small Forward,matched,,Anton Ponkrashov; Russia men's national basketball team; PBC CSKA Moscow; Rosters of the champion and finalist teams of EuroLeague; 2019–20 BC Zenit Saint Petersburg season,False,direct,bio_name,1986.0,exact_match,exact_birth_year
P006832,"PONS, YVES",Yves Pons,Yves Pons,https://en.wikipedia.org/wiki/Yves_Pons,Center / power forward,Center,matched,,Yves Pons; List of 2026–27 EuroLeague transactions; ASVEL Basket; France men's national basketball team; List of 2022–23 EuroLeague transactions,True,direct,bio_name,1999.0,exact_match,exact_birth_year
PBOV,"POPOVIC, BOJAN",Bojan Popovic,Bojan Popović,https://en.wikipedia.org/wiki/Bojan_Popović,Point guard,Point Guard,matched,,"Bojan Popović; Marko Popović (basketball, born 1982); KK Crvena zvezda; EuroCup Basketball Awards; ABA League",False,direct,bio_name,1983.0,exact_match,exact_birth_year
PATP,"POPOVIC, MARKO",Marko Popovic,"Marko Popović (basketball, born 1982)","https://en.wikipedia.org/wiki/Marko_Popović_(basketball,_born_1982)",Point guard / shooting guard,Point Guard,matched,,"Marko Popović; Marko Popović (basketball, born 1982); Basketball League of Serbia; EuroCup Basketball Awards; KK Crvena zvezda; Serbia men's national basketball team",True,search,bio_name,1982.0,exact_match,exact_birth_year
P007398,"POPOVIC, PETAR",Petar Popovic,"Petar Popović (basketball, born 1996)","https://en.wikipedia.org/wiki/Petar_Popović_(basketball,_born_1996)",Point guard / shooting guard,Point Guard,matched,,"Petar Popović; Petar Popović (basketball, born 1996); Petar Popović (basketball, born 1959); Marko Popović (basketball, born 1982); FIBA EuroStars; KK Crvena zvezda",True,search,bio_name,1996.0,exact_match,exact_birth_year
P004426,"POPOV, ILYA",Ilya Popov,Ilya Popov,https://en.wikipedia.org/wiki/Ilya_Popov,,,page_found_identity_unconfirmed,Basketball page found but birth year/nationality could not be confirmed against players_bio.csv,Ilya Popov; BC Nizhny Novgorod; Rosters of the top basketball teams in European club competitions; 2021 in sports; 2017 in sports; Russia,False,direct,bio_name,,unavailable,
P001172,"PORTA, ANTONIO",Antonio Porta,Margo Dydek,https://en.wikipedia.org/wiki/Margo_Dydek,,,ambiguous_multiple_pages,2 basketball-player Wikipedia pages found for this name; none confirmed by birth year/nationality against players_bio.csv,Antonio Porta; Margo Dydek; Real Madrid Baloncesto; Ruth Riley; Basketligaen; Pallacanestro Don Bosco Livorno,False,search,bio_name,,unavailable,
PTFC,"POUPET, PIERRIC",Pierric Poupet,Pierric Poupet,https://en.wikipedia.org/wiki/Pierric_Poupet,Point guard,Point Guard,matched,,Pierric Poupet; Paris Basketball; List of 2026–27 EuroLeague transactions; 2023–24 EuroLeague,False,direct,bio_name,1984.0,exact_match,exact_birth_year
P002541,"POURCHOT, VINCENT",Vincent Pourchot,List of tallest people,https://en.wikipedia.org/wiki/List_of_tallest_people,,,page_found_not_basketball_player,Wikipedia page(s) found but none identifiable as a basketball-biography page,List of tallest people,False,search,bio_name,,unavailable,
P004422,"POWELL, JOSH",Josh Powell,Josh Powell,https://en.wikipedia.org/wiki/Josh_Powell,Power forward / center,Power Forward,matched,,Josh Powell; Olympiacos B.C.; PBC Lokomotiv Kuban; Rosters of the champion and finalist teams of EuroLeague; 2026–27 Chicago Bulls season,True,direct,bio_name,1983.0,exact_match,exact_birth_year
P009960,"POYTHRESS, ALEX",Alex Poythress,Alex Poythress,https://en.wikipedia.org/wiki/Alex_Poythress,Center / power forward,Center,matched,,Alex Poythress; Galatasaray S.K. (men's basketball); BC Zenit Saint Petersburg; List of 2024–25 EuroLeague transactions; Ben Moore (basketball),True,direct,bio_name,1993.0,exact_match,exact_birth_year
P001626,"POZAS, JOSE",Jose Pozas,2020–21 FC Barcelona Bàsquet season,https://en.wikipedia.org/wiki/2020–21_FC_Barcelona_Bàsquet_season,,,page_found_not_basketball_player,Wikipedia page(s) found but none identifiable as a basketball-biography page,2020–21 FC Barcelona Bàsquet season; 2020–21 Real Madrid Baloncesto season; 2020–21 Saski Baskonia season; 2017–18 Real Madrid Baloncesto season; 2019–20 Saski Baskonia season,False,search,bio_name,,unavailable,
P010393,"PRADILLA, JAIME",Jaime Pradilla,Jaime Pradilla,https://en.wikipedia.org/wiki/Jaime_Pradilla,Power forward / center,Power Forward,matched,,Jaime Pradilla; 2026 EuroLeague Final Four; List of 2026–27 EuroLeague transactions; Real Madrid Baloncesto; List of 2025–26 EuroLeague transactions,True,direct,bio_name,2001.0,exact_match,exact_birth_year
PTFH,"PRELDZIC, EMIR",Emir Preldzic,Emir Preldžić,https://en.wikipedia.org/wiki/Emir_Preldžić,Forward,,position_text_unrecognized,Could not map position text to a canonical position: 'Forward',Emir Preldžić; Fenerbahçe S.K. (basketball); ABA League; Turkey men's national basketball team; EuroLeague MVP of the Round,False,direct,bio_name,,unavailable,
P002661,"PREPELIC, KLEMEN",Klemen Prepelic,Klemen Prepelič,https://en.wikipedia.org/wiki/Klemen_Prepelič,Shooting guard,Shooting Guard,matched,,Klemen Prepelič; Dubai Basketball; Real Madrid Baloncesto; List of 2025–26 EuroLeague transactions; Nemanja Dangubić,False,direct,bio_name,1992.0,exact_match,exact_birth_year
P007997,"PRESSEY, PHIL",Phil Pressey,Phil Pressey,https://en.wikipedia.org/wiki/Phil_Pressey,Point guard,Point Guard,matched,,Phil Pressey; NBA G League; 2018–19 FC Barcelona Bàsquet season; Giannis Antetokounmpo; 2017–18 FC Barcelona Bàsquet season,False,direct,bio_name,1991.0,exact_match,exact_birth_year
P000002,"PRESTES, PAULO",Paulo Prestes,Paulão Prestes,https://en.wikipedia.org/wiki/Paulão_Prestes,Center,Center,matched,,Paulão Prestes; São Paulo (state); São Paulo FC; Baloncesto Málaga; Gui Santos; List of 2010–11 NBA season transactions,False,direct,bio_name,1988.0,exact_match,exact_birth_year
PCOH,"PRICE, HOLLIS",Hollis Price,Hollis Price,https://en.wikipedia.org/wiki/Hollis_Price,Shooting guard,Shooting Guard,matched,,Hollis Price; Saski Baskonia; BC Rytas; EuroLeague season statistical leaders; Baltic Basketball All-Star Game,False,direct,bio_name,1979.0,exact_match,exact_birth_year
PCBX,"PRIGIONI, PABLO",Pablo Prigioni,Pablo Prigioni,https://en.wikipedia.org/wiki/Pablo_Prigioni,Point guard,Point Guard,matched,,Pablo Prigioni; Real Madrid Baloncesto; 2017–18 EuroLeague; All-EuroLeague Team; Saski Baskonia,False,direct,bio_name,1977.0,exact_match,exact_birth_year
P000092,"PRINC, VEDRAN",Vedran Princ,KK Cedevita,https://en.wikipedia.org/wiki/KK_Cedevita,,,page_found_not_basketball_player,Wikipedia page(s) found but none identifiable as a basketball-biography page,KK Cedevita; Rosters of the top basketball teams in European club competitions; 2017–18 ABA League Second Division; Euroleague 2008–09 Rosters,False,search,bio_name,,unavailable,
PAMM,"PRINTEZIS, GEORGIOS",Georgios Printezis,Georgios Printezis,https://en.wikipedia.org/wiki/Georgios_Printezis,Power forward,Power Forward,matched,,Georgios Printezis; EuroLeague 2010–2020 All-Decade Team; 2016–17 EuroLeague; Olympiacos B.C.; All-EuroLeague Team,False,direct,bio_name,1985.0,exact_match,exact_birth_year
PAFQ,"PRKACIN, NIKOLA",Nikola Prkacin,Nikola Prkačin,https://en.wikipedia.org/wiki/Nikola_Prkačin,Center / power forward,Center,matched,,Nikola Prkačin; Roko Prkačin; ABA League; EuroLeague career statistical leaders; Premijer liga (Croatian basketball),True,direct,bio_name,1975.0,exact_match,exact_birth_year
P008384,"PROCIDA, GABRIELE",Gabriele Procida,Gabriele Procida,https://en.wikipedia.org/wiki/Gabriele_Procida,Small forward / shooting guard,Small Forward,matched,,Gabriele Procida; 2023–24 EuroLeague; EuroLeague Rising Star; 2026 EuroLeague Final Four; Real Madrid Baloncesto,True,direct,bio_name,2002.0,exact_match,exact_birth_year
P000048,"PROSTRAN, TONI",Toni Prostran,Toni Prostran,https://en.wikipedia.org/wiki/Toni_Prostran,Point guard,Point Guard,matched,,Toni Prostran; Baltic Basketball League; 2016–17 Baltic Basketball League; 2009 in basketball; 2015–16 Basketligan season,False,direct,bio_name,1991.0,exact_match,exact_birth_year
P006643,"PUERTO, JOSEP",Josep Puerto,Josep Puerto,https://en.wikipedia.org/wiki/Josep_Puerto,Small forward,Small Forward,matched,,Josep Puerto; Breanna Stewart; Spain men's national basketball team; Valencia Basket; 2009–10 FC Barcelona Bàsquet season,False,direct,bio_name,1999.0,exact_match,exact_birth_year
P004355,"PULLEN, JACOB",Jacob Pullen,Jacob Pullen,https://en.wikipedia.org/wiki/Jacob_Pullen,Point guard,Point Guard,matched,,Jacob Pullen; 2016–17 EuroCup Basketball; 2013–14 FC Barcelona Bàsquet season; FC Barcelona Bàsquet; Virtus Bologna,False,direct,bio_name,1989.0,exact_match,exact_birth_year
P009862,"PUNTER, KEVIN",Kevin Punter,Kevin Punter,https://en.wikipedia.org/wiki/Kevin_Punter,Shooting guard,Shooting Guard,matched,,Kevin Punter; 2025–26 EuroLeague; 2024–25 EuroLeague; 2023–24 EuroLeague; 2022–23 EuroLeague,False,direct,bio_name,1993.0,exact_match,exact_birth_year
P003370,"PUSHKOV, ANTON",Anton Pushkov,Anton Pushkov,https://en.wikipedia.org/wiki/Anton_Pushkov,Center,Center,matched,,Anton Pushkov; 2019–20 BC Zenit Saint Petersburg season; Rosters of the top basketball teams in European club competitions; 2017 VTB United League Playoffs; 2017 in sports,False,direct,bio_name,1988.0,exact_match,exact_birth_year
P004834,"PUSTOVYI, ARTEM",Artem Pustovyi,Artem Pustovyi,https://en.wikipedia.org/wiki/Artem_Pustovyi,Center,Center,matched,,Artem Pustovyi; Catalan basketball derby; BC Andorra; BC Khimik; 2018–19 FC Barcelona Bàsquet season,False,direct,bio_name,1992.0,exact_match,exact_birth_year
P010788,"QUEREJETA, JOSEBA",Joseba Querejeta,Rosters of the champion and finalist teams of EuroLeague,https://en.wikipedia.org/wiki/Rosters_of_the_champion_and_finalist_teams_of_EuroLeague,,,page_found_not_basketball_player,Wikipedia page(s) found but none identifiable as a basketball-biography page,Rosters of the champion and finalist teams of EuroLeague; Rosters of the top basketball teams in European club competitions,False,search,bio_name,,unavailable,
PLEV,"RABASEDA, XAVIER",Xavier Rabaseda,Xavi Rabaseda,https://en.wikipedia.org/wiki/Xavi_Rabaseda,Shooting guard / small forward,Shooting Guard,matched,,Xavi Rabaseda; FC Barcelona Bàsquet; Rosters of the champion and finalist teams of EuroLeague; Spain men's national basketball team; 2011–12 FC Barcelona Bàsquet season,True,direct,bio_name,1989.0,exact_match,exact_birth_year
P005683,"RADANOV, ALEKSA",Aleksa Radanov,Aleksa Radanov,https://en.wikipedia.org/wiki/Aleksa_Radanov,Small forward,Small Forward,matched,,Aleksa Radanov; List of 2025–26 EuroLeague transactions; 2026–27 KK Partizan season; KK Partizan; 2025–26 KK Partizan season,False,direct,bio_name,1998.0,exact_match,exact_birth_year
P011972,"RADEBAUGH, JONAH",Jonah Radebaugh,Jonah Radebaugh,https://en.wikipedia.org/wiki/Jonah_Radebaugh,Shooting guard,Shooting Guard,matched,,Jonah Radebaugh; 2021–22 Basketball Champions League; 2026–27 ACB season; List of 2022–23 EuroLeague transactions; 2025–26 ACB season,False,direct,bio_name,1997.0,exact_match,exact_birth_year
PBFF,"RADENOVIC, IVAN",Ivan Radenovic,Ivan Radenović,https://en.wikipedia.org/wiki/Ivan_Radenović,Power forward / center,Power Forward,matched,,Ivan Radenović; PBC CSKA Moscow; Charles Jenkins (basketball); Dražen Petrović; Rosters of the top basketball teams in European club competitions,True,direct,bio_name,1984.0,exact_match,exact_birth_year
P002561,"RADICEVIC, NIKOLA",Nikola Radicevic,Nikola Radičević,https://en.wikipedia.org/wiki/Nikola_Radičević,Point guard,Point Guard,matched,,Nikola Radičević; KK Crvena zvezda; Jerami Grant; Dražen Petrović; List of 2018–19 EuroLeague transactions,False,direct,bio_name,1994.0,exact_match,exact_birth_year
PLDH,"RADOJEVIC, DEJAN",Dejan Radojevic,Aleksandar Džikić,https://en.wikipedia.org/wiki/Aleksandar_Džikić,,,position_unavailable,Basketball page confirmed but has no 'position' field in its infobox,PAOK BC; Aleksandar Džikić; EuroCup Basketball individual statistics; Rosters of the top basketball teams in European club competitions; List of Serbian NBA players,False,search,bio_name,,unavailable,
P006543,"RADONCIC, DINO",Dino Radoncic,Dino Radončić,https://en.wikipedia.org/wiki/Dino_Radončić,Power forward / small forward,Power Forward,matched,,Dino Radončić; FC Bayern Munich (basketball); Real Madrid Baloncesto; Montenegro men's national basketball team; List of 2024–25 EuroLeague transactions,True,search,bio_name,1999.0,exact_match,exact_birth_year
P003501,"RADOSAVLJEVIC, BOGDAN",Bogdan Radosavljevic,2025–26 Basketball League of Serbia,https://en.wikipedia.org/wiki/2025–26_Basketball_League_of_Serbia,,,page_found_not_basketball_player,Wikipedia page(s) found but none identifiable as a basketball-biography page,2025–26 Basketball League of Serbia; 2019–20 New Basket Brindisi season; 2024–25 KK Partizan season; List of 2019–20 EuroLeague transactions; Serbia men's national under-18 basketball team,False,search,bio_name,,unavailable,
PLEM,"RADOSEVIC, LEON",Leon Radosevic,Leon Radošević,https://en.wikipedia.org/wiki/Leon_Radošević,Center,Center,matched,,Leon Radošević; FC Bayern Munich (basketball); BeoBasket; 2019–20 FC Bayern Munich (basketball) season; Rosters of the top basketball teams in European club competitions,False,direct,bio_name,1990.0,exact_match,exact_birth_year
P011686,"RADOSIC, OGNJEN",Ognjen Radosic,KK Crvena zvezda,https://en.wikipedia.org/wiki/KK_Crvena_zvezda,,,page_found_not_basketball_player,Wikipedia page(s) found but none identifiable as a basketball-biography page,KK Crvena zvezda; Serbia men's national under-16 basketball team,False,search,bio_name,,unavailable,
PJDU,"RADULJICA, MIROSLAV",Miroslav Raduljica,Miroslav Raduljica,https://en.wikipedia.org/wiki/Miroslav_Raduljica,Center,Center,matched,,Miroslav Raduljica; Basketball League of Serbia; ABA League; KK Crvena zvezda; Serbia men's national basketball team,False,direct,bio_name,1988.0,exact_match,exact_birth_year
PAQE,"RADULOVIC, NIKOLA",Nikola Radulovic,Nikola Radulović,https://en.wikipedia.org/wiki/Nikola_Radulović,Power forward,Power Forward,matched,,Nikola Radulović; ASVEL Basket; Italy men's national basketball team; EuroLeague season statistical leaders; KK Budućnost,False,direct,bio_name,1973.0,exact_match,exact_birth_year
P014190,"RADZEVICIUS, GYTIS",Gytis Radzevicius,Gytis Radzevičius,https://en.wikipedia.org/wiki/Gytis_Radzevičius,Small forward / Shooting guard,Small Forward,matched,,Gytis Radzevičius; 2025–26 EuroLeague regular season; List of 2026–27 EuroLeague transactions; List of 2025–26 EuroLeague transactions; BC Rytas,True,direct,bio_name,1995.0,exact_match,exact_birth_year
P005181,"RAGLAND, JOE",Joe Ragland,Joe Ragland,https://en.wikipedia.org/wiki/Joe_Ragland,Point guard,Point Guard,matched,,Joe Ragland; 2023–24 Basketball Champions League; 2022–23 Basketball Champions League; KK Crvena zvezda; 2021–22 Basketball Champions League,False,direct,bio_name,1989.0,exact_match,exact_birth_year
PKPM,"RAICEVIC, MIROSLAV",Miroslav Raicevic,Miroslav Raičević,https://en.wikipedia.org/wiki/Miroslav_Raičević,Power forward / center,Power Forward,matched,,Miroslav Raičević; KK Crvena zvezda; Aris B.C.; Panionios B.C.; Dragan Šakota,True,direct,bio_name,1981.0,exact_match,exact_birth_year
P008850,"RAIESTE, SANDER",Sander Raieste,Sander Raieste,https://en.wikipedia.org/wiki/Sander_Raieste,Small forward,Small Forward,matched,,Sander Raieste; List of 2024–25 EuroLeague transactions; List of 2025–26 EuroLeague transactions; Saski Baskonia; BC Kalev,False,direct,bio_name,1999.0,exact_match,exact_birth_year
P007395,"RAKICEVIC, PETAR",Petar Rakicevic,Petar Rakićević,https://en.wikipedia.org/wiki/Petar_Rakićević,Shooting guard / small forward,Shooting Guard,matched,,Petar Rakićević; KK Crvena zvezda; 2016–17 KK Crvena zvezda season; 2023–24 KK Partizan season; 2019–20 KK Crvena zvezda season; List of 2016–17 EuroLeague transactions,True,direct,bio_name,1995.0,exact_match,exact_birth_year
PANB,"RAKOCEVIC, IGOR",Igor Rakocevic,Igor Rakočević,https://en.wikipedia.org/wiki/Igor_Rakočević,Shooting guard,Shooting Guard,matched,,Igor Rakočević; Alphonso Ford EuroLeague Top Scorer Trophy; Goran Rakočević; EuroCup Basketball; ABA League,False,direct,bio_name,1978.0,exact_match,exact_birth_year
PBGI,"RAKOCEVIC, ZARKO",Zarko Rakocevic,Žarko Rakočević,https://en.wikipedia.org/wiki/Žarko_Rakočević,Power forward,Power Forward,matched,,Žarko Rakočević; Serbia men's national basketball team; Dejan Bodiroga; KK Crvena zvezda; KK Budućnost; EuroLeague season statistical leaders,False,direct,bio_name,1984.0,exact_match,exact_birth_year
P002031,"RAKOVIC, MILOVAN",Milovan Rakovic,Milovan Raković,https://en.wikipedia.org/wiki/Milovan_Raković,Center,Center,matched,,Milovan Raković; Basketball League of Serbia; Anthony Randolph; Reyshawn Terry; Mens Sana Basketball Siena,False,direct,bio_name,1985.0,exact_match,exact_birth_year
P004917,"RAMLJAK, IVAN",Ivan Ramljak,Ivan Ramljak,https://en.wikipedia.org/wiki/Ivan_Ramljak,Small forward / power forward,Small Forward,matched,,Ivan Ramljak; Premijer liga (Croatian basketball); KK Cedevita; 2024–25 KK Partizan season; 2021–22 KK Partizan season,True,direct,bio_name,1990.0,exact_match,exact_birth_year
PCIZ,"RANCIC, DAMIR",Damir Rancic,Damir Rančić,https://en.wikipedia.org/wiki/Damir_Rančić,"Shooting guard, Small forward",Shooting Guard,matched,,Damir Rančić; Premijer liga (Croatian basketball); Panellinios B.C.; KK Split; Ukrainian Basketball Cup,True,direct,bio_name,1983.0,exact_match,exact_birth_year
PCWH,"RANCIK, MARTIN",Martin Rancik,Martin Rančík,https://en.wikipedia.org/wiki/Martin_Rančík,Power forward / center,Power Forward,matched,,Martin Rančík; Radoslav Rančík; EuroCup Basketball individual statistics; Bilbao Basket; EuroCup Basketball MVP of the Round,True,direct,bio_name,1978.0,exact_match,exact_birth_year
P002911,"RANDLE, BRIAN",Brian Randle,Brian Randle,https://en.wikipedia.org/wiki/Brian_Randle,Assistant coach,,position_text_unrecognized,Could not map position text to a canonical position: 'Assistant coach',Brian Randle; Maccabi Tel Aviv B.C.; Real Madrid Baloncesto; EuroLeague MVP of the Round; Hapoel Tel Aviv B.C.,False,direct,bio_name,,unavailable,
P008038,"RANDLE, CHASSON",Chasson Randle,Chasson Randle,https://en.wikipedia.org/wiki/Chasson_Randle,Point guard / shooting guard,Point Guard,matched,,Chasson Randle; Real Madrid Baloncesto; AEK B.C.; Ron Baker (basketball); Brandon Jennings,True,direct,bio_name,1993.0,exact_match,exact_birth_year
P007019,"RANDLE, JEROME",Jerome Randle,Jerome Randle,https://en.wikipedia.org/wiki/Jerome_Randle,Point guard,Point Guard,matched,,Jerome Randle; BC Žalgiris; Hapoel Jerusalem B.C.; Limoges CSP; Michael Roll (basketball),False,direct,bio_name,1987.0,exact_match,exact_birth_year
P005757,"RANDOLPH, ANTHONY",Anthony Randolph,Anthony Randolph,https://en.wikipedia.org/wiki/Anthony_Randolph,Power forward / center,Power Forward,matched,,Anthony Randolph; 2016–17 EuroLeague; EuroLeague 2010–2020 All-Decade Team; 2017–18 EuroLeague; All-EuroLeague Team,True,direct,bio_name,1989.0,exact_match,exact_birth_year
P013382,"RANDOLPH, LEVI",Levi Randolph,Levi Randolph,https://en.wikipedia.org/wiki/Levi_Randolph,Small forward / shooting guard,Small Forward,matched,,Levi Randolph; 2023–24 Basketball Champions League; List of 2025–26 EuroLeague transactions; Hapoel Jerusalem B.C.; List of 2026–27 EuroLeague transactions,True,direct,bio_name,1992.0,exact_match,exact_birth_year
PBPB,"RANNIKKO, TEEMU",Teemu Rannikko,Teemu Rannikko,https://en.wikipedia.org/wiki/Teemu_Rannikko,Point guard / shooting guard,Point Guard,matched,,Teemu Rannikko; ABA League; EuroLeague MVP of the Round; Olivier Nkamhoua; BC Khimki,True,direct,bio_name,1980.0,exact_match,exact_birth_year
P011631,"RAPIEQUE, ELIAS",Elias Rapieque,2026–27 Kansas State Wildcats men's basketball team,https://en.wikipedia.org/wiki/2026–27_Kansas_State_Wildcats_men's_basketball_team,,,page_found_identity_unconfirmed,Basketball page found but birth year/nationality could not be confirmed against players_bio.csv,2025–26 Kansas State Wildcats men's basketball team; 2026–27 Kansas State Wildcats men's basketball team,False,search,bio_name,,unavailable,
PKGH,"RASIC, ALEKSANDAR",Aleksandar Rasic,Aleksandar Rašić,https://en.wikipedia.org/wiki/Aleksandar_Rašić,Point guard / shooting guard,Point Guard,matched,,Aleksandar Rašić; ABA League; KK Partizan; Basketball League of Serbia; Aleksandar Vučić,True,direct,bio_name,1984.0,exact_match,exact_birth_year
P013378,"RATHAN-MAYES, XAVIER",Xavier Rathan-mayes,Xavier Rathan-Mayes,https://en.wikipedia.org/wiki/Xavier_Rathan-Mayes,Shooting guard / point guard,Shooting Guard,matched,,Xavier Rathan-Mayes; List of 2026–27 EuroLeague transactions; Real Madrid Baloncesto; List of 2025–26 EuroLeague transactions; AEK B.C.,True,search,bio_name,1994.0,exact_match,exact_birth_year
P010150,"RAUTINS, ANDY",Andy Rautins,Andy Rautins,https://en.wikipedia.org/wiki/Andy_Rautins,Shooting guard,Shooting Guard,matched,,Andy Rautins; AEK B.C.; Bahçeşehir Koleji S.K.; Panathinaikos B.C.; Georgios Printezis,False,direct,bio_name,1986.0,exact_match,exact_birth_year
PTFR,"RAY, ALLAN",Allan Ray,Allan Ray,https://en.wikipedia.org/wiki/Allan_Ray,Point guard / shooting guard,Point Guard,matched,,Allan Ray; Kendrick Ray; Virtus Roma; KK Cedevita; Virtus Bologna,True,direct,bio_name,1984.0,exact_match,exact_birth_year
P009003,"RAY, KENDRICK",Kendrick Ray,Kendrick Ray,https://en.wikipedia.org/wiki/Kendrick_Ray,Shooting guard / point guard,Shooting Guard,matched,,Kendrick Ray; 2024 in basketball; LNB Élite; AEK B.C.; Uber Arena,True,direct,bio_name,1994.0,exact_match,exact_birth_year
P013381,"RAYMAN, WILLIAM",William Rayman,Will Rayman,https://en.wikipedia.org/wiki/Will_Rayman,Power forward / small forward,Power Forward,matched,,Will Rayman; New Hampton School; Israel; 1990s; List of Occitans,True,search,bio_name,1997.0,exact_match,exact_birth_year
P010603,"REATH, DUOP",Duop Reath,Duop Reath,https://en.wikipedia.org/wiki/Duop_Reath,Center,Center,matched,,Duop Reath; List of 2020–21 EuroLeague transactions; 2020–21 KK Crvena zvezda season; KK Crvena zvezda accomplishments and records; KK Crvena zvezda,False,direct,bio_name,1996.0,exact_match,exact_birth_year
P003269,"REBIC, NIKOLA",Nikola Rebic,Nikola Rebić,https://en.wikipedia.org/wiki/Nikola_Rebić,Point guard,Point Guard,matched,,Nikola Rebić; 2025–26 Basketball League of Serbia; Mitteldeutscher BC; Nanterre 92; KK Mornar Bar,False,direct,bio_name,1995.0,exact_match,exact_birth_year
P004844,"REDDING, REGGIE",Reggie Redding,Reggie Redding,https://en.wikipedia.org/wiki/Reggie_Redding,Shooting guard / small forward,Shooting Guard,matched,,Reggie Redding; ABA League; EuroLeague MVP of the Round; 2014–15 Euroleague; EuroCup Basketball All-EuroCup Team,True,direct,bio_name,1988.0,exact_match,exact_birth_year
P001604,"REDIKAS, DOVYDAS",Dovydas Redikas,Dovydas Redikas,https://en.wikipedia.org/wiki/Dovydas_Redikas,Shooting guard,Shooting Guard,matched,,Dovydas Redikas; BC Rytas; BK Barons; Larisa B.C.; Cyprus Basketball Division A,False,direct,bio_name,1992.0,exact_match,exact_birth_year
P009946,"REED, WILLIE",Willie Reed,Willie Reed,https://en.wikipedia.org/wiki/Willie_Reed,Center,Center,matched,,Willie Reed; 2020–21 EuroCup Basketball; Boban Marjanović; Olympiacos B.C.; EuroCup Basketball All-EuroCup Team,False,direct,bio_name,1990.0,exact_match,exact_birth_year
P005945,"RENFROE, ALEX",Alex Renfroe,Alex Renfroe,https://en.wikipedia.org/wiki/Alex_Renfroe,Point guard / shooting guard,Point Guard,matched,,Alex Renfroe; FC Bayern Munich (basketball); Galatasaray S.K. (men's basketball); 2019–20 FC Bayern Munich (basketball) season; EuroLeague MVP of the Round,True,direct,bio_name,1986.0,exact_match,exact_birth_year
PJHL,"RESS, TOMAS",Tomas Ress,Tomas Ress,https://en.wikipedia.org/wiki/Tomas_Ress,Center,Center,matched,,Tomas Ress; Rosters of the champion and finalist teams of EuroLeague; 2018 FIBA Europe Cup Finals; 2011–12 Euroleague; FIBA Europe Cup,False,direct,bio_name,1980.0,exact_match,exact_birth_year
P012738,"REUVERS, NATHAN",Nathan Reuvers,Nate Reuvers,https://en.wikipedia.org/wiki/Nate_Reuvers,Center / power forward,Center,matched,,Nate Reuvers; EuroLeague MVP of the Round,True,direct,bio_name,1998.0,exact_match,exact_birth_year
PAAX,"REYES, FELIPE",Felipe Reyes,Felipe Reyes,https://en.wikipedia.org/wiki/Felipe_Reyes,Power forward,Power Forward,matched,,Felipe Reyes; EuroLeague Legend; EuroLeague 2010–2020 All-Decade Team; Real Madrid Baloncesto; All-EuroLeague Team,False,direct,bio_name,1980.0,exact_match,exact_birth_year
P007942,"REYNOLDS, JALEN",Jalen Reynolds,Jalen Reynolds,https://en.wikipedia.org/wiki/Jalen_Reynolds,Center,Center,matched,,Jalen Reynolds; FC Bayern Munich (basketball); 2020–21 EuroLeague; 2017–18 EuroCup Basketball; EuroLeague MVP of the Round,False,direct,bio_name,1992.0,exact_match,exact_birth_year
P001257,"REYNOLDS, JR",Jr Reynolds,Shavar Reynolds Jr.,https://en.wikipedia.org/wiki/Shavar_Reynolds_Jr.,,,page_found_identity_mismatch,Selected page's birth year (1998) clearly differs from players_bio.csv (1984); rejected as a different person.,Shavar Reynolds Jr.; FC Bayern Munich (basketball); London Lions (basketball); EuroLeague MVP of the Round; National Basketball Association,False,search,bio_name,1998.0,clear_mismatch,
PJJH,"REY, XAVI",Xavi Rey,Xavi Rey,https://en.wikipedia.org/wiki/Xavi_Rey,Center,Center,matched,,"Xavi Rey; Xavi (footballer, born 1980); FC Barcelona Bàsquet; 2025–26 FC Barcelona Bàsquet season; Valencia Basket",False,direct,bio_name,1987.0,exact_match,exact_birth_year
P014178,"RHODEN, JARED",Jared Rhoden,Jared Rhoden,https://en.wikipedia.org/wiki/Jared_Rhoden,Shooting guard / small forward,Shooting Guard,matched,,Jared Rhoden; Paris Basketball; List of 2025–26 EuroLeague transactions; Olivier Sarr; Braxton Key,True,direct,bio_name,1999.0,exact_match,exact_birth_year
PJUG,"RIBAS, PAU",Pau Ribas,Pau Ribas,https://en.wikipedia.org/wiki/Pau_Ribas,Shooting guard,Shooting Guard,matched,,Pau Ribas; FC Barcelona Bàsquet; Juan Carlos Navarro (basketball); Valencia Basket; Spain men's national basketball team,False,direct,bio_name,1987.0,exact_match,exact_birth_year
P001518,"RICCI, GIAMPAOLO",Giampaolo Ricci,Giampaolo Ricci,https://en.wikipedia.org/wiki/Giampaolo_Ricci,Small forward / power forward,Small Forward,matched,,Giampaolo Ricci; List of 2025–26 EuroLeague transactions; Italy men's national basketball team; Olimpia Milano; Virtus Bologna,True,direct,bio_name,1991.0,exact_match,exact_birth_year
PTFJ,"RICCI, PHIL",Phil Ricci,Rosters of the top basketball teams in European club competitions,https://en.wikipedia.org/wiki/Rosters_of_the_top_basketball_teams_in_European_club_competitions,,,page_found_not_basketball_player,Wikipedia page(s) found but none identifiable as a basketball-biography page,Rosters of the top basketball teams in European club competitions; List of people from California; 2023 FIBA Basketball World Cup squads; Deaths in August 2024; List of Murdoch Mysteries episodes,False,search,bio_name,,unavailable,
P003367,"RICE, TYRESE",Tyrese Rice,Tyrese Rice,https://en.wikipedia.org/wiki/Tyrese_Rice,Point guard,Point Guard,matched,,Tyrese Rice; EuroLeague 2010–2020 All-Decade Team; FC Bayern Munich (basketball); EuroCup Basketball MVP; EuroCup Basketball Awards,False,direct,bio_name,1987.0,exact_match,exact_birth_year
P001865,"RICHARDSON, JEREMY",Jeremy Richardson,Jeremy Richardson,https://en.wikipedia.org/wiki/Jeremy_Richardson,Small forward / shooting guard,Small Forward,matched,,"Jeremy Richardson; Richardson, Texas; EuroLeague season statistical leaders; Virtus Bologna; Emir Preldžić",True,direct,bio_name,1984.0,exact_match,exact_birth_year
P000799,"RICHARDS, RYAN",Ryan Richards,Ryan Richards,https://en.wikipedia.org/wiki/Ryan_Richards,Center,Center,matched,,Ryan Richards; 2025–26 EuroCup Women regular season; Breanna Stewart; Thomas Massamba; BC Vienna,False,direct,bio_name,1991.0,exact_match,exact_birth_year
P004182,"RICHTER, JOHANNES",Johannes Richter,Johannes Richter,https://en.wikipedia.org/wiki/Johannes_Richter,Power forward,Power Forward,matched,,Johannes Richter; ProA; 2015–16 FIBA Europe Cup; Rosters of the top basketball teams in European club competitions; 2020–21 BBL-Pokal; 2016 FIBA Europe Cup Final Four,False,direct,bio_name,1993.0,exact_match,exact_birth_year
PBMK,"RIDDICK, ANDRE",Andre Riddick,Andre Riddick,https://en.wikipedia.org/wiki/Andre_Riddick,Center,Center,matched,,Andre Riddick; EuroCup Basketball; Pro Basketball League MVP; Spirou Charleroi; EuroCup Basketball individual statistics,False,direct,bio_name,1973.0,exact_match,exact_birth_year
P010718,"RISACHER, ZACCHARIE",Zaccharie Risacher,Zaccharie Risacher,https://en.wikipedia.org/wiki/Zaccharie_Risacher,Small forward,Small Forward,matched,,Zaccharie Risacher; Stéphane Risacher; Tidjane Salaün; EuroCup Basketball Rising Star; France men's national basketball team,False,direct,bio_name,2005.0,exact_match,exact_birth_year
P003273,"RISTIC, DUSAN",Dusan Ristic,Dušan Ristić,https://en.wikipedia.org/wiki/Dušan_Ristić,Center,Center,matched,,Dušan Ristić; Dušan Vlahović; Serbia men's national basketball team; KK Crvena zvezda; 2018–19 KK Crvena zvezda season,False,direct,bio_name,1995.0,exact_match,exact_birth_year
P011214,"RIVERO, JASIEL",Jasiel Rivero,Jasiel Rivero,https://en.wikipedia.org/wiki/Jasiel_Rivero,Center / power forward,Center,matched,,Jasiel Rivero; List of 2025–26 EuroLeague transactions; KK Crvena zvezda; Valencia Basket; CB San Pablo Burgos,True,direct,bio_name,1993.0,exact_match,exact_birth_year
P002429,"RIVERS, KC",Kc Rivers,K. C. Rivers,https://en.wikipedia.org/wiki/K._C._Rivers,Shooting guard / small forward,Shooting Guard,matched,,K. C. Rivers; 2015 Euroleague Final Four; BC Žalgiris; Panathinaikos B.C.; Virtus Bologna,True,search,bio_name,1987.0,exact_match,exact_birth_year
P000013,"RIZNIC, BOGDAN",Bogdan Riznic,Bogdan Riznić,https://en.wikipedia.org/wiki/Bogdan_Riznić,Shooting guard / small forward,Shooting Guard,matched,,Bogdan Riznić; BKK Radnički; Serbia men's national under-20 basketball team; Serbia men's national under-16 basketball team; Serbia men's national under-18 basketball team,True,search,bio_name,1990.0,exact_match,exact_birth_year
PJYE,"RIZVIC, HASAN",Hasan Rizvic,Hasan Rizvić,https://en.wikipedia.org/wiki/Hasan_Rizvić,Center,Center,matched,,Hasan Rizvić; ABA League; Slovenian Basketball League; Rosters of the top basketball teams in European club competitions; KK Budućnost,False,direct,bio_name,1984.0,exact_match,exact_birth_year
P013405,"ROBERSON, ANDRE",Andre Roberson,André Roberson,https://en.wikipedia.org/wiki/André_Roberson,Small forward / power forward,Small Forward,matched,,André Roberson; ASVEL Basket; BC Zenit Saint Petersburg; List of 2025–26 EuroLeague transactions; List of 2024–25 EuroLeague transactions,True,direct,bio_name,1991.0,exact_match,exact_birth_year
P002091,"ROBERTS, BRIAN",Brian Roberts,Brian Roberts (basketball),https://en.wikipedia.org/wiki/Brian_Roberts_(basketball),Point guard,Point Guard,matched,,Brian Roberts; Brian Roberts (basketball); Olympiacos B.C.; Rosters of the champion and finalist teams of EuroLeague; Real Madrid Baloncesto; EuroCup Basketball MVP of the Round,False,search,bio_name,1985.0,exact_match,exact_birth_year
PTFU,"ROBERTS, LAWRENCE",Lawrence Roberts,Lawrence Roberts (basketball),https://en.wikipedia.org/wiki/Lawrence_Roberts_(basketball),Power forward,Power Forward,matched,,Lawrence Roberts; Lawrence Roberts (basketball); FC Bayern Munich (basketball); Basketball League of Serbia; ABA League; 2009–10 Euroleague,False,search,bio_name,1982.0,exact_match,exact_birth_year
P012740,"ROBERTSON, KASSIUS",Kassius Robertson,Kassius Robertson,https://en.wikipedia.org/wiki/Kassius_Robertson,Shooting guard,Shooting Guard,matched,,Kassius Robertson; List of 2024–25 EuroLeague transactions; Jerome Dyson; 2019–20 Fortitudo Bologna season; BC Andorra,False,direct,bio_name,1994.0,exact_match,exact_birth_year
P000702,"ROBINSON, ANTYWANE",Antywane Robinson,Antywane Robinson,https://en.wikipedia.org/wiki/Antywane_Robinson,Power forward,Power Forward,matched,,Antywane Robinson; Rosters of the top basketball teams in European club competitions; Élan Béarnais; BK VEF Rīga; Cholet Basket,False,direct,bio_name,1984.0,exact_match,exact_birth_year
P001354,"ROBINSON, FRANK",Frank Robinson,Frank Robinson (basketball),https://en.wikipedia.org/wiki/Frank_Robinson_(basketball),Shooting guard / small forward,Shooting Guard,matched,,Frank Robinson; Frank Robinson (basketball); List of 2026–27 EuroLeague transactions; Kendrick Nunn; Olympiacos B.C.; List of 2025–26 EuroLeague transactions,True,search,bio_name,1984.0,exact_match,exact_birth_year
P014008,"ROBINSON, JUSTIN",Justin Robinson,"Justin Robinson (basketball, born 1997)","https://en.wikipedia.org/wiki/Justin_Robinson_(basketball,_born_1997)",Point guard,Point Guard,matched,,"Justin Robinson; Justin Robinson (basketball, born 1997); Justin Robinson (basketball, born 1996); 2025–26 EuroLeague; List of 2026–27 EuroLeague transactions; London Lions (basketball)",False,search,bio_name,1997.0,exact_match,exact_birth_year
P008003,"ROBINSON, THOMAS",Thomas Robinson,Thomas Robinson,https://en.wikipedia.org/wiki/Thomas_Robinson,,,position_unavailable,Basketball page confirmed but has no 'position' field in its infobox,"Thomas Robinson; Thomas Robinson (basketball); Thomas Walkup; Justin Robinson (basketball, born 1997); 2025–26 EuroLeague; Devin Robinson",False,direct,bio_name,,unavailable,direct_name_match_no_contradicting_evidence
PJQS,"ROCCA, MASON",Mason Rocca,Mason Rocca,https://en.wikipedia.org/wiki/Mason_Rocca,Center,Center,matched,,Mason Rocca; Olimpia Milano; Virtus Bologna; EuroLeague season statistical leaders; Italy men's national basketball team,False,direct,bio_name,1977.0,exact_match,exact_birth_year
P002972,"ROCHESTIE, TAYLOR",Taylor Rochestie,Taylor Rochestie,https://en.wikipedia.org/wiki/Taylor_Rochestie,Point guard,Point Guard,matched,,Taylor Rochestie; Alphonso Ford EuroLeague Top Scorer Trophy; KK Crvena zvezda; FIBA EuroChallenge; EuroLeague MVP of the Round,False,direct,bio_name,1985.0,exact_match,exact_birth_year
P001720,"ROCKMANN, MANUEL",Manuel Rockmann,,,,,no_page_found,Wikipedia search returned no results,,False,,bio_name,,unavailable,
PAWS,"RODRIGUEZ, BERNI",Berni Rodriguez,Berni Rodríguez,https://en.wikipedia.org/wiki/Berni_Rodríguez,Shooting guard / small forward,Shooting Guard,matched,,Berni Rodríguez; 2010–11 Euroleague; Baloncesto Málaga; EuroLeague MVP of the Round; Spain men's national basketball team,True,direct,bio_name,1980.0,exact_match,exact_birth_year
PCVM,"RODRIGUEZ, SERGIO",Sergio Rodriguez,Sergio Rodríguez,https://en.wikipedia.org/wiki/Sergio_Rodríguez,Point guard,Point Guard,matched,,Sergio Rodríguez; EuroLeague 2010–2020 All-Decade Team; Real Madrid Baloncesto; EuroLeague MVP; 2023 EuroLeague Final Four,False,direct,bio_name,1986.0,exact_match,exact_birth_year
P002947,"ROGIC, ROKO",Roko Rogic,KK Cedevita,https://en.wikipedia.org/wiki/KK_Cedevita,,,page_found_not_basketball_player,Wikipedia page(s) found but none identifiable as a basketball-biography page,KK Cedevita; 2021–22 PLK season; 2020–21 BBL-Pokal,False,search,bio_name,,unavailable,
P011085,"ROGKAVOPOULOS, NIKOLAOS",Nikolaos Rogkavopoulos,Nikos Rogkavopoulos,https://en.wikipedia.org/wiki/Nikos_Rogkavopoulos,Small forward,Small Forward,matched,,Nikos Rogkavopoulos; AEK B.C.,False,direct,bio_name,2001.0,exact_match,exact_birth_year
P004974,"ROLL, MICHAEL",Michael Roll,Michael Roll (basketball),https://en.wikipedia.org/wiki/Michael_Roll_(basketball),Shooting guard / small forward,Shooting Guard,matched,,Michael Roll; Paris Basketball; Michael Roll (basketball); PBC CSKA Moscow; Maccabi Tel Aviv B.C.; London Lions (basketball),True,search,bio_name,1987.0,exact_match,exact_birth_year
P000717,"ROMERO, HECTOR",Hector Romero,Héctor Romero,https://en.wikipedia.org/wiki/Héctor_Romero,Power forward,Power Forward,matched,,Héctor Romero; Real Madrid Baloncesto; Rosters of the top basketball teams in European club competitions; Campeonato Sudamericano de Clubes Campeones de Básquetbol; 2025–26 Liga Femenina de Baloncesto,False,direct,bio_name,1980.0,exact_match,exact_birth_year
P006737,"ROSA, IGNACIO",Ignacio Rosa,Spain women's national basketball team,https://en.wikipedia.org/wiki/Spain_women's_national_basketball_team,,,page_found_not_basketball_player,Wikipedia page(s) found but none identifiable as a basketball-biography page,Spain women's national basketball team; Rosters of the top basketball teams in European club competitions; List of people from Catalonia; Alexia Putellas; 2019 in sports,False,search,bio_name,,unavailable,
PTFZ,"ROSZYK, KRZYSZTOF",Krzysztof Roszyk,Kacper Marchewka,https://en.wikipedia.org/wiki/Kacper_Marchewka,,,page_found_identity_mismatch,Selected page's birth year (2002) clearly differs from players_bio.csv (1978); rejected as a different person.,Poland men's national basketball team; Trefl Sopot; Kacper Marchewka; Turów Zgorzelec; Polish Basketball All-Star Game,False,search,bio_name,2002.0,clear_mismatch,
P003451,"ROTHBART, BORIS",Boris Rothbart,Israel men's national basketball team,https://en.wikipedia.org/wiki/Israel_men's_national_basketball_team,,,page_found_not_basketball_player,Wikipedia page(s) found but none identifiable as a basketball-biography page,Israel men's national basketball team; 2011–12 Galatasaray S.K. (men's basketball) season; Ironi Nahariya; List of Bosnia and Herzegovina people; OKK Borac,False,search,bio_name,,unavailable,
P004158,"ROTH, MORAN",Moran Roth,Moran Roth,https://en.wikipedia.org/wiki/Moran_Roth,Point guard,Point Guard,matched,,Moran Roth; Israel men's national basketball team; Maccabi Rishon LeZion (basketball); 2011–12 Israeli Basketball Super League; 2010–11 Israeli Basketball Super League,False,direct,bio_name,1982.0,exact_match,exact_birth_year
P000498,"ROWLAND, EARL",Earl Rowland,E. J. Rowland,https://en.wikipedia.org/wiki/E._J._Rowland,Point guard,Point Guard,matched,,E. J. Rowland; EuroCup Basketball MVP of the Round; 2015–16 Eurocup Basketball; Baloncesto Málaga; Continental Basketball Association,False,direct,bio_name,1983.0,exact_match,exact_birth_year
P012779,"ROZAKEAS, ANASTASIOS",Anastasios Rozakeas,Olympiacos B.C.,https://en.wikipedia.org/wiki/Olympiacos_B.C.,,,page_found_not_basketball_player,Wikipedia page(s) found but none identifiable as a basketball-biography page,Olympiacos B.C.,False,search,bio_name,,unavailable,
PJJV,"ROZIC, MARIN",Marin Rozic,Marin Rozić,https://en.wikipedia.org/wiki/Marin_Rozić,Small forward,Small Forward,matched,,Marin Rozić; ABA League; Premijer liga (Croatian basketball); Luka Žorić; KK Cibona; 2016–17 ABA League,False,direct,bio_name,1983.0,exact_match,exact_birth_year
P001900,"RUBIO, GUILLEM",Guillem Rubio,Guille Rubio,https://en.wikipedia.org/wiki/Guille_Rubio,Power forward,Power Forward,matched,,Guille Rubio; Spain men's national basketball team; Joventut Badalona; A.C. Doukas Basketball; Rosters of the top basketball teams in European club competitions; 2013–14 ACB season,False,direct,bio_name,1982.0,exact_match,exact_birth_year
PLFW,"RUBIO, RICKY",Ricky Rubio,Ricky Rubio,https://en.wikipedia.org/wiki/Ricky_Rubio,Point guard,Point Guard,matched,,Ricky Rubio; FC Barcelona Bàsquet; 2009–10 Euroleague; 2025–26 Basketball Champions League; Spain men's national basketball team,False,direct,bio_name,1990.0,exact_match,exact_birth_year
P006477,"RUBIT, AUGUSTINE",Augustine Rubit,Augustine Rubit,https://en.wikipedia.org/wiki/Augustine_Rubit,Power forward / center,Power Forward,matched,,Augustine Rubit; 2022–23 EuroLeague; FC Bayern Munich (basketball); 2017–18 EuroLeague; EuroLeague MVP of the Month,True,direct,bio_name,1989.0,exact_match,exact_birth_year
P009299,"RUBSTAVICIUS, MANTAS",Mantas Rubstavicius,Mantas Rubštavičius,https://en.wikipedia.org/wiki/Mantas_Rubštavičius,Shooting guard,Shooting Guard,matched,,Mantas Rubštavičius; List of 2026–27 EuroLeague transactions; BC Žalgiris; BC Lietkabelis; 2024–25 BC Žalgiris season,False,direct,bio_name,2002.0,exact_match,exact_birth_year
P007645,"RUDAN, MATEJ",Matej Rudan,Matej Rudan,https://en.wikipedia.org/wiki/Matej_Rudan,Power forward,Power Forward,matched,,Matej Rudan; FC Bayern Munich (basketball); 2022–23 ABA League First Division; 2023–24 Real Madrid Baloncesto season; 2018–19 Euroleague Basketball Next Generation Tournament,False,direct,bio_name,2001.0,exact_match,exact_birth_year
P006536,"RUDD, VICTOR",Victor Rudd,Victor Rudd,https://en.wikipedia.org/wiki/Victor_Rudd,Power forward,Power Forward,matched,,Victor Rudd; PBC CSKA Moscow; ASVEL Basket; LNB Élite; 2018 EuroLeague Final Four,False,direct,bio_name,1991.0,exact_match,exact_birth_year
PJZH,"RUDEZ, DAMJAN",Damjan Rudez,Damjan Rudež,https://en.wikipedia.org/wiki/Damjan_Rudež,Small forward / power forward,Small Forward,matched,,Damjan Rudež; AS Monaco Basket; KK Cedevita; KK Split; Adriatic Basketball Association All-Star Game,True,direct,bio_name,1986.0,exact_match,exact_birth_year
P011630,"RUF, LINUS",Linus Ruf,SC Rasta Vechta,https://en.wikipedia.org/wiki/SC_Rasta_Vechta,,,page_found_not_basketball_player,Wikipedia page(s) found but none identifiable as a basketball-biography page,SC Rasta Vechta,False,search,bio_name,,unavailable,
P003283,"RUPNIK, LUKA",Luka Rupnik,Luka Rupnik,https://en.wikipedia.org/wiki/Luka_Rupnik,Point guard,Point Guard,matched,,Luka Rupnik; Slovenian Basketball League; KK Cedevita Olimpija; 2020–21 KK Cedevita Olimpija season; 2019–20 Pro Basketball League,False,direct,bio_name,1993.0,exact_match,exact_birth_year
PTEZ,"RUSH, BRION",Brion Rush,Brion Rush,https://en.wikipedia.org/wiki/Brion_Rush,Shooting guard,Shooting Guard,matched,,Brion Rush; SIG Strasbourg; Breanna Stewart; EuroLeague season statistical leaders; BC Krasnye Krylia,False,direct,bio_name,1984.0,exact_match,exact_birth_year
P014177,"RYAN, MATT",Matt Ryan,Matt Ryan (basketball),https://en.wikipedia.org/wiki/Matt_Ryan_(basketball),Small forward,Small Forward,matched,,Matthew Ryan; Matt Ryan (basketball); Matt Morgan (basketball); Dubai Basketball; List of 2026–27 EuroLeague transactions; List of 2025–26 EuroLeague transactions,False,search,bio_name,1997.0,exact_match,exact_birth_year
000000,nunzio-sabbatino,Nunzio Sabbatino,,,,,no_page_found,Wikipedia search returned no results,,False,,slug_fallback,,unavailable,
P008856,"SABECKIS, DONATAS",Donatas Sabeckis,Donatas Sabeckis,https://en.wikipedia.org/wiki/Donatas_Sabeckis,Point guard,Point Guard,matched,,Donatas Sabeckis; BC Žalgiris; Baltic Basketball League; BC Lietkabelis; List of 2018–19 EuroLeague transactions,False,direct,bio_name,1992.0,exact_match,exact_birth_year
P004485,"SABONIS, DOMANTAS",Domantas Sabonis,Domantas Sabonis,https://en.wikipedia.org/wiki/Domantas_Sabonis,Center / power forward,Center,matched,,Domantas Sabonis; Arvydas Sabonis; Tautvydas Sabonis; Basketball in Lithuania; 2023–24 Sacramento Kings season,True,direct,bio_name,1996.0,exact_match,exact_birth_year
P004380,"SACCHETTI, BRIAN",Brian Sacchetti,Meo Sacchetti,https://en.wikipedia.org/wiki/Meo_Sacchetti,,,page_found_identity_mismatch,Selected page's birth year (1953) clearly differs from players_bio.csv (1986); rejected as a different person.,Meo Sacchetti; 2019–20 Brescia Leonessa season; Pallacanestro Cantù; Rosters of the top basketball teams in European club competitions; 2015–16 Euroleague squads,False,search,bio_name,1953.0,clear_mismatch,
PBGO,"SADA, VICTOR",Victor Sada,Víctor Sada,https://en.wikipedia.org/wiki/Víctor_Sada,Point guard,Point Guard,matched,,Víctor Sada; Rosters of the champion and finalist teams of EuroLeague; 2025–26 FC Barcelona Bàsquet season; FC Barcelona Bàsquet; Spain men's national basketball team,False,direct,bio_name,1984.0,exact_match,exact_birth_year
P001839,"SADIKU, ELIO",Elio Sadiku,Elio Sadiku,https://en.wikipedia.org/wiki/Elio_Sadiku,Guard,,position_text_unrecognized,Could not map position text to a canonical position: 'Guard',Elio Sadiku; Orléans Loiret Basket,False,direct,bio_name,,unavailable,
P007679,"SAHAR, DORI",Dori Sahar,2018–19 Euroleague Basketball Next Generation Tournament,https://en.wikipedia.org/wiki/2018–19_Euroleague_Basketball_Next_Generation_Tournament,,,page_found_not_basketball_player,Wikipedia page(s) found but none identifiable as a basketball-biography page,2018–19 Euroleague Basketball Next Generation Tournament; Maccabi Bnot Ashdod; 2024 Israeli Basketball League Cup; 2019 Israeli Basketball League Cup; 2022 Israeli Basketball State Cup,False,search,bio_name,,unavailable,
P005519,"SAJUS, MARTYNAS",Martynas Sajus,Martynas Sajus,https://en.wikipedia.org/wiki/Martynas_Sajus,Center,Center,matched,,Martynas Sajus; BC Žalgiris; BC Lietkabelis; 2018 EuroLeague Final Four; 2015–16 Euroleague squads,False,direct,bio_name,1996.0,exact_match,exact_birth_year
P008854,"SAKELLARIOU, EVANGELOS",Evangelos Sakellariou,Vangelis Sakellariou,https://en.wikipedia.org/wiki/Vangelis_Sakellariou,Shooting guard / point guard,Shooting Guard,matched,,Vangelis Sakellariou; Panathinaikos B.C.; PAOK BC; AEK B.C.; Aris Thessaloniki,True,direct,bio_name,1989.0,exact_match,exact_birth_year
P010545,"SAKO, NEAL",Neal Sako,Neal Sako,https://en.wikipedia.org/wiki/Neal_Sako,Center,Center,matched,,Neal Sako; 2024–25 EuroLeague; 2026 EuroLeague Final Four; List of 2025–26 EuroLeague transactions; EuroLeague MVP of the Round,False,direct,bio_name,1998.0,exact_match,exact_birth_year
PJAB,"SAKOTA, DUSAN",Dusan Sakota,Dušan Šakota,https://en.wikipedia.org/wiki/Dušan_Šakota,Power forward,Power Forward,matched,,Dušan Šakota; Dragan Šakota; Dušan Alimpijević; Dušan Ivković; Basketball Champions League,False,direct,bio_name,1986.0,exact_match,exact_birth_year
PANY,"SALENGA, DAINIUS",Dainius Salenga,Dainius Šalenga,https://en.wikipedia.org/wiki/Dainius_Šalenga,Small forward,Small Forward,matched,,Dainius Šalenga; BC Žalgiris; LKL All-Star Game; Lithuania men's national basketball team; 2009–10 Euroleague,False,direct,bio_name,1977.0,exact_match,exact_birth_year
P003712,"SALIC, DOKO",Doko Salic,Đoko Šalić,https://en.wikipedia.org/wiki/Đoko_Šalić,Center,Center,matched,,Đoko Šalić; 2017–18 KK Partizan season; KK Bosna Royal; Serbia men's national under-18 basketball team; 2018–19 KK Partizan season,False,direct,bio_name,1995.0,exact_match,exact_birth_year
P002820,"SALIN, SASU",Sasu Salin,Sasu Salin,https://en.wikipedia.org/wiki/Sasu_Salin,Shooting guard,Shooting Guard,matched,,Sasu Salin; ABA League; Miro Little; 2013–14 Eurocup Basketball; CB Gran Canaria,False,direct,bio_name,1991.0,exact_match,exact_birth_year
PTEU,"SALYERS, MARC",Marc Salyers,Marc Salyers,https://en.wikipedia.org/wiki/Marc_Salyers,Small forward / power forward,Small Forward,matched,,Marc Salyers; Fenerbahçe S.K. (basketball); Alphonso Ford EuroLeague Top Scorer Trophy; LNB Élite; EuroLeague MVP of the Round,True,direct,bio_name,1979.0,exact_match,exact_birth_year
P007579,"SAMANIC, LUKA",Luka Samanic,Luka Šamanić,https://en.wikipedia.org/wiki/Luka_Šamanić,Power forward / center,Power Forward,matched,,Luka Šamanić; Fenerbahçe S.K. (basketball); 2024–25 Fenerbahçe S.K. (basketball) season; List of 2025–26 EuroLeague transactions; 2024–25 EuroLeague regular season,True,direct,bio_name,2000.0,exact_match,exact_birth_year
PAZW,"SAMARDZISKI, PREDRAG",Predrag Samardziski,Predrag Samardžiski,https://en.wikipedia.org/wiki/Predrag_Samardžiski,Center,Center,matched,,Predrag Samardžiski; Basketball League of Serbia; North Macedonia men's national basketball team; ABA League; KK Partizan,False,direct,bio_name,1986.0,exact_match,exact_birth_year
P007550,"SAMAR, ZIGA",Ziga Samar,Žiga Samar,https://en.wikipedia.org/wiki/Žiga_Samar,Point guard,Point Guard,matched,,Žiga Samar; List of 2024–25 EuroLeague transactions; CB San Pablo Burgos; Hamburg Towers; 2018–19 Euroleague Basketball Next Generation Tournament,False,direct,bio_name,2001.0,exact_match,exact_birth_year
P001998,"SAMB, CHEICK",Cheick Samb,Cheikh Samb,https://en.wikipedia.org/wiki/Cheikh_Samb,Center,Center,matched,,Cheikh Samb; Rosters of the top basketball teams in European club competitions; List of NBA players born outside the United States,False,direct,bio_name,1984.0,exact_match,exact_birth_year
PLEZ,"SAMB, MAMADOU",Mamadou Samb,Mamadou Samb,https://en.wikipedia.org/wiki/Mamadou_Samb,Center,Center,matched,,Mamadou Samb; 2009–10 FC Barcelona Bàsquet season; Rosters of the top basketball teams in European club competitions; List of NBA players born outside the United States,False,direct,bio_name,1989.0,exact_match,exact_birth_year
P002825,"SAMHAN, OMAR",Omar Samhan,Omar Samhan,https://en.wikipedia.org/wiki/Omar_Samhan,,,birth_year_small_discrepancy,"Birth year differs by 1-2 years (players_bio.csv=1986, wikipedia=1988); not auto-accepted, flagged for review.",Omar Samhan; Egypt men's national basketball team; BC Žalgiris; West Coast Conference; List of 2011–12 NBA season transactions,False,direct,bio_name,1988.0,small_discrepancy,
PLNY,"SAMNICK, VICTOR",Victor Samnick,LNB All-Star Game,https://en.wikipedia.org/wiki/LNB_All-Star_Game,,,page_found_not_basketball_player,Wikipedia page(s) found but none identifiable as a basketball-biography page,LNB All-Star Game; 2009–10 FC Barcelona Bàsquet season; Euroleague 2008–09 Rosters,False,search,bio_name,,unavailable,
P011442,"SAMODUROV, ALEXANDROS",Alexandros Samodurov,Alexandros Samodurov,https://en.wikipedia.org/wiki/Alexandros_Samodurov,Power forward,Power Forward,matched,,Alexandros Samodurov; List of 2026–27 EuroLeague transactions; 2025 EuroLeague Final Four; Panathinaikos B.C.; Greece men's national basketball team,False,direct,bio_name,2005.0,exact_match,exact_birth_year
PKVK,"SAMOYLENKO, PETR",Petr Samoylenko,Petr Samoylenko,https://en.wikipedia.org/wiki/Petr_Samoylenko,Point guard,Point Guard,matched,,Petr Samoylenko; Russia men's national basketball team; BC UNICS; Rosters of the top basketball teams in European club competitions; MBC Dynamo Moscow,False,direct,bio_name,1977.0,exact_match,exact_birth_year
P005269,"SAMUELS, SAMARDO",Samardo Samuels,Samardo Samuels,https://en.wikipedia.org/wiki/Samardo_Samuels,Center / power forward,Center,matched,,Samardo Samuels; Olimpia Milano; FC Barcelona Bàsquet; EuroLeague MVP of the Round; Hapoel Jerusalem B.C.,True,direct,bio_name,1989.0,exact_match,exact_birth_year
P008177,"SANCAKLI, EKREM",Ekrem Sancakli,Ekrem Sancaklı,https://en.wikipedia.org/wiki/Ekrem_Sancaklı,Shooting guard,Shooting Guard,matched,,Ekrem Sancaklı; Fenerbahçe S.K. (basketball); 2020–21 Fenerbahçe S.K. (basketball) season; Fenerbahçe (men's basketball) past rosters; 2019–20 Fenerbahçe S.K. (basketball) season,False,search,bio_name,2001.0,exact_match,exact_birth_year
P001937,"SANCHEZ, JEROME",Jerome Sanchez,Jérôme Sanchez,https://en.wikipedia.org/wiki/Jérôme_Sanchez,Forward,,position_text_unrecognized,Could not map position text to a canonical position: 'Forward',Jérôme Sanchez; 2025–26 EuroLeague Women regular season; JL Bourg Basket; Saski Baskonia; EuroLeague season statistical leaders; 2015–16 Euroleague squads,False,direct,bio_name,,unavailable,
PAZU,"SANCHEZ, PEPE",Pepe Sanchez,Pepe Sánchez (basketball),https://en.wikipedia.org/wiki/Pepe_Sánchez_(basketball),Point guard,Point Guard,matched,,Pepe Sánchez; Pepe Sánchez (basketball); Saski Baskonia; Toni Kukoč; FC Barcelona Bàsquet; Rosters of the champion and finalist teams of EuroLeague,False,search,bio_name,1977.0,exact_match,exact_birth_year
PLTZ,"SANDERS, MELVIN",Melvin Sanders,Melvin Sanders,https://en.wikipedia.org/wiki/Melvin_Sanders,Shooting guard / small forward,Shooting Guard,matched,,Melvin Sanders; Olimpia Milano; Virtus Roma; Panellinios B.C.; List of 2024–25 EuroLeague transactions,True,direct,bio_name,1981.0,exact_match,exact_birth_year
P005001,"SANDERS, RAKIM",Rakim Sanders,Rakim Sanders,https://en.wikipedia.org/wiki/Rakim_Sanders,Small forward / shooting guard,Small Forward,matched,,Rakim Sanders; Olimpia Milano; 2018–19 FC Barcelona Bàsquet season; 2017–18 FC Barcelona Bàsquet season; Derek Needham,True,direct,bio_name,1989.0,exact_match,exact_birth_year
P000518,"SAN EMETERIO, FERNANDO",Fernando San Emeterio,Fernando San Emeterio,https://en.wikipedia.org/wiki/Fernando_San_Emeterio,Small forward / shooting guard,Small Forward,matched,,Fernando San Emeterio; Saski Baskonia; Spain men's national basketball team; All-EuroLeague Team; Valencia Basket,True,direct,bio_name,1984.0,exact_match,exact_birth_year
PJJN,"SANGARE, YOHANN",Yohann Sangare,Yohann Sangaré,https://en.wikipedia.org/wiki/Yohann_Sangaré,Point guard / shooting guard,Point Guard,matched,,Yohann Sangaré; ASVEL Basket; France men's national basketball team; EuroCup Basketball individual statistics; Dominic Waters,True,direct,bio_name,1983.0,exact_match,exact_birth_year
P004164,"SANIKIDZE, VIKTOR",Viktor Sanikidze,Viktor Sanikidze,https://en.wikipedia.org/wiki/Viktor_Sanikidze,,,position_unavailable,Basketball page confirmed but has no 'position' field in its infobox,Viktor Sanikidze; Georgian Superliga; Aris B.C.; Giorgi Shermadini; CB Estudiantes,False,direct,bio_name,,unavailable,
P003097,"SANLI, MEHMET",Mehmet Sanli,Fenerbahçe S.K. (basketball),https://en.wikipedia.org/wiki/Fenerbahçe_S.K._(basketball),,,page_found_not_basketball_player,Wikipedia page(s) found but none identifiable as a basketball-biography page,Fenerbahçe S.K. (basketball); Beşiktaş J.K. (men's basketball); 2024–25 Fenerbahçe S.K. (basketball) season; 2025–26 Fenerbahçe S.K. (basketball) season; Turkey men's national basketball team,False,search,bio_name,,unavailable,
P002968,"SANLI, SERTAC",Sertac Sanli,Sertaç Şanlı,https://en.wikipedia.org/wiki/Sertaç_Şanlı,Center,Center,matched,,Sertaç Şanlı; Fenerbahçe S.K. (basketball); Beşiktaş J.K. (men's basketball); List of 2026–27 EuroLeague transactions; 2023 EuroLeague Final Four,False,direct,bio_name,1991.0,exact_match,exact_birth_year
P001197,"SANTANA, JORGE",Jorge Santana,Baloncesto Superior Nacional,https://en.wikipedia.org/wiki/Baloncesto_Superior_Nacional,,,ambiguous_multiple_pages,2 basketball-player Wikipedia pages found for this name; none confirmed by birth year/nationality against players_bio.csv,Jorge Santana; Baloncesto Superior Nacional; Liga Nacional de Baloncesto; Campeonato Panamericano de Clubes de Básquetbol; Rosters of the top basketball teams in European club competitions; Campeonato Sudamericano de Clubes Campeones de Básquetbol,False,search,bio_name,,unavailable,
PKML,"SANTIAGO, DANIEL",Daniel Santiago,Daniel Santiago,https://en.wikipedia.org/wiki/Daniel_Santiago,Center,Center,matched,,Daniel Santiago; Anadolu Efes S.K.; Juan Carlos Navarro (basketball); EuroLeague MVP of the Round; EuroLeague MVP of the Month,False,direct,bio_name,1976.0,exact_match,exact_birth_year
P013289,"SANTOS, MARCIO",Marcio Santos,Allan Caidic,https://en.wikipedia.org/wiki/Allan_Caidic,,,page_found_identity_mismatch,Selected page's birth year (1963) clearly differs from players_bio.csv (2002); rejected as a different person.,Márcio Santos; List of 2025–26 EuroLeague transactions; Campeonato Sudamericano de Clubes Campeones de Básquetbol; Allan Caidic; Shamell Stallworth; Campeonato Panamericano de Clubes de Básquetbol,False,search,bio_name,1963.0,clear_mismatch,
P010657,"SANTOS, RAFA",Rafa Santos,"Rafael Santos (footballer, born 1997)","https://en.wikipedia.org/wiki/Rafael_Santos_(footballer,_born_1997)",,,page_found_not_basketball_player,Wikipedia page(s) found but none identifiable as a basketball-biography page,"Rafael Santos (footballer, born 1997); List of 2026–27 EuroLeague transactions; List of 2025–26 EuroLeague transactions; Rosters of the champion and finalist teams of EuroLeague; Esporte Clube Pinheiros (basketball); 2023–24 FC Barcelona Bàsquet season",False,direct,bio_name,,unavailable,
P007869,"SANT-ROOS, HOWARD",Howard Sant-roos,Howard Sant-Roos,https://en.wikipedia.org/wiki/Howard_Sant-Roos,Small forward / point guard,Small Forward,matched,,Howard Sant-Roos; 2021–22 EuroLeague; PBC CSKA Moscow; 2019–20 Basketball Champions League; AEK B.C.,True,search,bio_name,1991.0,exact_match,exact_birth_year
P002392,"SANZ, JORGE",Jorge Sanz,Jorge Sanz,https://en.wikipedia.org/wiki/Jorge_Sanz,,,position_unavailable,Basketball page confirmed but has no 'position' field in its infobox,Jorge Sanz; Real Madrid Baloncesto; José Calderón (basketball); Rosters of the top basketball teams in European club competitions; FIBA Saporta Cup; Madrid basketball derby,False,direct,bio_name,,unavailable,direct_name_match_no_contradicting_evidence
P000919,"SARAJLIJA, MIRZA",Mirza Sarajlija,Mirza Sarajlija,https://en.wikipedia.org/wiki/Mirza_Sarajlija,Point guard,Point Guard,matched,,Mirza Sarajlija; Mirza Delibašić; 2017–18 A-1 League; Sarajevo; Euroleague 2008–09 Rosters,False,direct,bio_name,1991.0,exact_match,exact_birth_year
P002013,"SARAKAUSKAS, VYTAUTAS",Vytautas Sarakauskas,Vytautas Šarakauskas,https://en.wikipedia.org/wiki/Vytautas_Šarakauskas,Center / power forward,Center,matched,,Vytautas Šarakauskas; BC Šiauliai; BC Neptūnas; 2014–15 Euroleague squads; 2012–13 LKL season; 2016 King Mindaugas Cup,True,direct,bio_name,1982.0,exact_match,exact_birth_year
P010327,"SARANOVIC, NIKOLA",Nikola Saranovic,Nikola Šaranović (basketball),https://en.wikipedia.org/wiki/Nikola_Šaranović_(basketball),Small forward,Small Forward,matched,,Nikola Šaranović; Nikola Šaranović (basketball); 2025–26 EuroLeague Basketball Next Generation Tournament; Nikola Žigić; Serbia men's national under-20 basketball team; List of Montenegrins,False,search,bio_name,2003.0,exact_match,exact_birth_year
P010182,"SARGIUNAS, TITAS",Titas Sargiunas,BC Prienai,https://en.wikipedia.org/wiki/BC_Prienai,,,page_found_identity_unconfirmed,Basketball page found but birth year/nationality could not be confirmed against players_bio.csv,BC Žalgiris; 2021–22 BC Žalgiris season; BC Prienai; BC Žalgiris-2,False,search,bio_name,,unavailable,
P003112,"SARIC, DARIO",Dario Saric,Dario Šarić,https://en.wikipedia.org/wiki/Dario_Šarić,Power forward / center,Power Forward,matched,,Dario Šarić; List of 2026–27 EuroLeague transactions; ABA League; Miško Ražnatović; Euroleague Basketball Next Generation Tournament,True,direct,bio_name,1994.0,exact_match,exact_birth_year
P011666,"SARR, DAME",Dame Sarr,Dame Sarr,https://en.wikipedia.org/wiki/Dame_Sarr,Shooting guard / small forward,Shooting Guard,matched,,Dame Sarr; Olivier Sarr; List of 2026–27 EuroLeague transactions; 2025–26 FC Barcelona Bàsquet season; 2024–25 FC Barcelona Bàsquet season,True,direct,bio_name,2006.0,exact_match,exact_birth_year
P002936,"SASTRE, JOAN",Joan Sastre,Joan Sastre (basketball),https://en.wikipedia.org/wiki/Joan_Sastre_(basketball),Small forward / Shooting guard,Small Forward,matched,,Joan Sastre; Joan Sastre (basketball); Valencia Basket; Spain men's national basketball team; 2017 EuroCup Finals; 2019 EuroCup Finals,True,search,bio_name,1991.0,exact_match,exact_birth_year
P002939,"SATORANSKY, TOMAS",Tomas Satoransky,Tomáš Satoranský,https://en.wikipedia.org/wiki/Tomáš_Satoranský,Point guard,Point Guard,matched,,Tomáš Satoranský; 2023 EuroLeague Final Four; FC Barcelona Bàsquet; List of 2026–27 EuroLeague transactions; EuroLeague career statistical leaders,False,direct,bio_name,1991.0,exact_match,exact_birth_year
PLMO,"SATO, ROMAIN",Romain Sato,Romain Sato,https://en.wikipedia.org/wiki/Romain_Sato,Shooting guard / small forward,Shooting Guard,matched,,Romain Sato; Fenerbahçe S.K. (basketball); 2009–10 Euroleague; Valencia Basket; FC Barcelona Bàsquet,True,direct,bio_name,1981.0,exact_match,exact_birth_year
PKOD,"SAVANOVIC, DUSKO",Dusko Savanovic,Duško Savanović,https://en.wikipedia.org/wiki/Duško_Savanović,Power forward,Power Forward,matched,,Duško Savanović; FC Bayern Munich (basketball); All-EuroLeague Team; ABA League; Valencia Basket,False,direct,bio_name,1983.0,exact_match,exact_birth_year
PJPF,"SAVAS, OGUZ",Oguz Savas,Oğuz Savaş,https://en.wikipedia.org/wiki/Oğuz_Savaş,Center,Center,matched,,Oğuz Savaş; Fenerbahçe S.K. (basketball); Turkey men's national basketball team; 2018–19 EuroLeague; Bursaspor Basketbol,False,direct,bio_name,1987.0,exact_match,exact_birth_year
P004946,"SAVELYEV, IVAN",Ivan Savelyev,Rosters of the top basketball teams in European club competitions,https://en.wikipedia.org/wiki/Rosters_of_the_top_basketball_teams_in_European_club_competitions,,,page_found_not_basketball_player,Wikipedia page(s) found but none identifiable as a basketball-biography page,Rosters of the top basketball teams in European club competitions; 2014–15 Euroleague squads,False,search,bio_name,,unavailable,
P010784,"SAVKOV, PAVEL",Pavel Savkov,Rosters of the top basketball teams in European club competitions,https://en.wikipedia.org/wiki/Rosters_of_the_top_basketball_teams_in_European_club_competitions,,,page_found_not_basketball_player,Wikipedia page(s) found but none identifiable as a basketball-biography page,Rosters of the top basketball teams in European club competitions,False,search,bio_name,,unavailable,
PJMR,"SAVOVIC, BORIS",Boris Savovic,Boris Savović,https://en.wikipedia.org/wiki/Boris_Savović,Power forward / center,Power Forward,matched,,Boris Savović; Galatasaray S.K. (men's basketball); Basketball League of Serbia; ABA League; FC Bayern Munich (basketball),True,direct,bio_name,1987.0,exact_match,exact_birth_year
PALR,"SAVRASENKO, ALEKSEY",Aleksey Savrasenko,Aleksey Savrasenko,https://en.wikipedia.org/wiki/Aleksey_Savrasenko,Center,Center,matched,,Aleksey Savrasenko; Rosters of the champion and finalist teams of EuroLeague; Olympiacos B.C.; Russia men's national basketball team; PBC CSKA Moscow,False,direct,bio_name,1979.0,exact_match,exact_birth_year
P006693,"SAYBIR, YIGITCAN",Yigitcan Saybir,Yiğitcan Saybir,https://en.wikipedia.org/wiki/Yiğitcan_Saybir,Power forward,Power Forward,matched,,Yiğitcan Saybir; Tofaş S.K.; Bursaspor Basketbol; 2026–27 Basketbol Süper Ligi; List of 2022–23 EuroLeague transactions,False,search,bio_name,1999.0,exact_match,exact_birth_year
P000540,"SCEKIC, MARKO",Marko Scekic,Marko Šćekić,https://en.wikipedia.org/wiki/Marko_Šćekić,Power forward,Power Forward,matched,,Marko Šćekić; Pallacanestro Varese; List of Montenegrins; First League of Republika Srpska (basketball); OKK Borac,False,direct,bio_name,1981.0,exact_match,exact_birth_year
PBGQ,"SCHAFFARTZIK, HEIKO",Heiko Schaffartzik,Heiko Schaffartzik,https://en.wikipedia.org/wiki/Heiko_Schaffartzik,Point guard / shooting guard,Point Guard,matched,,Heiko Schaffartzik; FC Bayern Munich (basketball); Limoges CSP; Basketball Löwen Braunschweig; Türk Telekom B.K.,True,direct,bio_name,1984.0,exact_match,exact_birth_year
PTET,"SCHENSCHER, LUKE",Luke Schenscher,Brock Motum,https://en.wikipedia.org/wiki/Brock_Motum,,,page_found_identity_mismatch,Selected page's birth year (1990) clearly differs from players_bio.csv (1981); rejected as a different person.,Luke Schenscher; Australia men's national basketball team; Brock Motum; December 31; List of NBA players born outside the United States,False,search,bio_name,1990.0,clear_mismatch,
P000357,"SCHILB, BLAKE",Blake Schilb,Blake Schilb,https://en.wikipedia.org/wiki/Blake_Schilb,Small forward,Small Forward,matched,,Blake Schilb; Galatasaray S.K. (men's basketball); LNB Élite; EuroLeague MVP of the Round; Charles Jenkins (basketball),False,direct,bio_name,1983.0,exact_match,exact_birth_year
P008823,"SCHILLING, GAVIN",Gavin Schilling,Gavin Schilling,https://en.wikipedia.org/wiki/Gavin_Schilling,Power forward,Power Forward,matched,,Gavin Schilling; FC Bayern Munich (basketball); List of 2021–22 EuroLeague transactions; List of 2022–23 EuroLeague transactions; 2019–20 Basketball Bundesliga; 2020–21 BBL-Pokal,False,direct,bio_name,1995.0,exact_match,exact_birth_year
P001468,"SCHMIDT, DANIEL",Daniel Schmidt,Daniel Schmidt,https://en.wikipedia.org/wiki/Daniel_Schmidt,,,page_found_not_basketball_player,Wikipedia page(s) found but none identifiable as a basketball-biography page,Daniel Schmidt; 2019–20 Brose Bamberg season; FIBA Basketball World Cup; Campeonato Brasileiro de Basquete; List of players in the Naismith Memorial Basketball Hall of Fame; 2019 Basketball Champions League Final Four,False,direct,bio_name,,unavailable,
P006251,"SCHNEIDER, TIM",Tim Schneider,Tim Schneider (basketball),https://en.wikipedia.org/wiki/Tim_Schneider_(basketball),Power forward,Power Forward,matched,,Tim Schneider; Tim Schneider (basketball); Alba Berlin; Aíto García Reneses; 2019 EuroCup Finals; Türk Telekom B.K.,False,search,bio_name,1997.0,exact_match,exact_birth_year
P013372,"SCHOFIELD, ADMIRAL",Admiral Schofield,Admiral Schofield,https://en.wikipedia.org/wiki/Admiral_Schofield,Small forward / power forward,Small Forward,matched,,"Admiral Schofield; List of 2024–25 EuroLeague transactions; T. J. Leaf; List of people from Springfield, Illinois; Vít Krejčí; 2020–21 Oklahoma City Thunder season",True,direct,bio_name,1997.0,exact_match,exact_birth_year
PJXX,"SCHORTSANITIS, SOFOKLIS",Sofoklis Schortsanitis,Sofoklis Schortsanitis,https://en.wikipedia.org/wiki/Sofoklis_Schortsanitis,Center,Center,matched,,Sofoklis Schortsanitis; EuroLeague 2010–2020 All-Decade Team; All-EuroLeague Team; ABA League; Olympiacos B.C.,False,direct,bio_name,1985.0,exact_match,exact_birth_year
P011234,"SCHULTE, RIKUS",Rikus Schulte,2025–26 Fordham Rams men's basketball team,https://en.wikipedia.org/wiki/2025–26_Fordham_Rams_men's_basketball_team,,,page_found_not_basketball_player,Wikipedia page(s) found but none identifiable as a basketball-biography page,2025–26 Fordham Rams men's basketball team; 2023–24 Davidson Wildcats men's basketball team; 2024–25 UC Riverside Highlanders men's basketball team; 2024–25 Davidson Wildcats men's basketball team,False,search,bio_name,,unavailable,
PAQX,"SCHULTZE, SVEN",Sven Schultze,Sven Schultze,https://en.wikipedia.org/wiki/Sven_Schultze,Power forward / center,Power Forward,matched,,Sven Schultze; G.S. Olympia Larissa B.C.; Bamberg Baskets; Rosters of the top basketball teams in European club competitions; Alba Berlin; Bayer Giants Leverkusen,True,direct,bio_name,1978.0,exact_match,exact_birth_year
P003424,"SCHEYER, JONATHAN",Jonathan Scheyer,Jon Scheyer,https://en.wikipedia.org/wiki/Jon_Scheyer,Shooting guard / point guard,Shooting Guard,matched,,Jon Scheyer; Rosters of the top basketball teams in European club competitions; Mike Krzyzewski; List of nicknames in basketball; Roy Williams (basketball coach),True,direct,bio_name,1987.0,exact_match,exact_birth_year
PKFH,"SCIARRA, LAURENT",Laurent Sciarra,Laurent Sciarra,https://en.wikipedia.org/wiki/Laurent_Sciarra,Point guard,Point Guard,matched,,Laurent Sciarra; Paris Saint-Germain Basketball; France men's national basketball team; LNB Élite; ASVEL Basket,False,direct,bio_name,1973.0,exact_match,exact_birth_year
PAJG,"SCOLA, LUIS",Luis Scola,Luis Scola,https://en.wikipedia.org/wiki/Luis_Scola,Power forward,Power Forward,matched,,Luis Scola; Saski Baskonia; All-EuroLeague Team; Olimpia Milano; EuroLeague career statistical leaders,False,direct,bio_name,1980.0,exact_match,exact_birth_year
P012729,"SCOTT, MIKE",Mike Scott,Michael Scott,https://en.wikipedia.org/wiki/Michael_Scott,,,position_unavailable,Basketball page confirmed but has no 'position' field in its infobox,"Michael Scott; Mike James (basketball, born 1990); Fenerbahçe S.K. (basketball); Mike Scott (basketball, born 1988); Byron Scott; Panathinaikos B.C.",False,direct,bio_name,,unavailable,direct_name_match_no_contradicting_evidence
P007230,"SEDEKERSKIS, TADAS",Tadas Sedekerskis,Tadas Sedekerskis,https://en.wikipedia.org/wiki/Tadas_Sedekerskis,Power forward,Power Forward,matched,,Tadas Sedekerskis; Saski Baskonia; Lithuania men's national basketball team; 2023–24 EuroLeague; CB San Pablo Burgos,False,direct,bio_name,1998.0,exact_match,exact_birth_year
P004862,"SEELEY, DENNIS",Dennis Seeley,D. J. Seeley,https://en.wikipedia.org/wiki/D._J._Seeley,Shooting guard,Shooting Guard,matched,,D. J. Seeley; 2016–17 Israeli Basketball Super League; Rosters of the top basketball teams in European club competitions; 2020–21 BBL-Pokal; Deaths in August 2024,False,search,bio_name,1989.0,exact_match,exact_birth_year
PBIX,"SEFOLOSHA, THABO",Thabo Sefolosha,Thabo Sefolosha,https://en.wikipedia.org/wiki/Thabo_Sefolosha,Shooting guard / small forward,Shooting Guard,matched,,Thabo Sefolosha; Fenerbahçe S.K. (basketball); LNB Élite; Pero Antić; Vevey Riviera Basket,True,direct,bio_name,1984.0,exact_match,exact_birth_year
P004161,"SEGEV, ITAY",Itay Segev,Itay Segev,https://en.wikipedia.org/wiki/Itay_Segev,Center / power forward,Center,matched,,Itay Segev; List of 2025–26 EuroLeague transactions; Israel men's national basketball team; Maccabi Tel Aviv B.C.; Hapoel Tel Aviv B.C.,True,direct,bio_name,1995.0,exact_match,exact_birth_year
P000532,"SEHOVIC, SEAD",Sead Sehovic,Sead Šehović,https://en.wikipedia.org/wiki/Sead_Šehović,Small forward / shooting guard,Small Forward,matched,,Sead Šehović; Suad Šehović; Montenegro men's national basketball team; Macedonian First League (basketball); KK Budućnost,True,direct,bio_name,1989.0,exact_match,exact_birth_year
P000202,"SEHOVIC, SUAD",Suad Sehovic,Suad Šehović,https://en.wikipedia.org/wiki/Suad_Šehović,Small forward / shooting guard,Small Forward,matched,,Suad Šehović; ABA League; Sead Šehović; Montenegro men's national basketball team; 2018–19 EuroLeague,True,direct,bio_name,1987.0,exact_match,exact_birth_year
PKNO,"SEIBUTIS, RENALDAS",Renaldas Seibutis,Renaldas Seibutis,https://en.wikipedia.org/wiki/Renaldas_Seibutis,Shooting guard,Shooting Guard,matched,,Renaldas Seibutis; BC Žalgiris; BC Rytas; Lithuania men's national basketball team; Darüşşafaka Basketbol,False,direct,bio_name,1985.0,exact_match,exact_birth_year
P001171,"SEIFERTH, ANDREAS",Andreas Seiferth,Andreas Seiferth,https://en.wikipedia.org/wiki/Andreas_Seiferth,Center,Center,matched,,Andreas Seiferth; FC Bayern Munich (basketball); 2014–15 Euroleague squads; 2017–18 Basketball Bundesliga; 2018 BBL-Pokal; Euroleague 2008–09 Rosters,False,direct,bio_name,1989.0,exact_match,exact_birth_year
P005756,"SEIFERTH, MARTIN",Martin Seiferth,Martin Seiferth,https://en.wikipedia.org/wiki/Martin_Seiferth,Center,Center,matched,,Martin Seiferth; 2017–18 Basketball Champions League playoffs; 2014–15 Euroleague squads; 2018 BBL-Pokal,False,direct,bio_name,1990.0,exact_match,exact_birth_year
PAFB,"SEKULIC, BLAGOTA",Blagota Sekulic,Blagota Sekulić,https://en.wikipedia.org/wiki/Blagota_Sekulić,Power forward / center,Power Forward,matched,,Blagota Sekulić; Fenerbahçe S.K. (basketball); Real Madrid Baloncesto; 2014–15 Fenerbahçe S.K. (basketball) season; PAOK BC,True,direct,bio_name,1982.0,exact_match,exact_birth_year
P014088,"SELJAAS, ZACHARY",Zachary Seljaas,Zac Seljaas,https://en.wikipedia.org/wiki/Zac_Seljaas,Power forward,Power Forward,matched,,Zac Seljaas; 2024–25 BBL-Pokal,False,search,bio_name,1997.0,exact_match,exact_birth_year
P005681,"SENA, WESLEY",Wesley Sena,Wesley Sena,https://en.wikipedia.org/wiki/Wesley_Sena,pivot,Center,matched,,Wesley Sena; 2016–17 FC Barcelona Bàsquet season; 2017 in sports; List of professional sports families; 2022 in sports,False,direct,bio_name,1996.0,exact_match,exact_birth_year
PBTO,"SENTURK, SONER",Soner Senturk,Soner Şentürk,https://en.wikipedia.org/wiki/Soner_Şentürk,Point guard,Point Guard,matched,,Soner Şentürk; 2025–26 Fenerbahçe S.K. (women's basketball) season; 2015–16 Euroleague squads; Rosters of the top basketball teams in European club competitions,False,direct,bio_name,1986.0,exact_match,exact_birth_year
P001948,"SERAPHIN, KEVIN",Kevin Seraphin,Kevin Séraphin,https://en.wikipedia.org/wiki/Kevin_Séraphin,Center / power forward,Center,matched,,Kevin Séraphin; LNB Élite; Saski Baskonia; France men's national basketball team; Milan Mačvan,True,direct,bio_name,1989.0,exact_match,exact_birth_year
PBAO,"SERAPINAS, SIMONAS",Simonas Serapinas,Simonas Serapinas,https://en.wikipedia.org/wiki/Simonas_Serapinas,Small forward / power forward,Small Forward,matched,,Simonas Serapinas; LKL All-Star Game; BC Žalgiris; Aris B.C.; Lithuania men's national basketball team,True,direct,bio_name,1982.0,exact_match,exact_birth_year
P001901,"SERVERA, MIKI",Miki Servera,Balearic Islands autonomous basketball team,https://en.wikipedia.org/wiki/Balearic_Islands_autonomous_basketball_team,,,page_found_not_basketball_player,Wikipedia page(s) found but none identifiable as a basketball-biography page,Balearic Islands autonomous basketball team,False,search,bio_name,,unavailable,
PLGS,"SESAY, ANSU",Ansu Sesay,Ansu Sesay,https://en.wikipedia.org/wiki/Ansu_Sesay,Small forward,Small Forward,matched,,Ansu Sesay; Pallacanestro Roseto; S.S. Basket Napoli; BBL All-Star Game; Euroleague 2008–09 Rosters,False,direct,bio_name,1976.0,exact_match,exact_birth_year
P002807,"SESKUS, EDVINAS",Edvinas Seskus,Edvinas Šeškus,https://en.wikipedia.org/wiki/Edvinas_Šeškus,Shooting guard / small forward,Shooting Guard,matched,,Edvinas Šeškus; BC Prienai; BC Rytas; National Basketball League (Lithuania); 2018 King Mindaugas Cup,True,direct,bio_name,1995.0,exact_match,exact_birth_year
P009030,"SESSIONS, RAMON",Ramon Sessions,Ramon Sessions,https://en.wikipedia.org/wiki/Ramon_Sessions,Point guard,Point Guard,matched,,Ramon Sessions; List of 2018–19 EuroLeague transactions; Christian Eyenga; Jason Kapono; Gary Neal,False,direct,bio_name,1986.0,exact_match,exact_birth_year
P011980,"SESTINA, NATHAN",Nathan Sestina,Nate Sestina,https://en.wikipedia.org/wiki/Nate_Sestina,Power forward / center,Power Forward,matched,,Nate Sestina; List of 2024–25 EuroLeague transactions; List of 2020–21 NBA season transactions,True,search,bio_name,1997.0,exact_match,exact_birth_year
P001885,"SEWERYN, LUKASZ",Lukasz Seweryn,Łukasz Seweryn,https://en.wikipedia.org/wiki/Łukasz_Seweryn,Guard / forward,,position_text_unrecognized,Could not map position text to a canonical position: 'Guard / forward',Łukasz Seweryn; Poland men's national basketball team; Rosters of the top basketball teams in European club competitions; KK Włocławek; Jagiellonia Białystok; Czarni Słupsk,False,direct,bio_name,,unavailable,
P012612,"SHAHRVIN, ENZO",Enzo Shahrvin,Paris Basketball,https://en.wikipedia.org/wiki/Paris_Basketball,,,page_found_not_basketball_player,Wikipedia page(s) found but none identifiable as a basketball-biography page,Paris Basketball; 2024–25 Paris Basketball season,False,search,bio_name,,unavailable,
P000668,"SHAKUR, MUSTAFA",Mustafa Shakur,Mustafa Shakur,https://en.wikipedia.org/wiki/Mustafa_Shakur,Point guard,Point Guard,matched,,Mustafa Shakur; Arka Gdynia (basketball); Panellinios B.C.; Élan Béarnais; 2014–15 Euroleague squads,False,direct,bio_name,1984.0,exact_match,exact_birth_year
P005165,"SHANG, PING",Ping Shang,Shang Ping,https://en.wikipedia.org/wiki/Shang_Ping,Power forward / center,Power Forward,matched,,Shang Ping; Panathinaikos B.C.; The Beast (nickname); Chinese Basketball Association; 2014–15 Panathinaikos B.C. season,True,search,bio_name,1984.0,exact_match,exact_birth_year
P010653,"SHARAPOV, VLADISLAV",Vladislav Sharapov,,,,,no_page_found,Wikipedia search returned no results,,False,,bio_name,,unavailable,
PAOU,"SHARP, DERRICK",Derrick Sharp,Derrick Sharp,https://en.wikipedia.org/wiki/Derrick_Sharp,Point guard / shooting guard,Point Guard,matched,,Derrick Sharp; Emanuel Sharp; Maccabi Tel Aviv B.C.; 2000 FIBA EuroLeague Final Four; ABA League,True,direct,bio_name,1971.0,exact_match,exact_birth_year
P010771,"SHASHKOV, ALEXANDER",Alexander Shashkov,2019–20 Olimpia Milano season,https://en.wikipedia.org/wiki/2019–20_Olimpia_Milano_season,,,page_found_not_basketball_player,Wikipedia page(s) found but none identifiable as a basketball-biography page,2019–20 Olimpia Milano season; 2019–20 Victoria Libertas Pesaro season,False,search,bio_name,,unavailable,
PCUG,"SHAW, CASEY",Casey Shaw,Casey Shaw,https://en.wikipedia.org/wiki/Casey_Shaw,Center,Center,matched,,Casey Shaw; Breanna Stewart; BK Ventspils; Pallacanestro Cantù; Pallacanestro Trieste; West Coast Conference,False,direct,bio_name,1975.0,exact_match,exact_birth_year
P011202,"SHAYOK, MARIAL",Marial Shayok,Marial Shayok,https://en.wikipedia.org/wiki/Marial_Shayok,Small forward / shooting guard,Small Forward,matched,,Marial Shayok; Fenerbahçe S.K. (basketball); BeoBasket; Bursaspor Basketbol; List of 2024–25 EuroLeague transactions,True,direct,bio_name,1995.0,exact_match,exact_birth_year
PKLN,"SHELEKETO, MAKSIM",Maksim Sheleketo,,,,,no_page_found,Wikipedia search returned no results,,False,,bio_name,,unavailable,
P001133,"SHENGELIA, TORNIKE",Tornike Shengelia,Tornike Shengelia,https://en.wikipedia.org/wiki/Tornike_Shengelia,Power forward,Power Forward,matched,,Tornike Shengelia; Dubai Basketball; 2025–26 EuroLeague; 2023–24 EuroLeague; Virtus Bologna,False,direct,bio_name,1991.0,exact_match,exact_birth_year
P001386,"SHERMADINI, GIORGI",Giorgi Shermadini,Giorgi Shermadini,https://en.wikipedia.org/wiki/Giorgi_Shermadini,Center,Center,matched,,Giorgi Shermadini; Rosters of the champion and finalist teams of EuroLeague; 2025–26 Basketball Champions League; 2018–19 EuroCup Basketball; CB Canarias,False,direct,bio_name,1989.0,exact_match,exact_birth_year
P006713,"SHEVCHUK, KONSTANTIN",Konstantin Shevchuk,2024 in sports,https://en.wikipedia.org/wiki/2024_in_sports,,,page_found_not_basketball_player,Wikipedia page(s) found but none identifiable as a basketball-biography page,2024 in sports; Saint Petersburg; Kryvyi Rih,False,search,bio_name,,unavailable,
P007831,"SHIELDS, SHAVON",Shavon Shields,Shavon Shields,https://en.wikipedia.org/wiki/Shavon_Shields,Small forward,Small Forward,matched,,Shavon Shields; Fenerbahçe S.K. (basketball); 2025–26 EuroLeague; 2023–24 EuroLeague; All-EuroLeague Team,False,direct,bio_name,1994.0,exact_match,exact_birth_year
P002973,"SHIPP, JOSHUA",Joshua Shipp,Josh Shipp (basketball),https://en.wikipedia.org/wiki/Josh_Shipp_(basketball),Shooting guard / small forward,Shooting Guard,matched,,"Josh Shipp; Josh Shipp (basketball); EuroLeague season statistical leaders; Rosters of the top basketball teams in European club competitions; List of people from Mississauga; Marietta, Georgia",True,search,bio_name,1986.0,exact_match,exact_birth_year
PBUA,"SHIRLEY, PAUL",Paul Shirley,Paul Shirley,https://en.wikipedia.org/wiki/Paul_Shirley,Power forward,Power Forward,matched,,Paul Shirley; BC UNICS; Baloncesto Málaga; Panionios B.C.; American Basketball Association (2000–present),False,direct,bio_name,1977.0,exact_match,exact_birth_year
P012608,"SHORTS, TJ",Tj Shorts,TJ Shorts II,https://en.wikipedia.org/wiki/TJ_Shorts_II,Point guard,Point Guard,matched,,TJ Shorts II; 2024–25 EuroLeague; 2023–24 EuroCup Basketball; 2025–26 EuroLeague; Paris Basketball,False,search,bio_name,1997.0,exact_match,exact_birth_year
PLKZ,"SHUKHOVTCOV, GRIGORY",Grigory Shukhovtcov,Rosters of the top basketball teams in European club competitions,https://en.wikipedia.org/wiki/Rosters_of_the_top_basketball_teams_in_European_club_competitions,,,page_found_not_basketball_player,Wikipedia page(s) found but none identifiable as a basketball-biography page,Rosters of the top basketball teams in European club competitions,False,search,bio_name,,unavailable,
P003437,"SHULER, JAMAL",Jamal Shuler,Jamal Shuler,https://en.wikipedia.org/wiki/Jamal_Shuler,Shooting guard,Shooting Guard,matched,,Jamal Shuler; AS Monaco Basket; FIBA EuroChallenge; 2014–15 EuroChallenge; 2017–18 Basketball Champions League,False,direct,bio_name,1986.0,exact_match,exact_birth_year
PKNH,"SHUMPERT, PRESTON",Preston Shumpert,Preston Shumpert,https://en.wikipedia.org/wiki/Preston_Shumpert,Shooting guard / small forward,Shooting Guard,matched,,Preston Shumpert; Anadolu Efes S.K.; EuroCup Basketball MVP of the Round; Fortitudo Bologna; Ermal Kuqo,True,direct,bio_name,1979.0,exact_match,exact_birth_year
PKVZ,"SHVED, ALEXEY",Alexey Shved,Alexey Shved,https://en.wikipedia.org/wiki/Alexey_Shved,Shooting guard / point guard,Shooting Guard,matched,,Alexey Shved; Alphonso Ford EuroLeague Top Scorer Trophy; 2017–18 EuroLeague; Russian Professional Basketball League; EuroLeague 2010–2020 All-Decade Team,True,direct,bio_name,1988.0,exact_match,exact_birth_year
P006589,"SIKMA, LUKE",Luke Sikma,Luke Sikma,https://en.wikipedia.org/wiki/Luke_Sikma,Power forward,Power Forward,matched,,Luke Sikma; Thomas Walkup; 2022–23 EuroLeague; EuroCup Basketball MVP; EuroCup Basketball Awards,False,direct,bio_name,1989.0,exact_match,exact_birth_year
P001211,"SIKORA, SLAWOMIR",Slawomir Sikora,Euroleague 2008–09 Rosters,https://en.wikipedia.org/wiki/Euroleague_2008–09_Rosters,,,page_found_not_basketball_player,Wikipedia page(s) found but none identifiable as a basketball-biography page,Euroleague 2008–09 Rosters,False,search,bio_name,,unavailable,
P002007,"SIKSNIUS, ARVYDAS",Arvydas Siksnius,Arvydas Šikšnius,https://en.wikipedia.org/wiki/Arvydas_Šikšnius,Small forward / power forward,Small Forward,matched,,Arvydas Šikšnius; BC Rytas; BC Neptūnas; BC Šiauliai; BC Juventus; 2015 LKL All-Star Game,True,direct,bio_name,1987.0,exact_match,exact_birth_year
P014220,"SILVA, CHRIS",Chris Silva,Chris Silva,https://en.wikipedia.org/wiki/Chris_Silva,Center / power forward,Center,matched,,Chris Silva; Fenerbahçe S.K. (basketball); 2026 EuroLeague Final Four; List of 2026–27 EuroLeague transactions; 2021–22 EuroLeague,True,direct,bio_name,1996.0,exact_match,exact_birth_year
P005618,"SIMANIC, BORISA",Borisa Simanic,Boriša Simanić,https://en.wikipedia.org/wiki/Boriša_Simanić,Power forward,Power Forward,matched,,Boriša Simanić; 2024 Serbia men's Olympic basketball team; 2023 FIBA Basketball World Cup; Mitteldeutscher BC; Euroleague Basketball Next Generation Tournament,False,direct,bio_name,1998.0,exact_match,exact_birth_year
P005596,"SIMA, YANKUBA",Yankuba Sima,Yankuba Sima,https://en.wikipedia.org/wiki/Yankuba_Sima,Center,Center,matched,,Yankuba Sima; List of 2025–26 EuroLeague transactions; Spain men's national basketball team; Valencia Basket; Baloncesto Málaga,False,direct,bio_name,1996.0,exact_match,exact_birth_year
P001129,"SIMEON, JOSE",Jose Simeon,José Simeón,https://en.wikipedia.org/wiki/José_Simeón,Point guard,Point Guard,matched,,José Simeón; Rosters of the top basketball teams in European club competitions; List of University of San Francisco people; 2015 in sports; 2000 New Year Honours; Jackson Martínez,False,direct,bio_name,1991.0,exact_match,exact_birth_year
P005163,"SIMMONS, CEDRIC",Cedric Simmons,Cedric Simmons,https://en.wikipedia.org/wiki/Cedric_Simmons,Power forward / center,Power Forward,matched,,Cedric Simmons; Olympiacos B.C.; PAOK BC; Hapoel Tel Aviv B.C.; Micheal Eric,True,direct,bio_name,1986.0,exact_match,exact_birth_year
PLOL,"SIMMONS, TRE",Tre Simmons,Tre Simmons,https://en.wikipedia.org/wiki/Tre_Simmons,Shooting guard / small forward,Shooting Guard,matched,,Tre Simmons; FIBA EuroChallenge; List of 2026–27 EuroLeague transactions; Hapoel Jerusalem B.C.; Hapoel Tel Aviv B.C.,True,direct,bio_name,1982.0,exact_match,exact_birth_year
P014152,"SIMMONS, KOBI",Kobi Simmons,Kobi Simmons,https://en.wikipedia.org/wiki/Kobi_Simmons,Point guard / shooting guard,Point Guard,matched,,Kobi Simmons; List of 2026–27 EuroLeague transactions; List of 2025–26 EuroLeague transactions; Saski Baskonia; Frank Jackson (basketball),True,direct,bio_name,1997.0,exact_match,exact_birth_year
PCPR,"SIMON, KRUNOSLAV",Krunoslav Simon,Krunoslav Simon,https://en.wikipedia.org/wiki/Krunoslav_Simon,Shooting guard / small forward,Shooting Guard,matched,,Krunoslav Simon; 2018–19 EuroLeague; ABA League; Anadolu Efes S.K.; Olimpia Milano,True,direct,bio_name,1985.0,exact_match,exact_birth_year
PLRU,"SIMONOVIC, MARKO",Marko Simonovic,"Marko Simonović (basketball, born 1986)","https://en.wikipedia.org/wiki/Marko_Simonović_(basketball,_born_1986)",Small forward,Small Forward,matched,,"Marko Simonović; Marko Simonović (basketball, born 1986); Marko Simonović (basketball, born 1999); Basketball League of Serbia; 2024–25 EuroCup Basketball; ABA League",False,search,bio_name,1986.0,exact_match,exact_birth_year
P012711,"SIMONOVIC, MARKO",Marko Simonovic,"Marko Simonović (basketball, born 1999)","https://en.wikipedia.org/wiki/Marko_Simonović_(basketball,_born_1999)",Center / power forward,Center,matched,,"Marko Simonović; Marko Simonović (basketball, born 1999); Marko Simonović (basketball, born 1986); Basketball League of Serbia; 2024–25 EuroCup Basketball; ABA League",True,search,bio_name,1999.0,exact_match,exact_birth_year
P007765,"SIMPSON, DIAMON",Diamon Simpson,Diamon Simpson,https://en.wikipedia.org/wiki/Diamon_Simpson,Power forward,Power Forward,matched,,Diamon Simpson; Zach LeDay; 2019–20 Israeli Basketball State Cup; Antonio Campbell; 2018–19 Israeli Basketball State Cup,False,direct,bio_name,1987.0,exact_match,exact_birth_year
P002455,"SIMS, COURTNEY",Courtney Sims,Courtney Sims,https://en.wikipedia.org/wiki/Courtney_Sims,Center,Center,matched,,Courtney Sims; Courtney Vandersloot; Iowa Wolves; Maya Moore; NBA G League,False,direct,bio_name,1983.0,exact_match,exact_birth_year
PCRM,"SINANOVIC, NEDZAD",Nedzad Sinanovic,Nedžad Sinanović,https://en.wikipedia.org/wiki/Nedžad_Sinanović,Center,Center,matched,,Nedžad Sinanović; Real Madrid Baloncesto; Iranian Basketball Super League; Baloncesto Málaga; Rosters of the top basketball teams in European club competitions,False,direct,bio_name,1983.0,exact_match,exact_birth_year
P003822,"SINGLER, KYLE",Kyle Singler,Kyle Singler,https://en.wikipedia.org/wiki/Kyle_Singler,Small forward,Small Forward,matched,,Kyle Singler; 2025–26 EuroCup Basketball; Kyle Hines; 2023–24 EuroCup Basketball; Fenerbahçe S.K. (basketball),False,direct,bio_name,1988.0,exact_match,exact_birth_year
P002079,"SINGLETARY, SEAN",Sean Singletary,Sean Singletary,https://en.wikipedia.org/wiki/Sean_Singletary,Point guard,Point Guard,matched,,Sean Singletary; D. J. Strawberry; Boris Diaw; Rosters of the top basketball teams in European club competitions; Union Mons-Hainaut,False,direct,bio_name,1985.0,exact_match,exact_birth_year
P006614,"SINGLETON, CHRIS",Chris Singleton,"Chris Singleton (basketball, born 1989)","https://en.wikipedia.org/wiki/Chris_Singleton_(basketball,_born_1989)",Power forward / center,Power Forward,matched,,"Chris Singleton; Chris Singleton (basketball, born 1989); 2016–17 EuroLeague; Paris Saint-Germain Basketball; 2016 Euroleague Final Four; EuroLeague MVP of the Month",True,search,bio_name,1989.0,exact_match,exact_birth_year
PTGD,"SINGLETON, JAMES",James Singleton,James Singleton (basketball),https://en.wikipedia.org/wiki/James_Singleton_(basketball),Small forward / power forward,Small Forward,matched,,James Singleton; James Singleton (basketball); 2016–17 EuroLeague; Panathinaikos B.C.; 2016 Euroleague Final Four; 2022 EuroLeague Final Four,True,search,bio_name,1981.0,exact_match,exact_birth_year
P001271,"SINICA, JUSTAS",Justas Sinica,Justas Sinica,https://en.wikipedia.org/wiki/Justas_Sinica,Power forward,Power Forward,matched,,Justas Sinica; BC Rytas; CB San Pablo Burgos; Rosters of the top basketball teams in European club competitions; 2014–15 Euroleague squads; 2009 Gomelsky Cup,False,direct,bio_name,1985.0,exact_match,exact_birth_year
P001930,"SINOVEC, STEFAN",Stefan Sinovec,Stefan Sinovec,https://en.wikipedia.org/wiki/Stefan_Sinovec,Shooting guard,Shooting Guard,matched,,Stefan Sinovec; BC Lietkabelis; Rosters of the top basketball teams in European club competitions; KK Radnički Kragujevac (2009–2014); KK MZT Skopje,False,direct,bio_name,1988.0,exact_match,exact_birth_year
P005275,"SIPAHI, KENAN",Kenan Sipahi,Kenan Sipahi,https://en.wikipedia.org/wiki/Kenan_Sipahi,Point guard,Point Guard,matched,,Kenan Sipahi; Fenerbahçe S.K. (basketball); Beşiktaş J.K. (men's basketball); 2016–17 Fenerbahçe S.K. (basketball) season; 2015–16 Fenerbahçe S.K. (basketball) season,False,direct,bio_name,1995.0,exact_match,exact_birth_year
P003522,"SIRIN, OSMAN",Osman Sirin,Gökhan Şirin,https://en.wikipedia.org/wiki/Gökhan_Şirin,Forward,,position_text_unrecognized,Could not map position text to a canonical position: 'Forward',"Osman Şirin; Şirin; Gökhan Şirin; Ahmad; Batman, Turkey; List of Turkish people",False,search,bio_name,,unavailable,
P000924,"SIRNIK, MATIC",Matic Sirnik,Matic Sirnik,https://en.wikipedia.org/wiki/Matic_Sirnik,Shooting guard,Shooting Guard,matched,,Matic Sirnik; Euroleague 2008–09 Rosters,False,direct,bio_name,1991.0,exact_match,exact_birth_year
P007029,"SIRVYDIS, DEIVIDAS",Deividas Sirvydis,Deividas Sirvydis,https://en.wikipedia.org/wiki/Deividas_Sirvydis,Shooting guard / small forward,Shooting Guard,matched,,Deividas Sirvydis; 2023–24 EuroCup Basketball; BC Rytas; 2024–25 BC Žalgiris season; BC Žalgiris,True,direct,bio_name,2000.0,exact_match,exact_birth_year
PJMM,"SISKAUSKAS, RAMUNAS",Ramunas Siskauskas,Ramūnas Šiškauskas,https://en.wikipedia.org/wiki/Ramūnas_Šiškauskas,Shooting guard / small forward,Shooting Guard,matched,,Ramūnas Šiškauskas; EuroLeague Legend; BC Rytas; All-EuroLeague Team; Rosters of the champion and finalist teams of EuroLeague,True,direct,bio_name,1978.0,exact_match,exact_birth_year
P004571,"SISKO, ZAN MARK",Zan Mark Sisko,Žan Mark Šiško,https://en.wikipedia.org/wiki/Žan_Mark_Šiško,Point guard,Point Guard,matched,,Žan Mark Šiško; ABA League; FC Bayern Munich (basketball); Slovenian Basketball League; BeoBasket; 2019–20 FC Bayern Munich (basketball) season,False,direct,bio_name,1997.0,exact_match,exact_birth_year
P012263,"SISSOKO, YOHANN",Yohann Sissoko,Black French people,https://en.wikipedia.org/wiki/Black_French_people,,,page_found_not_basketball_player,Wikipedia page(s) found but none identifiable as a basketball-biography page,Black French people; 2025–26 Florida Atlantic Owls men's basketball team; 2016 FIBA Africa Under-18 Championship squads,False,search,bio_name,,unavailable,
P007125,"SIVA, PEYTON",Peyton Siva,Peyton Siva,https://en.wikipedia.org/wiki/Peyton_Siva,Point guard,Point Guard,matched,,Peyton Siva; 2018–19 EuroCup Basketball; 2020–21 EuroLeague; 2017–18 EuroCup Basketball; EuroLeague MVP of the Round,False,direct,bio_name,1990.0,exact_match,exact_birth_year
PLJT,"SKORDILIS, GAIOS",Gaios Skordilis,Gaios Skordilis,https://en.wikipedia.org/wiki/Gaios_Skordilis,Center,Center,matched,,Gaios Skordilis; Panathinaikos B.C.; AEK B.C.; Aris B.C.; Panionios B.C.,False,direct,bio_name,1987.0,exact_match,exact_birth_year
PLVJ,"SKVERER, EZEQUIEL",Ezequiel Skverer,Ezequiel Skverer,https://en.wikipedia.org/wiki/Ezequiel_Skverer,Point guard,Point Guard,matched,,Ezequiel Skverer; 2011–12 Israeli Basketball Super League; 2016–17 Israeli Basketball Super League; List of Jews in sports,False,direct,bio_name,1989.0,exact_match,exact_birth_year
PACY,"SLANINA, DONATAS",Donatas Slanina,Donatas Slanina,https://en.wikipedia.org/wiki/Donatas_Slanina,Shooting guard,Shooting Guard,matched,,Donatas Slanina; BC Žalgiris; Arka Gdynia (basketball); Lithuania men's national basketball team; LKL All-Star Game,False,direct,bio_name,1977.0,exact_match,exact_birth_year
P003637,"SLAUGHTER, AJ",Aj Slaughter,A. J. Slaughter,https://en.wikipedia.org/wiki/A._J._Slaughter,Shooting guard,Shooting Guard,matched,,A. J. Slaughter; Rosters of the champion and finalist teams of EuroLeague; Panathinaikos B.C.; Virtus Bologna; Poland men's national basketball team,False,search,bio_name,1987.0,exact_match,exact_birth_year
P000659,"SLAUGHTER, MARCUS",Marcus Slaughter,Marcus Slaughter,https://en.wikipedia.org/wiki/Marcus_Slaughter,Center,Center,matched,,Marcus Slaughter; ASVEL Basket; Rosters of the champion and finalist teams of EuroLeague; AEK B.C.; Karşıyaka Basket,False,direct,bio_name,1985.0,exact_match,exact_birth_year
PKQI,"SLAY, TAMAR",Tamar Slay,Tamar Slay,https://en.wikipedia.org/wiki/Tamar_Slay,Shooting guard,Shooting Guard,matched,,Tamar Slay; Hapoel Jerusalem B.C.; Pallacanestro Brescia; Rosters of the top basketball teams in European club competitions; Marshall Thundering Herd men's basketball; Itzik Ohanon,False,direct,bio_name,1980.0,exact_match,exact_birth_year
P011927,"SLEVA, DUSTIN",Dustin Sleva,Dustin Sleva,https://en.wikipedia.org/wiki/Dustin_Sleva,Power forward,Power Forward,matched,,Dustin Sleva; Paris Basketball; List of 2025–26 EuroLeague transactions; 2023–24 Basketball Champions League; 2026–27 BC Žalgiris season,False,direct,bio_name,1995.0,exact_match,exact_birth_year
PBUX,"SLEZAS, ANDRIUS",Andrius Slezas,Andrius Šležas,https://en.wikipedia.org/wiki/Andrius_Šležas,Small forward / power forward,Small Forward,matched,,Andrius Šležas; BC Rytas; 2006–07 ULEB Cup; BC Šiauliai; Rosters of the top basketball teams in European club competitions; 2015 LKL All-Star Game,True,direct,bio_name,1975.0,exact_match,exact_birth_year
PBWY,"SLOKAR, UROS",Uros Slokar,Uroš Slokar,https://en.wikipedia.org/wiki/Uroš_Slokar,Power forward / center,Power Forward,matched,,Uroš Slokar; ABA League; BC Zenit Saint Petersburg; Clay Tucker; CB Estudiantes,True,direct,bio_name,1983.0,exact_match,exact_birth_year
P001926,"SLOUKAS, KOSTAS",Kostas Sloukas,Kostas Sloukas,https://en.wikipedia.org/wiki/Kostas_Sloukas,Point guard / shooting guard,Point Guard,matched,,Kostas Sloukas; EuroLeague; Fenerbahçe S.K. (basketball); 2023–24 EuroLeague; EuroLeague 2010–2020 All-Decade Team,True,direct,bio_name,1990.0,exact_match,exact_birth_year
P011051,"SMAILAGIC, ALEN",Alen Smailagic,Alen Smailagić,https://en.wikipedia.org/wiki/Alen_Smailagić,Center / power forward,Center,matched,,Alen Smailagić; EuroLeague Flight Time of the Season; List of 2025–26 EuroLeague transactions; 2024–25 BC Žalgiris season; Serbia men's national basketball team,True,search,bio_name,2000.0,exact_match,exact_birth_year
PLVC,"SMAJLAGIC, SVEN",Sven Smajlagic,Sven Smajlagić,https://en.wikipedia.org/wiki/Sven_Smajlagić,Shooting guard,Shooting Guard,matched,,Sven Smajlagić; 2018–19 ABA League Second Division,False,direct,bio_name,1990.0,exact_match,exact_birth_year
P012801,"SMART, JAVONTE",Javonte Smart,Javonte Smart,https://en.wikipedia.org/wiki/Javonte_Smart,Shooting guard,Shooting Guard,matched,,Javonte Smart; List of 2024–25 EuroLeague transactions; 2026–27 U-BT Cluj-Napoca season; Phillip Wheeler (basketball); 2023–24 KK Crvena zvezda season,False,direct,bio_name,1999.0,exact_match,exact_birth_year
PCTN,"SMITH, CHARLES",Charles Smith,"Charles Smith (basketball, born August 1975)","https://en.wikipedia.org/wiki/Charles_Smith_(basketball,_born_August_1975)",Shooting guard,Shooting Guard,matched,,"Charles Smith; Charles Smith (basketball, born August 1975); Fenerbahçe S.K. (women's basketball); Alphonso Ford EuroLeague Top Scorer Trophy; All-EuroLeague Team; 2010–11 Euroleague",False,search,bio_name,1975.0,exact_match,exact_birth_year
P001274,"SMITH, DEVIN",Devin Smith,Devin Smith (basketball),https://en.wikipedia.org/wiki/Devin_Smith_(basketball),Small forward,Small Forward,matched,,Devin Smith; Devin Smith (basketball); Fenerbahçe S.K. (basketball); 2024–25 EuroCup Basketball; EuroLeague 2010–2020 All-Decade Team; Maccabi Tel Aviv B.C.,False,search,bio_name,1983.0,exact_match,exact_birth_year
P001355,"SMITH, JA JUAN",Ja Juan Smith,JaJuan Johnson,https://en.wikipedia.org/wiki/JaJuan_Johnson,,,page_found_identity_mismatch,Selected page's birth year (1989) clearly differs from players_bio.csv (1985); rejected as a different person.,JaJuan Johnson; EuroCup Basketball All-EuroCup Team; 2016–17 Fenerbahçe S.K. (basketball) season; PAOK BC; Pau Gasol,False,search,bio_name,1989.0,clear_mismatch,
P011192,"SMITH, JALEEN",Jaleen Smith,Jaleen Smith,https://en.wikipedia.org/wiki/Jaleen_Smith,Shooting guard / point guard,Shooting Guard,matched,,Jaleen Smith; 2024–25 EuroCup Basketball; 2023–24 KK Partizan season; EuroCup Basketball All-EuroCup Team; List of 2024–25 EuroLeague transactions,True,direct,bio_name,1994.0,exact_match,exact_birth_year
P005002,"SMITH, JAMAR",Jamar Smith,Jamar Smith,https://en.wikipedia.org/wiki/Jamar_Smith,Shooting guard,Shooting Guard,matched,,Jamar Smith; Basketball League of Serbia; EuroCup Basketball MVP; EuroCup Basketball Awards; Darius Thompson,False,direct,bio_name,1987.0,exact_match,exact_birth_year
P004118,"SMITH, JERRY",Jerry Smith,Jerry Smith,https://en.wikipedia.org/wiki/Jerry_Smith,,,position_unavailable,Basketball page confirmed but has no 'position' field in its infobox,Jerry Smith; Luka Dončić; Olympiacos B.C.; Toni Kukoč; Basketball; National Basketball Association,False,direct,bio_name,,unavailable,direct_name_match_no_contradicting_evidence
P013666,"SMITH JR, DENNIS",Dennis Smith Jr,Dennis Smith Jr.,https://en.wikipedia.org/wiki/Dennis_Smith_Jr.,Point guard,Point Guard,matched,,Dennis Smith Jr.; Fenerbahçe S.K. (basketball); Real Madrid Baloncesto; Olympiacos B.C.; National Basketball Association,False,direct,bio_name,1997.0,exact_match,exact_birth_year
P004918,"SMITH, NOLAN",Nolan Smith,Nolan Smith,https://en.wikipedia.org/wiki/Nolan_Smith,Point guard,Point Guard,matched,,Nolan Smith; Ergin Ataman; KK Cedevita; List of EuroLeague Women winning players; Dallas Wings,False,direct,bio_name,1988.0,exact_match,exact_birth_year
P007356,"SMITH, RUSS",Russ Smith,Russ Smith (basketball),https://en.wikipedia.org/wiki/Russ_Smith_(basketball),Point guard,Point Guard,matched,,Russell Smith; Russ Smith (basketball); Galatasaray S.K. (men's basketball); British Basketball League; David DeJulius; Iranian Basketball Super League,False,search,bio_name,1991.0,exact_match,exact_birth_year
P002901,"SMITH, STEVEN",Steven Smith,Steven Smith (basketball),https://en.wikipedia.org/wiki/Steven_Smith_(basketball),Small forward / power forward,Small Forward,matched,,Steven Smith; Steven Smith (basketball); Lamar Stevens; List of 2026–27 EuroLeague transactions; ABA League; Basketball League of Serbia,True,search,bio_name,1983.0,exact_match,exact_birth_year
P007109,"SMITS, ROLANDS",Rolands Smits,Rolands Šmits,https://en.wikipedia.org/wiki/Rolands_Šmits,Power forward / center,Power Forward,matched,,Rolands Šmits; List of 2026–27 EuroLeague transactions; BC Žalgiris; Baloncesto Fuenlabrada; 2022 EuroLeague Final Four,True,direct,bio_name,1995.0,exact_match,exact_birth_year
PALC,"SMODIS, MATJAZ",Matjaz Smodis,Matjaž Smodiš,https://en.wikipedia.org/wiki/Matjaž_Smodiš,Power forward / center,Power Forward,matched,,Matjaž Smodiš; Rosters of the champion and finalist teams of EuroLeague; 2009 Euroleague Final Four; Virtus Bologna; All-EuroLeague Team,True,direct,bio_name,1979.0,exact_match,exact_birth_year
PKLP,"SMYGIN, IGOR",Igor Smygin,,,,,no_page_found,Wikipedia search returned no results,,False,,bio_name,,unavailable,
P004176,"SNIEG, TOMASZ",Tomasz Snieg,2018 Polish Basketball Cup,https://en.wikipedia.org/wiki/2018_Polish_Basketball_Cup,,,page_found_not_basketball_player,Wikipedia page(s) found but none identifiable as a basketball-biography page,2018 Polish Basketball Cup,False,search,bio_name,,unavailable,
PLTF,"SOKOLOV, DMITRY",Dmitry Sokolov,Dmitri Sokolov (basketball),https://en.wikipedia.org/wiki/Dmitri_Sokolov_(basketball),Center,Center,matched,,Dmitri Sokolov; Dmitri Sokolov (basketball); PBC CSKA Moscow; Rosters of the champion and finalist teams of EuroLeague; Russia men's national basketball team; BC UNICS,False,search,bio_name,1985.0,exact_match,exact_birth_year
PTFB,"SOLIMAN, WILLIAMS",Williams Soliman,List of converts to Islam,https://en.wikipedia.org/wiki/List_of_converts_to_Islam,,,page_found_identity_unconfirmed,Basketball page found but birth year/nationality could not be confirmed against players_bio.csv,Islam in the United States; List of converts to Islam; Egypt; Hymn to Liberty; Philhellenism,False,search,bio_name,,unavailable,
PCOS,"SOLOMON, WILLIE",Willie Solomon,Will Solomon,https://en.wikipedia.org/wiki/Will_Solomon,Point guard / shooting guard,Point Guard,matched,,Will Solomon; Fenerbahçe S.K. (basketball); Maccabi Tel Aviv B.C.; Anadolu Efes S.K.; Rosters of the champion and finalist teams of EuroLeague,True,direct,bio_name,1978.0,exact_match,exact_birth_year
P004479,"SOLUADE, MO",Mo Soluade,Ovie Soko,https://en.wikipedia.org/wiki/Ovie_Soko,,,page_found_identity_unconfirmed,Basketball page found but birth year/nationality could not be confirmed against players_bio.csv,London Lions (basketball); 2022–23 London Lions season; Ovie Soko,False,search,bio_name,,unavailable,
PBCP,"SONGAILA, DARIUS",Darius Songaila,Darius Songaila,https://en.wikipedia.org/wiki/Darius_Songaila,Power forward / center,Power Forward,matched,,Darius Songaila; BC Žalgiris; Galatasaray S.K. (men's basketball); Lithuania men's national basketball team; Basketball in Lithuania,True,direct,bio_name,1978.0,exact_match,exact_birth_year
P002970,"SONMEZ, DOGUKAN",Dogukan Sonmez,Doğukan Sönmez,https://en.wikipedia.org/wiki/Doğukan_Sönmez,Center,Center,matched,,Doğukan Sönmez; Ege Arar; 2017 Basketball Champions League Final Four; Rosters of the top basketball teams in European club competitions; Galatasaray S.K. men's basketball team rosters,False,direct,bio_name,1992.0,exact_match,exact_birth_year
P011219,"SORKIN, ROMAN",Roman Sorkin,Roman Sorkin,https://en.wikipedia.org/wiki/Roman_Sorkin,Power forward / center,Power Forward,matched,,Roman Sorkin; 2025–26 EuroLeague; Israel men's national basketball team; Maccabi Tel Aviv B.C.; 2025–26 Israeli Basketball Premier League,True,direct,bio_name,1996.0,exact_match,exact_birth_year
P005242,"SOSA, EDGAR",Edgar Sosa,Édgar Sosa (basketball),https://en.wikipedia.org/wiki/Édgar_Sosa_(basketball),shooting guard,Shooting Guard,matched,,Édgar Sosa; Édgar Sosa (basketball); FIBA West Asia Super League; Zamalek SC Basketball; 2019–20 Israeli Basketball Premier League; 2014–15 Euroleague squads,False,search,bio_name,1988.0,exact_match,exact_birth_year
P005955,"SOUTHERLAND, JAMES",James Southerland,James Southerland,https://en.wikipedia.org/wiki/James_Southerland,Small forward,Small Forward,matched,,James Southerland; 2014–15 Euroleague squads; LNB All-Star Game; Carl Ona-Embo; List of 2013–14 NBA season transactions; List of 2014–15 NBA season transactions,False,direct,bio_name,1990.0,exact_match,exact_birth_year
P000747,"SOW, PAPE",Pape Sow,Pape Sow,https://en.wikipedia.org/wiki/Pape_Sow,Power forward,Power Forward,matched,,Pape Sow; Arka Gdynia (basketball); Iranian Basketball Super League; Rosters of the top basketball teams in European club competitions; Albert Miralles,False,direct,bio_name,1981.0,exact_match,exact_birth_year
P008173,"SPAGNOLO, MATTEO",Matteo Spagnolo,Matteo Spagnolo,https://en.wikipedia.org/wiki/Matteo_Spagnolo,Shooting guard / point guard,Shooting Guard,matched,,Matteo Spagnolo; List of 2025–26 EuroLeague transactions; Italy men's national basketball team; Real Madrid Baloncesto; Saski Baskonia,True,direct,bio_name,2003.0,exact_match,exact_birth_year
P002626,"SPAN, JAN",Jan Span,Jan Špan,https://en.wikipedia.org/wiki/Jan_Špan,Point guard,Point Guard,matched,,Jan Špan; Luka Dončić; National Basketball Association; Poland men's national basketball team; 2018–19 Slovenian Basketball League; Rick Pitino,False,direct,bio_name,1992.0,exact_match,exact_birth_year
PJUO,"SPANOULIS, VASSILIS",Vassilis Spanoulis,Vassilis Spanoulis,https://en.wikipedia.org/wiki/Vassilis_Spanoulis,Point guard / shooting guard,Point Guard,matched,,Vassilis Spanoulis; EuroLeague MVP; 2025–26 EuroLeague; 2016–17 EuroLeague; EuroLeague Legend,True,direct,bio_name,1982.0,exact_match,exact_birth_year
P012294,"SPARTALIS, STEFANOS",Stefanos Spartalis,Aris B.C.,https://en.wikipedia.org/wiki/Aris_B.C.,,,page_found_not_basketball_player,Wikipedia page(s) found but none identifiable as a basketball-biography page,Aris B.C.; Olympiacos B.C.; Greek shipping,False,search,bio_name,,unavailable,
PTGM,"SPENCER, DEWARICK",Dewarick Spencer,Dewarick Spencer,https://en.wikipedia.org/wiki/Dewarick_Spencer,Point guard / shooting guard,Point Guard,matched,,Dewarick Spencer; Basketball Champions League Asia; EuroLeague MVP of the Round; Lebanese Basketball League; Kim English (basketball),True,direct,bio_name,1982.0,exact_match,exact_birth_year
P004381,"SPISSU, MARCO",Marco Spissu,Marco Spissu,https://en.wikipedia.org/wiki/Marco_Spissu,Point guard,Point Guard,matched,,Marco Spissu; Italy men's national basketball team; 2023–24 EuroCup Basketball; 2021–22 EuroLeague; 2025–26 FC Barcelona Bàsquet season,False,direct,bio_name,1995.0,exact_match,exact_birth_year
PCBY,"SPLITTER, TIAGO",Tiago Splitter,Tiago Splitter,https://en.wikipedia.org/wiki/Tiago_Splitter,Center / power forward,Center,matched,,Tiago Splitter; Paris Basketball; 2024–25 EuroLeague; 2025–26 EuroLeague; 2026–27 Chicago Bulls season,True,direct,bio_name,1985.0,exact_match,exact_birth_year
PKPW,"SROKA, MARCIN",Marcin Sroka,2013 Polish Basketball Supercup,https://en.wikipedia.org/wiki/2013_Polish_Basketball_Supercup,,,page_found_not_basketball_player,Wikipedia page(s) found but none identifiable as a basketball-biography page,2013 Polish Basketball Supercup; Błyskawica Gać,False,search,bio_name,,unavailable,
P002506,"STAIGER, LUCCA",Lucca Staiger,Lucca Staiger,https://en.wikipedia.org/wiki/Lucca_Staiger,Shooting guard,Shooting Guard,matched,,Lucca Staiger; FC Bayern Munich (basketball); 2015–16 Euroleague squads; Rosters of the top basketball teams in European club competitions; 2014–15 Euroleague squads,False,direct,bio_name,1988.0,exact_match,exact_birth_year
PAUL,"STANOJEVIC, JOVO",Jovo Stanojevic,Jovo Stanojević,https://en.wikipedia.org/wiki/Jovo_Stanojević,Center,Center,matched,,Jovo Stanojević; YUBA All-Star Game; KK Crvena zvezda; EuroLeague season statistical leaders; Arka Gdynia (basketball),False,direct,bio_name,1977.0,exact_match,exact_birth_year
P011317,"STARKS, MARKEL",Markel Starks,Markel Starks,https://en.wikipedia.org/wiki/Markel_Starks,Point guard,Point Guard,matched,,Markel Starks; Fenerbahçe S.K. (basketball); BeoBasket; Fenerbahçe (men's basketball) past rosters; 2024–25 Basketbol Süper Ligi; 2021–22 Fenerbahçe S.K. (basketball) season,False,direct,bio_name,1991.0,exact_match,exact_birth_year
P008000,"STAROVLAH, MILIC",Milic Starovlah,Milić Starovlah,https://en.wikipedia.org/wiki/Milić_Starovlah,Shooting guard,Shooting Guard,matched,,Milić Starovlah; 2017 ABA League Supercup; 2018 ABA League Playoffs,False,search,bio_name,1998.0,exact_match,exact_birth_year
P009836,"STAUSKAS, NIK",Nik Stauskas,Nik Stauskas,https://en.wikipedia.org/wiki/Nik_Stauskas,Shooting guard,Shooting Guard,matched,,Nik Stauskas; Luka Mitrović; Wade Baldwin IV; Jason Thompson (basketball); Daniel Theis,False,direct,bio_name,1993.0,exact_match,exact_birth_year
PLUK,"STEFANSSON, JON",Jon Stefansson,Jón Arnór Stefánsson,https://en.wikipedia.org/wiki/Jón_Arnór_Stefánsson,Shooting guard,Shooting Guard,matched,,Jón Stefánsson; Jón Arnór Stefánsson; EuroBasket; KR (men's basketball); Úrvalsdeild karla (basketball); Virtus Roma,False,search,bio_name,1982.0,exact_match,exact_birth_year
P000070,"STELMACH, PIOTR",Piotr Stelmach,Polish Basketball All-Star Game,https://en.wikipedia.org/wiki/Polish_Basketball_All-Star_Game,,,page_found_not_basketball_player,Wikipedia page(s) found but none identifiable as a basketball-biography page,Polish Basketball All-Star Game,False,search,bio_name,,unavailable,
PAWI,"STELMAHERS, ROBERTS",Roberts Stelmahers,Roberts Štelmahers,https://en.wikipedia.org/wiki/Roberts_Štelmahers,Point guard,Point Guard,matched,,Roberts Štelmahers; ABA League; Śląsk Wrocław (basketball); EuroLeague season statistical leaders; BC Lietkabelis,False,direct,bio_name,1974.0,exact_match,exact_birth_year
P014009,"STEVENS, LAMAR",Lamar Stevens,Lamar Stevens,https://en.wikipedia.org/wiki/Lamar_Stevens,Small forward / power forward,Small Forward,matched,,Lamar Stevens; Paris Basketball; Lamar Peters; List of 2026–27 EuroLeague transactions; 2026–27 KK Partizan season,True,direct,bio_name,1997.0,exact_match,exact_birth_year
P000564,"STEVIC, OLIVER",Oliver Stevic,Oliver Stević,https://en.wikipedia.org/wiki/Oliver_Stević,Power forward,Power Forward,matched,,Oliver Stević; 2012–13 Eurocup Basketball; Zastal Zielona Góra; Gaziantep Basketbol; 2013–14 EuroChallenge,False,direct,bio_name,1984.0,exact_match,exact_birth_year
PLBJ,"STIMAC, VLADIMIR",Vladimir Stimac,Vladimir Štimac,https://en.wikipedia.org/wiki/Vladimir_Štimac,Center,Center,matched,,Vladimir Štimac; Fenerbahçe S.K. (basketball); Beşiktaş J.K. (men's basketball); FC Bayern Munich (basketball); 2017–18 EuroLeague,False,direct,bio_name,1987.0,exact_match,exact_birth_year
PDGX,"STIPCEVIC, ROK",Rok Stipcevic,Rok Stipčević,https://en.wikipedia.org/wiki/Rok_Stipčević,Point guard,Point Guard,matched,,Rok Stipčević; 2018–19 EuroCup Basketball; KK Zadar; Virtus Roma; Pallacanestro Varese,False,direct,bio_name,1986.0,exact_match,exact_birth_year
P003934,"STOJANOVSKI, VOJDAN",Vojdan Stojanovski,Vojdan Stojanovski,https://en.wikipedia.org/wiki/Vojdan_Stojanovski,Shooting guard,Shooting Guard,matched,,Vojdan Stojanovski; North Macedonia men's national basketball team; Damjan Stojanovski; Baskets Oldenburg; BC Donetsk,False,direct,bio_name,1987.0,exact_match,exact_birth_year
P013013,"STOJKOVIC, LAZAR",Lazar Stojkovic,Sport in Serbia,https://en.wikipedia.org/wiki/Sport_in_Serbia,,,page_found_not_basketball_player,Wikipedia page(s) found but none identifiable as a basketball-biography page,Sport in Serbia; Red Star Belgrade; Belgrade; List of people from Serbia; List of Serbs,False,search,bio_name,,unavailable,
P000688,"STOJKOV, STEVAN",Stevan Stojkov,Serbia men's national under-18 basketball team,https://en.wikipedia.org/wiki/Serbia_men's_national_under-18_basketball_team,,,page_found_not_basketball_player,Wikipedia page(s) found but none identifiable as a basketball-biography page,Serbia men's national under-18 basketball team; Serbia men's national under-20 basketball team; Serbia men's national under-16 basketball team; List of Serbs; List of people from Serbia,False,search,bio_name,,unavailable,
P006668,"STOLL, PAUL",Paul Stoll,Paul Stoll,https://en.wikipedia.org/wiki/Paul_Stoll,Point guard,Point Guard,matched,,Paul Stoll; Diana Taurasi; EuroCup Basketball MVP of the Round; 2015–16 Eurocup Basketball; 2018–19 Israeli Basketball Premier League,False,direct,bio_name,1985.0,exact_match,exact_birth_year
PJOC,"STONEROOK, SHAUN",Shaun Stonerook,Shaun Stonerook,https://en.wikipedia.org/wiki/Shaun_Stonerook,Power forward / small forward,Power Forward,matched,,Shaun Stonerook; EuroLeague; Belgian Basketball All-Star Game; EuroLeague season statistical leaders; Mens Sana Basketball Siena,True,direct,bio_name,1977.0,exact_match,exact_birth_year
P007069,"STOUDEMIRE, AMAR'E",Amar'e Stoudemire,Amar'e Stoudemire,https://en.wikipedia.org/wiki/Amar'e_Stoudemire,Power forward / center,Power Forward,matched,,Amar'e Stoudemire; Israeli Basketball Premier League; Hapoel Jerusalem B.C.; Basketball in Israel; 2010 NBA Europe Live Tour,True,direct,bio_name,1982.0,exact_match,exact_birth_year
P001906,"STRAUCH, DANIEL",Daniel Strauch,Daniel Strauch,https://en.wikipedia.org/wiki/Daniel_Strauch,Power forward,Power Forward,matched,,Daniel Strauch; Baskets Oldenburg; International Federation of Model Auto Racing; List of Georgetown University alumni; Deaths in April 2015; Timeline of Riga,False,direct,bio_name,1981.0,exact_match,exact_birth_year
P001433,"STRAWBERRY, DJ",Dj Strawberry,D. J. Strawberry,https://en.wikipedia.org/wiki/D._J._Strawberry,Shooting guard / small forward,Shooting Guard,matched,,D. J. Strawberry; Olympiacos B.C.; Karşıyaka Basket; List of 2016–17 EuroLeague transactions; Daniel Johnson (basketball),True,search,bio_name,1985.0,exact_match,exact_birth_year
P008099,"STRAZEL, MATTHEW",Matthew Strazel,Matthew Strazel,https://en.wikipedia.org/wiki/Matthew_Strazel,Point guard,Point Guard,matched,,Matthew Strazel; 2023 EuroLeague Final Four; 2025 EuroLeague Final Four; List of 2026–27 EuroLeague transactions; ASVEL Basket,False,direct,bio_name,2002.0,exact_match,exact_birth_year
PLWP,"STREBKOV, IVAN",Ivan Strebkov,Ivan Strebkov,https://en.wikipedia.org/wiki/Ivan_Strebkov,,,page_found_identity_unconfirmed,Basketball page found but birth year/nationality could not be confirmed against players_bio.csv,Ivan Strebkov; 2016–17 EuroCup Basketball; EuroCup Basketball MVP of the Round; 2018–19 KK Crvena zvezda season; EuroBasket 2022 qualification; Rosters of the top basketball teams in European club competitions,False,direct,bio_name,,unavailable,
P000046,"STRELNIEKS, JANIS",Janis Strelnieks,Jānis Strēlnieks,https://en.wikipedia.org/wiki/Jānis_Strēlnieks,Shooting guard / point guard,Shooting Guard,matched,,Jānis Strēlnieks; BK Ventspils; BC Žalgiris; Olympiacos B.C.; PBC CSKA Moscow,True,direct,bio_name,1989.0,exact_match,exact_birth_year
P002092,"STUCKEY, MAURICE",Maurice Stuckey,Maurice Stuckey,https://en.wikipedia.org/wiki/Maurice_Stuckey,Shooting guard,Shooting Guard,matched,,Maurice Stuckey; Allen Iverson; 2016–17 Basketball Bundesliga; 2015–16 Basketball Bundesliga; 2017–18 Basketball Bundesliga; 2019 Basketball Champions League Final Four,False,direct,bio_name,1990.0,exact_match,exact_birth_year
P002358,"SUAREZ, ALEX",Alex Suarez,Álex Suárez (basketball),https://en.wikipedia.org/wiki/Álex_Suárez_(basketball),Power forward,Power Forward,matched,,Alex Suarez; Álex Suárez (basketball); Real Madrid Baloncesto; List of 2024–25 EuroLeague transactions; Rosters of the champion and finalist teams of EuroLeague; CB Estudiantes,False,search,bio_name,1993.0,exact_match,exact_birth_year
PJJS,"SUAREZ, CARLOS",Carlos Suarez,Carlos Suárez (basketball),https://en.wikipedia.org/wiki/Carlos_Suárez_(basketball),Power forward,Power Forward,matched,,Carlos Suárez; Carlos Suárez (basketball); List of 2024–25 EuroLeague transactions; 2017–18 EuroLeague; Rosters of the champion and finalist teams of EuroLeague; Real Madrid Baloncesto,False,search,bio_name,1986.0,exact_match,exact_birth_year
P012116,"SUIGO, LUIGI",Luigi Suigo,Luigi Suigo,https://en.wikipedia.org/wiki/Luigi_Suigo,Center,Center,matched,,Luigi Suigo,False,direct,bio_name,2007.0,exact_match,exact_birth_year
P003992,"SULEJMANOVIC, EMIR",Emir Sulejmanovic,Emir Sulejmanović,https://en.wikipedia.org/wiki/Emir_Sulejmanović,Power forward,Power Forward,matched,,Emir Sulejmanović; Joventut Badalona; Turkey men's national basketball team; 2024–25 ACB season; Rosters of the top basketball teams in European club competitions,False,direct,bio_name,1995.0,exact_match,exact_birth_year
P003529,"SUMMERS, DAJUAN",Dajuan Summers,DaJuan Summers,https://en.wikipedia.org/wiki/DaJuan_Summers,Small forward,Small Forward,matched,,DaJuan Summers; Breanna Stewart; Galatasaray S.K. (men's basketball); Memphis Tigers men's basketball; Chinese Basketball Association,False,direct,bio_name,1988.0,exact_match,exact_birth_year
P012787,"SUMNER, EDMOND",Edmond Sumner,Edmond Sumner,https://en.wikipedia.org/wiki/Edmond_Sumner,Point guard / shooting guard,Point Guard,matched,,Edmond Sumner; List of 2024–25 EuroLeague transactions; BC Žalgiris; Brad Wanamaker; 2024–25 BC Žalgiris season,True,direct,bio_name,1995.0,exact_match,exact_birth_year
PDIJ,"SUNDOV, BRUNO",Bruno Sundov,Bruno Šundov,https://en.wikipedia.org/wiki/Bruno_Šundov,Center,Center,matched,,Bruno Šundov; KK Split; Rosters of the champion and finalist teams of EuroLeague; Jászberényi KSE; 2004 Euroleague Final Four,False,direct,bio_name,1980.0,exact_match,exact_birth_year
PJJZ,"SUPUT, PREDRAG",Predrag Suput,Predrag Šuput,https://en.wikipedia.org/wiki/Predrag_Šuput,Small forward,Small Forward,matched,,Predrag Šuput; KK Partizan; KK Cedevita; Adriatic Basketball Association All-Star Game; Bamberg Baskets,False,direct,bio_name,1977.0,exact_match,exact_birth_year
P002106,"SUTON, GORAN",Goran Suton,Goran Suton,https://en.wikipedia.org/wiki/Goran_Suton,Center,Center,matched,,Goran Suton; Basketball Champions League Game Day MVP; 2017–18 Basketball Champions League; CB Estudiantes; Édgar Sosa (basketball); 2009 NBA draft,False,direct,bio_name,1985.0,exact_match,exact_birth_year
P001432,"SUTULOVIC, MILORAD",Milorad Sutulovic,KK Budućnost,https://en.wikipedia.org/wiki/KK_Budućnost,,,page_found_not_basketball_player,Wikipedia page(s) found but none identifiable as a basketball-biography page,KK Budućnost,False,search,bio_name,,unavailable,
P014025,"SWIDER, COLE",Cole Swider,Cole Swider,https://en.wikipedia.org/wiki/Cole_Swider,Power forward / small forward,Power Forward,matched,,Cole Swider; List of 2025–26 EuroLeague transactions; Saben Lee; Javante McCoy; L. J. Figueroa,True,direct,bio_name,1999.0,exact_match,exact_birth_year
PCLW,"SWIETONSKI, TOMASZ",Tomasz Swietonski,Euroleague 2008–09 Rosters,https://en.wikipedia.org/wiki/Euroleague_2008–09_Rosters,,,page_found_not_basketball_player,Wikipedia page(s) found but none identifiable as a basketball-biography page,Euroleague 2008–09 Rosters,False,search,bio_name,,unavailable,
P005793,"SY, BANDJA",Bandja Sy,Bandja Sy,https://en.wikipedia.org/wiki/Bandja_Sy,Power forward / center,Power Forward,matched,,Bandja Sy; KK Partizan; 2024–25 Paris Basketball season; 2017–18 KK Partizan season; 2019–20 KK Partizan season,True,direct,bio_name,1990.0,exact_match,exact_birth_year
P010093,"SYKES, KEIFER",Keifer Sykes,Keifer Sykes,https://en.wikipedia.org/wiki/Keifer_Sykes,Point guard,Point Guard,matched,,Keifer Sykes; 2019–20 Olimpia Milano season; Kerem Kanter; Panathinaikos B.C.; Chinese Basketball Association,False,direct,bio_name,1993.0,exact_match,exact_birth_year
P001965,"SYLLA, ABDEL KADER",Abdel Kader Sylla,Abdel Kader Sylla,https://en.wikipedia.org/wiki/Abdel_Kader_Sylla,Center,Center,matched,,Abdel Kader Sylla,False,direct,bio_name,1990.0,exact_match,exact_birth_year
P001209,"SZCZOTKA, PIOTR",Piotr Szczotka,Piotr Szczotka,https://en.wikipedia.org/wiki/Piotr_Szczotka,Small forward,Small Forward,matched,,Piotr Szczotka; Poland men's national basketball team; Arka Gdynia (basketball); Czarni Słupsk; Rosters of the top basketball teams in European club competitions,False,direct,bio_name,1981.0,exact_match,exact_birth_year
PCCH,"SZEWCZYK, SZYMON",Szymon Szewczyk,Szymon Szewczyk,https://en.wikipedia.org/wiki/Szymon_Szewczyk,Power forward / center,Power Forward,matched,,Szymon Szewczyk; Poland men's national basketball team; PBC Lokomotiv Kuban; Basketball Löwen Braunschweig; Alba Berlin; 2015–16 Euroleague squads,True,direct,bio_name,1982.0,exact_match,exact_birth_year
PJPJ,"TABU, JONATHAN",Jonathan Tabu,Jonathan Tabu,https://en.wikipedia.org/wiki/Jonathan_Tabu,Shooting guard / point guard,Shooting Guard,matched,,Jonathan Tabu; Le Mans Sarthe Basket; Baloncesto Fuenlabrada; 2014–15 Euroleague squads; 2015–16 ACB season,True,direct,bio_name,1985.0,exact_match,exact_birth_year
P000118,"TADDA, KARSTEN",Karsten Tadda,Karsten Tadda,https://en.wikipedia.org/wiki/Karsten_Tadda,Shooting guard,Shooting Guard,matched,,Karsten Tadda; Basketball Champions League; Daniel Theis; Bamberg Baskets; Telekom Baskets Bonn,False,direct,bio_name,1988.0,exact_match,exact_birth_year
P010631,"TANOULIS, GEORGIOS",Georgios Tanoulis,Georgios Tanoulis,https://en.wikipedia.org/wiki/Georgios_Tanoulis,Center / power forward,Center,matched,,Georgios Tanoulis; Olympiacos B.C.; Promitheas Patras B.C.; List of 2024–25 EuroLeague transactions; Aris B.C.,True,direct,bio_name,2002.0,exact_match,exact_birth_year
P008004,"TARCZEWSKI, KALEB",Kaleb Tarczewski,Kaleb Tarczewski,https://en.wikipedia.org/wiki/Kaleb_Tarczewski,Center,Center,matched,,Kaleb Tarczewski; 2019–20 Olimpia Milano season; Joseph Blair; Dušan Ristić; 2020–21 Olimpia Milano season,False,direct,bio_name,1993.0,exact_match,exact_birth_year
P005860,"TAROLIS, DONATAS",Donatas Tarolis,Donatas Tarolis,https://en.wikipedia.org/wiki/Donatas_Tarolis,Power forward / center,Power Forward,matched,,Donatas Tarolis; BC Žalgiris; BC Lietkabelis; U-BT Cluj-Napoca; BC Neptūnas,True,direct,bio_name,1994.0,exact_match,exact_birth_year
P012515,"TARPEY, TERRY",Terry Tarpey,Terry Tarpey,https://en.wikipedia.org/wiki/Terry_Tarpey,Small forward,Small Forward,matched,,Terry Tarpey; Paris Basketball; 2025 EuroLeague Final Four; List of 2026–27 EuroLeague transactions; France men's national basketball team,False,direct,bio_name,1994.0,exact_match,exact_birth_year
PKSP,"TATAROUNIS, ARIS",Aris Tatarounis,Aris Tatarounis,https://en.wikipedia.org/wiki/Aris_Tatarounis,Point guard / shooting guard,Point Guard,matched,,Aris Tatarounis; Ionikos N.F. B.C.; Panathinaikos B.C.; Panathinaikos B.C. past rosters; Euroleague 2008–09 Rosters,True,direct,bio_name,1989.0,exact_match,exact_birth_year
P005791,"TAVARES, WALTER",Walter Tavares,Edy Tavares,https://en.wikipedia.org/wiki/Edy_Tavares,Center,Center,matched,,Edy Tavares; 2024–25 EuroLeague; EuroLeague Best Defender; 2022–23 EuroLeague; 2018–19 EuroLeague,False,direct,bio_name,1992.0,exact_match,exact_birth_year
P014004,"TAYLOR, BRANDON",Brandon Taylor,"Brandon Taylor (basketball, born January 1994)","https://en.wikipedia.org/wiki/Brandon_Taylor_(basketball,_born_January_1994)",Point guard,Point Guard,matched,,"Brandon Taylor; Brandon Taylor (basketball, born January 1994); 2026 EuroLeague Final Four; List of 2025–26 EuroLeague transactions; Jordan Taylor (basketball); 2018 EuroLeague Final Four",False,search,bio_name,1994.0,exact_match,exact_birth_year
P001988,"TAYLOR, BRYCE",Bryce Taylor,Bryce Taylor (basketball),https://en.wikipedia.org/wiki/Bryce_Taylor_(basketball),Shooting guard,Shooting Guard,matched,,Bryce Taylor; Bryce Taylor (basketball); FC Bayern Munich (basketball); EuroCup Basketball MVP of the Round; AEK B.C.; 2015–16 Euroleague squads,False,search,bio_name,1986.0,exact_match,exact_birth_year
P012068,"TAYLOR, ISAIAH",Isaiah Taylor,Isaiah Taylor,https://en.wikipedia.org/wiki/Isaiah_Taylor,Point guard,Point Guard,matched,,Isaiah Taylor; List of 2026–27 EuroLeague transactions; Isaiah Canaan; Chris Duarte (basketball); List of 2025–26 EuroLeague transactions,False,direct,bio_name,1994.0,exact_match,exact_birth_year
P006546,"TAYLOR, JEFFERY",Jeffery Taylor,Jeffery Taylor,https://en.wikipedia.org/wiki/Jeffery_Taylor,Small forward,Small Forward,matched,,Jeffery Taylor; 2018 EuroLeague Final Four; 2017 EuroLeague Final Four; 2022 EuroLeague Final Four; 2019 EuroLeague Final Four,False,direct,bio_name,1989.0,exact_match,exact_birth_year
P005247,"TAYLOR, JORDAN",Jordan Taylor,Jordan Taylor (basketball),https://en.wikipedia.org/wiki/Jordan_Taylor_(basketball),Point guard,Point Guard,matched,,Jordan Taylor; Jordan Taylor (basketball); 2022–23 EuroCup Basketball; Maccabi Tel Aviv B.C.; FIBA EuroChallenge; Toni Kukoč,False,search,bio_name,1989.0,exact_match,exact_birth_year
P011217,"TAYLOR, KAMERON",Kameron Taylor,Kameron Taylor,https://en.wikipedia.org/wiki/Kameron_Taylor,Small forward / shooting guard,Small Forward,matched,,Kameron Taylor; 2026 EuroLeague Final Four; Kameron (given name); London Lions (basketball); List of 2026–27 EuroLeague transactions,True,direct,bio_name,1994.0,exact_match,exact_birth_year
P001794,"TAYLOR, MAURICE",Maurice Taylor,Maurice Taylor,https://en.wikipedia.org/wiki/Maurice_Taylor,Power forward / center,Power Forward,matched,,Maurice Taylor; Galatasaray S.K. (men's basketball); Mike Taylor (basketball player); Olympiacos B.C.; National Basketball Association,True,direct,bio_name,1976.0,exact_match,exact_birth_year
PTGG,"TAYLOR, RONELL",Ronell Taylor,Donell Taylor,https://en.wikipedia.org/wiki/Donell_Taylor,Shooting guard,Shooting Guard,matched,,Ty Lawson; Donell Taylor; 2026 deaths in the United States; List of Princeton University people; List of people from Nebraska,False,search,bio_name,1982.0,exact_match,exact_birth_year
P005850,"TAYLOR, TONY",Tony Taylor,Tony Taylor (basketball),https://en.wikipedia.org/wiki/Tony_Taylor_(basketball),Point guard,Point Guard,matched,,Tony Taylor; Tony Taylor (basketball); List of 2026–27 EuroLeague transactions; Tony Parker; Toni Kukoč; Tony Delk,False,search,bio_name,1990.0,exact_match,exact_birth_year
P001157,"TCHICAMBOUD, STEED",Steed Tchicamboud,Steed Tchicamboud,https://en.wikipedia.org/wiki/Steed_Tchicamboud,Point guard,Point Guard,matched,,Steed Tchicamboud; Limoges CSP; France men's national basketball team; Élan Chalon; LNB All-Star Game,False,direct,bio_name,1981.0,exact_match,exact_birth_year
P004008,"TEJIC, MARKO",Marko Tejic,Marko Tejić,https://en.wikipedia.org/wiki/Marko_Tejić,Center / power forward,Center,matched,,Marko Tejić; BC Rytas; Rosters of the top basketball teams in European club competitions; 2015–16 Basketball League of Serbia; 2016–17 KK Crvena zvezda season,True,direct,bio_name,1995.0,exact_match,exact_birth_year
PJZJ,"TELETOVIC, MIRZA",Mirza Teletovic,Mirza Teletović,https://en.wikipedia.org/wiki/Mirza_Teletović,Power forward,Power Forward,matched,,Mirza Teletović; Saski Baskonia; BeoBasket; Lithuania men's national basketball team; Miško Ražnatović,False,direct,bio_name,,unavailable,direct_name_match_no_contradicting_evidence
PJDR,"TEODOSIC, MILOS",Milos Teodosic,Miloš Teodosić,https://en.wikipedia.org/wiki/Miloš_Teodosić,Point guard / shooting guard,Point Guard,matched,,Miloš Teodosić; EuroLeague 2010–2020 All-Decade Team; 2016–17 EuroLeague; Olympiacos B.C.; 2023–24 EuroLeague,True,direct,bio_name,1987.0,exact_match,exact_birth_year
PLGH,"TEPIC, MILENKO",Milenko Tepic,Milenko Tepić,https://en.wikipedia.org/wiki/Milenko_Tepić,Shooting guard / small forward,Shooting Guard,matched,,Milenko Tepić; Basketball League of Serbia; ABA League; Serbia men's national basketball team; KK Partizan,True,direct,bio_name,1987.0,exact_match,exact_birth_year
P010652,"TERRY, EMANUEL",Emanuel Terry,Emanuel Terry,https://en.wikipedia.org/wiki/Emanuel_Terry,Power forward / center,Power Forward,matched,,Emanuel Terry; 2025–26 Chicago Bulls season; WME Group; Hapoel Jerusalem B.C.; Bonzie Colson; KK Crvena zvezda,True,direct,bio_name,1996.0,exact_match,exact_birth_year
PTEO,"TERRY, REYSHAWN",Reyshawn Terry,Reyshawn Terry,https://en.wikipedia.org/wiki/Reyshawn_Terry,Power forward / small forward,Power Forward,matched,,Reyshawn Terry; Lebanese Basketball League; Aris B.C.; North Carolina Tar Heels men's basketball; BC Khimik,True,direct,bio_name,1984.0,exact_match,exact_birth_year
P003435,"THALIEN, KEVIN",Kevin Thalien,Kevin Thalien,https://en.wikipedia.org/wiki/Kevin_Thalien,Point guard,Point Guard,matched,,Kevin Thalien; HTV Basket; Metropolitans 92; List of European association football families,False,direct,bio_name,1992.0,exact_match,exact_birth_year
P004132,"THEIS, DANIEL",Daniel Theis,Daniel Theis,https://en.wikipedia.org/wiki/Daniel_Theis,Center,Center,matched,,Daniel Theis; Fenerbahçe S.K. (basketball); List of 2026–27 EuroLeague transactions; 2025 EuroLeague Final Four; Maccabi Tel Aviv B.C.,False,direct,bio_name,1992.0,exact_match,exact_birth_year
P007946,"THEODORE, JORDAN",Jordan Theodore,Jordan Theodore,https://en.wikipedia.org/wiki/Jordan_Theodore,Point guard,Point Guard,matched,,Jordan Theodore; AEK B.C.; List of 2024–25 EuroLeague transactions; Basketball; 2017 Turkish Basketball Cup,False,direct,bio_name,1989.0,exact_match,exact_birth_year
P003958,"THIEMANN, JOHANNES",Johannes Thiemann,Johannes Thiemann,https://en.wikipedia.org/wiki/Johannes_Thiemann,Power forward / center,Power Forward,matched,,Johannes Thiemann; List of 2026–27 EuroLeague transactions; FC Bayern Munich (basketball); BeoBasket; List of 2024–25 EuroLeague transactions,True,direct,bio_name,1994.0,exact_match,exact_birth_year
P005094,"THOMAS, DESHAUN",Deshaun Thomas,Deshaun Thomas,https://en.wikipedia.org/wiki/Deshaun_Thomas,Power forward / small forward,Power Forward,matched,,Deshaun Thomas; EuroLeague career statistical leaders; Anadolu Efes S.K.; Maccabi Tel Aviv B.C.; List of 2025–26 EuroLeague transactions,True,direct,bio_name,1991.0,exact_match,exact_birth_year
P001234,"THOMAS, JOBEY",Jobey Thomas,Jobey Thomas,https://en.wikipedia.org/wiki/Jobey_Thomas,Shooting guard,Shooting Guard,matched,,Jobey Thomas; S.L. Benfica (basketball); Thomas (surname); Euroleague 2008–09 Rosters,False,direct,bio_name,1980.0,exact_match,exact_birth_year
P011313,"THOMAS, KHYRI",Khyri Thomas,Khyri Thomas,https://en.wikipedia.org/wiki/Khyri_Thomas,Shooting guard,Shooting Guard,matched,,Khyri Thomas; BeoBasket; Miško Ražnatović; List of 2022–23 EuroLeague transactions; List of 2021–22 EuroLeague transactions,False,direct,bio_name,1996.0,exact_match,exact_birth_year
P004251,"THOMAS, MALCOLM",Malcolm Thomas,"Malcolm Thomas (basketball, born 1988)","https://en.wikipedia.org/wiki/Malcolm_Thomas_(basketball,_born_1988)",Power forward,Power Forward,matched,,"Malcolm Thomas; FC Bayern Munich (basketball); Paris Basketball; Malcolm Thomas (basketball, born 1988); Malcolm Miller (basketball); 2017–18 EuroLeague",False,search,bio_name,1988.0,exact_match,exact_birth_year
P008967,"THOMAS, MATT",Matt Thomas,Matt Thomas (basketball),https://en.wikipedia.org/wiki/Matt_Thomas_(basketball),Shooting guard,Shooting Guard,matched,,Matthew Thomas; Matt Thomas (basketball); 2026 EuroLeague Final Four; Dubai Basketball; List of 2026–27 EuroLeague transactions; Matt Lojeski,False,search,bio_name,1994.0,exact_match,exact_birth_year
P012095,"THOMASSON, JOE",Joe Thomasson,Joe Thomasson,https://en.wikipedia.org/wiki/Joe_Thomasson,Shooting guard / point guard,Shooting Guard,matched,,Joe Thomasson; 2022–23 EuroCup Basketball; List of 2024–25 EuroLeague transactions; 2021–22 Basketball Champions League; Promitheas Patras B.C.,True,direct,bio_name,1993.0,exact_match,exact_birth_year
P004231,"THOMAS, TOREY",Torey Thomas,Torey Thomas,https://en.wikipedia.org/wiki/Torey_Thomas,Point guard,Point Guard,matched,,Torey Thomas; ABA League; 2009–10 Dutch Basketball League; Aris B.C.; Thomas (surname),False,direct,bio_name,1985.0,exact_match,exact_birth_year
P005856,"THOMAS, WILL",Will Thomas,Will Thomas,https://en.wikipedia.org/wiki/Will_Thomas,,,position_unavailable,Basketball page confirmed but has no 'position' field in its infobox,Will Thomas; Thomas Walkup; 2026–27 EuroLeague; 2025–26 EuroLeague; Dubai Basketball; 2024–25 EuroLeague,False,direct,bio_name,,unavailable,direct_name_match_no_contradicting_evidence
P005836,"THOMPKINS, TREY",Trey Thompkins,Trey Thompkins,https://en.wikipedia.org/wiki/Trey_Thompkins,Power forward,Power Forward,matched,,Trey Thompkins; 2017 EuroLeague Final Four; Real Madrid Baloncesto; KK Crvena zvezda; 2019 EuroLeague Final Four,False,direct,bio_name,1990.0,exact_match,exact_birth_year
P011078,"THOMPSON, DARIUS",Darius Thompson,Darius Thompson,https://en.wikipedia.org/wiki/Darius_Thompson,Point guard,Point Guard,matched,,Darius Thompson; List of 2026–27 EuroLeague transactions; 2022–23 EuroLeague; 2026 EuroLeague Final Four; Galatasaray S.K. (men's basketball),False,direct,bio_name,1995.0,exact_match,exact_birth_year
P003453,"THOMPSON, DEON",Deon Thompson,Deon Thompson,https://en.wikipedia.org/wiki/Deon_Thompson,Power forward,Power Forward,matched,,Deon Thompson; FC Bayern Munich (basketball); Galatasaray S.K. (men's basketball); Rosters of the champion and finalist teams of EuroLeague; KK Crvena zvezda,False,direct,bio_name,1988.0,exact_match,exact_birth_year
P000134,"THOMPSON, DIJON",Dijon Thompson,Dijon Thompson,https://en.wikipedia.org/wiki/Dijon_Thompson,Shooting guard / small forward,Shooting Guard,matched,,Dijon Thompson; Fenerbahçe S.K. (basketball); List of 2025–26 EuroLeague transactions; Hapoel Jerusalem B.C.; EuroCup Basketball All-EuroCup Team,True,direct,bio_name,1983.0,exact_match,exact_birth_year
P008014,"THOMPSON, HOLLIS",Hollis Thompson,Hollis Thompson,https://en.wikipedia.org/wiki/Hollis_Thompson,Shooting guard / small forward,Shooting Guard,matched,,Hollis Thompson; Saski Baskonia; Olympiacos B.C.; EuroLeague season statistical leaders; Le Mans Sarthe Basket,True,direct,bio_name,1991.0,exact_match,exact_birth_year
P007998,"THOMPSON, JASON",Jason Thompson,Jason Thompson (basketball),https://en.wikipedia.org/wiki/Jason_Thompson_(basketball),Center / power forward,Center,matched,,Jason Thompson; Jason Thompson (basketball); FC Bayern Munich (basketball); Fenerbahçe S.K. (basketball); Jason Burnell; List of 2026–27 EuroLeague transactions,True,search,bio_name,1986.0,exact_match,exact_birth_year
P004957,"THOMPSON, RYAN",Ryan Thompson,Ryan Thompson,https://en.wikipedia.org/wiki/Ryan_Thompson,,,position_unavailable,Basketball page confirmed but has no 'position' field in its infobox,Ryan Thompson; Tristan Thompson; Ryan Thompson (basketball); Thomas Walkup; Jason Thompson (basketball); List of 2026–27 EuroLeague transactions,False,direct,bio_name,,unavailable,direct_name_match_no_contradicting_evidence
PCCA,"THORNTON, BOOTSY",Bootsy Thornton,Bootsy Thornton,https://en.wikipedia.org/wiki/Bootsy_Thornton,Shooting guard,Shooting Guard,matched,,Bootsy Thornton; 2010–11 Euroleague; Anadolu Efes S.K.; All-EuroLeague Team; EuroLeague MVP of the Month,False,direct,bio_name,1977.0,exact_match,exact_birth_year
P002744,"TILLIE, KIM",Kim Tillie,Kim Tillie,https://en.wikipedia.org/wiki/Kim_Tillie,Power forward / center,Power Forward,matched,,Kim Tillie; 2016–17 EuroLeague; 2016 Euroleague Final Four; ASVEL Basket; Olympiacos B.C.,True,direct,bio_name,1988.0,exact_match,exact_birth_year
P005718,"TIMMA, JANIS",Janis Timma,Jānis Timma,https://en.wikipedia.org/wiki/Jānis_Timma,Small forward,Small Forward,matched,,Jānis Timma; 2016–17 EuroCup Basketball; Saski Baskonia; BC Khimki; Olympiacos B.C.,False,direct,bio_name,1992.0,exact_match,exact_birth_year
P004846,"TIMOR, BAR",Bar Timor,Bar Timor,https://en.wikipedia.org/wiki/Bar_Timor,Shooting guard / point guard,Shooting Guard,matched,,Bar Timor; 2023–24 EuroLeague; Maccabi Tel Aviv B.C.; Prva A Liga; List of 2025–26 EuroLeague transactions,True,direct,bio_name,1992.0,exact_match,exact_birth_year
P007497,"TIRPANCI, ERGI",Ergi Tirpanci,Ergi Tırpancı,https://en.wikipedia.org/wiki/Ergi_Tırpancı,Small forward,Small Forward,matched,,Ergi Tırpancı; Fenerbahçe S.K. (basketball); 2020–21 Fenerbahçe S.K. (basketball) season; Bursaspor Basketbol; 2018–19 Fenerbahçe S.K. (basketball) season,False,search,bio_name,2000.0,exact_match,exact_birth_year
P005173,"TISHCHENKO, OLEKSANDR",Oleksandr Tishchenko,Oleksandr Tishchenko,https://en.wikipedia.org/wiki/Oleksandr_Tishchenko,Power forward,Power Forward,matched,,Oleksandr Tishchenko; 2019–20 Ukrainian Basketball SuperLeague; Dnipro; Deaths in December 2010,False,direct,bio_name,1989.0,exact_match,exact_birth_year
P008275,"TISMA, BORIS",Boris Tisma,Boris Tišma,https://en.wikipedia.org/wiki/Boris_Tišma,Small forward,Small Forward,matched,,Boris Tišma; KK Zadar; 2020–21 Real Madrid Baloncesto season; 2021–22 KK Crvena zvezda season; 2019–20 Real Madrid Baloncesto season; List of people from Serbia,False,direct,bio_name,2002.0,exact_match,exact_birth_year
P008966,"TOBEY, MIKE",Mike Tobey,Mike Tobey,https://en.wikipedia.org/wiki/Mike_Tobey,Center,Center,matched,,Mike Tobey; 2023 EuroLeague Final Four; Valencia Basket; KK Crvena zvezda; 2025–26 FC Barcelona Bàsquet season,False,direct,bio_name,1994.0,exact_match,exact_birth_year
PJPE,"TODIC, MIROSLAV",Miroslav Todic,Miroslav Todić,https://en.wikipedia.org/wiki/Miroslav_Todić,Power forward / center,Power Forward,matched,,Miroslav Todić; ABA League; BC Khimik; 2023–24 KK Crvena zvezda season; Kolossos Rodou B.C.,True,direct,bio_name,1985.0,exact_match,exact_birth_year
P004214,"TODOROVIC, DEJAN",Dejan Todorovic,Dejan Todorović,https://en.wikipedia.org/wiki/Dejan_Todorović,Small forward,Small Forward,matched,,Dejan Todorović; FC Barcelona Bàsquet; Dejan Milojević; Tornike Shengelia; Basque basketball derby,False,direct,bio_name,1994.0,exact_match,exact_birth_year
P001612,"TODOROVIC, MARKO",Marko Todorovic,Marko Todorović (basketball),https://en.wikipedia.org/wiki/Marko_Todorović_(basketball),Power forward / center,Power Forward,matched,,Marko Todorović; Marko Todorović (basketball); Thomas Robinson (basketball); Bilbao Basket; BC Khimki; Nikola Mirotić,True,search,bio_name,1992.0,exact_match,exact_birth_year
P004292,"TOLIOPOULOS, VASSILIS",Vassilis Toliopoulos,Vassilis Toliopoulos,https://en.wikipedia.org/wiki/Vassilis_Toliopoulos,Shooting guard / point guard,Shooting Guard,matched,,Vassilis Toliopoulos; List of 2026–27 EuroLeague transactions; Greece men's national basketball team; Olympiacos B.C.; 2017 EuroLeague Final Four,True,direct,bio_name,1996.0,exact_match,exact_birth_year
PAFC,"TOMASEVIC, DEJAN",Dejan Tomasevic,Dejan Tomašević,https://en.wikipedia.org/wiki/Dejan_Tomašević,Center,Center,matched,,Dejan Tomašević; Serbia men's national basketball team; Dejan Milojević; 2000–01 Euroleague; Panathinaikos B.C.,False,direct,bio_name,,unavailable,nationality_field
P001184,"TOMAS, JOAN",Joan Tomas,Joan Tomàs,https://en.wikipedia.org/wiki/Joan_Tomàs,,,page_found_not_basketball_player,Wikipedia page(s) found but none identifiable as a basketball-biography page,Joan Tomàs; 2025–26 EuroLeague; FC Barcelona Bàsquet; BC Žalgiris; Real Madrid Baloncesto; List of 2025–26 EuroLeague transactions,False,direct,bio_name,,unavailable,
PCPS,"TOMAS, MARKO",Marko Tomas,Marko Tomas,https://en.wikipedia.org/wiki/Marko_Tomas,Shooting guard / small forward,Shooting Guard,matched,,Marko Tomas; Fenerbahçe S.K. (basketball); 2025–26 EuroLeague; Real Madrid Baloncesto; ABA League,True,direct,bio_name,1985.0,exact_match,exact_birth_year
PLJB,"TOMAS, PERE",Pere Tomas,Pere Tomàs,https://en.wikipedia.org/wiki/Pere_Tomàs,Small forward,Small Forward,matched,,Pere Tomàs; 2015–16 Eurocup Basketball; 2025–26 ACB season; Joventut Badalona; 2009–10 FC Barcelona Bàsquet season,False,direct,bio_name,1989.0,exact_match,exact_birth_year
P002507,"TOMIC, ANTE",Ante Tomic,Ante Tomić (basketball),https://en.wikipedia.org/wiki/Ante_Tomić_(basketball),Center,Center,matched,,Ante Tomić; Ante Tomić (basketball); 2024–25 EuroCup Basketball; EuroLeague 2010–2020 All-Decade Team; FC Barcelona Bàsquet; 2025–26 EuroCup Women regular season,False,search,bio_name,1987.0,exact_match,exact_birth_year
PCCI,"TONOLLI, ALESSANDRO",Alessandro Tonolli,Alessandro Tonolli,https://en.wikipedia.org/wiki/Alessandro_Tonolli,Power forward / center,Power Forward,matched,,Alessandro Tonolli; Virtus Roma; Rosters of the top basketball teams in European club competitions; 2003–04 Lega Basket Serie A; Euroleague 2008–09 Rosters,True,direct,bio_name,1974.0,exact_match,exact_birth_year
P006509,"TONUT, STEFANO",Stefano Tonut,Stefano Tonut,https://en.wikipedia.org/wiki/Stefano_Tonut,Shooting guard / point guard,Shooting Guard,matched,,Stefano Tonut; Italy men's national basketball team; List of 2026–27 EuroLeague transactions; List of 2024–25 EuroLeague transactions; Olimpia Milano,True,direct,bio_name,1993.0,exact_match,exact_birth_year
P002893,"TOOLSON, RYAN",Ryan Toolson,Ryan Toolson,https://en.wikipedia.org/wiki/Ryan_Toolson,Shooting guard,Shooting Guard,matched,,Ryan Toolson; 2016–17 EuroCup Basketball; Jaycee Carroll; 2015–16 Eurocup Basketball; 2015–16 VTB United League,False,direct,bio_name,1985.0,exact_match,exact_birth_year
PBGD,"TOPALOGLU, CANER",Caner Topaloglu,Caner Topaloğlu,https://en.wikipedia.org/wiki/Caner_Topaloğlu,Small forward,Small Forward,matched,,Caner Topaloğlu; Galatasaray S.K. (men's basketball); Bandırma B.İ.K.; Rosters of the top basketball teams in European club competitions; 2011–12 Galatasaray S.K. (men's basketball) season; Tofaş S.K.,False,direct,bio_name,1985.0,exact_match,exact_birth_year
P010985,"TOPIC, NIKOLA",Nikola Topic,Nikola Topić,https://en.wikipedia.org/wiki/Nikola_Topić,Point guard,Point Guard,matched,,Nikola Topić; Serbia men's national basketball team; Basketball League of Serbia; ABA League; EuroLeague MVP of the Round,False,direct,bio_name,2005.0,exact_match,exact_birth_year
PKVM,"TOPOROV, SERGEY",Sergey Toporov,Sergei Toporov,https://en.wikipedia.org/wiki/Sergei_Toporov,,,page_found_not_basketball_player,Wikipedia page(s) found but none identifiable as a basketball-biography page,Sergei Toporov; Rosters of the top basketball teams in European club competitions,False,direct,bio_name,,unavailable,
P011238,"TOPTUNOV, ANDREI",Andrei Toptunov,,,,,no_page_found,Wikipedia search returned no results,,False,,bio_name,,unavailable,
P006277,"TOTE, LEONARDO",Leonardo Tote,Leonardo Totè,https://en.wikipedia.org/wiki/Leonardo_Totè,Power forward / center,Power Forward,matched,,Leonardo Totè; List of 2025–26 EuroLeague transactions; Napoli Basket (2016); Italy team for EuroBasket 2022 qualification; 2019–20 Victoria Libertas Pesaro season; Hymn to Liberty,True,direct,bio_name,1997.0,exact_match,exact_birth_year
P002582,"TOUPANE, AXEL",Axel Toupane,Axel Toupane,https://en.wikipedia.org/wiki/Axel_Toupane,Shooting guard / small forward,Shooting Guard,matched,,Axel Toupane; Jean-Aimé Toupane; Paris Basketball; LNB Élite; France men's national basketball team,True,direct,bio_name,1992.0,exact_match,exact_birth_year
P012739,"TOURE, BOUBACAR",Boubacar Toure,Boubacar Toure,https://en.wikipedia.org/wiki/Boubacar_Toure,Center,Center,matched,,Boubacar Toure; List of 2024–25 EuroLeague transactions; 2022–23 Basketbol Süper Ligi; 1998,False,direct,bio_name,1995.0,exact_match,exact_birth_year
PBAP,"TOURE, HERVE",Herve Toure,Hervé Touré,https://en.wikipedia.org/wiki/Hervé_Touré,Forward,,position_text_unrecognized,Could not map position text to a canonical position: 'Forward',Hervé Touré; Sagesse SC (basketball); Rosters of the top basketball teams in European club competitions; Deaths in July 2026; Lille OSC; List of professional sports families,False,direct,bio_name,,unavailable,
P005018,"TOURE, MOHAMED",Mohamed Toure,Mohamed Touré,https://en.wikipedia.org/wiki/Mohamed_Touré,,,page_found_not_basketball_player,Wikipedia page(s) found but none identifiable as a basketball-biography page,Mohamed Touré; Rosters of the top basketball teams in European club competitions; 2018 Italian Basketball Cup; Kevin De Bruyne; 2019 FIBA Basketball World Cup squads; List of career achievements by Lionel Messi,False,direct,bio_name,,unavailable,
PBBE,"TRAORE, ALI",Ali Traore,Ali Traoré,https://en.wikipedia.org/wiki/Ali_Traoré,Center,Center,matched,,Ali Traoré; Lebanese Basketball League; ASVEL Basket; AS Monaco Basket; PBC Lokomotiv Kuban,False,direct,bio_name,1985.0,exact_match,exact_birth_year
P010319,"TRAORE, ARMEL",Armel Traore,Armel Traoré,https://en.wikipedia.org/wiki/Armel_Traoré,Small forward / power forward,Small Forward,matched,,Armel Traoré; Nolan Traoré; List of 2026–27 EuroLeague transactions; List of 2025–26 EuroLeague transactions; Ratiopharm Ulm,True,direct,bio_name,2003.0,exact_match,exact_birth_year
P004840,"TRAVIS, ROMEO",Romeo Travis,Romeo Travis,https://en.wikipedia.org/wiki/Romeo_Travis,Small forward / power forward,Small Forward,matched,,Romeo Travis; Italy men's national basketball team; EuroCup Basketball MVP of the Round; 2014–15 Eurocup Basketball; BC Khimik,True,direct,bio_name,1984.0,exact_match,exact_birth_year
PJJF,"TRIAS, JORDI",Jordi Trias,Jordi Trias,https://en.wikipedia.org/wiki/Jordi_Trias,Power forward,Power Forward,matched,,Jordi Trias; FC Barcelona Bàsquet; Rosters of the champion and finalist teams of EuroLeague; EuroLeague MVP of the Round; BC Andorra,False,direct,bio_name,1980.0,exact_match,exact_birth_year
P007673,"TRIFUNOVIC, UROS",Uros Trifunovic,Uroš Trifunović,https://en.wikipedia.org/wiki/Uroš_Trifunović,Shooting guard / small forward,Shooting Guard,matched,,Uroš Trifunović; Aleksandar Trifunović (basketball); KK Partizan; Panionios B.C.; List of 2025–26 EuroLeague transactions,True,search,bio_name,2000.0,exact_match,exact_birth_year
PBFB,"TRIPKOVIC, UROS",Uros Tripkovic,Uroš Tripković,https://en.wikipedia.org/wiki/Uroš_Tripković,Shooting guard,Shooting Guard,matched,,Uroš Tripković; Basketball League of Serbia; Fenerbahçe S.K. (basketball); ABA League; KK Partizan,False,direct,bio_name,1986.0,exact_match,exact_birth_year
PJYF,"TROHA, ROBERT",Robert Troha,Robert Troha,https://en.wikipedia.org/wiki/Robert_Troha,Small forward / shooting guard,Small Forward,matched,,Robert Troha; Slovenian Basketball League; Rosters of the top basketball teams in European club competitions; Slovenian Basketball Cup; 2007–08 ABA NLB League; KK Cedevita,True,direct,bio_name,1977.0,exact_match,exact_birth_year
P000227,"TROUTMAN, CHEVON",Chevon Troutman,Chevon Troutman,https://en.wikipedia.org/wiki/Chevon_Troutman,Power forward,Power Forward,matched,,Chevon Troutman; FC Bayern Munich (basketball); ASVEL Basket; Orléans Loiret Basket; Alize Johnson,False,direct,bio_name,1981.0,exact_match,exact_birth_year
P007851,"TRUSHKIN, VLADISLAV",Vladislav Trushkin,Vladislav Trushkin,https://en.wikipedia.org/wiki/Vladislav_Trushkin,Small forward,Small Forward,matched,,Vladislav Trushkin; BC Zenit Saint Petersburg; List of 2021–22 EuroLeague transactions; Rosters of the top basketball teams in European club competitions; 2019–20 BC Zenit Saint Petersburg season,False,direct,bio_name,1993.0,exact_match,exact_birth_year
PTEN,"TSAIRELIS, MICHALIS",Michalis Tsairelis,Michalis Tsairelis,https://en.wikipedia.org/wiki/Michalis_Tsairelis,Center / power forward,Center,matched,,Michalis Tsairelis; Rosters of the champion and finalist teams of EuroLeague; Aris B.C.; Olympiacos B.C.; Promitheas Patras B.C.,True,direct,bio_name,1988.0,exact_match,exact_birth_year
PTFW,"TSAKALIDIS, JAKE",Jake Tsakalidis,Jake Tsakalidis,https://en.wikipedia.org/wiki/Jake_Tsakalidis,Center,Center,matched,,Jake Tsakalidis; 1998 FIBA EuroLeague Final Four; AEK B.C.; Greece men's national basketball team; Rosters of the champion and finalist teams of EuroLeague,False,direct,bio_name,1979.0,exact_match,exact_birth_year
PLGM,"TSALDARIS, DIMITRIOS",Dimitrios Tsaldaris,Dimitrios Tsaldaris,https://en.wikipedia.org/wiki/Dimitrios_Tsaldaris,Shooting guard / Small forward,Shooting Guard,matched,,Dimitrios Tsaldaris; Aris B.C.; Panellinios B.C.; 2005–06 Greek Basket League; Argyris Pedoulakis,True,direct,bio_name,1980.0,exact_match,exact_birth_year
P010057,"TSAMIS, PANAGIOTIS",Panagiotis Tsamis,Olympiacos B.C.,https://en.wikipedia.org/wiki/Olympiacos_B.C.,,,page_found_not_basketball_player,Wikipedia page(s) found but none identifiable as a basketball-biography page,Olympiacos B.C.; Limoges CSP; Kolossos Rodou B.C.; AEK B.C.; 2011–12 Greek Basket League,False,search,bio_name,,unavailable,
PACN,"TSARTSARIS, KOSTAS",Kostas Tsartsaris,Kostas Tsartsaris,https://en.wikipedia.org/wiki/Kostas_Tsartsaris,Power forward / center,Power Forward,matched,,Kostas Tsartsaris; Greece men's national basketball team; Rosters of the champion and finalist teams of EuroLeague; Greek Basketball League; Panathinaikos B.C.,True,direct,bio_name,1979.0,exact_match,exact_birth_year
P001165,"TSONGA, ENZO",Enzo Tsonga,Euroleague 2008–09 Rosters,https://en.wikipedia.org/wiki/Euroleague_2008–09_Rosters,,,page_found_not_basketball_player,Wikipedia page(s) found but none identifiable as a basketball-biography page,Euroleague 2008–09 Rosters; 2008 in sports; October 2011 in sports; September 2008 in sports,False,search,bio_name,,unavailable,
P008192,"TUBELIS, AZUOLAS",Azuolas Tubelis,Ąžuolas Tubelis,https://en.wikipedia.org/wiki/Ąžuolas_Tubelis,Power forward / center,Power Forward,matched,,Ąžuolas Tubelis; 2025–26 EuroLeague; List of 2025–26 EuroLeague transactions; BC Rytas; List of 2026–27 EuroLeague transactions,True,direct,bio_name,2002.0,exact_match,exact_birth_year
P002908,"TUCKER, ANTHONY",Anthony Tucker,P. J. Tucker,https://en.wikipedia.org/wiki/P._J._Tucker,Power forward / small forward,Power Forward,matched,,Anthony Tucker; Fenerbahçe S.K. (basketball); P. J. Tucker; List of 2026–27 EuroLeague transactions; All-EuroLeague Team; Israeli Basketball Premier League,True,search,bio_name,1985.0,exact_match,exact_birth_year
P000749,"TUCKER, CLAY",Clay Tucker,Clay Tucker,https://en.wikipedia.org/wiki/Clay_Tucker,Shooting guard / small forward,Shooting Guard,matched,,Clay Tucker; Dylan Page; BC Khimki; History of basketball; Pape Sow,True,direct,bio_name,1980.0,exact_match,exact_birth_year
P012591,"TUCKER, RAYJON",Rayjon Tucker,Rayjon Tucker,https://en.wikipedia.org/wiki/Rayjon_Tucker,Shooting guard,Shooting Guard,matched,,Rayjon Tucker; Luca Vildoza; List of 2024–25 EuroLeague transactions; AEK B.C.; Chris Silva; 2023–24 LBA season,False,direct,bio_name,1997.0,exact_match,exact_birth_year
P007051,"TUKMAKOV, AZAT",Azat Tukmakov,,,,,no_page_found,Wikipedia search returned no results,,False,,bio_name,,unavailable,
P012415,"TUNCA, MELIH",Melih Tunca,List of 2024–25 EuroLeague transactions,https://en.wikipedia.org/wiki/List_of_2024–25_EuroLeague_transactions,,,page_found_not_basketball_player,Wikipedia page(s) found but none identifiable as a basketball-biography page,List of 2024–25 EuroLeague transactions; 2023–24 Anadolu Efes S.K. season; 2024 Turkish Basketball Cup,False,search,bio_name,,unavailable,
P002925,"TUNCER, BUGRAHAN",Bugrahan Tuncer,Buğrahan Tuncer,https://en.wikipedia.org/wiki/Buğrahan_Tuncer,Point guard / shooting guard,Point Guard,matched,,Buğrahan Tuncer; Turkey men's national basketball team; 2022 EuroLeague Final Four; Galatasaray S.K. (men's basketball); 2019 EuroLeague Final Four,True,search,bio_name,1993.0,exact_match,exact_birth_year
PARR,"TUNCERI, KEREM",Kerem Tunceri,Kerem Tunçeri,https://en.wikipedia.org/wiki/Kerem_Tunçeri,Point guard,Point Guard,matched,,Kerem Tunçeri; Fenerbahçe S.K. (basketball); Beşiktaş J.K. (men's basketball); Galatasaray S.K. (men's basketball); Turkey men's national basketball team,False,direct,bio_name,1979.0,exact_match,exact_birth_year
P006641,"TUREN, METIN",Metin Turen,Metin Türen,https://en.wikipedia.org/wiki/Metin_Türen,Power forward,Power Forward,matched,,Metin Türen; Karşıyaka Basket; Rosters of the top basketball teams in European club competitions; Turkey men's national under-20 basketball team; Turkey men's national under-18 and under-19 basketball team,False,direct,bio_name,1994.0,exact_match,exact_birth_year
PAYR,"TURKCAN, MIRSAD",Mirsad Turkcan,Mirsad Türkcan,https://en.wikipedia.org/wiki/Mirsad_Türkcan,Power forward,Power Forward,matched,,Mirsad Türkcan; Fenerbahçe S.K. (basketball); EuroLeague Legend; EuroLeague; All-EuroLeague Team,False,direct,bio_name,1976.0,exact_match,exact_birth_year
P002728,"TURKYILMAZ, IZZET",Izzet Turkyilmaz,İzzet Türkyılmaz,https://en.wikipedia.org/wiki/İzzet_Türkyılmaz,Power forward / center,Power Forward,matched,,İzzet Türkyılmaz; Fenerbahçe S.K. (basketball); Bursaspor Basketbol; Fenerbahçe (men's basketball) past rosters; 2013–14 Fenerbahçe S.K. (basketball) season,True,direct,bio_name,1990.0,exact_match,exact_birth_year
PAVJ,"TUSEK, MARKO",Marko Tusek,Marko Tušek,https://en.wikipedia.org/wiki/Marko_Tušek,Power forward,Power Forward,matched,,Marko Tušek; Slovenian Basketball All-Star Game; Virtus Roma; Victoria Libertas Pallacanestro; FIBA Saporta Cup,False,direct,bio_name,1975.0,exact_match,exact_birth_year
P004119,"TYUS, ALEX",Alex Tyus,Alex Tyus,https://en.wikipedia.org/wiki/Alex_Tyus,Center,Center,matched,,Alex Tyus; EuroLeague 2010–2020 All-Decade Team; Galatasaray S.K. (men's basketball); 2018–19 EuroLeague; EuroLeague MVP of the Month,False,direct,bio_name,1988.0,exact_match,exact_birth_year
P010062,"UBAL, AGUSTIN",Agustin Ubal,Agustín Ubal,https://en.wikipedia.org/wiki/Agustín_Ubal,Guard / small forward,Small Forward,matched,,Agustín Ubal; List of 2026–27 EuroLeague transactions; Rafa Villar (basketball); 2026–27 FC Barcelona Bàsquet season; FC Barcelona Bàsquet,False,search,bio_name,2003.0,exact_match,exact_birth_year
P006503,"UDOH, EKPE",Ekpe Udoh,Ekpe Udoh,https://en.wikipedia.org/wiki/Ekpe_Udoh,Center / power forward,Center,matched,,Ekpe Udoh; 2016–17 EuroLeague; EuroLeague 2010–2020 All-Decade Team; Fenerbahçe S.K. (basketball); 2017 EuroLeague Final Four,True,direct,bio_name,1987.0,exact_match,exact_birth_year
P001479,"UDOM, MATTIA",Mattia Udom,Pallacanestro Cantù,https://en.wikipedia.org/wiki/Pallacanestro_Cantù,,,page_found_not_basketball_player,Wikipedia page(s) found but none identifiable as a basketball-biography page,Pallacanestro Cantù; 2021 Italian Basketball Cup,False,search,bio_name,,unavailable,
PAGP,"UDRIH, BENO",Beno Udrih,Beno Udrih,https://en.wikipedia.org/wiki/Beno_Udrih,Point guard / shooting guard,Point Guard,matched,,Beno Udrih; Samo Udrih; BC Žalgiris; NBA G League; ABA League,True,direct,bio_name,1982.0,exact_match,exact_birth_year
PBDF,"UDRIH, SAMO",Samo Udrih,Samo Udrih,https://en.wikipedia.org/wiki/Samo_Udrih,Shooting guard,Shooting Guard,matched,,Samo Udrih; Beno Udrih; Hapoel Tel Aviv B.C.; CB Estudiantes; Panellinios B.C.,False,direct,bio_name,1979.0,exact_match,exact_birth_year
P003783,"UGURLU, BERK",Berk Ugurlu,Berk Uğurlu,https://en.wikipedia.org/wiki/Berk_Uğurlu,Point guard,Point Guard,matched,,Berk Uğurlu; Fenerbahçe S.K. (basketball); Beşiktaş J.K. (men's basketball); List of 2026–27 EuroLeague transactions; 2024–25 Fenerbahçe S.K. (basketball) season,False,direct,bio_name,1996.0,exact_match,exact_birth_year
P008995,"UKHOV, IVAN",Ivan Ukhov,Ivan Ukhov (basketball),https://en.wikipedia.org/wiki/Ivan_Ukhov_(basketball),Shooting guard,Shooting Guard,matched,,Ivan Ukhov; Ivan Ukhov (basketball); PBC CSKA Moscow; 2019 EuroLeague Final Four; 2021 EuroLeague Final Four; 2016–17 VTB United League,False,search,bio_name,1995.0,exact_match,exact_birth_year
PCJA,"UKIC, ROKO",Roko Ukic,Roko Ukić,https://en.wikipedia.org/wiki/Roko_Ukić,Point guard / shooting guard,Point Guard,matched,,Roko Ukić; Fenerbahçe S.K. (basketball); LNB Élite; ABA League; Panathinaikos B.C.,True,direct,bio_name,1984.0,exact_match,exact_birth_year
P002329,"ULANOVAS, EDGARAS",Edgaras Ulanovas,Edgaras Ulanovas,https://en.wikipedia.org/wiki/Edgaras_Ulanovas,Small forward / power forward,Small Forward,matched,,Edgaras Ulanovas; Fenerbahçe S.K. (basketball); BC Žalgiris; 2017–18 EuroLeague; EuroLeague career statistical leaders,True,direct,bio_name,1992.0,exact_match,exact_birth_year
P006900,"ULECKAS, LUKAS",Lukas Uleckas,Lukas Uleckas,https://en.wikipedia.org/wiki/Lukas_Uleckas,Small forward / Power forward,Small Forward,matched,,Lukas Uleckas; BC Žalgiris; 2025–26 LKL season; Grantas Vasiliauskas; BC Rytas,True,direct,bio_name,1999.0,exact_match,exact_birth_year
P005000,"ULUBAY, OKBEN",Okben Ulubay,Okben Ulubay,https://en.wikipedia.org/wiki/Okben_Ulubay,Small forward,Small Forward,matched,,Okben Ulubay; Turkey men's national under-20 basketball team; 2025–26 Türkiye Basketbol Ligi; Turkey men's national under-18 and under-19 basketball team; Trabzonspor B.K.,False,direct,bio_name,1996.0,exact_match,exact_birth_year
P007491,"UMRIKHIN, YURY",Yury Umrikhin,,,,,no_page_found,Wikipedia search returned no results,,False,,bio_name,,unavailable,
P005814,"URAL, GOKTURK",Gokturk Ural,Göktürk Gökalp Ural,https://en.wikipedia.org/wiki/Göktürk_Gökalp_Ural,Shooting guard / small forward,Shooting Guard,matched,,Göktürk Gökalp Ural; Galatasaray S.K. men's basketball team rosters; 2025–26 Türkiye Basketbol Ligi; 2014–15 Euroleague squads; Kazakhstan,True,search,bio_name,1995.0,exact_match,exact_birth_year
P001997,"URIARTE, JON IRKUS",Jon Irkus Uriarte,,,,,no_page_found,Wikipedia search returned no results,,False,,bio_name,,unavailable,
P002938,"URTASUN, TXEMI",Txemi Urtasun,Txemi Urtasun,https://en.wikipedia.org/wiki/Txemi_Urtasun,Shooting guard,Shooting Guard,matched,,Txemi Urtasun; Rosters of the top basketball teams in European club competitions; 2009–10 ACB season; Copa Princesa de Asturias; 2015 Eurocup Finals,False,direct,bio_name,1984.0,exact_match,exact_birth_year
P006985,"USKOKOVIC, ALEKSA",Aleksa Uskokovic,Aleksa Uskoković,https://en.wikipedia.org/wiki/Aleksa_Uskoković,Point guard,Point Guard,matched,,Aleksa Uskoković; BeoBasket; 2020–21 KK Crvena zvezda season; KK Crvena zvezda; List of 2020–21 EuroLeague transactions,False,search,bio_name,1999.0,exact_match,exact_birth_year
P005367,"UTA, CHISTIAN",Chistian Uta,,,,,no_page_found,Wikipedia search returned no results,,False,,bio_name,,unavailable,
P007338,"UZINSKII, DMITRII",Dmitrii Uzinskii,,,,,no_page_found,Wikipedia search returned no results,,False,,bio_name,,unavailable,
P000898,"VALANCIUNAS, JONAS",Jonas Valanciunas,Jonas Valančiūnas,https://en.wikipedia.org/wiki/Jonas_Valančiūnas,Center,Center,matched,,Jonas Valančiūnas; Bogdan Bogdanović (basketball); List of 2026–27 EuroLeague transactions; 2026–27 BC Žalgiris season; 2011–12 Eurocup Basketball,False,direct,bio_name,1992.0,exact_match,exact_birth_year
P000274,"VALERIANI, ALESSIO",Alessio Valeriani,,,,,no_page_found,Wikipedia search returned no results,,False,,bio_name,,unavailable,
P001954,"VALIEV, EVGENY",Evgeny Valiev,Evgeny Valiev,https://en.wikipedia.org/wiki/Evgeny_Valiev,Power forward,Power Forward,matched,,Evgeny Valiev; Russia men's national basketball team; BC Zenit Saint Petersburg; 2019–20 BC Zenit Saint Petersburg season; List of 2021–22 EuroLeague transactions,False,direct,bio_name,1990.0,exact_match,exact_birth_year
P004664,"VALINSKAS, PAULIUS",Paulius Valinskas,Paulius Valinskas,https://en.wikipedia.org/wiki/Paulius_Valinskas,Point guard / shooting guard,Point Guard,matched,,Paulius Valinskas; Marius Valinskas; BC Žalgiris; BC Lietkabelis; List of 2018–19 EuroLeague transactions,True,direct,bio_name,1995.0,exact_match,exact_birth_year
PLOZ,"VALTERS, KRISTAPS",Kristaps Valters,Kristaps Valters,https://en.wikipedia.org/wiki/Kristaps_Valters,Point guard,Point Guard,matched,,Kristaps Valters; Valdis Valters; Sandis Valters; BK VEF Rīga; Panionios B.C.,False,direct,bio_name,1981.0,exact_match,exact_birth_year
PASG,"VAN DEN SPIEGEL, TOMAS",Tomas Van Den Spiegel,Tomas Van Den Spiegel,https://en.wikipedia.org/wiki/Tomas_Van_Den_Spiegel,Center,Center,matched,,Tomas Van Den Spiegel; ULEB; Rosters of the champion and finalist teams of EuroLeague; PBC CSKA Moscow; Real Madrid Baloncesto,False,direct,bio_name,1978.0,exact_match,exact_birth_year
P001971,"VAN OOSTRUM, DEVON",Devon Van Oostrum,Devon van Oostrum,https://en.wikipedia.org/wiki/Devon_van_Oostrum,Point guard,Point Guard,matched,,Devon van Oostrum; Great Britain men's national basketball team; BC Prienai; 2022–23 London Lions season; KK MZT Skopje,False,direct,bio_name,1993.0,exact_match,exact_birth_year
PLRQ,"VAN ROSSOM, SAM",Sam Van Rossom,Sam Van Rossom,https://en.wikipedia.org/wiki/Sam_Van_Rossom,Point guard,Point Guard,matched,,Sam Van Rossom; Valencia Basket; BC Oostende; EuroCup Basketball All-EuroCup Team; Belgian Player of the Year (basketball),False,direct,bio_name,1986.0,exact_match,exact_birth_year
PCKZ,"VANUZZO, MANUEL",Manuel Vanuzzo,2014–15 Euroleague squads,https://en.wikipedia.org/wiki/2014–15_Euroleague_squads,,,page_found_not_basketball_player,Wikipedia page(s) found but none identifiable as a basketball-biography page,2014–15 Euroleague squads; 2015 Lega Basket Serie A Finals,False,search,bio_name,,unavailable,
PBTS,"VARDA, RATKO",Ratko Varda,Ratko Varda,https://en.wikipedia.org/wiki/Ratko_Varda,Center,Center,matched,,Ratko Varda; Beşiktaş J.K. (men's basketball); Basketball League of Serbia; ABA League; Real Madrid Baloncesto,False,direct,bio_name,1979.0,exact_match,exact_birth_year
P004845,"VARGAS, AKEEM",Akeem Vargas,Akeem Vargas,https://en.wikipedia.org/wiki/Akeem_Vargas,Shooting guard,Shooting Guard,matched,,Akeem Vargas; Mitteldeutscher BC; ProA; Alba Berlin; Skyliners Frankfurt; 2014–15 Euroleague squads,False,direct,bio_name,1990.0,exact_match,exact_birth_year
P003496,"VARNADO, JARVIS",Jarvis Varnado,Jarvis Varnado,https://en.wikipedia.org/wiki/Jarvis_Varnado,Power forward / center,Power Forward,matched,,Jarvis Varnado; EuroCup Basketball individual statistics; Dee Bost; Block (basketball); LaVon Mercer,True,direct,bio_name,1988.0,exact_match,exact_birth_year
PALG,"VASILEIADIS, KOSTAS",Kostas Vasileiadis,Kostas Vasileiadis,https://en.wikipedia.org/wiki/Kostas_Vasileiadis,Shooting guard / Small forward,Shooting Guard,matched,,Kostas Vasileiadis; Olympiacos B.C.; AEK B.C.; Greece men's national basketball team; Dimitrios Verginis,True,direct,bio_name,1984.0,exact_match,exact_birth_year
PLCR,"VASILIAUSKAS, SARUNAS",Sarunas Vasiliauskas,Šarūnas Vasiliauskas,https://en.wikipedia.org/wiki/Šarūnas_Vasiliauskas,Point guard,Point Guard,matched,,Šarūnas Vasiliauskas; BC Žalgiris; Lithuania men's national basketball team; BC Budivelnyk; Trefl Sopot; Trabzonspor B.K.,False,direct,bio_name,1989.0,exact_match,exact_birth_year
PJRF,"VASILOPOULOS, PANAGIOTIS",Panagiotis Vasilopoulos,Panagiotis Vasilopoulos,https://en.wikipedia.org/wiki/Panagiotis_Vasilopoulos,Power forward / small forward,Power Forward,matched,,Panagiotis Vasilopoulos; Olympiacos B.C.; Greece men's national basketball team; Aris B.C.; Rosters of the champion and finalist teams of EuroLeague,True,direct,bio_name,1984.0,exact_match,exact_birth_year
P008198,"VASTURIA, STEVE",Steve Vasturia,Steve Vasturia,https://en.wikipedia.org/wiki/Steve_Vasturia,Shooting guard / small forward,Shooting Guard,matched,,Steve Vasturia; 2019–20 FC Bayern Munich (basketball) season; List of 2020–21 EuroLeague transactions; BC Žalgiris; Ish Wainright,True,direct,bio_name,1995.0,exact_match,exact_birth_year
P000553,"VASYLIUS, VALDAS",Valdas Vasylius,Valdas Vasylius,https://en.wikipedia.org/wiki/Valdas_Vasylius,Forward,,position_text_unrecognized,Could not map position text to a canonical position: 'Forward',Valdas Vasylius; Baltic Basketball League; BC Lietkabelis; Rosters of the top basketball teams in European club competitions; BC Neptūnas,False,direct,bio_name,,unavailable,
PLHG,"VATY, LUDOVIC",Ludovic Vaty,Ludovic Vaty,https://en.wikipedia.org/wiki/Ludovic_Vaty,Power forward / centre,Power Forward,matched,,Ludovic Vaty; BCM Gravelines-Dunkerque; List of basketball players who died during their careers; Rosters of the top basketball teams in European club competitions; Leaders Cup; LNB All-Star Game,True,direct,bio_name,1988.0,exact_match,exact_birth_year
P014014,"VAUTIER, BASTIEN",Bastien Vautier,Bastien Vautier,https://en.wikipedia.org/wiki/Bastien_Vautier,Center,Center,matched,,Bastien Vautier; 2025–26 EuroLeague; List of 2026–27 EuroLeague transactions; List of 2025–26 EuroLeague transactions; EuroLeague MVP of the Round,False,direct,bio_name,1998.0,exact_match,exact_birth_year
PAXC,"VAZQUEZ, FRAN",Fran Vazquez,Fran Vázquez,https://en.wikipedia.org/wiki/Fran_Vázquez,Center,Center,matched,,Fran Vázquez; FC Barcelona Bàsquet; EuroLeague career statistical leaders; Fernando Romay; Rosters of the champion and finalist teams of EuroLeague,False,direct,bio_name,1983.0,exact_match,exact_birth_year
PBJB,"VEBOBE, LUC-ARTHUR",Luc-arthur Vebobe,Luc-Arthur Vebobe,https://en.wikipedia.org/wiki/Luc-Arthur_Vebobe,Power forward,Power Forward,matched,,Luc-Arthur Vebobe; Hawaii Rainbow Warriors basketball; Chorale Roanne Basket; LNB All-Star Game; FIBA EuroChallenge individual statistics,False,search,bio_name,1980.0,exact_match,exact_birth_year
P002431,"VECVAGARS, KASPARS",Kaspars Vecvagars,Kaspars Vecvagars,https://en.wikipedia.org/wiki/Kaspars_Vecvagars,Point guard,Point Guard,matched,,Kaspars Vecvagars; Arnis Vecvagars; BC Žalgiris; 2026–27 Latvian–Estonian Basketball League; ASK Riga,False,direct,bio_name,1993.0,exact_match,exact_birth_year
PJNN,"VELICKOVIC, NOVICA",Novica Velickovic,Novica Veličković,https://en.wikipedia.org/wiki/Novica_Veličković,Power forward,Power Forward,matched,,Novica Veličković; Basketball League of Serbia; KK Partizan; ABA League; Serbia men's national basketball team,False,direct,bio_name,1986.0,exact_match,exact_birth_year
PLXL,"VENE, SIIM-SANDER",Siim-sander Vene,Siim-Sander Vene,https://en.wikipedia.org/wiki/Siim-Sander_Vene,Small forward / power forward,Small Forward,matched,,Siim-Sander Vene; BC Žalgiris; Baloncesto Fuenlabrada; Limoges CSP; Hapoel Jerusalem B.C.,True,search,bio_name,1990.0,exact_match,exact_birth_year
P007524,"VENSKUS, ERIKAS",Erikas Venskus,Erikas Venskus,https://en.wikipedia.org/wiki/Erikas_Venskus,Power forward / center,Power Forward,matched,,Erikas Venskus; BC Žalgiris; BC Šiauliai; Rosters of the top basketball teams in European club competitions; BC Prienai,True,direct,bio_name,2000.0,exact_match,exact_birth_year
PLLM,"VEREMEENKO, VLADIMIR",Vladimir Veremeenko,Vladimir Veremeenko,https://en.wikipedia.org/wiki/Vladimir_Veremeenko,Power forward,Power Forward,matched,,Vladimir Veremeenko; EuroCup Basketball; Renaldas Seibutis; EuroLeague MVP of the Round; 2011–12 Euroleague,False,direct,bio_name,1984.0,exact_match,exact_birth_year
PLRE,"VERGINIS, DIMITRIOS",Dimitrios Verginis,Dimitrios Verginis,https://en.wikipedia.org/wiki/Dimitrios_Verginis,Point guard / shooting guard,Point Guard,matched,,Dimitrios Verginis; PAOK BC; Aris B.C.; Panathinaikos B.C.; Olivier Hanlan,True,direct,bio_name,1987.0,exact_match,exact_birth_year
P000925,"VESELY, JAN",Jan Vesely,Jan Veselý,https://en.wikipedia.org/wiki/Jan_Veselý,Center / power forward,Center,matched,,Jan Veselý; Fenerbahçe S.K. (basketball); 2018–19 EuroLeague; EuroLeague; EuroLeague MVP,True,direct,bio_name,1990.0,exact_match,exact_birth_year
P003469,"VEZENKOV, SASHA",Sasha Vezenkov,Aleksandar Vezenkov,https://en.wikipedia.org/wiki/Aleksandar_Vezenkov,Power forward,Power Forward,matched,,Aleksandar Vezenkov; EuroLeague MVP; 2025–26 EuroLeague; 2024–25 EuroLeague; 2022–23 EuroLeague,False,direct,bio_name,1995.0,exact_match,exact_birth_year
PAJK,"VIDAL, SERGI",Sergi Vidal,Sergi Vidal,https://en.wikipedia.org/wiki/Sergi_Vidal,Shooting guard / small forward,Shooting Guard,matched,,Sergi Vidal; Real Madrid Baloncesto; Rosters of the champion and finalist teams of EuroLeague; 2001 Euroleague Finals; Saski Baskonia,True,direct,bio_name,1981.0,exact_match,exact_birth_year
PCIW,"VIDENOV, FILIP",Filip Videnov,Filip Videnov,https://en.wikipedia.org/wiki/Filip_Videnov,Shooting guard,Shooting Guard,matched,,Filip Videnov; Basketball League of Serbia; ABA League; Real Madrid Baloncesto; Arka Gdynia (basketball),False,direct,bio_name,1980.0,exact_match,exact_birth_year
PTFI,"VIDMAR, GASPER",Gasper Vidmar,Gašper Vidmar,https://en.wikipedia.org/wiki/Gašper_Vidmar,Center,Center,matched,,Gašper Vidmar; Fenerbahçe S.K. (basketball); ABA League; 2014–15 Fenerbahçe S.K. (basketball) season; 2013–14 Fenerbahçe S.K. (basketball) season,False,direct,bio_name,1987.0,exact_match,exact_birth_year
P001895,"VIGGIANO, JEFF",Jeff Viggiano,Jeffrey Viggiano,https://en.wikipedia.org/wiki/Jeffrey_Viggiano,Small forward,Small Forward,matched,,Jeffrey Viggiano; New Basket Brindisi; Oriundo; Lega Basket All Star Game; List of University of Wisconsin–Madison people in athletics,False,search,bio_name,1984.0,exact_match,exact_birth_year
P005837,"VIKTOROV, IVAN",Ivan Viktorov,Rosters of the champion and finalist teams of EuroLeague,https://en.wikipedia.org/wiki/Rosters_of_the_champion_and_finalist_teams_of_EuroLeague,,,page_found_not_basketball_player,Wikipedia page(s) found but none identifiable as a basketball-biography page,Rosters of the champion and finalist teams of EuroLeague; Rosters of the top basketball teams in European club competitions; List of 2017–18 EuroLeague transactions; 2014–15 Euroleague squads,False,search,bio_name,,unavailable,
P007947,"VILDOZA, LUCA",Luca Vildoza,Luca Vildoza,https://en.wikipedia.org/wiki/Luca_Vildoza,Point guard / shooting guard,Point Guard,matched,,Luca Vildoza; 2025 EuroLeague Final Four; List of 2026–27 EuroLeague transactions; 2026–27 KK Partizan season; 2024 EuroLeague Final Four,True,direct,bio_name,1995.0,exact_match,exact_birth_year
P010035,"VILLAR, RAFA",Rafa Villar,Rafa Villar (basketball),https://en.wikipedia.org/wiki/Rafa_Villar_(basketball),Point guard,Point Guard,matched,,Rafa Villar; Rafa Villar (basketball); List of 2026–27 EuroLeague transactions; List of 2025–26 EuroLeague transactions; Agustín Ubal; Raúl Villar,False,search,bio_name,2004.0,exact_match,exact_birth_year
P012317,"VILLAR, RAUL",Raul Villar,Raúl Villar,https://en.wikipedia.org/wiki/Raúl_Villar,Point guard,Point Guard,matched,,Raúl Villar; Rafa Villar (basketball); 2024–25 FC Barcelona Bàsquet season; 2025–26 Real Madrid Baloncesto season; Campeonato Sudamericano de Clubes Campeones de Básquetbol,False,search,bio_name,2007.0,exact_match,exact_birth_year
P006273,"VISCONTI, RICCARDO",Riccardo Visconti,2024–25 Virtus Bologna season,https://en.wikipedia.org/wiki/2024–25_Virtus_Bologna_season,,,page_found_not_basketball_player,Wikipedia page(s) found but none identifiable as a basketball-biography page,2024–25 Virtus Bologna season; List of 2024–25 EuroLeague transactions; Dinamo Sassari; Pallacanestro Reggiana; 2021 Italian Basketball Cup,False,search,bio_name,,unavailable,
PBHF,"VITALI, LUCA",Luca Vitali,Luca Vitali,https://en.wikipedia.org/wiki/Luca_Vitali,Guard,,position_text_unrecognized,Could not map position text to a canonical position: 'Guard',Luca Vitali; Michele Vitali; Virtus Bologna; Italy men's national basketball team; Pallacanestro Brescia,False,direct,bio_name,,unavailable,
PBXO,"VITKOVAC, CEDOMIR",Cedomir Vitkovac,Čedomir Vitkovac,https://en.wikipedia.org/wiki/Čedomir_Vitkovac,Small forward / Power forward,Small Forward,matched,,Čedomir Vitkovac; Basketball League of Serbia; KK Crvena zvezda; EuroCup Basketball MVP of the Round; KK Partizan,True,direct,bio_name,1982.0,exact_match,exact_birth_year
P002361,"VIVES, GUILLEM",Guillem Vives,Guillem Vives,https://en.wikipedia.org/wiki/Guillem_Vives,Point guard,Point Guard,matched,,Guillem Vives; Spain men's national basketball team; Valencia Basket; 2013–14 ACB season; CB Prat,False,direct,bio_name,1993.0,exact_match,exact_birth_year
P014209,"VOGOGNA, JACOPO",Jacopo Vogogna,2026 FIBA Under-17 Basketball World Cup squads,https://en.wikipedia.org/wiki/2026_FIBA_Under-17_Basketball_World_Cup_squads,,,page_found_not_basketball_player,Wikipedia page(s) found but none identifiable as a basketball-biography page,2026 FIBA Under-17 Basketball World Cup squads,False,search,bio_name,,unavailable,
P007201,"VOIGTMANN, JOHANNES",Johannes Voigtmann,Johannes Voigtmann,https://en.wikipedia.org/wiki/Johannes_Voigtmann,Power forward / center,Power Forward,matched,,Johannes Voigtmann; 2023–24 EuroLeague; EuroLeague career statistical leaders; FC Bayern Munich (basketball); PBC CSKA Moscow,True,direct,bio_name,1992.0,exact_match,exact_birth_year
P012126,"VOLF, IVAN",Ivan Volf,Ivan Volf,https://en.wikipedia.org/wiki/Ivan_Volf,Shooting guard / Small forward,Shooting Guard,matched,,Ivan Volf; List of people from Croatia,True,direct,bio_name,2006.0,exact_match,exact_birth_year
P010628,"VOLKHIN, IGOR",Igor Volkhin,BC Avtodor,https://en.wikipedia.org/wiki/BC_Avtodor,,,page_found_not_basketball_player,Wikipedia page(s) found but none identifiable as a basketball-biography page,BC Avtodor,False,search,bio_name,,unavailable,
P001389,"VORONOV, EVGENY",Evgeny Voronov,Evgeny Voronov,https://en.wikipedia.org/wiki/Evgeny_Voronov,Shooting guard,Shooting Guard,matched,,Evgeny Voronov; 2016 Euroleague Final Four; PBC Lokomotiv Kuban; 2019–20 EuroLeague; 2012 Euroleague Final Four,False,direct,bio_name,1986.0,exact_match,exact_birth_year
PLHI,"VORONTSEVICH, ANDREY",Andrey Vorontsevich,Andrey Vorontsevich,https://en.wikipedia.org/wiki/Andrey_Vorontsevich,Power forward,Power Forward,matched,,Andrey Vorontsevich; Russia men's national basketball team; BC Zenit Saint Petersburg; Rosters of the champion and finalist teams of EuroLeague; 2017 EuroLeague Final Four,False,direct,bio_name,1987.0,exact_match,exact_birth_year
PTFX,"VOUGIOUKAS, IAN",Ian Vougioukas,Ian Vougioukas,https://en.wikipedia.org/wiki/Ian_Vougioukas,Center,Center,matched,,Ian Vougioukas; 2017–18 EuroLeague; Rosters of the champion and finalist teams of EuroLeague; 2011 Euroleague Final Four; BC Žalgiris,False,direct,bio_name,1985.0,exact_match,exact_birth_year
P002841,"VRAGOVIC, KARLO",Karlo Vragovic,Karlo Vragović,https://en.wikipedia.org/wiki/Karlo_Vragović,Point guard,Point Guard,matched,,Karlo Vragović; KK Tikveš; CSA Steaua București (basketball); 2015–16 Macedonian First League; Dejan Borovnjak,False,direct,bio_name,1989.0,exact_match,exact_birth_year
PBGJ,"VRANES, SLAVKO",Slavko Vranes,Slavko Vraneš,https://en.wikipedia.org/wiki/Slavko_Vraneš,Center,Center,matched,,Slavko Vraneš; ABA League; Basketball League of Serbia; KK Partizan; Anadolu Efes S.K.,False,direct,bio_name,1983.0,exact_match,exact_birth_year
PLGK,"VRBANC, GORAN",Goran Vrbanc,Goran Vrbanc,https://en.wikipedia.org/wiki/Goran_Vrbanc,Shooting guard,Shooting Guard,matched,,Goran Vrbanc; BC Lietkabelis; 2015–16 Nemzeti Bajnokság I/A (women's basketball); Croatian Basketball All-Star Game; 2012–13 KK Crvena zvezda season,False,direct,bio_name,1984.0,exact_match,exact_birth_year
P002869,"VRKIC, ZORAN",Zoran Vrkic,Thomas Massamba,https://en.wikipedia.org/wiki/Thomas_Massamba,,,page_found_identity_unconfirmed,Basketball page found but birth year/nationality could not be confirmed against players_bio.csv,2023–24 Úrvalsdeild karla (basketball); Thomas Massamba; 2021–22 Úrvalsdeild karla (basketball); 2010–11 Euroleague Regular Season Group D; 2022–23 Úrvalsdeild karla (basketball),False,search,bio_name,,unavailable,
PLOK,"VROMAN, JACKSON",Jackson Vroman,Jackson Vroman,https://en.wikipedia.org/wiki/Jackson_Vroman,Power forward / center,Power Forward,matched,,Jackson Vroman; Basketball Champions League Asia; Iranian Basketball Super League; Aris B.C.; EuroCup Basketball individual statistics; Maciej Lampe,True,direct,bio_name,1981.0,exact_match,exact_birth_year
P010988,"VUDRAGOVIC, LUKA",Luka Vudragovic,Luka Vudragović,https://en.wikipedia.org/wiki/Luka_Vudragović,Shooting guard,Shooting Guard,matched,,Luka Vudragović; 2021–22 KK Crvena zvezda season; 2022–23 KK Crvena zvezda season; Serbia men's national under-18 basketball team,False,search,bio_name,2004.0,exact_match,exact_birth_year
PBRB,"VUJACIC, SASHA",Sasha Vujacic,Sasha Vujačić,https://en.wikipedia.org/wiki/Sasha_Vujačić,Shooting guard / point guard,Shooting Guard,matched,,Sasha Vujačić; Anadolu Efes S.K.; EuroLeague MVP of the Round; Doğuş Balbay; EuroLeague season statistical leaders,True,direct,bio_name,1984.0,exact_match,exact_birth_year
PAUP,"VUJANIC, MILOS",Milos Vujanic,Miloš Vujanić,https://en.wikipedia.org/wiki/Miloš_Vujanić,Point guard / shooting guard,Point Guard,matched,,Miloš Vujanić; Serbia men's national basketball team; All-EuroLeague Team; Alphonso Ford EuroLeague Top Scorer Trophy; EuroLeague Championship Game,True,direct,bio_name,1980.0,exact_match,exact_birth_year
PAPB,"VUJCIC, NIKOLA",Nikola Vujcic,Nikola Vujčić,https://en.wikipedia.org/wiki/Nikola_Vujčić,Power forward / center,Power Forward,matched,,Nikola Vujčić; EuroLeague; All-EuroLeague Team; Olympiacos B.C.; EuroLeague Legend,True,direct,bio_name,1978.0,exact_match,exact_birth_year
P010782,"VUJICIC, MILUTIN",Milutin Vujicic,Milutin Vujičić,https://en.wikipedia.org/wiki/Milutin_Vujičić,Point guard,Point Guard,matched,,Milutin Vujičić; 2020–21 KK Crvena zvezda season; Rosters of the top basketball teams in European club competitions; 2021–22 KK Crvena zvezda season; 2023–24 KK Crvena zvezda season,False,search,bio_name,2002.0,exact_match,exact_birth_year
PAUT,"VUKCEVIC, DUSAN",Dusan Vukcevic,Dušan Vukčević,https://en.wikipedia.org/wiki/Dušan_Vukčević,Shooting guard / small forward,Shooting Guard,matched,,Dušan Vukčević; Tristan Vukčević; Olympiacos B.C.; Serbia men's national basketball team; Real Madrid Baloncesto,True,direct,bio_name,1975.0,exact_match,exact_birth_year
P009212,"VUKCEVIC, TRISTAN",Tristan Vukcevic,Tristan Vukčević,https://en.wikipedia.org/wiki/Tristan_Vukčević,Power forward,Power Forward,matched,,Tristan Vukčević; Dušan Vukčević; Real Madrid Baloncesto; 2023–24 KK Partizan season; 2024 Serbia men's Olympic basketball team,False,direct,bio_name,2003.0,exact_match,exact_birth_year
PTFD,"VUKUSIC, VEDRAN",Vedran Vukusic,KK Cedevita,https://en.wikipedia.org/wiki/KK_Cedevita,,,page_found_not_basketball_player,Wikipedia page(s) found but none identifiable as a basketball-biography page,KK Cedevita; Rosters of the top basketball teams in European club competitions; Joško Gvardiol; Euroleague 2008–09 Rosters,False,search,bio_name,,unavailable,
PBGV,"VIALTSEV, EGOR",Egor Vialtsev,Egor Vyaltsev,https://en.wikipedia.org/wiki/Egor_Vyaltsev,Shooting guard,Shooting Guard,matched,,Egor Vyaltsev; Rosters of the top basketball teams in European club competitions,False,direct,bio_name,1985.0,exact_match,exact_birth_year
PLDX,"WACZYNSKI, ADAM",Adam Waczynski,Adam Waczyński,https://en.wikipedia.org/wiki/Adam_Waczyński,Shooting guard / small forward,Shooting Guard,matched,,Adam Waczyński; Poland men's national basketball team; Górnik Wałbrzych (basketball); Polish Basketball Cup; Trefl Sopot,True,direct,bio_name,1989.0,exact_match,exact_birth_year
P013016,"WADE, MARVYN",Marvyn Wade,,,,,no_page_found,Wikipedia search returned no results,,False,,bio_name,,unavailable,
P001924,"WAFER, VON",Von Wafer,Von Wafer,https://en.wikipedia.org/wiki/Von_Wafer,,,position_unavailable,Basketball page confirmed but has no 'position' field in its infobox,Von Wafer; Olympiacos B.C.; Scoonie Penn; Thomas Kelati; Basketball in Greece,False,direct,bio_name,,unavailable,direct_name_match_no_contradicting_evidence
PTGA,"WAGNER, DAJUAN",Dajuan Wagner,Dajuan Wagner,https://en.wikipedia.org/wiki/Dajuan_Wagner,Shooting guard,Shooting Guard,matched,,Dajuan Wagner; Arka Gdynia (basketball); Breanna Stewart; Memphis Tigers men's basketball; Rosters of the top basketball teams in European club competitions; List of basketball players who have scored 100 points in a single game,False,direct,bio_name,1983.0,exact_match,exact_birth_year
P005758,"WAGNER, MORITZ",Moritz Wagner,Moritz Wagner (basketball),https://en.wikipedia.org/wiki/Moritz_Wagner_(basketball),Center / power forward,Center,matched,,Moritz Wagner; Moritz Wagner (basketball); Franz Wagner; Basketball in Germany; Johann Grünloh; Alba Berlin,True,search,bio_name,1997.0,exact_match,exact_birth_year
P013284,"WAINRIGHT, ISH",Ish Wainright,Ish Wainright,https://en.wikipedia.org/wiki/Ish_Wainright,Small forward,Small Forward,matched,,Ish Wainright; List of 2026–27 EuroLeague transactions; Hapoel Tel Aviv B.C.; SIG Strasbourg; Théo Maledon,False,direct,bio_name,1994.0,exact_match,exact_birth_year
P009866,"WALDEN, COREY",Corey Walden,Corey Walden,https://en.wikipedia.org/wiki/Corey_Walden,Point guard / shooting guard,Point Guard,matched,,Corey Walden; 2018–19 Israeli Basketball Premier League; 2019–20 EuroCup Basketball; Basketball Champions League Game Day MVP; 2017–18 Basketball Champions League,True,direct,bio_name,1992.0,exact_match,exact_birth_year
P005288,"WALKER, ERVING",Erving Walker,Erving Walker,https://en.wikipedia.org/wiki/Erving_Walker,Point guard,Point Guard,matched,,Erving Walker; Stanley Johnson (basketball); Dominique Wilkins; Bob McAdoo; SIG Strasbourg,False,direct,bio_name,1990.0,exact_match,exact_birth_year
P006667,"WALKER, HENRY",Henry Walker,Henry Walker,https://en.wikipedia.org/wiki/Henry_Walker,,,position_unavailable,Basketball page confirmed but has no 'position' field in its infobox,Henry Walker; Galatasaray S.K. (men's basketball); EuroLeague MVP of the Round; BC Žalgiris; Breanna Stewart; Marcus Walker (basketball),False,direct,bio_name,,unavailable,direct_name_match_no_contradicting_evidence
P013403,"WALKER IV, LONNIE",Lonnie Walker Iv,Lonnie Walker IV,https://en.wikipedia.org/wiki/Lonnie_Walker_IV,Shooting guard,Shooting Guard,matched,,Lonnie Walker IV; 2025–26 EuroLeague; 2024–25 BC Žalgiris season; List of 2025–26 EuroLeague transactions; BC Žalgiris,False,search,bio_name,1998.0,exact_match,exact_birth_year
P012709,"WALKER, KEMBA",Kemba Walker,Kemba Walker,https://en.wikipedia.org/wiki/Kemba_Walker,Point guard,Point Guard,matched,,Kemba Walker; List of 2024–25 EuroLeague transactions; Facundo Campazzo; 2010 in basketball; AS Monaco Basket,False,direct,bio_name,1990.0,exact_match,exact_birth_year
P008855,"WALKUP, THOMAS",Thomas Walkup,Thomas Walkup,https://en.wikipedia.org/wiki/Thomas_Walkup,Point guard,Point Guard,matched,,Thomas Walkup; Dubai Basketball; 2026 EuroLeague Final Four; 2023–24 EuroLeague; Olympiacos B.C.,False,direct,bio_name,1992.0,exact_match,exact_birth_year
P001326,"WALLACE, C.J.",C.j. Wallace,Judson Wallace,https://en.wikipedia.org/wiki/Judson_Wallace,Power forward / center,Power Forward,matched,,Paris Basketball; Maccabi Tel Aviv B.C.; Judson Wallace; List of 2026–27 EuroLeague transactions; Šarūnas Jasikevičius,True,search,bio_name,1982.0,exact_match,exact_birth_year
P001237,"WALLACE, JONATHAN",Jonathan Wallace,Jonathan Wallace,https://en.wikipedia.org/wiki/Jonathan_Wallace,Point guard,Point Guard,matched,,Jonathan Wallace; List of 2026–27 EuroLeague transactions; Maccabi Tel Aviv B.C.; Rosters of the champion and finalist teams of EuroLeague; Arvydas Sabonis,False,direct,bio_name,1986.0,exact_match,exact_birth_year
P011925,"WALLACE, TYRONE",Tyrone Wallace,Tyrone Wallace,https://en.wikipedia.org/wiki/Tyrone_Wallace,Point guard / shooting guard,Point Guard,matched,,Tyrone Wallace; Paris Basketball; 2023–24 EuroCup Basketball; List of 2024–25 EuroLeague transactions; Türk Telekom B.K.,True,direct,bio_name,1994.0,exact_match,exact_birth_year
P001446,"WALSH, MATT",Matt Walsh,Matt Walsh (basketball),https://en.wikipedia.org/wiki/Matt_Walsh_(basketball),Shooting guard / small forward,Shooting Guard,matched,,Matthew Walsh; Matt Walsh (basketball); EuroLeague MVP of the Round; 2009–10 Euroleague; BC Rytas; Spirou Charleroi,True,search,bio_name,1982.0,exact_match,exact_birth_year
P009022,"WALTON JR, DERRICK",Derrick Walton Jr,Derrick Walton,https://en.wikipedia.org/wiki/Derrick_Walton,Point guard,Point Guard,matched,,Derrick Walton; BC Žalgiris; List of 2019–20 EuroLeague transactions; Memphis Tigers men's basketball; American Basketball Association (2000–present),False,search,bio_name,1995.0,exact_match,exact_birth_year
P005838,"WANAMAKER, BRAD",Brad Wanamaker,Brad Wanamaker,https://en.wikipedia.org/wiki/Brad_Wanamaker,Point guard / shooting guard,Point Guard,matched,,Brad Wanamaker; Fenerbahçe S.K. (basketball); 2017–18 EuroLeague; All-EuroLeague Team; 2016–17 EuroLeague,True,direct,bio_name,1989.0,exact_match,exact_birth_year
P012610,"WARD, TYSON",Tyson Ward,Tyson Ward,https://en.wikipedia.org/wiki/Tyson_Ward,Small forward / shooting guard,Small Forward,matched,,Tyson Ward; Paris Basketball; 2026 EuroLeague Final Four; List of 2025–26 EuroLeague transactions; Olympiacos B.C.,True,direct,bio_name,1997.0,exact_match,exact_birth_year
PLCC,"WARREN, CHRIS",Chris Warren,"Chris Warren (basketball, born 1981)","https://en.wikipedia.org/wiki/Chris_Warren_(basketball,_born_1981)",Shooting guard,Shooting Guard,matched,,"Chris Warren; Paris Basketball; List of 2026–27 EuroLeague transactions; Chris Warren (basketball, born 1981); ABA League; ASEAN Basketball League",False,search,bio_name,1981.0,exact_match,exact_birth_year
P007020,"WARRICK, HAKIM",Hakim Warrick,Hakim Warrick,https://en.wikipedia.org/wiki/Hakim_Warrick,Power forward,Power Forward,matched,,Hakim Warrick; Olympiacos B.C.; Joe Alexander; 2015–16 Euroleague squads; Chinese Basketball Association,False,direct,bio_name,1982.0,exact_match,exact_birth_year
P013370,"WASHINGTON, DUANE",Duane Washington,Duane Washington Jr.,https://en.wikipedia.org/wiki/Duane_Washington_Jr.,Shooting guard / point guard,Shooting Guard,matched,,Duane Washington; Duane Washington Jr.; 2025–26 KK Partizan season; List of 2026–27 EuroLeague transactions; FC Bayern Munich (basketball); 2026–27 KK Partizan season,True,search,bio_name,2000.0,exact_match,exact_birth_year
PLSZ,"WASHINGTON, DARIUS",Darius Washington,Darius Washington Jr.,https://en.wikipedia.org/wiki/Darius_Washington_Jr.,Point guard / shooting guard,Point Guard,matched,,Darius Washington Jr.; Darius Thompson; Galatasaray S.K. (men's basketball); Darius Songaila; List of 2026–27 EuroLeague transactions,True,direct,bio_name,1985.0,exact_match,exact_birth_year
P004223,"WATERS, DOMINIC",Dominic Waters,Dominic Waters,https://en.wikipedia.org/wiki/Dominic_Waters,Point guard,Point Guard,matched,,Dominic Waters; 2017 EuroLeague Final Four; Olympiacos B.C.; Tony Taylor (basketball); Rosters of the champion and finalist teams of EuroLeague,False,direct,bio_name,1986.0,exact_match,exact_birth_year
P014013,"WATSON, GLYNN",Glynn Watson,Glynn Watson Jr.,https://en.wikipedia.org/wiki/Glynn_Watson_Jr.,Point guard,Point Guard,matched,,Glynn Watson Jr.; List of 2026–27 EuroLeague transactions; List of 2025–26 EuroLeague transactions; Kolossos Rodou B.C.; Reyer Venezia,False,search,bio_name,1997.0,exact_match,exact_birth_year
PKNZ,"WATSON, TRAVIS",Travis Watson,Travis Watson,https://en.wikipedia.org/wiki/Travis_Watson,Power forward / center,Power Forward,matched,,Travis Watson; 2009–10 Euroleague; EuroLeague season statistical leaders; Hapoel Jerusalem B.C.; EuroCup Basketball MVP of the Round,True,direct,bio_name,1981.0,exact_match,exact_birth_year
P011971,"WEBB III, JAMES",James Webb Iii,James Webb III,https://en.wikipedia.org/wiki/James_Webb_III,Power forward / small forward,Power Forward,matched,,James Webb III; Lonnie Walker IV; Valencia Basket; 2024–25 Fenerbahçe S.K. (basketball) season; List of 2024–25 EuroLeague transactions,True,search,bio_name,1993.0,exact_match,exact_birth_year
P009449,"WEBER, BRIANTE",Briante Weber,Brianté Weber,https://en.wikipedia.org/wiki/Brianté_Weber,Point guard,Point Guard,matched,,Brianté Weber; Olympiacos B.C.; BCM Gravelines-Dunkerque; List of 2018–19 EuroLeague transactions; Markel Brown,False,direct,bio_name,1992.0,exact_match,exact_birth_year
P008961,"WEBSTER, TAI",Tai Webster,Tai Webster,https://en.wikipedia.org/wiki/Tai_Webster,Point guard / shooting guard,Point Guard,matched,,Tai Webster; 2021–22 New Zealand Breakers season; BC Žalgiris; List of 2022–23 EuroLeague transactions; List of 2021–22 EuroLeague transactions,True,direct,bio_name,1995.0,exact_match,exact_birth_year
P006592,"WEEMS, KYLE",Kyle Weems,Kyle Weems,https://en.wikipedia.org/wiki/Kyle_Weems,Small forward,Small Forward,matched,,Kyle Weems; Sonny Weems; EuroLeague 2010–2020 All-Decade Team; Omiros Netzipoglou; EuroLeague MVP of the Round,False,direct,bio_name,1989.0,exact_match,exact_birth_year
P003443,"WEEMS, SONNY",Sonny Weems,Sonny Weems,https://en.wikipedia.org/wiki/Sonny_Weems,Small forward / shooting guard,Small Forward,matched,,Sonny Weems; EuroLeague 2010–2020 All-Decade Team; 2016–17 EuroLeague; All-EuroLeague Team; Weems,True,direct,bio_name,1986.0,exact_match,exact_birth_year
P006245,"WEIDEMANN, NELSON",Nelson Weidemann,Nelson Weidemann,https://en.wikipedia.org/wiki/Nelson_Weidemann,Point guard,Point Guard,matched,,Nelson Weidemann; FC Bayern Munich (basketball); List of 2024–25 EuroLeague transactions; 2019–20 FC Bayern Munich (basketball) season; 2019–20 Brose Bamberg season,False,direct,bio_name,1999.0,exact_match,exact_birth_year
P010391,"WEILER-BABB, NICK",Nick Weiler-babb,Nick Weiler-Babb,https://en.wikipedia.org/wiki/Nick_Weiler-Babb,Point guard / shooting guard,Point Guard,matched,,Nick Weiler-Babb; 2024–25 EuroLeague; FC Bayern Munich (basketball); EuroLeague Best Defender; List of 2026–27 EuroLeague transactions,True,search,bio_name,1995.0,exact_match,exact_birth_year
PAGQ,"WELSCH, JIRI",Jiri Welsch,Jiří Welsch,https://en.wikipedia.org/wiki/Jiří_Welsch,Shooting guard / small forward,Shooting Guard,matched,,Jiří Welsch; ABA League; George Zidek; Marcus Brown; CB Estudiantes,True,direct,bio_name,1980.0,exact_match,exact_birth_year
P009553,"WEMBANYAMA, VICTOR",Victor Wembanyama,Victor Wembanyama,https://en.wikipedia.org/wiki/Victor_Wembanyama,Center / power forward,Center,matched,,Victor Wembanyama; NBA Rookie of the Year; LNB Élite; Mohamed Dabone; Zaccharie Risacher,True,direct,bio_name,2004.0,exact_match,exact_birth_year
P002543,"WESTERMANN, LEO",Leo Westermann,Léo Westermann,https://en.wikipedia.org/wiki/Léo_Westermann,Point guard,Point Guard,matched,,Léo Westermann; Fenerbahçe S.K. (basketball); ABA League; Basketball League of Serbia; BC Žalgiris,False,direct,bio_name,1992.0,exact_match,exact_birth_year
P011934,"WETZELL, YANNI",Yanni Wetzell,Yanni Wetzell,https://en.wikipedia.org/wiki/Yanni_Wetzell,Center / Power forward,Center,matched,,Yanni Wetzell; 2021–22 New Zealand Breakers season; Chasson Randle; Tremmell Darden; List of 2022–23 EuroLeague transactions,True,direct,bio_name,1996.0,exact_match,exact_birth_year
P006505,"WHITE, AARON",Aaron White,Aaron White (basketball),https://en.wikipedia.org/wiki/Aaron_White_(basketball),Power forward,Power Forward,matched,,Aaron White; Aaron White (basketball); 2018 EuroLeague Final Four; PBC CSKA Moscow; Aaron Harrison; BeoBasket,False,search,bio_name,1992.0,exact_match,exact_birth_year
P005935,"WHITE, DJ",Dj White,D. J. White,https://en.wikipedia.org/wiki/D._J._White,Power forward,Power Forward,matched,,D. J. White; Olympiacos B.C.; Saski Baskonia; AS Monaco Basket; EuroCup Basketball MVP of the Round,False,search,bio_name,1986.0,exact_match,exact_birth_year
PTHC,"WHITE, JAMES",James White,James White (basketball),https://en.wikipedia.org/wiki/James_White_(basketball),Small forward / power forward,Small Forward,matched,,James White; Fenerbahçe S.K. (basketball); James White (basketball); FC Bayern Munich (basketball); 2018 EuroLeague Final Four; ASVEL Basket,True,search,bio_name,1982.0,exact_match,exact_birth_year
P006336,"WHITE, OKARO",Okaro White,Okaro White,https://en.wikipedia.org/wiki/Okaro_White,Power forward,Power Forward,matched,,Okaro White; Derrick Williams (basketball); 2015–16 Greek Basket League; Aris B.C.; Panathinaikos B.C.,False,direct,bio_name,1992.0,exact_match,exact_birth_year
P001194,"WHITE, RODNEY",Rodney White,Rodney White,https://en.wikipedia.org/wiki/Rodney_White,Small forward / power forward,Small Forward,matched,,Rodney White; Cyprus Basketball Division A; National Basketball Association; Panathinaikos B.C.; National Basketball League of Canada,True,direct,bio_name,1980.0,exact_match,exact_birth_year
P006661,"WILBEKIN, SCOTTIE",Scottie Wilbekin,Scottie Wilbekin,https://en.wikipedia.org/wiki/Scottie_Wilbekin,Point guard / shooting guard,Point Guard,matched,,Scottie Wilbekin; Fenerbahçe S.K. (basketball); 2021–22 EuroLeague; Beşiktaş J.K. (men's basketball); EuroLeague career statistical leaders,True,direct,bio_name,1993.0,exact_match,exact_birth_year
P009472,"WILEY, JACOB",Jacob Wiley,Jacob Wiley,https://en.wikipedia.org/wiki/Jacob_Wiley,Power forward / center,Power Forward,matched,,Jacob Wiley; The Basketball League; List of 2026–27 EuroLeague transactions; 2023–24 EuroCup Women; Panathinaikos B.C.,True,direct,bio_name,1994.0,exact_match,exact_birth_year
P000072,"WILKINS, JOHN-WALTER",John-walter Wilkins,Walter Berry (basketball),https://en.wikipedia.org/wiki/Walter_Berry_(basketball),,,page_found_identity_unconfirmed,Basketball page found but birth year/nationality could not be confirmed against players_bio.csv,Walter Berry (basketball); Rosters of the champion and finalist teams of EuroLeague; Basketball in Greece; Virtus Bologna; EuroLeague season statistical leaders,False,search,bio_name,,unavailable,
PKWY,"WILKINSON, MIKE",Mike Wilkinson,Mike Wilkinson (basketball),https://en.wikipedia.org/wiki/Mike_Wilkinson_(basketball),Power forward,Power Forward,matched,,Michael Wilkinson; Mike Wilkinson (basketball); Galatasaray S.K. (men's basketball); PBC Lokomotiv Kuban; AEK B.C.; BC UNICS,False,search,bio_name,1981.0,exact_match,exact_birth_year
P002837,"WILKS, MIKE",Mike Wilks,Mike Wilks,https://en.wikipedia.org/wiki/Mike_Wilks,,,position_unavailable,Basketball page confirmed but has no 'position' field in its infobox,Mike Wilks; Arka Gdynia (basketball); Milt Palacio; Ronald Murray; List of 2011–12 NBA season transactions; Gabriela Mărginean,False,direct,bio_name,,unavailable,direct_name_match_no_contradicting_evidence
P009006,"WILLIAMS, DERRICK",Derrick Williams,Derrick Williams (basketball),https://en.wikipedia.org/wiki/Derrick_Williams_(basketball),Power forward,Power Forward,matched,,Derrick Williams; Derrick Williams (basketball); Fenerbahçe S.K. (basketball); FC Bayern Munich (basketball); Maccabi Tel Aviv B.C.; 2016–17 EuroLeague,False,search,bio_name,1991.0,exact_match,exact_birth_year
P009465,"WILLIAMS, DEVIN",Devin Williams,Devin Williams (basketball),https://en.wikipedia.org/wiki/Devin_Williams_(basketball),Power forward / center,Power Forward,matched,,Devon Williams; Devin Williams (basketball); Fenerbahçe S.K. (basketball); FC Bayern Munich (basketball); Maccabi Tel Aviv B.C.; Deron Williams,True,search,bio_name,1994.0,exact_match,exact_birth_year
P007013,"WILLIAMS, ELLIOT",Elliot Williams,Elliot Williams,https://en.wikipedia.org/wiki/Elliot_Williams,,,position_unavailable,Basketball page confirmed but has no 'position' field in its infobox,Elliot Williams; Ricky Rubio; Panathinaikos B.C.; Crespi Carmelite High School; Maya Moore,False,direct,bio_name,,unavailable,direct_name_match_no_contradicting_evidence
P001177,"WILLIAMS, ERIC",Eric Williams,"Eric Williams (basketball, born 1984)","https://en.wikipedia.org/wiki/Eric_Williams_(basketball,_born_1984)",Center,Center,matched,,"Eric Williams; Maccabi Tel Aviv B.C.; 2018–19 EuroLeague; Eric Williams (basketball, born 1984); EuroLeague MVP of the Round; Olympiacos B.C.",False,search,bio_name,1984.0,exact_match,exact_birth_year
P007982,"WILLIAMS-GOSS, NIGEL",Nigel Williams-goss,Nigel Williams-Goss,https://en.wikipedia.org/wiki/Nigel_Williams-Goss,Point guard,Point Guard,matched,,Nigel Williams-Goss; Olympiacos B.C.; 2025 EuroLeague Final Four; 2023 EuroLeague Final Four; 2024 EuroLeague Final Four,False,search,bio_name,1994.0,exact_match,exact_birth_year
P001193,"WILLIAMS, JASON",Jason Williams,"Jason Williams (basketball, born 1983)","https://en.wikipedia.org/wiki/Jason_Williams_(basketball,_born_1983)",Small forward,Small Forward,matched,,"Jason Williams; Fenerbahçe S.K. (basketball); FC Bayern Munich (basketball); Jason Williams (basketball, born 1983); Devin Williams (basketball); Deron Williams",False,search,bio_name,1983.0,exact_match,exact_birth_year
P004259,"WILLIAMS, LATAVIOUS",Latavious Williams,Latavious Williams,https://en.wikipedia.org/wiki/Latavious_Williams,Center,Center,matched,,Latavious Williams; 2016–17 EuroLeague; EuroLeague MVP of the Round; List of 2017–18 EuroLeague transactions; List of 2025–26 NBA season transactions,False,direct,bio_name,1989.0,exact_match,exact_birth_year
P004212,"WILLIAMS, MARCUS",Marcus Williams,"Marcus Williams (basketball, born 1985)","https://en.wikipedia.org/wiki/Marcus_Williams_(basketball,_born_1985)",Point guard,Point Guard,matched,,"Marcus Williams; Marcus Williams (basketball, born 1985); Fenerbahçe S.K. (basketball); Marcus Brown; Maccabi Tel Aviv B.C.; FC Bayern Munich (basketball)",False,search,bio_name,1985.0,exact_match,exact_birth_year
P003394,"WILLIAMS, REGGIE",Reggie Williams,Reggie Williams,https://en.wikipedia.org/wiki/Reggie_Williams,,,position_unavailable,Basketball page confirmed but has no 'position' field in its infobox,"Reggie Williams; Reggie Perry (basketball); Reggie Williams (basketball, born 1986); ABA League; EuroLeague MVP of the Round; BC Žalgiris",False,direct,bio_name,,unavailable,direct_name_match_no_contradicting_evidence
PKMG,"WILLIAMS, SHAMMOND",Shammond Williams,Shammond Williams,https://en.wikipedia.org/wiki/Shammond_Williams,Point guard / shooting guard,Point Guard,matched,,Shammond Williams; FC Barcelona Bàsquet; Valencia Basket; EuroCup Basketball individual statistics; Giorgi Shermadini,True,direct,bio_name,1975.0,exact_match,exact_birth_year
P004198,"WILLIAMS, SHELDEN",Shelden Williams,Shelden Williams,https://en.wikipedia.org/wiki/Shelden_Williams,Power forward / center,Power Forward,matched,,Shelden Williams; Bobby Brown (basketball); Candace Parker; Élan Chalon; Chinese Basketball Association,True,direct,bio_name,1983.0,exact_match,exact_birth_year
P012604,"WILLIAMS, TREVION",Trevion Williams,Trevion Williams,https://en.wikipedia.org/wiki/Trevion_Williams,Center,Center,matched,,Trevion Williams; 2023–24 EuroCup Basketball; List of 2025–26 EuroLeague transactions; EuroCup Basketball All-EuroCup Team; List of 2024–25 EuroLeague transactions,False,direct,bio_name,2000.0,exact_match,exact_birth_year
P009664,"WILLIS, DEREK",Derek Willis,Derek Willis,https://en.wikipedia.org/wiki/Derek_Willis,Power forward,Power Forward,matched,,Derek Willis; List of 2026–27 EuroLeague transactions; 2022–23 EuroCup Basketball; 2026–27 KK Partizan season; List of 2025–26 EuroLeague transactions,False,direct,bio_name,1995.0,exact_match,exact_birth_year
P000228,"WILSON, LAMAYNE",Lamayne Wilson,BC Mgzavrebi-Armia,https://en.wikipedia.org/wiki/BC_Mgzavrebi-Armia,,,page_found_not_basketball_player,Wikipedia page(s) found but none identifiable as a basketball-biography page,BC Mgzavrebi-Armia,False,search,bio_name,,unavailable,
PTGW,"WILSON, RAPHAEL",Raphael Wilson,ASVEL Basket,https://en.wikipedia.org/wiki/ASVEL_Basket,,,page_found_not_basketball_player,Wikipedia page(s) found but none identifiable as a basketball-biography page,ASVEL Basket; Women's National Basketball Association; Eden Hazard; Washington Catholic Athletic Conference; December 31,False,search,bio_name,,unavailable,
P008052,"WILTJER, KYLE",Kyle Wiltjer,Kyle Wiltjer,https://en.wikipedia.org/wiki/Kyle_Wiltjer,Power forward,Power Forward,matched,,Kyle Wiltjer; 2023–24 EuroCup Basketball; Greg Wiltjer; FC Barcelona Bàsquet; Türk Telekom B.K.,False,direct,bio_name,1992.0,exact_match,exact_birth_year
P005478,"WIMBERG, NIKLAS",Niklas Wimberg,Jan Niklas Wimberg,https://en.wikipedia.org/wiki/Jan_Niklas_Wimberg,Power forward,Power Forward,matched,,Jan Niklas Wimberg; FC Bayern Munich (basketball); List of 2024–25 EuroLeague transactions; List of 2022–23 EuroLeague transactions,False,search,bio_name,1996.0,exact_match,exact_birth_year
P011940,"WINSTON, CASSIUS",Cassius Winston,Cassius Winston,https://en.wikipedia.org/wiki/Cassius_Winston,Point guard,Point Guard,matched,,Cassius Winston; 2025–26 EuroCup Basketball; FC Bayern Munich (basketball); 2024–25 Basketball Champions League; EuroCup Basketball MVP of the Round; BC Rytas,False,direct,bio_name,1998.0,exact_match,exact_birth_year
PTFY,"WINSTON, KENNEDY",Kennedy Winston,Kennedy Winston,https://en.wikipedia.org/wiki/Kennedy_Winston,Shooting guard / Small forward,Shooting Guard,matched,,Kennedy Winston; 2026 EuroCup Basketball Playoffs; Panathinaikos B.C.; FIBA EuroCup All-Star Day; Türk Telekom B.K.,True,direct,bio_name,1984.0,exact_match,exact_birth_year
PJQE,"WISNIEWSKI, ANDREW",Andrew Wisniewski,Andrew Wisniewski,https://en.wikipedia.org/wiki/Andrew_Wisniewski,Point guard,Point Guard,matched,,Andrew Wisniewski; ABA League; Anadolu Efes S.K.; EuroCup Basketball individual statistics; FIBA EuroCup All-Star Day,False,direct,bio_name,1981.0,exact_match,exact_birth_year
P005851,"WISNIEWSKI, LUKASZ",Lukasz Wisniewski,Łukasz Wiśniewski,https://en.wikipedia.org/wiki/Łukasz_Wiśniewski,,,page_found_not_basketball_player,Wikipedia page(s) found but none identifiable as a basketball-biography page,Łukasz Wiśniewski; Poland men's national basketball team; Polish Basketball All-Star Game; 2014–15 Euroleague squads; Rosters of the top basketball teams in European club competitions; 2025 Polish Basketball Cup,False,direct,bio_name,,unavailable,
PKPQ,"WITKA, ROBERT",Robert Witka,Poland men's national basketball team,https://en.wikipedia.org/wiki/Poland_men's_national_basketball_team,,,page_found_not_basketball_player,Wikipedia page(s) found but none identifiable as a basketball-biography page,Poland men's national basketball team; Rosters of the top basketball teams in European club competitions; Turów Zgorzelec; Polish Basketball All-Star Game,False,search,bio_name,,unavailable,
P001990,"WOHLFARTH-BOTTERMANN, JONAS",Jonas Wohlfarth-bottermann,Jonas Wohlfarth-Bottermann,https://en.wikipedia.org/wiki/Jonas_Wohlfarth-Bottermann,Center,Center,matched,,Jonas Wohlfarth-Bottermann; Telekom Baskets Bonn; 2014–15 Euroleague squads; FIBA EuroChallenge individual statistics; 2018–19 BBL-Pokal,False,search,bio_name,1990.0,exact_match,exact_birth_year
P004691,"WOHLRATH, KEVIN",Kevin Wohlrath,,,,,no_page_found,Wikipedia search returned no results,,False,,bio_name,,unavailable,
P003389,"WOJCIECHOWSKI, MATHIEU",Mathieu Wojciechowski,Mathieu Wojciechowski,https://en.wikipedia.org/wiki/Mathieu_Wojciechowski,Power forward,Power Forward,matched,,Mathieu Wojciechowski; JL Bourg Basket; Élite 2 (basketball); Limoges CSP; Rosters of the top basketball teams in European club competitions; 2015–16 Euroleague squads,False,direct,bio_name,1992.0,exact_match,exact_birth_year
PBCE,"WOLKOWYSKY, RUBEN",Ruben Wolkowysky,,,,,no_page_found,Wikipedia search returned no results,,False,,bio_name,,unavailable,
P006555,"WOLTERS, NATE",Nate Wolters,Nate Wolters,https://en.wikipedia.org/wiki/Nate_Wolters,Point guard,Point Guard,matched,,Nate Wolters; Basketball League of Serbia; 2021–22 KK Crvena zvezda season; Maccabi Tel Aviv B.C.; KK Crvena zvezda,False,direct,bio_name,1991.0,exact_match,exact_birth_year
P013775,"WONG, ISAIAH",Isaiah Wong,Isaiah Wong,https://en.wikipedia.org/wiki/Isaiah_Wong,Shooting guard / point guard,Shooting Guard,matched,,Isaiah Wong; List of 2025–26 EuroLeague transactions; List of 2024–25 EuroLeague transactions; BC Žalgiris; 2025–26 BC Žalgiris season,True,direct,bio_name,2001.0,exact_match,exact_birth_year
P001459,"WOOD, DASHAUN",Dashaun Wood,EuroCup Basketball individual statistics,https://en.wikipedia.org/wiki/EuroCup_Basketball_individual_statistics,,,page_found_not_basketball_player,Wikipedia page(s) found but none identifiable as a basketball-biography page,EuroCup Basketball individual statistics; Limoges CSP; 2011–12 Eurocup Basketball; EuroCup Basketball MVP of the Round; Le Mans Sarthe Basket,False,search,bio_name,,unavailable,
P003455,"WOODSIDE, BEN",Ben Woodside,Ben Woodside,https://en.wikipedia.org/wiki/Ben_Woodside,Point guard,Point Guard,matched,,Ben Woodside; BCM Gravelines-Dunkerque; 2010–11 FIBA EuroChallenge; Cameron Young (basketball); Georgian Superliga; FIBA EuroChallenge individual statistics,False,direct,bio_name,,unavailable,nationality_field
PTFG,"WOODS, LOREN",Loren Woods,Loren Woods,https://en.wikipedia.org/wiki/Loren_Woods,Center,Center,matched,,Loren Woods; Sterling Brown (basketball); BC Žalgiris; EuroLeague MVP of the Round; 2008–09 Euroleague,False,direct,bio_name,1978.0,exact_match,exact_birth_year
PTFV,"WOODS, QYNTEL",Qyntel Woods,Qyntel Woods,https://en.wikipedia.org/wiki/Qyntel_Woods,Small forward / shooting guard,Small Forward,matched,,Qyntel Woods; Olympiacos B.C.; Arka Gdynia (basketball); 2009–10 Euroleague; EuroLeague season statistical leaders,True,direct,bio_name,1981.0,exact_match,exact_birth_year
PTEM,"WRIGHT, BRACEY",Bracey Wright,Bracey Wright,https://en.wikipedia.org/wiki/Bracey_Wright,Shooting guard / point guard,Shooting Guard,matched,,Bracey Wright; Hapoel Jerusalem B.C.; EuroCup Basketball All-EuroCup Team; EuroCup Basketball MVP of the Round; KK Cedevita,True,direct,bio_name,1984.0,exact_match,exact_birth_year
PJXK,"WRIGHT, BRENT",Brent Wright,Brent Wright,https://en.wikipedia.org/wiki/Brent_Wright,Power forward,Power Forward,matched,,Brent Wright; EuroLeague MVP of the Round; Olympiacos B.C.; Rosters of the champion and finalist teams of EuroLeague; FIBA EuroCup All-Star Day,False,direct,bio_name,1978.0,exact_match,exact_birth_year
P005968,"WRIGHT, CHRIS",Chris Wright,"Chris Wright (basketball, born 1988)","https://en.wikipedia.org/wiki/Chris_Wright_(basketball,_born_1988)",Power forward,Power Forward,matched,,"Chris Wright; Chris Wright (basketball, born 1988); List of 2026–27 EuroLeague transactions; EuroLeague MVP of the Month; List of 2025–26 EuroLeague transactions; EuroLeague MVP of the Round",False,search,bio_name,1988.0,exact_match,exact_birth_year
P008049,"WRIGHT, DORELL",Dorell Wright,Dorell Wright,https://en.wikipedia.org/wiki/Dorell_Wright,Small forward,Small Forward,matched,,Dorell Wright; 2017–18 EuroLeague; PBC Lokomotiv Kuban; EuroLeague MVP of the Round; Chinese Basketball Association,False,direct,bio_name,1985.0,exact_match,exact_birth_year
P012606,"WRIGHT IV, MCKINLEY",Mckinley Wright Iv,McKinley Wright IV,https://en.wikipedia.org/wiki/McKinley_Wright_IV,Point guard,Point Guard,matched,,McKinley Wright IV; Dubai Basketball; 2025–26 EuroLeague; List of 2026–27 EuroLeague transactions; EuroLeague MVP of the Month,False,search,bio_name,1998.0,exact_match,exact_birth_year
P005954,"WRIGHT, JULIAN",Julian Wright,Julian Wright,https://en.wikipedia.org/wiki/Julian_Wright,Power forward / center,Power Forward,matched,,Julian Wright; Tanisha Wright; EuroCup Basketball All-EuroCup Team; Panathinaikos B.C.; P. League+,True,direct,bio_name,1987.0,exact_match,exact_birth_year
P012878,"WRIGHT, MOSES",Moses Wright,Moses Wright,https://en.wikipedia.org/wiki/Moses_Wright,Center,Center,matched,,Moses Wright; 2025–26 EuroLeague; List of 2026–27 EuroLeague transactions; 2025 EuroLeague Final Four; 2024 EuroLeague Final Four,False,direct,bio_name,1998.0,exact_match,exact_birth_year
PKSU,"WRIGHT, RASHAD",Rashad Wright,Rashad Wright,https://en.wikipedia.org/wiki/Rashad_Wright,Point guard,Point Guard,matched,,Rashad Wright; Lebanese Basketball League; EuroCup Basketball individual statistics; Shelden Williams; BK Ventspils,False,direct,bio_name,1982.0,exact_match,exact_birth_year
P001820,"WRIGHT, ZACK",Zack Wright,Zack Wright,https://en.wikipedia.org/wiki/Zack_Wright,Point guard / shooting guard,Point Guard,matched,,Zack Wright; AS Monaco Basket; EuroCup Basketball MVP of the Round; Panathinaikos B.C.; Limoges CSP,True,direct,bio_name,1985.0,exact_match,exact_birth_year
PJLA,"XANTHOPOULOS, VASSILIS",Vassilis Xanthopoulos,Vassilis Xanthopoulos,https://en.wikipedia.org/wiki/Vassilis_Xanthopoulos,Head coach,,position_text_unrecognized,Could not map position text to a canonical position: 'Head coach',Vassilis Xanthopoulos; Greece men's national basketball team; Rosters of the champion and finalist teams of EuroLeague; Panathinaikos B.C.; Greek Basketball League,False,direct,bio_name,,unavailable,
P011386,"YAACOV, NOAM",Noam Yaacov,Noam Yaacov,https://en.wikipedia.org/wiki/Noam_Yaacov,Point guard,Point Guard,matched,,Noam Yaacov; Israel men's national basketball team; ASVEL Basket; List of 2024–25 EuroLeague transactions; Chanan Colman,False,direct,bio_name,2004.0,exact_match,exact_birth_year
P010357,"YABUSELE, GUERSCHON",Guerschon Yabusele,Guerschon Yabusele,https://en.wikipedia.org/wiki/Guerschon_Yabusele,Center / power forward,Center,matched,,Guerschon Yabusele; 2023–24 EuroLeague; List of 2026–27 EuroLeague transactions; Real Madrid Baloncesto; 2021–22 EuroLeague,True,direct,bio_name,1995.0,exact_match,exact_birth_year
P000497,"YAGMUR, MEHMET",Mehmet Yagmur,Mehmet Yağmur,https://en.wikipedia.org/wiki/Mehmet_Yağmur,Point guard,Point Guard,matched,,Mehmet Yağmur; Tofaş S.K.; Türk Telekom B.K.; Karşıyaka Basket; 2016 Turkish Basketball Cup,False,direct,bio_name,1987.0,exact_match,exact_birth_year
P004628,"YAKUSHIN, TIMOFEY",Timofey Yakushin,Robert Johnson (basketball),https://en.wikipedia.org/wiki/Robert_Johnson_(basketball),,,page_found_identity_unconfirmed,Basketball page found but birth year/nationality could not be confirmed against players_bio.csv,Robert Johnson (basketball); BC Parma,False,search,bio_name,,unavailable,
P004180,"YATAGAN, MEHMET",Mehmet Yatagan,Rosters of the top basketball teams in European club competitions,https://en.wikipedia.org/wiki/Rosters_of_the_top_basketball_teams_in_European_club_competitions,,,page_found_not_basketball_player,Wikipedia page(s) found but none identifiable as a basketball-biography page,Rosters of the top basketball teams in European club competitions,False,search,bio_name,,unavailable,
P013368,"YEBO, KEVIN",Kevin Yebo,Kevin Yebo,https://en.wikipedia.org/wiki/Kevin_Yebo,Power forward,Power Forward,matched,,Kevin Yebo; 2025–26 EuroCup Basketball; 2025–26 Basketball Bundesliga; List of 2024–25 EuroLeague transactions; 2025–26 FC Barcelona Bàsquet season; 2022–23 Basketball Bundesliga,False,direct,bio_name,1996.0,exact_match,exact_birth_year
PAWP,"YILDIRIM, HALUK",Haluk Yildirim,Haluk Yıldırım,https://en.wikipedia.org/wiki/Haluk_Yıldırım,Small forward,Small Forward,matched,,Haluk Yıldırım; Beşiktaş J.K. (men's basketball); Galatasaray S.K. (men's basketball); Turkey men's national basketball team; Turkish Basketball Super League All-Star Game; Rosters of the top basketball teams in European club competitions,False,direct,bio_name,1972.0,exact_match,exact_birth_year
P004093,"YILDIZLI, BURAKCAN",Burakcan Yildizli,,,,,no_page_found,Wikipedia search returned no results,,False,,bio_name,,unavailable,
P006372,"YILMAZ, ERKAN",Erkan Yilmaz,Erkan Yılmaz,https://en.wikipedia.org/wiki/Erkan_Yılmaz,Small forward,Small Forward,matched,,Erkan Yılmaz; Fenerbahçe S.K. (basketball); Anadolu Efes S.K.; List of 2025–26 EuroLeague transactions; Türk Telekom B.K.,False,search,bio_name,1997.0,exact_match,exact_birth_year
P002753,"YIVZORI, DAGAN",Dagan Yivzori,Dagan Yivzori,https://en.wikipedia.org/wiki/Dagan_Yivzori,Shooting guard,Shooting Guard,matched,,Dagan Yivzori; Israel men's national basketball team; Maccabi Haifa B.C.; 2011–12 Israeli Basketball Super League; 2015–16 Euroleague squads,False,direct,bio_name,1985.0,exact_match,exact_birth_year
P005984,"YOUNG, PATRIC",Patric Young,Patric Young,https://en.wikipedia.org/wiki/Patric_Young,Center,Center,matched,,Patric Young; Olympiacos B.C.; 2017 EuroLeague Final Four; EuroLeague MVP of the Round; Rosters of the champion and finalist teams of EuroLeague,False,direct,bio_name,1992.0,exact_match,exact_birth_year
P005353,"YURTSEVEN, OMER",Omer Yurtseven,Ömer Yurtseven,https://en.wikipedia.org/wiki/Ömer_Yurtseven,Center,Center,matched,,Ömer Yurtseven; Fenerbahçe S.K. (basketball); 2024–25 EuroLeague; 2025 EuroLeague Final Four; Real Madrid Baloncesto,False,direct,bio_name,1998.0,exact_match,exact_birth_year
P005983,omer-faruk-yurtseven,Omer Faruk Yurtseven,Ömer Yurtseven,https://en.wikipedia.org/wiki/Ömer_Yurtseven,,,page_found_identity_unconfirmed,"Basketball page found but identity could not be confirmed via birth year, a nationality-field match, or a direct name match.",Ömer Yurtseven; Fenerbahçe S.K. (basketball); 2014–15 Fenerbahçe S.K. (basketball) season; Fenerbahçe (men's basketball) past rosters; 2024–25 Fenerbahçe S.K. (basketball) season,False,search,slug_fallback,1998.0,unavailable,
P005368,"YUSTA, SANTI",Santi Yusta,Santiago Yusta,https://en.wikipedia.org/wiki/Santiago_Yusta,Small forward,Small Forward,matched,,Santiago Yusta; List of 2026–27 EuroLeague transactions; Spain men's national basketball team; 2025–26 ACB season; 2019–20 Real Madrid Baloncesto season,False,direct,bio_name,1997.0,exact_match,exact_birth_year
PTFF,"ZABELIN, ARTEM",Artem Zabelin,Artem Zabelin,https://en.wikipedia.org/wiki/Artem_Zabelin,Center,Center,matched,,Artem Zabelin; Rosters of the champion and finalist teams of EuroLeague; BC Avtodor; Rosters of the top basketball teams in European club competitions; 2008 Euroleague Final Four,False,direct,bio_name,1988.0,exact_match,exact_birth_year
P008104,"ZAGARS, ARTURS",Arturs Zagars,Artūrs Žagars,https://en.wikipedia.org/wiki/Artūrs_Žagars,Point guard,Point Guard,matched,,Artūrs Žagars; Fenerbahçe S.K. (basketball); List of 2026–27 EuroLeague transactions; 2024–25 Fenerbahçe S.K. (basketball) season; 2023–24 Fenerbahçe S.K. (basketball) season,False,direct,bio_name,2000.0,exact_match,exact_birth_year
P007186,"ZAKHAROV, DENIS",Denis Zakharov,Rosters of the champion and finalist teams of EuroLeague,https://en.wikipedia.org/wiki/Rosters_of_the_champion_and_finalist_teams_of_EuroLeague,,,page_found_not_basketball_player,Wikipedia page(s) found but none identifiable as a basketball-biography page,Rosters of the champion and finalist teams of EuroLeague; BC UNICS; 2022–23 KK Partizan season; Rosters of the top basketball teams in European club competitions; List of 2020–21 EuroLeague transactions,False,search,bio_name,,unavailable,
P003533,"ZALMANSON, IDAN",Idan Zalmanson,Idan Zalmanson,https://en.wikipedia.org/wiki/Idan_Zalmanson,Power forward / center,Power Forward,matched,,Idan Zalmanson; Israel men's national basketball team; 2025–26 Israeli Basketball Premier League; 2016–17 Israeli Basketball Super League; Rafi Menco; Maccabi Rishon LeZion (basketball),True,direct,bio_name,1995.0,exact_match,exact_birth_year
P006013,"ZALMANSON, TOMER",Tomer Zalmanson,Israel men's national basketball team,https://en.wikipedia.org/wiki/Israel_men's_national_basketball_team,,,page_found_not_basketball_player,Wikipedia page(s) found but none identifiable as a basketball-biography page,Israel men's national basketball team; 2016–17 Israeli Basketball Super League; 2025–26 Israeli Basketball Premier League; 2023–24 Israeli Basketball Premier League; 2025 Israeli Basketball State Cup,False,search,bio_name,,unavailable,
P000039,"ZAMANSKIY, IGOR",Igor Zamanskiy,Terrell Lyday,https://en.wikipedia.org/wiki/Terrell_Lyday,,,birth_year_small_discrepancy,"Birth year differs by 1-2 years (players_bio.csv=1977, wikipedia=1979); not auto-accepted, flagged for review.",Terrell Lyday; Rosters of the top basketball teams in European club competitions,False,search,bio_name,1979.0,small_discrepancy,
PLPY,"ZAMOJSKI, PRZEMYSLAW",Przemyslaw Zamojski,Przemysław Zamojski,https://en.wikipedia.org/wiki/Przemysław_Zamojski,Shooting guard,Shooting Guard,matched,,Przemysław Zamojski; Poland men's national basketball team; KK Włocławek; Rosters of the top basketball teams in European club competitions; 2015–16 Euroleague squads,False,direct,bio_name,1986.0,exact_match,exact_birth_year
PKPV,"ZAVACKAS, DONATAS",Donatas Zavackas,Donatas Zavackas,https://en.wikipedia.org/wiki/Donatas_Zavackas,Power forward,Power Forward,matched,,Donatas Zavackas; BC Rytas; Victoria Libertas Pallacanestro; BC Dnipro; BBL All-Star Game,False,direct,bio_name,1980.0,exact_match,exact_birth_year
P001792,"ZAITCEV, VIACHESLAV",Viacheslav Zaitcev,,,,,no_page_found,Wikipedia search returned no results,,False,,bio_name,,unavailable,
P001401,"ZERBO, FREJUS",Frejus Zerbo,Fréjus Zerbo,https://en.wikipedia.org/wiki/Fréjus_Zerbo,Center,Center,matched,,Fréjus Zerbo; Limoges CSP; 2015–16 Euroleague squads; 2014–15 Euroleague squads; 2019 FIBA Basketball World Cup squads; 2015 Match des Champions,False,direct,bio_name,1989.0,exact_match,exact_birth_year
P004551,"ZGANEC, KARLO",Karlo Zganec,Karlo Žganec,https://en.wikipedia.org/wiki/Karlo_Žganec,Power forward / center,Power Forward,matched,,Karlo Žganec; Premijer liga (Croatian basketball); KK Cedevita; U-BT Cluj-Napoca; 2016–17 ABA League; 2015–16 Euroleague squads,True,direct,bio_name,1995.0,exact_match,exact_birth_year
P007339,"ZHBANOV, GEORGY",Georgy Zhbanov,BC Zenit Saint Petersburg,https://en.wikipedia.org/wiki/BC_Zenit_Saint_Petersburg,,,page_found_not_basketball_player,Wikipedia page(s) found but none identifiable as a basketball-biography page,BC Zenit Saint Petersburg,False,search,bio_name,,unavailable,
PKVO,"ZHUKANENKO, ALEXEY",Alexey Zhukanenko,Alexey Zhukanenko,https://en.wikipedia.org/wiki/Alexey_Zhukanenko,Center,Center,matched,,Alexey Zhukanenko; Russia men's national basketball team; Russian Professional Basketball League; Rosters of the top basketball teams in European club competitions; 2015–16 Kazakhstan Basketball Championship,False,direct,bio_name,1986.0,exact_match,exact_birth_year
PLLE,"ZIGERANOVIC, IVAN",Ivan Zigeranovic,Ivan Žigeranović,https://en.wikipedia.org/wiki/Ivan_Žigeranović,Center,Center,matched,,Ivan Žigeranović; Rosters of the top basketball teams in European club competitions; U-BT Cluj-Napoca; 2014–15 Euroleague squads; 2016–17 Nemzeti Bajnokság I/A (men's basketball),False,direct,bio_name,1984.0,exact_match,exact_birth_year
P005056,"ZIPSER, PAUL",Paul Zipser,Paul Zipser,https://en.wikipedia.org/wiki/Paul_Zipser,Small forward / power forward,Small Forward,matched,,Paul Zipser; FC Bayern Munich (basketball); Basketball in Germany; Miško Ražnatović; BeoBasket,True,direct,bio_name,1994.0,exact_match,exact_birth_year
P004183,"ZIRBES, MAIK",Maik Zirbes,Maik Zirbes,https://en.wikipedia.org/wiki/Maik_Zirbes,Center,Center,matched,,Maik Zirbes; ABA League; Basketball League of Serbia; FC Bayern Munich (basketball); UAE National Basketball League,False,direct,bio_name,1990.0,exact_match,exact_birth_year
PABN,"ZISIS, NIKOS",Nikos Zisis,Nikos Zisis,https://en.wikipedia.org/wiki/Nikos_Zisis,Point guard / shooting guard,Point Guard,matched,,Nikos Zisis; Fenerbahçe S.K. (basketball); Greece men's national basketball team; AEK B.C.; Zisis Sarikopoulos,True,direct,bio_name,1983.0,exact_match,exact_birth_year
P011220,"ZIV, IFTAH",Iftah Ziv,Yiftach Ziv,https://en.wikipedia.org/wiki/Yiftach_Ziv,Point guard,Point Guard,matched,,Yiftach Ziv; List of 2025–26 EuroLeague transactions,False,direct,bio_name,1995.0,exact_match,exact_birth_year
PBXE,"ZIZIC, ANDRIJA",Andrija Zizic,Andrija Žižić,https://en.wikipedia.org/wiki/Andrija_Žižić,Power forward / center,Power Forward,matched,,Andrija Žižić; Ante Žižić; ABA League; Galatasaray S.K. (men's basketball); FC Barcelona Bàsquet,True,direct,bio_name,1980.0,exact_match,exact_birth_year
P004554,"ZIZIC, ANTE",Ante Zizic,Ante Žižić,https://en.wikipedia.org/wiki/Ante_Žižić,Center,Center,matched,,Ante Žižić; 2025–26 EuroCup Basketball; Beşiktaş J.K. (men's basketball); Andrija Žižić; ABA League,False,direct,bio_name,1997.0,exact_match,exact_birth_year
P006625,"ZOOSMAN, YOVEL",Yovel Zoosman,Yovel Zoosman,https://en.wikipedia.org/wiki/Yovel_Zoosman,Shooting guard / small forward,Shooting Guard,matched,,Yovel Zoosman; Israel men's national basketball team; Deni Avdija; 2024–25 Israeli Basketball Premier League; Maccabi Tel Aviv B.C.,True,direct,bio_name,1998.0,exact_match,exact_birth_year
PBCB,"ZORIC, LUKA",Luka Zoric,Luka Žorić,https://en.wikipedia.org/wiki/Luka_Žorić,Center,Center,matched,,Luka Žorić; Fenerbahçe S.K. (basketball); ABA League; KK Crvena zvezda; 2025–26 EuroCup Women regular season,False,direct,bio_name,1984.0,exact_match,exact_birth_year
PBOX,"ZOROSKI, IVAN",Ivan Zoroski,Ivan Zoroski,https://en.wikipedia.org/wiki/Ivan_Zoroski,Point guard / shooting guard,Point Guard,matched,,Ivan Zoroski; BC Zenit Saint Petersburg; Olympiacos B.C.; Panionios B.C.; Rosters of the top basketball teams in European club competitions,True,direct,bio_name,1979.0,exact_match,exact_birth_year
P003070,"ZOUMPOS, FOTIOS",Fotios Zoumpos,Fotios Zoumpos,https://en.wikipedia.org/wiki/Fotios_Zoumpos,Point guard / shooting guard,Point Guard,matched,,Fotios Zoumpos; Rosters of the champion and finalist teams of EuroLeague; Rosters of the top basketball teams in European club competitions; Panathinaikos B.C.; Panelefsiniakos B.C.,True,direct,bio_name,1993.0,exact_match,exact_birth_year
P002025,"ZOZULIN, ALEKSEY",Aleksey Zozulin,Aleksei Zozulin,https://en.wikipedia.org/wiki/Aleksei_Zozulin,Shooting guard,Shooting Guard,matched,,BC UNICS; Aleksei Zozulin; PBC CSKA Moscow; Russia men's national basketball team; Rosters of the top basketball teams in European club competitions,False,search,bio_name,1983.0,exact_match,exact_birth_year
PLJP,"ZUBCIC, TOMISLAV",Tomislav Zubcic,Tomislav Zubčić,https://en.wikipedia.org/wiki/Tomislav_Zubčić,Power forward / center,Power Forward,matched,,Tomislav Zubčić; 2022–23 EuroCup Basketball; KK Cedevita; Premijer liga (Croatian basketball); BC Rytas; Goran Bjedov,True,direct,bio_name,1990.0,exact_match,exact_birth_year
P003573,"ZUBKOV, ANDREY",Andrey Zubkov,Andrey Zubkov,https://en.wikipedia.org/wiki/Andrey_Zubkov,Power forward,Power Forward,matched,,Andrey Zubkov; Andrei Kirilenko; BC Zenit Saint Petersburg; USSR Premier Basketball League; Rosters of the champion and finalist teams of EuroLeague,False,direct,bio_name,1991.0,exact_match,exact_birth_year
P009033,"ZUGIC, FEDOR",Fedor Zugic,Fedor Žugić,https://en.wikipedia.org/wiki/Fedor_Žugić,Shooting guard,Shooting Guard,matched,,Fedor Žugić; List of youngest EuroLeague players since the 2000–01 season; Rosters of the top basketball teams in European club competitions; Montenegro men's national basketball team; 2019–20 Junior ABA League,False,search,bio_name,2003.0,exact_match,exact_birth_year
PADX,"ZUKAUSKAS, EURELIJUS",Eurelijus Zukauskas,Eurelijus Žukauskas,https://en.wikipedia.org/wiki/Eurelijus_Žukauskas,Center,Center,matched,,Eurelijus Žukauskas; BC Žalgiris; 1999 FIBA EuroLeague Final Four; Rosters of the champion and finalist teams of EuroLeague; LKL All-Star Game,False,direct,bio_name,1973.0,exact_match,exact_birth_year
PLHD,"ZUPAN, MIHA",Miha Zupan,Miha Zupan,https://en.wikipedia.org/wiki/Miha_Zupan,Power forward / center,Power Forward,matched,,Miha Zupan; CSM Oradea (men's basketball); Rosters of the top basketball teams in European club competitions; 2007–08 Euroleague Regular Season Group A; 2016–17 Slovenian Basketball League,True,direct,bio_name,1982.0,exact_match,exact_birth_year
PKON,"ZWIENER, PHILLIP",Phillip Zwiener,Rosters of the top basketball teams in European club competitions,https://en.wikipedia.org/wiki/Rosters_of_the_top_basketball_teams_in_European_club_competitions,,,page_found_not_basketball_player,Wikipedia page(s) found but none identifiable as a basketball-biography page,Rosters of the top basketball teams in European club competitions; BBL All-Star Game,False,search,bio_name,,unavailable,
P005701,"ZYWERT, KAMIL",Kamil Zywert,2015–16 Euroleague squads,https://en.wikipedia.org/wiki/2015–16_Euroleague_squads,,,page_found_not_basketball_player,Wikipedia page(s) found but none identifiable as a basketball-biography page,2015–16 Euroleague squads,False,search,bio_name,,unavailable,
