player_id,name,query_used,match_status,athlete_id,matched_name,matched_club,position_3cat,formation_position_name,formation_position_short,height_365,candidates
P003733,"ABALDE, ALBERTO",Alberto Abalde,exact,53139,Alberto Abalde,Real Madrid,Forward,Small Forward,SF,"6' 8""",53139:Alberto Abalde:Real Madrid
P003527,"ABASS, AWUDU",Awudu Abass,exact,53158,Awudu Abass,BC Dubai,Forward,Small Forward,SF,"6' 7""",53158:Awudu Abass:BC Dubai
P002414,"ABIA, LARRY",Larry Abia,not_found,,,,,,,,
PAWH,"ABI, MUSTAFA",Mustafa Abi,ambiguous,,,,,,,,173453:Alimat Abiola:None; 89527:Micaiah Abii:None
P012298,"ABOSI, VENIAMIN",Veniamin Abosi,exact,126320,Veniamin Abosi,,Forward,Small Forward,SF,"6' 4""",126320:Veniamin Abosi:None
PLNW,"ABOUBAKAR ZAKI, AMADOU",Amadou Aboubakar Zaki,not_found,,,,,,,,
P004191,"ABOUDOU, JORDAN",Jordan Aboudou,not_found,,,,,,,,
P003478,"ABRINES, ALEX",Alex Abrines,exact,53721,Álex Abrines,,Forward,Power Forward,PF,"6' 6""",53721:Álex Abrines:None
P005199,"ABROMAITIS, TIM",Tim Abromaitis,exact,70969,Tim Abromaitis,La Laguna Tenerife,Forward,Power Forward,PF,"6' 8""",70969:Tim Abromaitis:La Laguna Tenerife
P013027,"ACCORSI, MATTEO",Matteo Accorsi,exact,195538,Matteo Accorsi,,Guard,Point Guard,PG,"6' 2""",195538:Matteo Accorsi:None
PAWM,"AÇIK, TUTKU",Tutku Açik,not_found,,,,,,,,
PLGC,"ACKER, ALEX",Alex Acker,ambiguous,,,,,,,,104115:Lahav Ackerman:None; 109298:Ben Ackerley:None; 127203:Peyton Ackerman:None
P009847,"ACY, QUINCY",Quincy Acy,exact,53439,Quincy Acy,,Forward,Small Forward,SF,"6' 7""",53439:Quincy Acy:None
P005795,"ADAMS, DARIUS",Darius Adams,exact,149364,Darius Adams,,Guard,Point Guard,PG,"6' 1""",149364:Darius Adams:None
P012056,"ADAMS, JALEN",Jalen Adams,ambiguous,,,,,,,,53726:Steven Adams:Houston Rockets; 102633:Jaylen Adams:Parma; 89340:Julian Adams:Drexel; 89958:Brendan Adams:Parma; 108562:KJ Adams Jr.:None; 71054:Adams Sola:Movistar Estudiantes; 120636:Prince Ali:None; 147565:Marcus Adams Jr.:None; 202516:Destiny Adams:None; 109382:Darian Adams:Jacksonville State; 149364:Darius Adams:None
P011963,"ADAMS, JAYLEN",Jaylen Adams,exact,102633,Jaylen Adams,Parma,Guard,Point Guard,PG,"6' 2""",102633:Jaylen Adams:Parma
P007872,"ADAMS, JOSH",Josh Adams,ambiguous,,,,,,,,53726:Steven Adams:Houston Rockets; 102633:Jaylen Adams:Parma; 89340:Julian Adams:Drexel; 89958:Brendan Adams:Parma; 108562:KJ Adams Jr.:None; 71054:Adams Sola:Movistar Estudiantes; 120636:Prince Ali:None; 147565:Marcus Adams Jr.:None; 202516:Destiny Adams:None; 109382:Darian Adams:Jacksonville State; 149364:Darius Adams:None
P002532,"ADJAGBA, ULYSSE",Ulysse Adjagba,not_found,,,,,,,,
PJIX,"AGADAKOS, LAZAROS",Lazaros Agadakos,not_found,,,,,,,,
P004429,"AGRAVANIS, DIMITRIS",Dimitris Agravanis,ambiguous,,,,,,,,53231:Dimitrios Agravanis:Ningbo Rockets; 72615:Ioannis Agravanis:None
PKSF,"AGUILAR, PABLO",Pablo Aguilar,exact,78377,Pablo Aguilar,,Forward,Power Forward,PF,"6' 8""",78377:Pablo Aguilar:None
P005171,"AHEARN, BLAKE",Blake Ahearn,not_found,,,,,,,,
PLHF,"AJINCA, ALEXIS",Alexis Ajinca,exact,143302,Melvin Ajinca,Le Mans,Forward,Small Forward,SF,"6' 8""",143302:Melvin Ajinca:Le Mans
P010316,"AJINCA, MELVIN",Melvin Ajinca,exact,143302,Melvin Ajinca,Le Mans,Forward,Small Forward,SF,"6' 8""",143302:Melvin Ajinca:Le Mans
P007647,"AKAY, MERT",Mert Akay,exact,64442,Mert Akay,,Forward,Small Forward,SF,"6' 5""",64442:Mert Akay:None
P011816,"AKELE, NICOLA",Nicola Akele,exact,121961,Nicola Akele,,Forward,Power Forward,PF,"6' 8""",121961:Nicola Akele:None
P000728,"AKINDELE, JELEEL",Jeleel Akindele,not_found,,,,,,,,
PJVE,"AKIN, FIKRET CAN",Fikret Can Akin,ambiguous,,,,,,,,108570:James Akinjo:Ironi Ness Ziona; 109138:Jaden Akins:Motor City Cruise; 172416:Akin De Souza:Rio Claro Basquete; 121952:Berk Akin:Bursaspor Durmazlar; 125996:Dan Akin:Kolossos Rhodes; 108602:Babatunde Akingbola:None
P000645,"AKINGBALA, AKIN",Akin Akingbala,not_found,,,,,,,,
P007394,"AKOGNON, JOSH",Josh Akognon,not_found,,,,,,,,
P004056,"AKPINAR, ISMET",Ismet Akpinar,exact,69974,Ismet Akpinar,Bahçeşehir Koleji,Guard,Point Guard,PG,"6' 3""",69974:Ismet Akpinar:Bahçeşehir Koleji
PBXK,"AKYOL, CENK",Cenk Akyol,not_found,,,,,,,,
P006785,"ALBER, EIDAN",Eidan Alber,exact,71146,Idan Alber,Hapoel Afula,Guard,Shooting Guard,SG,"6' 4""",71146:Idan Alber:Hapoel Afula
P003425,"ALBICY, ANDREW",Andrew Albicy,exact,69972,Andrew Albicy,Gran Canaria,Guard,Point Guard,PG,"5' 10""",69972:Andrew Albicy:Gran Canaria
P003328,"ALDEMIR, FURKAN",Furkan Aldemir,exact,136264,Aldemiro João,,Center,Center,C,"6' 9""",136264:Aldemiro João:None
PCIT,"ALEKSANDROV, NEMANJA",Nemanja Aleksandrov,exact,224163,Rihards Aleksandrovs,VEF Riga,Forward,Power Forward,PF,"6' 7""",224163:Rihards Aleksandrovs:VEF Riga
P001206,"ALEKSIC, VUKASIN",Vukasin Aleksic,not_found,,,,,,,,
P006195,"ALEXANDER, JOE",Joe Alexander,exact,73034,Joe Alexander,,Forward,Power Forward,PF,"6' 8""",73034:Joe Alexander:None
P011973,"ALEXANDER, KYLE",Kyle Alexander,exact,86621,Kyle Alexander,Turk Telekom,Forward,Power Forward,PF,"6' 10""",86621:Kyle Alexander:Turk Telekom
PJCF,"ALIJEVAS, ROLANDAS",Rolandas Alijevas,not_found,,,,,,,,
PLII,"ALLERME, CLEMENT",Clement Allerme,not_found,,,,,,,,
P010105,"ALMANSA, IZAN",Izan Almansa,exact,161402,Izan Almansa,Real Madrid,Forward,Center,C,"6' 10""",161402:Izan Almansa:Real Madrid
P002810,"ALMAZAN, PABLO",Pablo Almazan,exact,70896,Pablo Almazán,San Pablo Burgos,Guard,Shooting Guard,SG,"6' 7""",70896:Pablo Almazán:San Pablo Burgos
P010623,"ALOCEN, CARLOS",Carlos Alocen,exact,67489,Carlos Alocén,Gran Canaria,Guard,Point Guard,PG,"6' 2""",67489:Carlos Alocén:Gran Canaria
P014005,"ALSTON JR., DERRICK",Derrick Alston Jr.,exact,102921,Derrick Alston Jr.,Virtus Bologna,Forward,Power Forward,PF,"6' 9""",102921:Derrick Alston Jr.:Virtus Bologna
P004992,"ALTINTIG, CAN",Can Altintig,not_found,,,,,,,,
P002875,"ALTIT, BEN AVI ALBERT",Ben Avi Albert Altit,exact,64797,Ben Altit,Cluj Napoca,Center,Center,C,"6' 10""",64797:Ben Altit:Cluj Napoca
P012417,"ALTUNTAS, SALIH",Salih Altuntas,exact,147290,Salih Altuntas,Miami,Center,Center,C,"6' 10""",147290:Salih Altuntas:Miami
PAPH,"ALVERTIS, FRAGISKOS",Fragiskos Alvertis,not_found,,,,,,,,
P005059,"ALVITI, DAVIDE",Davide Alviti,exact,104065,Davide Alviti,Pallacanestro Varese,Guard,Point Guard,PG,"6' 6""",104065:Davide Alviti:Pallacanestro Varese
PCNZ,"AMAGOU, PAPE PHILIPPE",Pape Philippe Amagou,not_found,,,,,,,,
P008977,"AMAIZE, ROBIN",Robin Amaize,exact,64383,Robin Amaize,Rostock Seawolves,Guard,Shooting Guard,SG,"6' 5""",64383:Robin Amaize:Rostock Seawolves
P002851,"AMATO, ANDREA",Andrea Amato,exact,89829,Isaiah Amato,Eastern Washington,Guard,,,"6' 5""",89829:Isaiah Amato:Eastern Washington
P012378,"AMINI, MOHAMMAD",Mohammad Amini,exact,129114,Mohammad Amini,Nancy,Forward,Small Forward,SF,"6' 7""",129114:Mohammad Amini:Nancy
PBZO,"ANAGONYE, ALOYSIUS",Aloysius Anagonye,not_found,,,,,,,,
PAKT,"ANDERSEN, DAVID",David Andersen,exact,148744,Bennett Andersen,,Guard,,,"6' 2""",148744:Bennett Andersen:None
PTGV,"ANDERSON, ALAN",Alan Anderson,ambiguous,,,,,,,,53549:Kyle Anderson:Toronto Raptors; 53405:Justin Anderson:BC Dubai; 53585:Ryan Anderson:None; 69959:Anderson Varejao:None; 53268:James Anderson:None; 190889:Christian Anderson:Charlotte Hornets; 73534:Anderson Rodrigues:São José; 89368:Alphonso Anderson:Diablos Rojos del Mexico; 137233:Anderson Correia:None; 73613:Anderson Barbosa:Paulistano; 71049:Karvel Anderson:None; 89503:Avery Anderson III:Górnik Wałbrzych; 111257:Yvonne Anderson:None; 90116:Ethan Anderson:None; 71193:Eric Anderson:None; 90133:Daryl Anderson:None; 123170:Dylan Anderson:Boise State; 128105:Joe Anderson:Lipscomb; 128734:Cole Anderson:UC Santa Barbara; 83924:Kyan Anderson:None; 89558:Trevor Anderson:Valparaiso; 109613:Kevin Anderson:MBK Lucenec; 117987:Jamell Anderson:Manchester Giants; 123639:Anderson Jr:None; 172446:Zion Anderson:None; 179927:Jerime Anderson:Gambusinos De Fresnillo; 231355:Blake Anderson:Miami (OH); 89449:Damezi Anderson:None; 90110:McKay Anderson:None; 145938:Lachlan Anderson:Brisbane Bullets; 147860:Courtney Anderson:Colorado; 151772:Roddie Anderson:Xavier; 189156:Jack Anderson:Marquette; 192260:Tucker Anderson:Utah State; 192606:Nick Anderson:None; 194359:Terry Anderson:High Point; 196351:Treyson Anderson:North Dakota State; 237653:Dayjaun Anderson:UL Monroe; 245957:Bryan Anderson:Piratas de Bogotá
P005938,"ANDERSON, JAMES",James Anderson,exact,53268,James Anderson,,Guard,Power Forward,PF,"6' 6""",53268:James Anderson:None
P012795,"ANDERSON, JUSTIN",Justin Anderson,exact,53405,Justin Anderson,BC Dubai,Forward,Small Forward,SF,"6' 6""",53405:Justin Anderson:BC Dubai
P000183,"ANDERSON, LUKE BURKETT",Luke Burkett Anderson,ambiguous,,,,,,,,53549:Kyle Anderson:Toronto Raptors; 53405:Justin Anderson:BC Dubai; 53585:Ryan Anderson:None; 69959:Anderson Varejao:None; 53268:James Anderson:None; 190889:Christian Anderson:Charlotte Hornets; 73534:Anderson Rodrigues:São José; 89368:Alphonso Anderson:Diablos Rojos del Mexico; 137233:Anderson Correia:None; 73613:Anderson Barbosa:Paulistano; 71049:Karvel Anderson:None; 89503:Avery Anderson III:Górnik Wałbrzych; 111257:Yvonne Anderson:None; 90116:Ethan Anderson:None; 71193:Eric Anderson:None; 90133:Daryl Anderson:None; 123170:Dylan Anderson:Boise State; 128105:Joe Anderson:Lipscomb; 128734:Cole Anderson:UC Santa Barbara; 83924:Kyan Anderson:None; 89558:Trevor Anderson:Valparaiso; 109613:Kevin Anderson:MBK Lucenec; 117987:Jamell Anderson:Manchester Giants; 123639:Anderson Jr:None; 172446:Zion Anderson:None; 179927:Jerime Anderson:Gambusinos De Fresnillo; 231355:Blake Anderson:Miami (OH); 89449:Damezi Anderson:None; 90110:McKay Anderson:None; 145938:Lachlan Anderson:Brisbane Bullets; 147860:Courtney Anderson:Colorado; 151772:Roddie Anderson:Xavier; 189156:Jack Anderson:Marquette; 192260:Tucker Anderson:Utah State; 192606:Nick Anderson:None; 194359:Terry Anderson:High Point; 196351:Treyson Anderson:North Dakota State; 237653:Dayjaun Anderson:UL Monroe; 245957:Bryan Anderson:Piratas de Bogotá
P011248,"ANDREWS, ANDREW",Andrew Andrews,exact,78427,Andrew Andrews,Zhejiang Golden Bulls,Guard,Point Guard,PG,"6' 2""",78427:Andrew Andrews:Zhejiang Golden Bulls
PJDQ,"ANDRIC, LUKSA",Luksa Andric,exact,203615,Lukša Andric,Dubrovnik,Forward,Small Forward,SF,"6' 6""",203615:Lukša Andric:Dubrovnik
P002574,"ANDRIC, MIHAJILO",Mihajilo Andric,ambiguous,,,,,,,,106294:Mihajlo Andric:Breogán; 203615:Lukša Andric:Dubrovnik
P000956,"ANDUSIC, DANILO",Danilo Andusic,exact,81660,Danilo Andjusic,Aris Bsa,Guard,Shooting Guard,SG,"6' 4""",81660:Danilo Andjusic:Aris Bsa
P010465,"ANGOLA, BRAIAN",Braian Angola,exact,72384,Braian Angola,ASVEL Villeurbanne,Guard,Shooting Guard,SG,"6' 6""",72384:Braian Angola:ASVEL Villeurbanne
P004327,"ANIKIIENKO, KOSTIANTYN",Kostiantyn Anikiienko,not_found,,,,,,,,
PTFN,"ANISIMOV, MICHAILIS",Michailis Anisimov,not_found,,,,,,,,
P011221,"ANTETOKOUNMPO, KOSTAS",Kostas Antetokounmpo,exact,64137,Kostas Antetokounmpo,Aris Bsa,Center,Center,C,"6' 10""",64137:Kostas Antetokounmpo:Aris Bsa
P007865,"ANTETOKOUNMPO, THANASIS",Thanasis Antetokounmpo,exact,53228,Thanasis Antetokounmpo,Milwaukee Bucks,Forward,Power Forward,PF,"6' 6""",53228:Thanasis Antetokounmpo:Milwaukee Bucks
PBAE,"ANTIC, PERO",Pero Antic,exact,145173,Grant Anticevich,,Forward,Small Forward,SF,"6' 8""",145173:Grant Anticevich:None
P002026,"ANTIPOV, PAVEL",Pavel Antipov,exact,72655,Pavel Antipov,,Forward,Small Forward,SF,"6' 8""",72655:Pavel Antipov:None
P004941,"ANTONOV, SEMEN",Semen Antonov,exact,53244,Semen Antonov,CSKA Moscow,Forward,Small Forward,SF,"6' 8""",53244:Semen Antonov:CSKA Moscow
P000781,"APARICIO, ANGEL",Angel Aparicio,not_found,,,,,,,,
P003945,"APIC, DRAGAN",Dragan Apic,exact,53863,Dragan Apic,Breogán,Center,Coach,,"6' 9""",53863:Dragan Apic:Breogán
PAOC,"APOSTOLIDIS, GEORGIOS",Georgios Apostolidis,not_found,,,,,,,,
PTEQ,"ARADORI, PIETRO",Pietro Aradori,exact,83821,Pietro Aradori,Fortitudo Bologna,Guard,Shooting Guard,SG,"6' 5""",83821:Pietro Aradori:Fortitudo Bologna
P003263,"ARANITOVIC, PETAR",Petar Aranitovic,exact,204137,Petar Aranitovic,KK Cibona Zagreb,Guard,Shooting Guard,SG,"6' 5""",204137:Petar Aranitovic:KK Cibona Zagreb
P004402,"ARAPOVIC, MARKO",Marko Arapovic,exact,72830,Marko Arapović,KK Krka Novo Mesto,Center,Center,C,"6' 9""",72830:Marko Arapović:KK Krka Novo Mesto
P005813,"ARAR, EGE",Ege Arar,exact,69965,Ege Arar,Trabzonspor Medical Park,Center,Center,C,"6' 10""",69965:Ege Arar:Trabzonspor Medical Park
PKBD,"ARCHIBALD, ROBERT",Robert Archibald,not_found,,,,,,,,
PDBE,"ARCHIBONG, KOKO",Koko Archibong,not_found,,,,,,,,
PBKY,"ARIGBABU, STEPHEN",Stephen Arigbabu,not_found,,,,,,,,
P007516,"ARLAUSKAS, MARTYNAS",Martynas Arlauskas,not_found,,,,,,,,
P003331,"ARMSTRONG, HILTON",Hilton Armstrong,exact,64736,Hilton Armstrong,,,,,,64736:Hilton Armstrong:None
P014141,"ARMSTRONG, TARAN",Taran Armstrong,exact,145980,Taran Armstrong,,Guard,Point Guard,PG,"6' 6""",145980:Taran Armstrong:None
P005348,"ARNA, EGEHAN",Egehan Arna,exact,53875,Egehan Arna,Esenler Erokspor,Forward,Small Forward,SF,"6' 8""",53875:Egehan Arna:Esenler Erokspor
P002508,"ARNAU, VICTOR",Victor Arnau,ambiguous,,,,,,,,70901:Arnau Parrado:HLA Alicante; 89981:Arnaud Revaz:None
PBCA,"ARROYO, CARLOS",Carlos Arroyo,ambiguous,,,,,,,,191955:Ignacio Arroyo:Monbus Obradoiro; 178922:Paulo Arroyo:Astros De Jalisco
P008025,"ARSENOPOULOS, NIKOLAOS",Nikolaos Arsenopoulos,exact,142005,Nikolaos Arsenopoulos,AEK,Guard,Point Guard,PG,"6' 5""",142005:Nikolaos Arsenopoulos:AEK
PARN,"ARSLAN, ENDER",Ender Arslan,exact,82077,Ender Arsland,,Management,Coach,,,82077:Ender Arsland:None
P001589,"ARTEAGA, VICTOR",Victor Arteaga,exact,71045,Víctor Arteaga,Mineros de Zacatecas,Center,Center,C,"6' 11""",71045:Víctor Arteaga:Mineros de Zacatecas
P000709,"ASIK, OMER FARUK",Omer Faruk Asik,not_found,,,,,,,,
P005961,"ASTAPKOVICH, ANTON",Anton Astapkovich,exact,72649,Anton Astapkovich,CSKA Moscow,Guard,Power Forward,PF,"6' 8""",72649:Anton Astapkovich:CSKA Moscow
P012268,"ATAMNA, ADAM",Adam Atamna,exact,222323,Adam Atamna,Ratiopharm Ulm,Guard,Point Guard,PG,"6' 2""",222323:Adam Atamna:Ratiopharm Ulm
P004290,"ATHINAIOU, IOANNIS",Ioannis Athinaiou,exact,83809,Ioannis Athinaiou,,Guard,Point Guard,PG,,83809:Ioannis Athinaiou:None
P007674,"ATIAS, YONATAN",Yonatan Atias,exact,72711,Yonatan Atias,Maccabi Ironi Ramat Gan,Center,Center,C,"6' 9""",72711:Yonatan Atias:Maccabi Ironi Ramat Gan
P000185,"ATSUR, ENGIN",Engin Atsur,exact,150110,Ata Atsuren,,Guard,Point Guard,PG,"6' 3""",150110:Ata Atsuren:None
P007948,"AUGUSTE, ZACH",Zach Auguste,exact,53225,Zach Auguste,,Center,Center,C,"6' 10""",53225:Zach Auguste:None
P001438,"AUGUSTINE, JAMES",James Augustine,exact,53144,James Augustine,,,,,"6' 10""",53144:James Augustine:None
P010798,"AVDALAS, NEOKLIS",Neoklis Avdalas,exact,105437,Neoklis Avdalas,North Carolina,Guard,Shooting Guard,SG,"6' 5""",105437:Neoklis Avdalas:North Carolina
PAUQ,"AVDALOVIC, VULE",Vule Avdalovic,not_found,,,,,,,,
P007675,"AVDIJA, DENI",Deni Avdija,exact,64366,Deni Avdija,Portland Trail Blazers,Forward,Small Forward,SF,"6' 9""",64366:Deni Avdija:Portland Trail Blazers
P003983,"AVRAMOVIC, ALEKSA",Aleksa Avramovic,exact,70872,Aleksa Avramovic,,Guard,Shooting Guard,SG,"6' 3""",70872:Aleksa Avramovic:None
P006904,"AYAYI, JOEL",Joel Ayayi,exact,90080,Joel Ayayi,Paris Basketball,Guard,Shooting Guard,SG,"6' 4""",90080:Joel Ayayi:Paris Basketball
P007764,"AYDIN, SERKAN",Serkan Aydin,ambiguous,,,,,,,,182004:Aydin Ibrahimov:None; 145150:Gian Aydinoglu:None; 148386:Ahmet Aydin:None; 223339:Ahmed Aydin:None; 236922:Arda Aydin:Bahçeşehir Koleji
P005927,"AYON, GUSTAVO",Gustavo Ayon,exact,53108,Gustavo Ayon,,Center,Center,C,"6' 10""",53108:Gustavo Ayon:None
P007148,"AYRES, JEFF",Jeff Ayres,not_found,,,,,,,,
PKXF,"AYUSO, LARRY",Larry Ayuso,not_found,,,,,,,,
P001761,"BABIC, LUKA",Luka Babic,exact,188005,Luka Babic,KK Dubrava,Forward,Small Forward,SF,"6' 7""",188005:Luka Babic:KK Dubrava
P003475,"BABIC, PETAR",Petar Babic,exact,188005,Luka Babic,KK Dubrava,Forward,Small Forward,SF,"6' 7""",188005:Luka Babic:KK Dubrava
PBUV,"BABRAUSKAS, STEPONAS",Steponas Babrauskas,not_found,,,,,,,,
P004943,"BABURIN, EVGENY",Evgeny Baburin,exact,69920,Evgenii Baburin,Nizhny Novgorod,Guard,Shooting Guard,SG,"6' 3""",69920:Evgenii Baburin:Nizhny Novgorod
P011286,"BACON, DWAYNE",Dwayne Bacon,exact,53481,Dwayne Bacon,BC Dubai,Forward,Small Forward,SF,"6' 6""",53481:Dwayne Bacon:BC Dubai
P014015,"BACOT JR., ARMANDO",Armando Bacot Jr.,ambiguous,,,,,,,,"53535:Anthony Davis:Washington Wizards; 53376:Kelly Oubre Jr.:Indiana Pacers; 71336:RJ Barrett:Toronto Raptors; 53622:Dennis Smith Jr.:None; 53697:Mike Conley:Boston Celtics; 71381:Kevin Porter Jr.:Milwaukee Bucks; 53509:Tim Hardaway Jr.:Miami Heat; 53563:Larry Nance Jr.:Indiana Pacers; 71333:Derrick Jones Jr.:Los Angeles Clippers; 64217:Gary Trent Jr.:Milwaukee Bucks; 53391:O.G. Anunoby:New York Knicks; 64131:Wendell Carter Jr.:Orlando Magic; 64230:Troy Brown Jr.:ADELAIDE 36ers; 64158:Danuel House Jr.:None; 64435:Derrick Walton Jr.:None; 64146:Bruce Brown Jr.:Denver Nuggets; 71522:Zach Norvell Jr.:None; 71468:Michael Porter Jr.:Brooklyn Nets; 64174:Jaren Jackson Jr.:Utah Jazz; 89245:Jaime Jaquez Jr.:Milwaukee Bucks; 108593:Jabari Smith Jr.:Houston Rockets; 109909:Scotty Pippen Jr.:Memphis Grizzlies; 102913:Jeff Dowtin Jr.:None; 53378:Otto Porter Jr.:None; 100272:Brandon Boston Jr.:None; 123123:Nick Smith Jr.:Los Angeles Lakers; 113229:Kenneth Lofton Jr.:Shanghai Sharks; 85982:K.J. Martin:None; 89135:Vince Williams Jr.:Utah Jazz; 89354:Terrence Shannon Jr.:Minnesota Timberwolves; 89962:Andre Jackson:Milwaukee Bucks; 113105:Patrick Baldwin Jr.:Crvena Zvezda; 148736:Walter Clayton Jr.:Memphis Grizzlies; 89376:Duane Washington Jr.:Bayern Munich; 89229:Marcus Bingham Jr.:Fenerbahçe; 89184:Craig Porter Jr.:Cleveland Cavaliers; 189924:RJ Luis Jr.:LSU; 108543:Tyty Washington Jr.:Los Angeles Clippers; 89649:Ron Harper Jr.:Boston Celtics; 102903:David Duke Jr.:Baxi Manresa; 226256:Darius Acuff Jr.:Sacramento Kings; 89506:Ferron Flavors Jr.:None; 86263:Kira Lewis Jr.:None; 108673:Wendell Moore Jr.:Virtus Bologna; 71443:Charlie Brown Jr.:None; 86043:Vernon Carey Jr.:None; 89353:Kevin McCullar:New York Knicks; 226248:Mikel Brown Jr.:Brooklyn Nets; 189043:Labaron Philon Jr.:Philadelphia 76ers; 108750:DJ Burns:Bnei Hertzliya; 226114:Chris Cenac Jr.:Boston Celtics; 90178:Chaundee Brown Jr.:London Lions; 105139:Wes Unseld Jr.:None; 102893:Scottie James Jr.:Tianjin Gold Lions; 102888:Ronnie Harrell:Aris Bsa; 109631:John Butler:None; 102960:RJ Nembhard:None; 83904:Kyle Allman:Turk Telekom; 146964:Jeremy Fears:Michigan State; 146408:D.J. Wagner:Maryland; 102921:Derrick Alston Jr.:Virtus Bologna; 104582:Derek Cooke:None; 89711:James Baker, Jr.:None; 128096:Joe Munden Jr.:Fairleigh Dickinson; 85946:Zu Jr:Franca; 108595:Wendell Green Jr.:None; 218941:Mike Dunleavy Jr.:Golden State Warriors; 108710:Corey Floyd,Jr.:Providence; 122889:Tarris Reed Jr.:San Antonio Spurs; 123654:Roddy Gayle Jr.:Michigan; 190876:Morez Johnson Jr.:Dallas Mavericks; 89210:James Lewis Jr.:Appalachian State; 108562:KJ Adams Jr.:None; 121939:Anthony Cowan:Mersin Buyuksehir; 89142:Corey Douglas Jr.:None; 89812:Dajuan Harris Jr.:Iowa Wolves; 102915:D.J. Stewart Jr.:Baskonia Vitoria; 110071:Phlandrous Fleming Jr.:Nancy; 64202:Melvin Frazier Jr.:None; 189917:John Mobley:Ohio State; 89568:Fabian White Jr.:Galatasaray; 108557:Kyle Cuffe Jr.:Syracuse; 148874:Kwame Evans Jr.:Oregon; 108540:Keion Brooks Jr.:None; 109615:Jameer Nelson Jr.:Stockton Kings; 128115:Greg Williams Jr.:Louisiana; 89746:Russell Jones Jr.:Winthrop; 90048:Royce Hamm Jr.:Trabzonspor Medical Park; 124278:Jamal Mashburn Jr.:Long Island Nets; 147565:Marcus Adams Jr.:None; 155600:Melvin Council:Kansas; 199922:Shizz Alston Jr.:Hapoel Afula; 225957:Kennard Davis Jr.:BYU; 89337:Tim Perry Jr.:Drexel; 89826:Kim Aiken Jr.:None; 89946:Jovan Blacksher Jr.:None; 128624:Desmond Cambridge Jr.:San Diego Clippers; 148131:Jamie Kaiser Jr.:None; 89146:Adrian Baldwin Jr.:None; 89313:Edgar Padilla Jr.:None; 89334:Lamar Oden, Jr.:Drexel; 89486:Corey Walker Jr.:None; 89668:Keith Dinwiddie Jr.:None; 109339:Chuck O'Bannon Jr.:None; 120856:Michael Foster Jr.:None; 122959:Ernest Udeh Jr.:Miami; 123408:Andre Johnson Jr.:None; 124181:Shawn Jones Jr.:Mississippi State; 148188:Silas Demary Jr.:UConn; 148415:Wilguens Jr. Exacte:Utah; 148905:Shawn Phillips Jr.:Missouri; 172188:Jackson Jr.:São José; 185431:Joe Lual-Acuil Jr.:Perth; 192604:Wesley Cardet:Providence; 224904:Darrell Davis:Malvin; 227012:Abdi Bashir Jr.:LSU; 235184:Damon Howard Jr.:Tennessee State; 90172:Brandon Johns Jr.:Bc Lulea; 109841:Dante Maddox Jr.:Xavier; 84193:Walt Lemon Jr:Shanxi Brave Dragons; 89586:Franklyn Penn Jr.:Cleveland State; 89603:Eric Hunter Jr.:None; 89716:KJ Hunt, Jr.:None; 90011:Michael Brown, Jr.:Ohio; 90072:Eric Williams Jr.:Correcaminos UAT; 108555:Ramon Walker Jr.:Houston; 109288:Jahmar Young Jr.:None; 109333:Mike Miles Jr.:Paisas; 109346:Jimmy Nichols Jr.:None; 109357:Rodney Miller Jr.:None; 109427:Setric Millner Jr.:Toledo; 109584:Luis Hurtado Jr.:None; 109739:Will McNair Jr.:Science City Jena; 109753:Bryan Trimble Jr.:None; 109806:Tony Sanders Jr.:Notre Dame; 123165:Cedric Henderson Jr.:Siauliai; 123424:David Jenkins Jr.:None; 123429:Fred Thatch Jr.:None; 123433:Larry Hughes Jr.:None; 124152:Michael Collins Jr.:Utah State; 124177:Jamel Horton Jr.:None; 148326:Michael Hueitt Jr.:None; 148328:Marlon Barnes Jr.:Pittsburgh; 149657:Jemarl Baker Jr.:Svendborg Rabbits; 182640:C.J. Penha:Pinheiros; 189892:Igor Milicic Jr.:None; 190991:Terrence Hill:VCU; 200122:Glen Rice Jr.:Real Estelí; 224855:Carlos Jr.:Rio Claro Basquete; 230884:Jaron Pierre Jr.:New Orleans Pelicans; 235571:Dominique Daniels Jr.:California Baptist; 89391:Meechie Johnson Jr.:None; 109101:Marcus Shaver Jr.:Kk Krosno; 109332:Eddie Lampkin Jr.:Colorado; 109402:Dana Tate Jr.:Argentino Junín; 109590:Mike Marshall Jr.:None; 109838:Tray Maddox Jr.:CSU Fullerton; 110007:Johnny Taylor Jr.:Chattanooga; 123125:Barry Dunning Jr.:UAB; 123639:Anderson Jr:None; 124172:Eric Reed Jr.:USC Heidelberg; 124264:Jimmy Bell Jr.:None; 147698:Mike Mitchell:Minnesota; 148322:Dennis Parker Jr.:None; 160709:Troy Baxter Jr.:Calgary Surge; 186362:Alonzo Verge:SC Rasta Vechta; 226924:Preston Murphy Jr.:Alabama; 89504:Chris Harris Jr.:None; 89700:Emmitt Matthews Jr.:None; 89898:John Petty Jr.:None; 90125:Joe Bryant Jr.:None; 90166:Lavar Batts Jr.:None; 104850:Calvin Harris Jr.:None; 109245:Anthony Mathis Jr.:None; 109740:Mario McKinney Jr.:New Mexico State; 109843:Latrell Wrightsell Jr.:Alabama; 109969:Demarshay Johnson Jr.:None; 127206:Darren Buchanan Jr.:None; 128647:Perry Smith Jr.:Kennesaw State; 149261:Eric Dailey:UCLA; 155672:DJ Richards:McNeese State; 194915:Brian Moore:Norfolk State; 200053:Marcus Rigsby:None; 223789:Lovell Cabbil Jr.:Górnik Wałbrzych; 223938:Lloyd Bryan Jr.:BK Decin; 226110:Antione West Jr.:Purdue; 226668:Paul McNeil Jr.:NC State; 226673:Sean Newman Jr.:San Diego State; 227298:EJ Neal Jr.:USC; 230879:George Beale Jr.:UCF; 230883:Jermaine O’Neal, Jr.:SMU; 232175:Machado Junior:Botafogo; 232403:A.J. Neal Jr.:Long Island University; 233482:Jerry Ashley Jr.:Navy; 233921:Calvin Robins Jr.:Howard; 235416:Terrance Dixon Jr.:Southern; 237324:Dedan Thomas Jr.:Houston; 237924:Leroy Blyden Jr.:Toledo; 238088:Chansey Willis Jr.:Kent State"
P000064,"BADIANE, MOUSSA",Moussa Badiane,exact,171642,Marieme Badiane,,Forward,Center,C,"6' 3""",171642:Marieme Badiane:None
PTEY,"BADIANE, PAPE",Pape Badiane,exact,171642,Marieme Badiane,,Forward,Center,C,"6' 3""",171642:Marieme Badiane:None
P007527,"BADIO, BRANCOU",Brancou Badio,exact,83555,Brancou Badio,Panathinaikos,Guard,Point Guard,PG,"6' 2""",83555:Brancou Badio:Panathinaikos
P009947,"BADJI, IBOU",Ibou Badji,exact,86617,Ibou Badji,,Center,Center,C,"7' 0""",86617:Ibou Badji:None
P005788,"BAEZ, EULIS",Eulis Baez,exact,64422,Eulis Baez,Real Betis Energía Plus,Forward,Power Forward,PF,"6' 7""",64422:Eulis Baez:Real Betis Energía Plus
PAFG,"BAGARIC, DALIBOR",Dalibor Bagaric,not_found,,,,,,,,
PTFP,"BAGNOLI, SIMONE",Simone Bagnoli,not_found,,,,,,,,
PBEM,"BAILEY, BRYAN",Bryan Bailey,ambiguous,,,,,,,,189030:Ace Bailey:Utah Jazz; 123117:Amari Bailey:None; 64769:Allen Bailey:None; 89299:Malcolm Bailey:None; 89474:Victor Bailey:Beijing Ducks; 109369:Bailey Patella:None; 109821:Dji Bailey:LSU; 158553:Adrio Bailey:NH Ostrava; 200071:Justin Bailey:Georgia; 234042:Joel Bailey:None; 145365:Brendan Bailey:SZTE-Szedeák; 149558:Elliot Bailey:Surrey Scorchers; 172395:Quintin Bailey:Taranaki Mountainairs; 188331:Jasmine Bailey:BLMA Lattes Montpellier (W); 192273:Chuck Bailey:Nevada; 196113:Langston Bailey:Bryant; 200072:Dillon Bailey:Wofford; 203422:Vincent Bailey:Randers Cimbria; 226912:Reed Bailey:Indiana; 236873:Bailey Maupin:Texas Tech (W)
PTGK,"BAILEY, MAURICE",Maurice Bailey,ambiguous,,,,,,,,189030:Ace Bailey:Utah Jazz; 123117:Amari Bailey:None; 64769:Allen Bailey:None; 89299:Malcolm Bailey:None; 89474:Victor Bailey:Beijing Ducks; 109369:Bailey Patella:None; 109821:Dji Bailey:LSU; 158553:Adrio Bailey:NH Ostrava; 200071:Justin Bailey:Georgia; 234042:Joel Bailey:None; 145365:Brendan Bailey:SZTE-Szedeák; 149558:Elliot Bailey:Surrey Scorchers; 172395:Quintin Bailey:Taranaki Mountainairs; 188331:Jasmine Bailey:BLMA Lattes Montpellier (W); 192273:Chuck Bailey:Nevada; 196113:Langston Bailey:Bryant; 200072:Dillon Bailey:Wofford; 203422:Vincent Bailey:Randers Cimbria; 226912:Reed Bailey:Indiana; 236873:Bailey Maupin:Texas Tech (W)
P013028,"BAIOCCHI, MATTEO",Matteo Baiocchi,exact,158649,Matteo Baiocchi,Virtus Bologna,Forward,Point Guard,PG,"6' 4""",158649:Matteo Baiocchi:Virtus Bologna
PTFL,"BAJRAMOVIC, KENAN",Kenan Bajramovic,not_found,,,,,,,,
P013774,"BAKER II, ROBERT",Robert Baker Ii,not_found,,,,,,,,
P009767,"BAKER, RON",Ron Baker,exact,53505,Ron Baker,,Guard,Shooting Guard,SG,"6' 3""",53505:Ron Baker:None
P004655,"BAKO, ISMAEL",Ismael Bako,exact,70976,Ismael Bako,Zenit,Center,Center,C,"6' 10""",70976:Ismael Bako:Zenit
P004803,"BALASHOV, NIKITA",Nikita Balashov,exact,147268,Nikita Balashov,,Forward,Power Forward,PF,"6' 8""",147268:Nikita Balashov:None
P007581,"BALASHOV, SERGEI",Sergei Balashov,exact,71149,Sergei Balashov,MBA Moscow,Forward,Center,C,"6' 9""",71149:Sergei Balashov:MBA Moscow
P003521,"BALBAY, DOGUS",Dogus Balbay,exact,53193,Dogus Balbay,,Guard,Shooting Guard,SG,"6' 1""",53193:Dogus Balbay:None
P007553,"BALCEROWSKI, ALEKSANDER",Aleksander Balcerowski,exact,64439,Aleksander Balcerowski,Barcelona,Center,Center,C,"7' 1""",64439:Aleksander Balcerowski:Barcelona
P006707,"BALDASSO, TOMMASO",Tommaso Baldasso,exact,86956,Tommaso Baldasso,Virtus Bologna,Guard,Point Guard,PG,"6' 3""",86956:Tommaso Baldasso:Virtus Bologna
P009863,"BALDWIN IV, WADE",Wade Baldwin Iv,exact,64214,Wade Baldwin IV,Fenerbahçe,Guard,Shooting Guard,SG,"6' 4""",64214:Wade Baldwin IV:Fenerbahçe
P012597,"BALDWIN, KAMAR",Kamar Baldwin,exact,83778,Kamar Baldwin,Bayern Munich,Guard,Point Guard,PG,"6' 1""",83778:Kamar Baldwin:Bayern Munich
P002644,"BALVIN, ONDREJ",Ondrej Balvin,exact,64421,Ondrej Balvin,Shanxi Brave Dragons,Center,Center,C,"7' 1""",64421:Ondrej Balvin:Shanxi Brave Dragons
P013696,"BANGO, JILSON",Jilson Bango,exact,136245,Jilson Bango,,Center,Center,C,"6' 10""",136245:Jilson Bango:None
PATS,"BANIC, MARKO",Marko Banic,not_found,,,,,,,,
PLNE,"BANKS, CEDRICK",Cedrick Banks,ambiguous,,,,,,,,84251:James Banks:Elizor Kiryat Ata; 109399:Kris Bankston:Turk Telekom; 72762:Adrian Banks:Libertas Livorno; 109544:Darius Banks:Chattanooga; 109767:Daryl Banks III:None; 89144:Josh Banks:UNC Asheville; 123146:Kaleb Banks:Tulane; 178168:Alahjan Banks:None; 155581:Zavier Banks:Oakland; 192020:Tavion Banks:Iowa
P004428,"BANKS, MARCUS",Marcus Banks,ambiguous,,,,,,,,84251:James Banks:Elizor Kiryat Ata; 109399:Kris Bankston:Turk Telekom; 72762:Adrian Banks:Libertas Livorno; 109544:Darius Banks:Chattanooga; 109767:Daryl Banks III:None; 89144:Josh Banks:UNC Asheville; 123146:Kaleb Banks:Tulane; 178168:Alahjan Banks:None; 155581:Zavier Banks:Oakland; 192020:Tavion Banks:Iowa
P003068,"BAPTIST, BILLYF",Billyf Baptist,ambiguous,,,,,,,,142644:Kenny Baptiste:Limoges; 109543:David Jean-Baptiste:Team Fog Næstved
PTGC,"BARAC, STANKO",Stanko Barac,ambiguous,,,,,,,,121754:Boris Barac:None; 230794:Marko Barać:Bahçeşehir Koleji
P009923,"BARASHKOV, MAKSIM",Maksim Barashkov,exact,81528,Maxim Barashkov,MBA Moscow,Forward,Small Forward,SF,"6' 8""",81528:Maxim Barashkov:MBA Moscow
PBWZ,"BARGNANI, ANDREA",Andrea Bargnani,not_found,,,,,,,,
P005206,"BARLOW, DAVID",David Barlow,exact,69952,David Barlow,,Forward,Small Forward,SF,,69952:David Barlow:None
P005775,"BARON, BILLY",Billy Baron,exact,70921,Billy Baron,,Guard,Point Guard,PG,"6' 2""",70921:Billy Baron:None
P002741,"BAROVIC, FILIP",Filip Barovic,exact,64404,Filip Barovic,,Center,Center,C,"6' 9""",64404:Filip Barovic:None
P004586,"BARREIRO, JONATHAN",Jonathan Barreiro,exact,67485,Jonathan Barreiro,Unicaja Málaga,Forward,Power Forward,PF,"6' 8""",67485:Jonathan Barreiro:Unicaja Málaga
P011242,"BARRERA, ALEJANDRO",Alejandro Barrera,exact,71009,Alex Barrera,,Guard,Shooting Guard,SG,"6' 5""",71009:Alex Barrera:None
PBMV,"BARRERA, PANCHI",Panchi Barrera,exact,73562,Panchi Barrera,,Guard,Point Guard,PG,"6' 4""",73562:Panchi Barrera:None
P001170,"BARRETT, ANDRE",Andre Barrett,ambiguous,,,,,,,,71336:RJ Barrett:Toronto Raptors; 89192:Andrew Barrett:None; 89599:Carson Barrett:None; 108737:Luke Barrett:Arka Gdynia; 109637:Barrett Waldrop:None; 193668:T.O. Barrett:Missouri
P003490,"BARTHEL, DANILO",Danilo Barthel,ambiguous,,,,,,,,64385:Danilo Barthel:None; 69975:Danilo Barthel:None
P003420,"BARTOLI, LORENZO",Lorenzo Bartoli,not_found,,,,,,,,
PBCW,"BARTON, LUBOS",Lubos Barton,exact,246191,Luboš Bartoň,,Management,Coach,,,246191:Luboš Bartoň:None
PLGR,"BASAK, RASIM",Rasim Basak,not_found,,,,,,,,
PADS,"BASILE, GIANLUCA",Gianluca Basile,exact,109602,Grant Basile,Pallacanestro Cantù,Forward,Power Forward,PF,"6' 9""",109602:Grant Basile:Pallacanestro Cantù
P001868,"BATIS, MARIOS",Marios Batis,ambiguous,,,,,,,,85875:J.P. Batista:None; 234049:Wilson Batista:None
PDHD,"BATISTA, ESTEBAN",Esteban Batista,ambiguous,,,,,,,,85875:J.P. Batista:None; 234049:Wilson Batista:None
PLML,"BATISTA, J.P.",J.P. Batista,exact,85875,J.P. Batista,,Forward,Power Forward,PF,"6' 9""",85875:J.P. Batista:None
PAJV,"BATISTE, MIKE",Mike Batiste,not_found,,,,,,,,
P004170,"BATUK, BIRKAN",Birkan Batuk,exact,53883,Birkan Batuk ,,Guard,Shooting Guard,SG,"6' 5""",53883:Birkan Batuk :None
PKOH,"BATUM, NICOLAS",Nicolas Batum,exact,64126,Nicolas Batum,Los Angeles Clippers,Forward,Small Forward,SF,"6' 9""",64126:Nicolas Batum:Los Angeles Clippers
P000207,"BAVCIC, EDIN",Edin Bavcic,not_found,,,,,,,,
PKIN,"BAXTER, LONNY",Lonny Baxter,ambiguous,,,,,,,,90097:Gavin Baxter:None; 160709:Troy Baxter Jr.:Calgary Surge
P002971,"BAYGUL, MUHAMMED",Muhammed Baygul,exact,64427,Muhammed Baygul,,Guard,Shooting Guard,SG,"6' 4""",64427:Muhammed Baygul:None
P006648,"BAYKAN, OGULCAN",Ogulcan Baykan,not_found,,,,,,,,
P001892,"BAYNES, ARON",Aron Baynes,exact,53314,Aron Baynes,,Center,Center,C,"6' 10""",53314:Aron Baynes:None
P005350,"BAYRAK, ERCAN",Ercan Bayrak,exact,72364,Ercan Bayrak,,Forward,Power Forward,PF,"6' 10""",72364:Ercan Bayrak:None
PBDC,"BAZDARIC, MARINO",Marino Bazdaric,not_found,,,,,,,,
MAD1,B. BOGDANOVIC,B. Bogdanovic,ambiguous,,,,,,,,64219:Bogdan Bogdanovic:Houston Rockets; 53450:Bojan Bogdanovic:None
P012721,"BEAN, JUSTIN",Justin Bean,exact,89370,Justin Bean,Alba Berlin,Forward,Small Forward,SF,"6' 7""",89370:Justin Bean:Alba Berlin
PAHS,"BEARD, JOEY",Joey Beard,exact,178909,Lamonte Bearden,Vasco da Gama,Guard,Point Guard,PG,"6' 3""",178909:Lamonte Bearden:Vasco da Gama
PBTR,"BEARD, TANOKA",Tanoka Beard,exact,178909,Lamonte Bearden,Vasco da Gama,Guard,Point Guard,PG,"6' 3""",178909:Lamonte Bearden:Vasco da Gama
P006590,"BEAUBOIS, RODRIGUE",Rodrigue Beaubois,exact,64354,Rodrigue Beaubois,,Guard,Shooting Guard,SG,"6' 1""",64354:Rodrigue Beaubois:None
PAGG,"BECIROVIC, SANI",Sani Becirovic,exact,186559,Memi Bečirović,Nanjing Monkey King,Management,Coach,,,186559:Memi Bečirović:Nanjing Monkey King
P008161,"BEGARIN, JUHANN",Juhann Begarin,exact,100285,Juhann Begarin,AS Monaco,Guard,Shooting Guard,SG,"6' 5""",100285:Juhann Begarin:AS Monaco
PAVV,"BEGHIN, CHRISTOPHE",Christophe Beghin,exact,230204,Christophe Beghin,Talenet Giants Antwerp,Management,Coach,,,230204:Christophe Beghin:Talenet Giants Antwerp
PJBJ,"BEGIC, MIRZA",Mirza Begic,exact,72726,Mirza Begic,KK Mornar,Center,Center,C,"7' 1""",72726:Mirza Begic:KK Mornar
P004491,"BELEMENE, ROMARIC",Romaric Belemene,not_found,,,,,,,,
P005826,"BELIAUSKAS, LAURYNAS",Laurynas Beliauskas,exact,83586,Laurynas Beliauskas,Dinamo Sassari,Guard,Shooting Guard,SG,"6' 4""",83586:Laurynas Beliauskas:Dinamo Sassari
PBCN,"BELINELLI, MARCO",Marco Belinelli,exact,53426,Marco Belinelli,,Forward,Small Forward,SF,"6' 5""",53426:Marco Belinelli:None
P006497,"BELL, JAMES",James Bell,exact,64448,James Bell,,Forward,Small Forward,SF,"6' 6""",64448:James Bell:None
P004549,"BENDER, DRAGAN",Dragan Bender,exact,53600,Dragan Bender,,Forward,Power Forward,PF,"6' 11""",53600:Dragan Bender:None
P004168,"BENDZIUS, EIMANTAS",Eimantas Bendzius,exact,83968,Eimantas Bendzius,Amici Pallacanestro Udinese,Forward,Power Forward,PF,"6' 9""",83968:Eimantas Bendzius:Amici Pallacanestro Udinese
P006781,"BEN HARUSH, IDDO",Iddo Ben Harush,ambiguous,,,,,,,,102895:Noam Ben Harush:None; 64740:Shlomi Harush:None
P007615,"BENNETT, ANTHONY",Anthony Bennett,exact,102632,Anthony Bennet,,Forward,Power Forward,PF,,102632:Anthony Bennet:None
P005687,"BENSON, KEITH",Keith Benson,ambiguous,,,,,,,,89357:Avery Benson:None; 193562:NJ Benson:DePaul; 87069:Benson:None; 149866:Benson Lin:None; 192781:Barret Benson:Górnik Wałbrzych; 189910:Ja'Von Benson:None
P001159,"BENSON, ROD",Rod Benson,ambiguous,,,,,,,,89357:Avery Benson:None; 193562:NJ Benson:DePaul; 87069:Benson:None; 149866:Benson Lin:None; 192781:Barret Benson:Górnik Wałbrzych; 189910:Ja'Von Benson:None
P009818,"BENTIL, BENJAMIN",Benjamin Bentil,exact,105278,Ben Bentil,,Forward,Power Forward,PF,"6' 8""",105278:Ben Bentil:None
P003495,"BENZING, ROBIN",Robin Benzing,exact,69976,Robin Benzing,,Forward,Power Forward,PF,"6' 10""",69976:Robin Benzing:None
PLVI,"BER AVEN, TOMER",Tomer Ber Aven,not_found,,,,,,,,
P010355,"BERRY, DAVION",Davion Berry,exact,74565,Davion Berry,,Guard,Shooting Guard,SG,"6' 4""",74565:Davion Berry:None
P000436,"BERTANS, DAIRIS",Dairis Bertans,exact,53736,Dairis Bertans,VEF Riga,Guard,Shooting Guard,SG,"6' 4""",53736:Dairis Bertans:VEF Riga
P003458,"BERTANS, DAVIS",Davis Bertans,exact,53547,Davis Bertans,BC Dubai,Forward,Small Forward,SF,"6' 10""",53547:Davis Bertans:BC Dubai
PBFR,"BERTI, SIMONE",Simone Berti,ambiguous,,,,,,,,172396:Dane Bertinshaw:Taranaki Mountainairs; 83004:Alessandro Bertini:None
P001436,"BESOVIC, NEMANJA",Nemanja Besovic,not_found,,,,,,,,
PKVL,"BEST, TRAVIS",Travis Best,ambiguous,,,,,,,,72796:Aaron Best:MoraBanc Andorra; 185738:Martina Bestagno:None; 195726:Trevor Best:Arizona State
P001927,"BEVERLEY, PATRICK",Patrick Beverley,exact,53684,Patrick Beverley,PAOK,Guard,Point Guard,PG,"6' 1""",53684:Patrick Beverley:PAOK
P002289,"BEZBRADICA, NEMANJA",Nemanja Bezbradica,not_found,,,,,,,,
P003137,"BIANCHI, CAMILLO",Camillo Bianchi,ambiguous,,,,,,,,156561:Mateo Bianchi:Defensor Sporting; 172166:Enrico Bianchi:Paulistano
P006961,"BIBEROVIC, TARIK",Tarik Biberovic,exact,70926,Tarik Biberovic,Dallas Mavericks,Forward,Small Forward,SF,"6' 7""",70926:Tarik Biberovic:Dallas Mavericks
P003622,"BILAN, MIRO",Miro Bilan,exact,72343,Miro Bilan,Maxima Roma,Center,Center,C,"7' 0""",72343:Miro Bilan:Maxima Roma
P009903,"BILIGHA, PAUL",Paul Biligha,exact,69925,Paul Biligha,Derthona Basket Tortona,Center,Center,C,"6' 7""",69925:Paul Biligha:Derthona Basket Tortona
P007182,"BIRCH, KHEM",Khem Birch,exact,53355,Khem Birch,Aris Bsa,Center,Center,C,"6' 9""",53355:Khem Birch:Aris Bsa
P003091,"BIRSEN, METECAN",Metecan Birsen,exact,64387,Metecan Birsen,Besiktas,Forward,Small Forward,SF,"6' 10""",64387:Metecan Birsen:Besiktas
P005504,"BIRUTIS, LAURYNAS",Laurynas Birutis,exact,64416,Laurynas Birutis,Casademont Zaragoza,Center,Center,C,"7' 0""",64416:Laurynas Birutis:Casademont Zaragoza
P006809,"BITADZE, GOGA",Goga Bitadze,exact,64447,Goga Bitadze,Orlando Magic,Center,Center,C,"6' 11""",64447:Goga Bitadze:Orlando Magic
P007929,"BITIM, ONURALP",Onuralp Bitim,not_found,,,,,,,,
PCHX,"BJELICA, MILKO",Milko Bjelica,ambiguous,,,,,,,,53291:Milko Bjelica:KK Mornar; 70015:Milko Bjelica:None
P001413,"BJELICA, NEMANJA",Nemanja Bjelica,exact,53715,Nemanja Bjelica,,Forward,Power Forward,PF,"6' 10""",53715:Nemanja Bjelica:None
P008991,"BLACK, TARIK",Tarik Black,exact,53591,Tarik Black,,Forward,Power Forward,PF,"6' 9""",53591:Tarik Black:None
P013402,"BLAKENEY, ANTONIO",Antonio Blakeney,not_found,,,,,,,,
PBFY,"BLAKNEY, RODERICK",Roderick Blakney,exact,123205,R.J. Blakney,,Forward,Small Forward,SF,"6' 6""",123205:R.J. Blakney:None
P001899,"BLANCO, SAUL",Saul Blanco,exact,234052,Darwin Blanco,,Center,Center,C,,234052:Darwin Blanco:None
P003391,"BLASSINGAME, JEREL",Jerel Blassingame,exact,128093,Trevon Blassingame,Idaho,Guard,,,"6' 4""",128093:Trevon Blassingame:Idaho
P011193,"BLATT, TAMIR",Tamir Blatt,exact,64755,Tamir Blatt,Hapoel Tel Aviv,Guard,Point Guard,PG,"6' 0""",64755:Tamir Blatt:Hapoel Tel Aviv
P009877,"BLAYZER, OZ",Oz Blayzer,exact,64806,Oz Blayzer,Hapoel Tel Aviv,Forward,Small Forward,SF,"6' 6""",64806:Oz Blayzer:Hapoel Tel Aviv
P008186,"BLAZEVIC, MAREK",Marek Blazevic,exact,70813,Marek Blaževič,,Center,Center,C,"6' 10""",70813:Marek Blaževič:None
P003452,"BLAZIC, JAKA",Jaka Blazic,exact,64355,Jaka Blazic,KK Cedevita Olimpija,Forward,Small Forward,SF,"6' 5""",64355:Jaka Blazic:KK Cedevita Olimpija
P011231,"BLOSSOMGAME, JARON",Jaron Blossomgame,exact,64135,Jaron Blossomgame,BC Dubai,Forward,Small Forward,SF,"6' 6""",64135:Jaron Blossomgame:BC Dubai
PKAX,"BLUMS, JANIS",Janis Blums,exact,72645,Janis Blums,,Guard,Shooting Guard,SG,"6' 3""",72645:Janis Blums:None
PBES,"BLUTHENTHAL, DAVID",David Bluthenthal,not_found,,,,,,,,
P003240,"BOCHORIDIS, ELEFTHERIOS",Eleftherios Bochoridis,exact,53895,Eleftherios Bochoridis,Aris Bsa,Guard,Point Guard,PG,"6' 5""",53895:Eleftherios Bochoridis:Aris Bsa
PJMH,"BOGAVAC, NEBOJSA",Nebojsa Bogavac,exact,136359,Luka Bogavac,Oklahoma State,Guard,Shooting Guard,SG,"6' 5""",136359:Luka Bogavac:Oklahoma State
P002821,"BOGDANOVIC, BOGDAN",Bogdan Bogdanovic,exact,64219,Bogdan Bogdanovic,Houston Rockets,Guard,Shooting Guard,SG,"6' 6""",64219:Bogdan Bogdanovic:Houston Rockets
P000009,"BOGDANOVIC, BOJAN",Bojan Bogdanovic,exact,53450,Bojan Bogdanovic,,Forward,Small Forward,SF,"6' 8""",53450:Bojan Bogdanovic:None
PCHZ,"BOGDANOVIC, LUKA",Luka Bogdanovic,ambiguous,,,,,,,,64219:Bogdan Bogdanovic:Houston Rockets; 53450:Bojan Bogdanovic:None
P001933,"BOGRIS, GIORGOS",Giorgos Bogris,exact,53242,Georgios Bogris,,Center,Center,C,"6' 11""",53242:Georgios Bogris:None
PAPT,"BOISA, VLADIMER",Vladimer Boisa,not_found,,,,,,,,
PCOC,"BOKOLO, YANNICK",Yannick Bokolo,not_found,,,,,,,,
P007988,"BOLDEN, JONAH",Jonah Bolden,exact,53191,Jonah Bolden,Illawarra Hawks,Forward,Power Forward,PF,"6' 10""",53191:Jonah Bolden:Illawarra Hawks
P014105,"BOL, JUOM MAKER",Juom Maker Bol,ambiguous,,,,,,,,53191:Jonah Bolden:Illawarra Hawks; 64463:Leandro Bolmaro:Olimpia Milano; 64441:Joel Bolomboy:Crvena Zvezda; 184743:Bol Bol:None; 104496:Mateo Bolivar:Trouville; 86034:Marques Bolden:Ironi Ness Ziona; 89687:John Bol Ajak:Syracuse; 104853:Rasir Bolton:Napoli Basket; 124387:Dalton Bolon:None; 192028:Justin Bolis:Nebraska; 189912:John Bol:UCF; 193812:Lukas Bolek:Prievidza; 194295:Noah Bolanga:St. Bonaventure; 223557:Juom Bol:None; 148464:Taylor Bol Bowen:Alabama; 191954:Archange Bolavie:None; 202521:Anastasiia Boldyreva:None; 203275:Tilly Boler:None; 235510:Ryan Bolton:Prairie View A&M
P008985,"BOLMARO, LEANDRO",Leandro Bolmaro,exact,64463,Leandro Bolmaro,Olimpia Milano,Forward,Small Forward,SF,"6' 6""",64463:Leandro Bolmaro:Olimpia Milano
P009035,"BOLOMBOY, JOEL",Joel Bolomboy,exact,64441,Joel Bolomboy,Crvena Zvezda,Center,Center,C,"6' 9""",64441:Joel Bolomboy:Crvena Zvezda
PCOI,"BOLZONELLA, FEDERICO",Federico Bolzonella,not_found,,,,,,,,
P006760,"BONGA, ISAAC",Isaac Bonga,exact,64168,Isaac Bonga,Panathinaikos,Forward,Small Forward,SF,"6' 8""",64168:Isaac Bonga:Panathinaikos
P009056,"BONILLA, GAEL",Gael Bonilla,exact,110169,Gael Bonilla,Diablos Rojos del Mexico,Forward,Power Forward,PF,"6' 8""",110169:Gael Bonilla:Diablos Rojos del Mexico
P000184,"BOOKER, CHRIS",Chris Booker,ambiguous,,,,,,,,64386:Devin Booker:Olimpia Milano; 53601:Devin Booker:Phoenix Suns; 72594:Deishuan Booker:Bnei Hertzliya; 182751:Booker Coplin:SC Rasta Vechta; 146963:Xavier Booker:UCLA; 70832:Askia Booker:Shenzhen Leopards; 155797:Quint Booker:None
P007056,"BOOKER, DEVIN",Devin Booker,ambiguous,,,,,,,,64386:Devin Booker:Olimpia Milano; 53601:Devin Booker:Phoenix Suns
PAVD,"BOOKER, MELVIN",Melvin Booker,ambiguous,,,,,,,,64386:Devin Booker:Olimpia Milano; 53601:Devin Booker:Phoenix Suns; 72594:Deishuan Booker:Bnei Hertzliya; 182751:Booker Coplin:SC Rasta Vechta; 146963:Xavier Booker:UCLA; 70832:Askia Booker:Shenzhen Leopards; 155797:Quint Booker:None
P002987,"BOONE, JASON",Jason Boone,ambiguous,,,,,,,,89502:Kalib Boone:None; 89505:Keylan Boone:Instituto
P007012,"BOONE, JOSH",Josh Boone,ambiguous,,,,,,,,89502:Kalib Boone:None; 89505:Keylan Boone:Instituto
P001936,"BORCHARDT, CURTIS",Curtis Borchardt,not_found,,,,,,,,
PJNL,"BOROVNJAK, DEJAN",Dejan Borovnjak,exact,150203,Sasa Borovnjak,Antibes,Center,Center,C,"6' 8""",150203:Sasa Borovnjak:Antibes
P006701,"BORTOLANI, GIORDANO",Giordano Bortolani,exact,81753,Giordano Bortolani,Pallacanestro Cantù,Guard,Point Guard,PG,"6' 4""",81753:Giordano Bortolani:Pallacanestro Cantù
P012167,"BOSNJAKOVIC, MITAR",Mitar Bosnjakovic,exact,142960,Mitar Bosnjakovic,KK Partizan,Forward,Small Forward,SF,"6' 7""",142960:Mitar Bosnjakovic:KK Partizan
P004264,"BOST, DEMARQUIS",Demarquis Bost,ambiguous,,,,,,,,132548:Aliyah Boston:Indiana Fever; 100272:Brandon Boston Jr.:None; 53898:Dee Bost:Flamengo; 71429:Josh Bostic:None; 192633:Bostyn Holt:Florida State; 108757:Dionte Bostick:Murray State; 202482:Kendall Bostic:None
P014016,"BOSTON JR., BRANDON",Brandon Boston Jr.,exact,100272,Brandon Boston Jr.,,Guard,Shooting Guard,SG,"6' 6""",100272:Brandon Boston Jr.:None
PLLV,"BOUMTJE BOUMTJE, RUBEN",Ruben Boumtje Boumtje,not_found,,,,,,,,
P003650,"BOUNGOU-COLO, NOBEL",Nobel Boungou-Colo,exact,104411,Nobel Boungou-Colo,Paris Basketball,Forward,Small Forward,SF,"6' 6""",104411:Nobel Boungou-Colo:Paris Basketball
PAQU,"BOUROUSIS, IOANNIS",Ioannis Bourousis,exact,69967,Giannis Bourousis,,Center,Center,C,,69967:Giannis Bourousis:None
P008923,"BOUTSIELE, JERRY",Jerry Boutsiele,exact,71513,Jerry Boutsiele,KK Budućnost,Center,Center,C,"6' 9""",71513:Jerry Boutsiele:KK Budućnost
PJJY,"BOZIC, PETAR",Petar Bozic,exact,142700,Petar Bozic,,Management,Coach,,,142700:Petar Bozic:None
P005284,"BRACKINS, CRAIG",Craig Brackins,not_found,,,,,,,,
P000127,"BRADLEY, MICHAEL",Michael Bradley,ambiguous,,,,,,,,53374:Bradley Beal:Los Angeles Clippers; 64227:Tony Bradley:Atlanta Hawks; 53328:Avery Bradley:None; 123186:Jaden Bradley:Toronto Raptors; 109082:Matt Bradley:None; 196353:Eli Bradley:None; 124422:Bradley Colbert:Xavier; 122131:Bradley Kaboza:None; 108704:Bradley Ezewiro:None; 226449:Bradley Pearson:Auburn
P012203,"BRAIMOH, SULEIMAN",Suleiman Braimoh,exact,64859,Suleiman Braimoh,,Center,Center,C,"6' 8""",64859:Suleiman Braimoh:None
P002906,"BRAMOS, MICHAEL",Michael Bramos,exact,71231,Michael Bramos,,Forward,Small Forward,SF,"6' 6""",71231:Michael Bramos:None
P011263,"BRANDWEIN, ODED",Oded Brandwein,exact,64846,Oded Brandwein,,Guard,Point Guard,PG,"5' 10""",64846:Oded Brandwein:None
P007639,"BRANKOVIC, DANKO",Danko Brankovic,exact,142162,Danko Brankovic,Breogán,Center,Center,C,"7' 1""",142162:Danko Brankovic:Breogán
P011243,"BRANTLEY, JARRELL",Jarrell Brantley,exact,71740,Jarrell Brantley,,Forward,Power Forward,PF,"6' 5""",71740:Jarrell Brantley:None
P009834,"BRAY, TJ",Tj Bray,exact,73206,Thomas Bray,,Guard,Point Guard,PG,"6' 4""",73206:Thomas Bray:None
PTFM,"BRAZDAUSKIS, LUKAS",Lukas Brazdauskis,not_found,,,,,,,,
P011983,"BRAZDEIKIS, IGNAS",Ignas Brazdeikis,exact,71334,Ignas Brazdeikis,,Forward,Small Forward,SF,"6' 6""",71334:Ignas Brazdeikis:None
P001790,"BRAZELTON, TYRONE",Tyrone Brazelton,not_found,,,,,,,,
PJKL,"BREMER, J.R.",J.R. Bremer,not_found,,,,,,,,
P007566,"BRENNEKE, LORENZ",Lorenz Brenneke,exact,182755,Lorenz Brenneke,,Forward,Power Forward,PF,"6' 9""",182755:Lorenz Brenneke:None
PAGH,"BREZEC, PRIMOZ",Primoz Brezec,not_found,,,,,,,,
P014127,"BRISSETT, O'SHAE J",O'Shae J Brissett,exact,71739,Oshae Brissett,Maccabi Tel Aviv,Forward,Small Forward,SF,"6' 7""",71739:Oshae Brissett:Maccabi Tel Aviv
P009992,"BRIZUELA, DARIO",Dario Brizuela,exact,71042,Darío Brizuela,Barcelona,Guard,Shooting Guard,SG,"6' 4""",71042:Darío Brizuela:Barcelona
PLVA,"BRNAS, TONI",Toni Brnas,not_found,,,,,,,,
P010458,"BRODZIANSKY, VLADIMIR",Vladimir Brodziansky,exact,71070,Vladimir Brodziansky,Fujian Sturgeons,Forward,Small Forward,SF,"6' 11""",71070:Vladimir Brodziansky:Fujian Sturgeons
P005195,"BROEKHOFF, RYAN",Ryan Broekhoff,exact,53479,Michael Kidd-Gilchrist,,Forward,Small Forward,SF,"6' 7""",53479:Michael Kidd-Gilchrist:None
P013384,"BROOKS, ARMONI",Armoni Brooks,exact,91259,Armoni Brooks,ASVEL Villeurbanne,Guard,Point Guard,PG,"6' 3""",91259:Armoni Brooks:ASVEL Villeurbanne
P004117,"BROOKS, JEFF",Jeff Brooks,exact,53146,Jeff Brooks,Allianz Pallacanestro Trieste,Forward,Power Forward,PF,"6' 8""",53146:Jeff Brooks:Allianz Pallacanestro Trieste
P005805,"BROOKS, MARSHON",Marshon Brooks,ambiguous,,,,,,,,53700:Dillon Brooks:Phoenix Suns; 91259:Armoni Brooks:ASVEL Villeurbanne; 86946:Scott Brooks:Los Angeles Lakers; 126863:Brooks Barnhizer:Oklahoma City Thunder; 90342:Payton Brooks:Abilene Christian; 109139:Pierre Brooks:Butler; 108540:Keion Brooks Jr.:None; 122091:Nysier Brooks:None; 53146:Jeff Brooks:Allianz Pallacanestro Trieste; 89911:Jordan Brooks:None; 90086:Colby Brooks:San Diego; 193269:Phat Phat Brooks:None; 109563:Kalik Brooks:Georgia State; 89655:Nick Brooks:None; 90174:Eli Brooks:Baxi Manresa; 89543:Garrison Brooks:None; 126393:Brooks Manzer:None; 237667:Max Brooks:Hapoel HaEmek; 128712:Anton Brookshire:Iona; 160096:Derreck Brooks:Oberwart Gunners; 196529:Jasen Brooks:UC San Diego; 235172:JC Brooks:Tennessee State
P000129,"BROWN, BOBBY",Bobby Brown,exact,53587,Bobby Brown,,Management,,,"6' 2""",53587:Bobby Brown:None
P000635,"BROWN, DEE",Dee Brown,ambiguous,,,,,,,,"53322:Jaylen Brown:Philadelphia 76ers; 53492:Sterling Brown:Zalgiris Kaunas; 64230:Troy Brown Jr.:ADELAIDE 36ers; 71729:Moses Brown:None; 53397:Lorenzo Brown:Olimpia Milano; 64146:Bruce Brown Jr.:Denver Nuggets; 64760:J'Covan Brown:Hapoel Afula; 124623:Mike Brown:New York Knicks; 86593:Bryce Brown:Ironi Ness Ziona; 90040:Kobe Brown:Indiana Pacers; 95455:Lexie Brown:Seattle Storm; 71443:Charlie Brown Jr.:None; 90044:Greg Brown:AEK; 72650:Brandon Brown:CSM Oradea; 72752:John Brown:South East Melbourne; 226248:Mikel Brown Jr.:Brooklyn Nets; 90178:Chaundee Brown Jr.:London Lions; 64396:Markel Brown:Allianz Pallacanestro Trieste; 94959:Kalani Brown:None; 102409:Vitto Brown:Besiktas; 142530:Barry Brown Jr:Zhejiang Lions; 148451:Maliq Brown:San Antonio Spurs; 89228:Gabe Brown:Strasbourg; 71880:Anthony Brown:Besiktas; 108572:Kendall Brown:Maine Celtics; 70912:Brown, Rion:None; 189134:James Brown:Howard; 108753:Jordan Skipper-Brown:None; 142646:Rion Brown:None; 109207:Cameron Brown:Marquette; 123552:Chad Brown:Maccabi Ironi Ramat Gan; 128373:Darius Brown II:Cleveland Cavaliers; 136315:Walter Brown:Canterbury Rams; 148144:Kyle Brown:None; 155603:Julian Brown:Wagner; 159069:Jaelyn Brown:None; 226252:Jamar Brown:UCLA; 236502:Terrell Brown:Maccabi Ironi Ramat Gan; 72658:Alec Brown:Movistar Estudiantes; 89389:Eugene Brown III:Georgia Southern; 132551:Leigha Brown:None; 172630:Justin Brownlee:None; 222945:Detrek Browning:Kutaisi; 73294:Gilbert Brown:None; 89218:Xavion Brown:Appalachian State; 90008:Miles Brown:Ohio; 90011:Michael Brown, Jr.:Ohio; 90159:Raquan Brown:None; 109638:Michael Brown:None; 121748:Lorenzo Brown:Szombathely; 124408:Kaleb Brown:None; 128114:Jordan Brown:Siauliai; 128600:Jameel Brown:None; 131767:Kyree Brown:None; 147608:Xavier Brown:South Florida; 149077:Rodney Brown:California; 158378:Terrell Brown-Soares:Kk Krosno; 180581:Rakim Brown:None; 182055:Clevon Brown:BK Opava; 231508:Dion Brown:Saint Louis; 236843:Jalyn Brown:None; 53587:Bobby Brown:None; 64844:Gary Browne:Vaqueros De Bayamon; 70818:Jaylon Brown:Petkim Spor; 108747:Tevin Brown:SC Rasta Vechta; 109162:Rasheed Browne:North Texas; 109400:Cahiem Brown:None; 109460:Justin Brown:None; 126392:Naz Brown:None; 149799:Cameron Brown:Saint Joseph's; 157936:Jakia Brown-Turner:None; 160110:Stephen Brown:Pallacanestro Reggiana; 194287:Noel Brown:St. Bonaventure; 224390:Terrell Brown:Panteras De Aguascalientes; 224554:Isiah Brown:None; 226261:Amere Brown:Arkansas; 53885:Derrick Brown:None; 89145:Mikeal Brown-Jones:None; 104213:Zachary Brown:None; 108736:Judah Brown:None; 109932:Javonte Brown:Rhode Island; 128049:Matt Brown:None; 128765:Reece Brown:None; 147685:JV Brown:None; 148149:Artarus Brown:None; 149793:Xzayvier Brown:Oklahoma; 155665:T'Johnn Brown:McNeese State; 160638:Jaden Brown:Crailsheim  Merlins; 160731:Joel Brown:Ottawa Blackjacks; 188395:Kennedy Brown:Gorzow (W); 189027:Isaiah Brown:Florida; 192618:Avery Brown:Columbia; 193986:Jayden Brown:Bryant; 195498:Tookie Brown:None; 196338:Ethan Brown:Colgate; 226127:AJ Brown:Florida; 226426:DeWayne Brown:Tennessee; 227290:Jaden Brownell:USC; 233934:Isaiah Brown:Howard; 233954:CJ Brown:High Point; 236539:Martez Brown:Iowa Wolves; 237931:Christian Brown:Ole Miss; 237932:Terrence Brown:North Carolina; 240905:Jonathan Brown:None"
P004425,"BROWN, DERRICK",Derrick Brown,exact,53885,Derrick Brown,,Forward,Power Forward,PF,"6' 8""",53885:Derrick Brown:None
P003532,"BROWN, DEVIN",Devin Brown,ambiguous,,,,,,,,"53322:Jaylen Brown:Philadelphia 76ers; 53492:Sterling Brown:Zalgiris Kaunas; 64230:Troy Brown Jr.:ADELAIDE 36ers; 71729:Moses Brown:None; 53397:Lorenzo Brown:Olimpia Milano; 64146:Bruce Brown Jr.:Denver Nuggets; 64760:J'Covan Brown:Hapoel Afula; 124623:Mike Brown:New York Knicks; 86593:Bryce Brown:Ironi Ness Ziona; 90040:Kobe Brown:Indiana Pacers; 95455:Lexie Brown:Seattle Storm; 71443:Charlie Brown Jr.:None; 90044:Greg Brown:AEK; 72650:Brandon Brown:CSM Oradea; 72752:John Brown:South East Melbourne; 226248:Mikel Brown Jr.:Brooklyn Nets; 90178:Chaundee Brown Jr.:London Lions; 64396:Markel Brown:Allianz Pallacanestro Trieste; 94959:Kalani Brown:None; 102409:Vitto Brown:Besiktas; 142530:Barry Brown Jr:Zhejiang Lions; 148451:Maliq Brown:San Antonio Spurs; 89228:Gabe Brown:Strasbourg; 71880:Anthony Brown:Besiktas; 108572:Kendall Brown:Maine Celtics; 70912:Brown, Rion:None; 189134:James Brown:Howard; 108753:Jordan Skipper-Brown:None; 142646:Rion Brown:None; 109207:Cameron Brown:Marquette; 123552:Chad Brown:Maccabi Ironi Ramat Gan; 128373:Darius Brown II:Cleveland Cavaliers; 136315:Walter Brown:Canterbury Rams; 148144:Kyle Brown:None; 155603:Julian Brown:Wagner; 159069:Jaelyn Brown:None; 226252:Jamar Brown:UCLA; 236502:Terrell Brown:Maccabi Ironi Ramat Gan; 72658:Alec Brown:Movistar Estudiantes; 89389:Eugene Brown III:Georgia Southern; 132551:Leigha Brown:None; 172630:Justin Brownlee:None; 222945:Detrek Browning:Kutaisi; 73294:Gilbert Brown:None; 89218:Xavion Brown:Appalachian State; 90008:Miles Brown:Ohio; 90011:Michael Brown, Jr.:Ohio; 90159:Raquan Brown:None; 109638:Michael Brown:None; 121748:Lorenzo Brown:Szombathely; 124408:Kaleb Brown:None; 128114:Jordan Brown:Siauliai; 128600:Jameel Brown:None; 131767:Kyree Brown:None; 147608:Xavier Brown:South Florida; 149077:Rodney Brown:California; 158378:Terrell Brown-Soares:Kk Krosno; 180581:Rakim Brown:None; 182055:Clevon Brown:BK Opava; 231508:Dion Brown:Saint Louis; 236843:Jalyn Brown:None; 53587:Bobby Brown:None; 64844:Gary Browne:Vaqueros De Bayamon; 70818:Jaylon Brown:Petkim Spor; 108747:Tevin Brown:SC Rasta Vechta; 109162:Rasheed Browne:North Texas; 109400:Cahiem Brown:None; 109460:Justin Brown:None; 126392:Naz Brown:None; 149799:Cameron Brown:Saint Joseph's; 157936:Jakia Brown-Turner:None; 160110:Stephen Brown:Pallacanestro Reggiana; 194287:Noel Brown:St. Bonaventure; 224390:Terrell Brown:Panteras De Aguascalientes; 224554:Isiah Brown:None; 226261:Amere Brown:Arkansas; 53885:Derrick Brown:None; 89145:Mikeal Brown-Jones:None; 104213:Zachary Brown:None; 108736:Judah Brown:None; 109932:Javonte Brown:Rhode Island; 128049:Matt Brown:None; 128765:Reece Brown:None; 147685:JV Brown:None; 148149:Artarus Brown:None; 149793:Xzayvier Brown:Oklahoma; 155665:T'Johnn Brown:McNeese State; 160638:Jaden Brown:Crailsheim  Merlins; 160731:Joel Brown:Ottawa Blackjacks; 188395:Kennedy Brown:Gorzow (W); 189027:Isaiah Brown:Florida; 192618:Avery Brown:Columbia; 193986:Jayden Brown:Bryant; 195498:Tookie Brown:None; 196338:Ethan Brown:Colgate; 226127:AJ Brown:Florida; 226426:DeWayne Brown:Tennessee; 227290:Jaden Brownell:USC; 233934:Isaiah Brown:Howard; 233954:CJ Brown:High Point; 236539:Martez Brown:Iowa Wolves; 237931:Christian Brown:Ole Miss; 237932:Terrence Brown:North Carolina; 240905:Jonathan Brown:None"
P001460,"BROWN, ELTON",Elton Brown,ambiguous,,,,,,,,"53322:Jaylen Brown:Philadelphia 76ers; 53492:Sterling Brown:Zalgiris Kaunas; 64230:Troy Brown Jr.:ADELAIDE 36ers; 71729:Moses Brown:None; 53397:Lorenzo Brown:Olimpia Milano; 64146:Bruce Brown Jr.:Denver Nuggets; 64760:J'Covan Brown:Hapoel Afula; 124623:Mike Brown:New York Knicks; 86593:Bryce Brown:Ironi Ness Ziona; 90040:Kobe Brown:Indiana Pacers; 95455:Lexie Brown:Seattle Storm; 71443:Charlie Brown Jr.:None; 90044:Greg Brown:AEK; 72650:Brandon Brown:CSM Oradea; 72752:John Brown:South East Melbourne; 226248:Mikel Brown Jr.:Brooklyn Nets; 90178:Chaundee Brown Jr.:London Lions; 64396:Markel Brown:Allianz Pallacanestro Trieste; 94959:Kalani Brown:None; 102409:Vitto Brown:Besiktas; 142530:Barry Brown Jr:Zhejiang Lions; 148451:Maliq Brown:San Antonio Spurs; 89228:Gabe Brown:Strasbourg; 71880:Anthony Brown:Besiktas; 108572:Kendall Brown:Maine Celtics; 70912:Brown, Rion:None; 189134:James Brown:Howard; 108753:Jordan Skipper-Brown:None; 142646:Rion Brown:None; 109207:Cameron Brown:Marquette; 123552:Chad Brown:Maccabi Ironi Ramat Gan; 128373:Darius Brown II:Cleveland Cavaliers; 136315:Walter Brown:Canterbury Rams; 148144:Kyle Brown:None; 155603:Julian Brown:Wagner; 159069:Jaelyn Brown:None; 226252:Jamar Brown:UCLA; 236502:Terrell Brown:Maccabi Ironi Ramat Gan; 72658:Alec Brown:Movistar Estudiantes; 89389:Eugene Brown III:Georgia Southern; 132551:Leigha Brown:None; 172630:Justin Brownlee:None; 222945:Detrek Browning:Kutaisi; 73294:Gilbert Brown:None; 89218:Xavion Brown:Appalachian State; 90008:Miles Brown:Ohio; 90011:Michael Brown, Jr.:Ohio; 90159:Raquan Brown:None; 109638:Michael Brown:None; 121748:Lorenzo Brown:Szombathely; 124408:Kaleb Brown:None; 128114:Jordan Brown:Siauliai; 128600:Jameel Brown:None; 131767:Kyree Brown:None; 147608:Xavier Brown:South Florida; 149077:Rodney Brown:California; 158378:Terrell Brown-Soares:Kk Krosno; 180581:Rakim Brown:None; 182055:Clevon Brown:BK Opava; 231508:Dion Brown:Saint Louis; 236843:Jalyn Brown:None; 53587:Bobby Brown:None; 64844:Gary Browne:Vaqueros De Bayamon; 70818:Jaylon Brown:Petkim Spor; 108747:Tevin Brown:SC Rasta Vechta; 109162:Rasheed Browne:North Texas; 109400:Cahiem Brown:None; 109460:Justin Brown:None; 126392:Naz Brown:None; 149799:Cameron Brown:Saint Joseph's; 157936:Jakia Brown-Turner:None; 160110:Stephen Brown:Pallacanestro Reggiana; 194287:Noel Brown:St. Bonaventure; 224390:Terrell Brown:Panteras De Aguascalientes; 224554:Isiah Brown:None; 226261:Amere Brown:Arkansas; 53885:Derrick Brown:None; 89145:Mikeal Brown-Jones:None; 104213:Zachary Brown:None; 108736:Judah Brown:None; 109932:Javonte Brown:Rhode Island; 128049:Matt Brown:None; 128765:Reece Brown:None; 147685:JV Brown:None; 148149:Artarus Brown:None; 149793:Xzayvier Brown:Oklahoma; 155665:T'Johnn Brown:McNeese State; 160638:Jaden Brown:Crailsheim  Merlins; 160731:Joel Brown:Ottawa Blackjacks; 188395:Kennedy Brown:Gorzow (W); 189027:Isaiah Brown:Florida; 192618:Avery Brown:Columbia; 193986:Jayden Brown:Bryant; 195498:Tookie Brown:None; 196338:Ethan Brown:Colgate; 226127:AJ Brown:Florida; 226426:DeWayne Brown:Tennessee; 227290:Jaden Brownell:USC; 233934:Isaiah Brown:Howard; 233954:CJ Brown:High Point; 236539:Martez Brown:Iowa Wolves; 237931:Christian Brown:Ole Miss; 237932:Terrence Brown:North Carolina; 240905:Jonathan Brown:None"
P010588,"BROWN, JOHN",John Brown,exact,72752,John Brown,South East Melbourne,Forward,Small Forward,SF,"6' 8""",72752:John Brown:South East Melbourne
P009622,"BROWN, LORENZO",Lorenzo Brown,exact,53397,Lorenzo Brown,Olimpia Milano,Guard,Point Guard,PG,"6' 5""",53397:Lorenzo Brown:Olimpia Milano
PAHT,"BROWN, MARCUS",Marcus Brown,exact,70818,Jaylon Brown,Petkim Spor,Guard,Shooting Guard,SG,"6' 0""",70818:Jaylon Brown:Petkim Spor
P007424,"BROWN, MARKEL",Markel Brown,exact,64396,Markel Brown,Allianz Pallacanestro Trieste,Guard,Shooting Guard,SG,"6' 3""",64396:Markel Brown:Allianz Pallacanestro Trieste
P009817,"BROWN, RION",Rion Brown,exact,142646,Rion Brown,,Guard,Shooting Guard,SG,"6' 6""",142646:Rion Brown:None
P012720,"BROWN, STERLING",Sterling Brown,exact,53492,Sterling Brown,Zalgiris Kaunas,Guard,Shooting Guard,SG,"6' 5""",53492:Sterling Brown:Zalgiris Kaunas
P013365,"BROWN, VITTO",Vitto Brown,exact,102409,Vitto Brown,Besiktas,Forward,Power Forward,PF,"6' 8""",102409:Vitto Brown:Besiktas
P000430,"BROYLES, DWAYNE",Dwayne Broyles,not_found,,,,,,,,
P000582,"BRUNNER, GREG",Greg Brunner,exact,158366,Matouš Brunner,USK Praha,Forward,Small Forward,SF,"6' 5""",158366:Matouš Brunner:USK Praha
P009846,"BRYANT, ELIJAH",Elijah Bryant,exact,64857,Elijah Bryant,Hapoel Tel Aviv,Guard,Shooting Guard,SG,"6' 5""",64857:Elijah Bryant:Hapoel Tel Aviv
P004123,"BRYANT, JOHN",John Bryant,exact,145246,John Bryant,Mitteldeutscher,Center,Center,C,"6' 10""",145246:John Bryant:Mitteldeutscher
P004221,"BUBNIC, DRAZEN",Drazen Bubnic,not_found,,,,,,,,
P007427,"BUDINGER, CHASE",Chase Budinger,not_found,,,,,,,,
PKQM,"BUESA, MARTIN",Martin Buesa,not_found,,,,,,,,
P011330,"BUIKA, DOVYDAS",Dovydas Buika,exact,196965,Dovydas Buika,Bc Jonava,Guard,Point Guard,PG,"6' 5""",196965:Dovydas Buika:Bc Jonava
P002001,"BUKER, EVREN",Evren Buker,not_found,,,,,,,,
P001881,"BULJEVIC, MARCO",Marco Buljevic,exact,194203,Luksa Buljevic,,Forward,Power Forward,PF,"6' 7""",194203:Luksa Buljevic:None
PAHU,"BULLERI, MASSIMO",Massimo Bulleri,not_found,,,,,,,,
PAJO,"BULLOCK, LOUIS",Louis Bullock,ambiguous,,,,,,,,53341:Reggie Bullock:None; 234940:Danzelle Bullock Coles:Queens University; 234412:Dre Bullock:Hawaii
PCFN,"BURKE, PATRICK",Patrick Burke,ambiguous,,,,,,,,55847:Trey Burke:Astros De Jalisco; 94998:Kennedy Burke:Connecticut Sun; 109227:Shaan Burke:None; 196349:Jeremiah Burke:None; 125986:Burke Smith:None; 196524:Aidan Burke:UC San Diego
P005692,"BURNS, CHRISTIAN",Christian Burns,exact,64410,Christian Burns,BC Roma SPQR,Center,Center,C,"6' 8""",64410:Christian Burns:BC Roma SPQR
PLGW,"BURRELL, RONNIE",Ronnie Burrell,exact,111173,Rae Burrell,Los Angeles Sparks,Forward,,,"6' 2""",111173:Rae Burrell:Los Angeles Sparks
PAOY,"BURSTEIN, TAL",Tal Burstein,not_found,,,,,,,,
PTFO,"BUTERLEVICIUS, SIMAS",Simas Buterlevicius,not_found,,,,,,,,
P010184,"BUTKA, DOVYDAS",Dovydas Butka,exact,143797,Dovydas Butka,Pepperdine,Forward,Power Forward,PF,"6' 8""",143797:Dovydas Butka:Pepperdine
P002676,"BUTKEVICIUS, ARNAS",Arnas Butkevicius,exact,69970,Arnas Butkevicius,Zalgiris Kaunas,Forward,Small Forward,SF,"6' 6""",69970:Arnas Butkevicius:Zalgiris Kaunas
PKKI,"BUTKEVICIUS, POVILAS",Povilas Butkevicius,exact,69970,Arnas Butkevicius,Zalgiris Kaunas,Forward,Small Forward,SF,"6' 6""",69970:Arnas Butkevicius:Zalgiris Kaunas
P014163,"BUTLER, JARED",Jared Butler,exact,89409,Jared Butler,Crvena Zvezda,Guard,Point Guard,PG,"6' 3""",89409:Jared Butler:Crvena Zvezda
P004187,"BUVA, IVAN",Ivan Buva,exact,70840,Ivan Buva,Gaziantep Basketbol,Center,Center,C,"6' 10""",70840:Ivan Buva:Gaziantep Basketbol
P005859,"BUYCKS, DWIGHT",Dwight Buycks,exact,81647,Dwight Buycks,,Guard,Point Guard,PG,"6' 3""",81647:Dwight Buycks:None
P000685,"BYARS, DERRICK",Derrick Byars,not_found,,,,,,,,
PKOS,"BYKOV, SERGEY",Sergey Bykov,not_found,,,,,,,,
PLFR,"BYNUM, WILL",Will Bynum,ambiguous,,,,,,,,226915:Amare Bynum:Ohio State; 108840:Jared Bynum:Stanford
PAWX,"CABEZAS, CARLOS",Carlos Cabezas,not_found,,,,,,,,
P012096,"CABOCLO, BRUNO",Bruno Caboclo,exact,53401,Bruno Caboclo,BC Dubai,Center,Center,C,"6' 9""",53401:Bruno Caboclo:BC Dubai
P001897,"CACACE, GIACOMO",Giacomo Cacace,not_found,,,,,,,,
P012714,"CACOK, DEVONTAE",Devontae Cacok,exact,79423,Devontae Cacok,Hapoel Jerusalem,Forward,Power Forward,PF,"6' 8""",79423:Devontae Cacok:Hapoel Jerusalem
P009132,"CAICEDO, MICHAEL",Michael Caicedo,exact,102897,Michael Caicedo,,Forward,Small Forward,SF,"6' 6""",102897:Michael Caicedo:None
P000230,"CAKAREVIC, MARKO",Marko Cakarevic,not_found,,,,,,,,
P001932,"CALATHES, NICK",Nick Calathes,exact,53220,Nick Calathes,PAOK,Guard,Point Guard,PG,"6' 6""",53220:Nick Calathes:PAOK
P001142,"CALATHES, PAT",Pat Calathes,exact,53220,Nick Calathes,PAOK,Guard,Point Guard,PG,"6' 6""",53220:Nick Calathes:PAOK
P003509,"CALBARRO, UNAI",Unai Calbarro,not_found,,,,,,,,
P013269,"CALE, MYLES",Myles Cale,exact,109168,Myles Cale,,Guard,Point Guard,PG,"6' 6""",109168:Myles Cale:None
P001150,"CALLOWAY, EARL",Earl Calloway,exact,71071,Earl Calloway,,Guard,Point Guard,PG,"6' 3""",71071:Earl Calloway:None
P005771,"CALOIARO, ANGELO",Angelo Caloiaro,exact,64378,Angelo Caloiaro,,Forward,Small Forward,SF,"6' 8""",64378:Angelo Caloiaro:None
P008108,"CAMARA, GORA",Gora Camara,exact,121129,Gora Camara,,Center,Center,C,"7' 0""",121129:Gora Camara:None
P004977,"CAMARA, OUSMANE",Ousmane Camara,ambiguous,,,,,,,,123202:Toumani Camara:Portland Trail Blazers; 121129:Gora Camara:None; 146916:Giovanni Camara:None; 203837:Bakary Camara:Randers Cimbria; 226251:Mouhamed Camara:Louisville; 194916:Dramane Camara:Norfolk State
P005928,"CAMPAZZO, FACUNDO",Facundo Campazzo,exact,53102,Facundo Campazzo,Real Madrid,Guard,Point Guard,PG,"5' 11""",53102:Facundo Campazzo:Real Madrid
PKOK,"CAMPBELL, ERIC",Eric Campbell,ambiguous,,,,,,,,72368:T.J Campbell:Cholet; 89242:Tyger Campbell:Skyliners Frankfurt; 145587:Campbell Blogg:Melbourne United; 200057:Cooper Campbell:Troy; 155565:Jaden Campbell:USK Praha; 155802:Dom Campbell:None; 172369:Campbell Scott:Manawatu Jets; 200058:Cobi Campbell:Troy; 158173:Jensen Campbell:Real Estelí; 160718:Alexander Campbell:Winnipeg Sea Bears; 189887:Campbell Duncan:Tennessee; 192017:Liam Campbell:Saint Mary's; 235000:Trey Campbell:Northern Iowa
P002898,"CAMPBELL, LOUIS",Louis Campbell,ambiguous,,,,,,,,72368:T.J Campbell:Cholet; 89242:Tyger Campbell:Skyliners Frankfurt; 145587:Campbell Blogg:Melbourne United; 200057:Cooper Campbell:Troy; 155565:Jaden Campbell:USK Praha; 155802:Dom Campbell:None; 172369:Campbell Scott:Manawatu Jets; 200058:Cobi Campbell:Troy; 158173:Jensen Campbell:Real Estelí; 160718:Alexander Campbell:Winnipeg Sea Bears; 189887:Campbell Duncan:Tennessee; 192017:Liam Campbell:Saint Mary's; 235000:Trey Campbell:Northern Iowa
P010612,"CANAAN, ISAIAH",Isaiah Canaan,exact,81636,Isaiah Canaan,Crvena Zvezda,Guard,Point Guard,PG,"6' 0""",81636:Isaiah Canaan:Crvena Zvezda
P005379,"CANCAR, VLATKO",Vlatko Cancar,exact,71467,Vlatko Cancar,,Forward,Small Forward,SF,"6' 8""",71467:Vlatko Cancar:None
P000981,"CANDAN, BERKAY",Berkay Candan,exact,70927,Berkay Candan,,Forward,Power Forward,PF,"6' 9""",70927:Berkay Candan:None
P000079,"CANELO, JEAN CARLOS",Jean Carlos Canelo,not_found,,,,,,,,
P000722,"CANER-MEDLEY, NIK",Nik Caner-Medley,not_found,,,,,,,,
P007705,"CANKA, ABRAMO",Abramo Canka,exact,123119,Abramo Canka,,Guard,Shooting Guard,SG,"6' 6""",123119:Abramo Canka:None
P002256,"CANTEKIN, DUSAN",Dusan Cantekin,exact,122733,Dusan Cantekin,,Center,Center,C,"7' 2""",122733:Dusan Cantekin:None
P003845,"CAPELA, CLINT",Clint Capela,exact,53582,Clint Capela,Houston Rockets,Center,Center,C,"6' 10""",53582:Clint Capela:Houston Rockets
PATH,"CAPIN, ALEKSANDAR",Aleksandar Capin,not_found,,,,,,,,
P005277,"CAPPELLETTI, ALESSANDRO",Alessandro Cappelletti,exact,141850,Alessandro Cappelletti,Treviso Basket,Guard,Point Guard,PG,"6' 1""",141850:Alessandro Cappelletti:Treviso Basket
P005095,"CARDOSO, MIGUEL",Miguel Cardoso,exact,205253,Miguel Cardoso,FC Porto,Guard,Point Guard,PG,"6' 1""",205253:Miguel Cardoso:FC Porto
P001810,"CAR, MARKO",Marko Car,ambiguous,,,,,,,,64131:Wendell Carter Jr.:Orlando Magic; 64173:Jevon Carter:Orlando Magic; 148325:Bub Carrington:Washington Wizards; 53674:Vince Carter:None; 150975:Sebastian Carrasco:Gimnasia y Esgrima (CR); 86043:Vernon Carey Jr.:None; 147167:Cameron Carr:Los Angeles Lakers; 106319:Tyson Carter:Crvena Zvezda; 108694:Marcus Carr:Virtus Bologna; 109616:Andrew Carr:Rip City Remix; 191927:Nicolas Carvacho:None; 155228:Lucas Cardoso:Corinthians; 149311:Xavier Carreras:None; 120480:Robert Carter:None; 86261:Tony Carr:None; 89907:James Carey:Iona; 89955:Josh Carlton:Zhejiang Lions; 146962:Coen Carr:Michigan State; 150206:Juan Cardenas:União Corinthians; 83913:Maxime Carène:None; 149470:Cristian Cardo:San Lorenzo; 191916:Ignacio Carrion:Leones De Quilpué; 130099:Michael Carrera:Astros De Jalisco; 143227:Ryan:None; 172450:Phillip Carr:Unifacisa; 122057:Terrell Carter:Parma; 128832:Sincere Carry:Kent State; 149266:Bryan Carabali:Atenas; 172227:Marcelo Cardoso:Pinheiros LDB; 175306:Bugra Cal:Manisa Bb; 183120:Jorge Carot:Valencia Basket; 195576:Jordan Cardenas:None; 147606:Jaylen Carey:Tennessee; 89778:Donald Carey:None; 128728:Isaiah Carr:None; 172397:Jakob Carr:Taranaki Mountainairs; 194701:Tyler Caron:Oklahoma State; 232180:Bruno Caribaux:Basket Osasco
PLMK,"CARRARETTO, MARCO",Marco Carraretto,not_found,,,,,,,,
P001960,"CARROLL, JAYCEE",Jaycee Carroll,exact,53103,Jaycee Carroll,,Guard,Shooting Guard,SG,"6' 2""",53103:Jaycee Carroll:None
P001910,"CARTER, JOSHUA",Joshua Carter,ambiguous,,,,,,,,53486:Michael Carter-Williams:None; 64131:Wendell Carter Jr.:Orlando Magic; 64173:Jevon Carter:Orlando Magic; 189873:Carter Bryant:San Antonio Spurs; 94949:Chennedy Carter:None; 53674:Vince Carter:None; 125959:Devin Carter:Atlanta Hawks; 106319:Tyson Carter:Crvena Zvezda; 78480:Ben Carter:None; 120480:Robert Carter:None; 126396:Cam Carter:LSU; 157931:Jessika Carter:None; 237987:Quionche Carter:Phoenix Mercury; 89421:Traci Carter:Hartford; 191451:Drew Carter:Oregon; 109847:Cameron Carter:CSU Fullerton; 90134:Devante Carter:Nicholls; 124404:Noah Carter:Bnei Hertzliya; 217133:Carter Skaggs:Correcaminos UAT; 89559:Carter Gilmore:None; 122057:Terrell Carter:Parma; 89551:Carter Higginbottom:None; 108745:Carter Kingsbury:None; 109131:Carter Boothe:None; 109795:Grayson Carter:Texas Southern; 109996:Carter Ash:Montana State; 145230:Chris Carter:Science City Jena; 146396:Chris Carter:None; 147260:Jace Carter:None; 156207:Myles Carter:Freseros De Irapuato; 185829:Arica Carter:Perfumerias Avenida (W); 224112:Chico Carter Jr:Energa Czarni; 108603:Carter Sobera:None; 108746:Carter Collins:Murray State; 109239:Carter Whitt:None; 148309:Carter Murphy:Georgia Tech; 148793:Carter Lang:Virginia; 172454:Carter Hopoi:Whai Tauranga; 191459:PJ Carter:Memphis; 192257:Jahvin Carter:Penn State; 194006:Luke Carter:Lipscomb; 227548:Olin Carter:Bc Jonava; 231500:Carter Welling:Clemson; 234418:Hunter Carter:Hawaii
P006196,"CARTER, JUSTIN",Justin Carter,ambiguous,,,,,,,,53486:Michael Carter-Williams:None; 64131:Wendell Carter Jr.:Orlando Magic; 64173:Jevon Carter:Orlando Magic; 189873:Carter Bryant:San Antonio Spurs; 94949:Chennedy Carter:None; 53674:Vince Carter:None; 125959:Devin Carter:Atlanta Hawks; 106319:Tyson Carter:Crvena Zvezda; 78480:Ben Carter:None; 120480:Robert Carter:None; 126396:Cam Carter:LSU; 157931:Jessika Carter:None; 237987:Quionche Carter:Phoenix Mercury; 89421:Traci Carter:Hartford; 191451:Drew Carter:Oregon; 109847:Cameron Carter:CSU Fullerton; 90134:Devante Carter:Nicholls; 124404:Noah Carter:Bnei Hertzliya; 217133:Carter Skaggs:Correcaminos UAT; 89559:Carter Gilmore:None; 122057:Terrell Carter:Parma; 89551:Carter Higginbottom:None; 108745:Carter Kingsbury:None; 109131:Carter Boothe:None; 109795:Grayson Carter:Texas Southern; 109996:Carter Ash:Montana State; 145230:Chris Carter:Science City Jena; 146396:Chris Carter:None; 147260:Jace Carter:None; 156207:Myles Carter:Freseros De Irapuato; 185829:Arica Carter:Perfumerias Avenida (W); 224112:Chico Carter Jr:Energa Czarni; 108603:Carter Sobera:None; 108746:Carter Collins:Murray State; 109239:Carter Whitt:None; 148309:Carter Murphy:Georgia Tech; 148793:Carter Lang:Virginia; 172454:Carter Hopoi:Whai Tauranga; 191459:PJ Carter:Memphis; 192257:Jahvin Carter:Penn State; 194006:Luke Carter:Lipscomb; 227548:Olin Carter:Bc Jonava; 231500:Carter Welling:Clemson; 234418:Hunter Carter:Hawaii
P011305,"CARTER, TYSON",Tyson Carter,exact,106319,Tyson Carter,Crvena Zvezda,Guard,Shooting Guard,SG,"6' 4""",106319:Tyson Carter:Crvena Zvezda
P006721,"CARUSO, GUGLIELMO",Guglielmo Caruso,exact,145086,Guglielmo Caruso,Napoli Basket,Forward,Power Forward,PF,"6' 11""",145086:Guglielmo Caruso:Napoli Basket
P000273,"CASALE, GIULIO",Giulio Casale,not_found,,,,,,,,
P004122,"CASELLA, ANDREA",Andrea Casella,not_found,,,,,,,,
P001835,"CASSEUS, JOHWE",Johwe Casseus,not_found,,,,,,,,
PJFO,"CASSPI, OMRI",Omri Casspi,exact,53636,Omri Casspi,,Forward,Small Forward,SF,"6' 9""",53636:Omri Casspi:None
PJXV,"CASTLE, TERREL",Terrel Castle,ambiguous,,,,,,,,147032:Stephon Castle:San Antonio Spurs; 89258:Colin Castleton:Orlando Magic
P001392,"CAUSEUR, FABIEN",Fabien Causeur,exact,53107,Fabien Causeur,,Guard,Shooting Guard,SG,"6' 5""",53107:Fabien Causeur:None
P013373,"CAVALIERE, LEOPOLD",Leopold Cavaliere,exact,72551,Leopold Cavaliere,Paris Basketball,Forward,Small Forward,SF,"6' 8""",72551:Leopold Cavaliere:Paris Basketball
P009601,"CAVANAUGH, TYLER",Tyler Cavanaugh,exact,55112,Tyler Cavanaugh,Bahçeşehir Koleji,Forward,Power Forward,PF,"6' 9""",55112:Tyler Cavanaugh:Bahçeşehir Koleji
PTFA,"CAZALON, LAURENT",Laurent Cazalon,exact,133224,Malcolm Cazalon,Merkezefendi Belediyesi,Guard,Shooting Guard,SG,"6' 6""",133224:Malcolm Cazalon:Merkezefendi Belediyesi
P012925,"CECCATO, MATTIA",Mattia Ceccato,exact,224036,Mattia Ceccato,Olimpia Milano,Guard,Shooting Guard,SG,"6' 4""",224036:Mattia Ceccato:Olimpia Milano
P004248,"CEKOVSKY, MICHAL",Michal Cekovsky,not_found,,,,,,,,
PKBV,"CEL, AARON",Aaron Cel,exact,69930,Aaron Cel,,Forward,Power Forward,PF,"6' 8""",69930:Aaron Cel:None
P000840,"CENTANNI, SIMONE",Simone Centanni,not_found,,,,,,,,
PLXK,"CEPANONIS, ROKAS",Rokas Cepanonis,not_found,,,,,,,,
P002081,"CERELLA, BRUNO",Bruno Cerella,exact,71235,Bruno Cerella,Blu Basket 1971 Treviglio,Guard,Shooting Guard,SG,"6' 4""",71235:Bruno Cerella:Blu Basket 1971 Treviglio
PBVG,"CESNAUSKIS, MANTAS",Mantas Cesnauskis,exact,231358,Mantas Česnauskis,Arka Gdynia,Management,Coach,,,231358:Mantas Česnauskis:Arka Gdynia
P000109,"CETIN, SERHAT",Serhat Cetin,not_found,,,,,,,,
PBWM,"CHANAS, KAMIL",Kamil Chanas,not_found,,,,,,,,
P004218,"CHARALAMPOPOULOS, VASILIS",Vasilis Charalampopoulos,exact,104216,Vasilis Charalampopoulos,AEK,Forward,Small Forward,SF,"6' 8""",104216:Vasilis Charalampopoulos:AEK
P001162,"CHASE, BRIAN",Brian Chase,ambiguous,,,,,,,,72540:Chase Simon:None; 89628:Chase Hunter:None; 89601:Chase Martin:Missouri State; 89748:Chase Claxton:Winthrop; 89992:Chase Coleman:None; 194363:Chase Johnston:High Point; 90155:Chase Forte:None; 108597:Chase Maasdorp:None; 125937:Chase Ross:Marquette; 126857:Chase Audige:Unicaja Málaga; 189695:Chase McCarty:Houston; 71489:Chase Fieler:None; 83831:Chase Fieler:None; 126046:Chase Graham:None; 149115:Chase Kirkwood:None; 158403:Chase Jeter:NH Ostrava; 194775:Chase Sample:None; 200363:Chase Henderson:Montana; 231502:Chase Thompson:Clemson; 235012:Chase Courbat:Northern Iowa; 235521:Chase Clemmons:Kennesaw State; 235565:Chase Mayo Harmon:California Baptist
P012406,"CHEATHAM, ZYLAN ANTHONY",Zylan Anthony Cheatham,ambiguous,,,,,,,,71723:Zylan Cheatham:ADELAIDE 36ers; 84189:Kwan Cheatham:Pallacanestro Reggiana
P006058,"CHERRY, WILL",Will Cherry,exact,70952,Will Cherry,Boulazac,Guard,Point Guard,PG,"6' 0""",70952:Will Cherry:Boulazac
P002038,"CHESSA, MASSIMO",Massimo Chessa,exact,87517,Massimo Chessa,,Guard,Point Guard,PG,"6' 2""",87517:Massimo Chessa:None
PBEW,"CHIACIG, ROBERTO",Roberto Chiacig,not_found,,,,,,,,
P001225,"CHILDRESS, JOSH",Josh Childress,ambiguous,,,,,,,,109228:Nathan Childress:None; 145200:Brandon Childress:Bursaspor Durmazlar
P004203,"CHIOTTI, DAVID",David Chiotti,not_found,,,,,,,,
P011396,"CHOUGKAZ, NIKOS",Nikos Chougkaz,exact,110100,Nikos Chougkaz,PAOK,Forward,Power Forward,PF,"6' 10""",110100:Nikos Chougkaz:PAOK
P012765,"CHRIS, CHIOZZA",Chiozza Chris,club_match,90058,Chris Duarte,Baskonia Vitoria,Guard,Shooting Guard,SG,"6' 6""",53594:Chris Paul:None; 64182:Christian Wood:None; 64224:Chris Boucher:None; 53606:Marquese Chriss:Shandong Golden Stars; 64410:Christian Burns:BC Roma SPQR; 71742:Chris Chiozza:Pallacanestro Cantù; 71651:Chris Silva:Fenerbahçe; 53229:Chris Singleton:None; 71707:Chris Clemons:Baskets Oldenburg; 71507:Semaj Christon:Amici Pallacanestro Udinese; 89809:Christian Braun:Denver Nuggets; 109136:Max Christie:Dallas Mavericks; 90058:Chris Duarte:Baskonia Vitoria; 64762:Chris Johnson:Hapoel Jerusalem; 81518:Chris Jones:Crvena Zvezda; 108529:Christian Koloko:Atlanta Hawks; 71483:Chris Babb:Gravelines; 100282:Josh Christopher:None; 122952:Chris Livingston:Capital City Go-Go; 88680:Chris Finch:Minnesota Timberwolves; 89239:Chris Smith:Iraklis; 69950:Chris Goulding:Melbourne United; 128038:Chris Youngblood:Portland Trail Blazers; 192266:Chris Manon:Los Angeles Lakers; 226114:Chris Cenac Jr.:Boston Celtics; 83574:Christ Koumadje:Casademont Zaragoza; 86994:Chris Horton:Reyer Venezia; 147692:Cam Christie:Los Angeles Clippers; 71908:Chris Kramer:None; 73802:Chris Ware:Trouville; 88728:Christian Martis:None; 109583:Chris Childs:None; 64841:Chris Dowe:None; 134836:Christie Sides:None; 71050:Christian Eyenga:Lobos Plateados; 84911:Vassilis Christidis:None; 89581:Chris Greene:Cleveland State; 194844:Doug Christie:Sacramento Kings; 108761:Chris Lykes:None; 108832:Chris Knight:None; 156696:Rakeem Christmas:Santos De San Luis; 72983:Chris Smithh:None; 81695:Antreas Christodoulou:None; 128404:Chris Brandon:Ubsc Graz; 81649:Chris Warren:Cagdas Bodrum Spor; 128841:Chris Payton:Kent State; 71484:Christos Kafezas:None; 86592:Christian Vital:Derthona Basket Tortona; 89523:Chris Parker:None; 90126:Chris Ford:None; 109277:Chris Ford:Robert Morris; 110489:Chris Evans:None; 137152:Chris Ortiz:Osos de Manati; 147879:Christian Bliss:None; 136302:Christian Perez:None; 156369:Chris Perry:Astros De Jalisco; 108723:Chris Vogt:Union De Santa Fe; 120632:Christian Diaz:Movistar Estudiantes; 123420:Christian Watson:Southern Miss; 128604:Andy Christos:None; 128818:Christian Fermin:VCU; 156565:Christian James:Trotamundos de Carabobo; 160340:Chris Clarke:None; 172349:Christian Vano:Franklin Bulls; 186291:Christian Negron:Quimsa; 224777:Vasileios Christidis:Iraklis; 89168:Chris Baldwin:None; 136299:Chris Newsome:Meralco Bolts; 142595:William Christmas:Skyliners Frankfurt; 145230:Chris Carter:Science City Jena; 146396:Chris Carter:None; 147285:Chris Johnson:UCF; 148445:Chris Bell:Syracuse; 148890:Christian King:None; 149376:Cam Christon:Cheshire Phoenix; 149654:Chris Yiming:Beijing Ducks; 149788:Chris Arizin:Saint Joseph's; 149794:Christ Essandoko:Providence; 149952:Chris Yiming:Beijing Ducks; 155510:Michael Christmas:Longwood; 155574:Chris Conway:Oakland; 72407:Chris Wright:None; 72516:Robin Christen:Science City Jena; 89692:Chris LaValle:Syracuse; 89805:Chris Teahan:None; 89865:Christian Bishop:Pinar Karsiyaka; 108607:Chris Moore:None; 109398:Christian Ings:Norfolk State; 109594:Chris Howell:New Mexico; 109924:Chris Morgan:North Texas; 123114:Christian Reeves:Kansas; 124158:Chris Hodges:Montana State; 128068:Chris Harris:None; 128758:Chris Craig:Texas Southern; 143665:Chris Coffey:Peristeri; 145232:Chris-Ebou Ndow:None; 145259:Christian Held:SC Rasta Vechta; 148458:Chris Gatty:Syracuse; 149047:Christian Wright:Oregon State; 151773:Chris Lockett:Boise State; 172250:Chris McIntosh:Auckland Huskies; 185021:Nikolas Christou:None; 186146:Chris Hooper:None; 189145:Chris McDermott:Texas A&M; 189907:Christian Horry:UCLA; 192638:Christian Nitu:Washington; 193563:Chris Riddle:DePaul; 194693:Chris Koclanes:None; 194705:Chris Tadjo:Santa Clara; 194918:Chris Fields:Norfolk State; 196356:Christoph Tilly:Ohio State; 196525:Christopher Cox:UC San Diego; 196722:Christian Foy:Merrimack; 200332:Chris Moncrief:Saint Francis (PA); 206857:Christian Lopez:Mineros de Zacatecas; 223253:Chris Ledlum:Ratiopharm Ulm; 230916:Christian Achim:CSM Oradea; 231245:Chris Jeffrey:Villanova; 234400:Chris Kuzemka:Vermont; 234929:Chris Ashby:Queens University; 235195:Chris Torres:Siena; 236534:Chris Mantis:Capital City Go-Go; 238055:Chris Dockery:Omaha; 238607:Chris DeMarco:New York Liberty; 83806:Chris McCullough:None; 89504:Chris Harris Jr.:None; 109329:John Christofilis:None; 125815:Giannis Christopoulos:None; 145626:Chris Smith:None; 147569:Tredyn Christensen:None; 183228:Jamion Christian:None; 186045:Eleanna Christinaki:None; 196664:Christian Davis:Bradley; 234936:Colby Christiansen:Queens University; 235192:Christian Jones:Siena; 237931:Christian Brown:Ole Miss
P010356,"CHRISTIDIS, VASILEIOS",Vasileios Christidis,exact,224777,Vasileios Christidis,Iraklis,Forward,Small Forward,SF,"6' 7""",224777:Vasileios Christidis:Iraklis
P003297,"CHRISTMAS, DIONTE",Dionte Christmas,ambiguous,,,,,,,,156696:Rakeem Christmas:Santos De San Luis; 142595:William Christmas:Skyliners Frankfurt; 155510:Michael Christmas:Longwood
P004445,"CHRISTODOULOU, ANTREAS",Antreas Christodoulou,exact,81695,Antreas Christodoulou,,Guard,Point Guard,PG,"6' 5""",81695:Antreas Christodoulou:None
P009888,"CHRISTON, SEMAJ",Semaj Christon,exact,71507,Semaj Christon,Amici Pallacanestro Udinese,Guard,Point Guard,PG,"6' 3""",71507:Semaj Christon:Amici Pallacanestro Udinese
P003834,"CHRISTOPHER, PATRICK",Patrick Christopher,ambiguous,,,,,,,,100282:Josh Christopher:None; 137152:Chris Ortiz:Osos de Manati; 71077:Chris Czerapowicz:None; 149772:Christopher Obekpa:Fujian Sturgeons; 136299:Chris Newsome:Meralco Bolts; 155655:CJ Fulton:Iowa Wolves; 189145:Chris McDermott:Texas A&M; 196525:Christopher Cox:UC San Diego; 83799:Christopher Razis:Keravnos; 182235:Christopher Ebunangombe:ESSM Le Portel; 223526:Christopher Wahren:Bv Chemnitz 99
P000501,"CHUBB, ADAM",Adam Chubb,not_found,,,,,,,,
PLFX,"CHYLINSKI, MICHAL",Michal Chylinski,not_found,,,,,,,,
PKIW,"CINCIARINI, ANDREA",Andrea Cinciarini,exact,53858,Andrea Cinciarini,Scafati,Guard,Point Guard,PG,"6' 4""",53858:Andrea Cinciarini:Scafati
PLJM,"CINCIARINI, DANIELE",Daniele Cinciarini,exact,53858,Andrea Cinciarini,Scafati,Guard,Point Guard,PG,"6' 4""",53858:Andrea Cinciarini:Scafati
P011237,"CISSOKO, SIDY",Sidy Cissoko,exact,102866,Sidy Cissoko,Portland Trail Blazers,Guard,Shooting Guard,SG,"6' 5""",102866:Sidy Cissoko:Portland Trail Blazers
P000996,"CIZAUSKAS, VYTENIS",Vytenis Cizauskas,exact,194192,Vytenis Cizauskas,Mazeikiai,Guard,Point Guard,PG,"6' 2""",194192:Vytenis Cizauskas:Mazeikiai
PKZD,"CLANCY, SAMUEL",Samuel Clancy,not_found,,,,,,,,
P008857,"CLARK, EARL",Earl Clark,exact,64403,Earl Clark,Aguada,Forward,Power Forward,PF,"6' 10""",64403:Earl Clark:Aguada
P007050,"CLARKE, COTY",Coty Clarke,exact,64405,Coty Clarke,,Forward,Small Forward,SF,"6' 7""",64405:Coty Clarke:None
P013699,"CLARK III, JIMMY",Jimmy Clark Iii,exact,184737,Jimmy Clark,Maccabi Tel Aviv,Guard,Point Guard,PG,"6' 3""",184737:Jimmy Clark:Maccabi Tel Aviv
P000556,"CLAVER, VICTOR",Victor Claver,exact,53866,Victor Claver,,Forward,Power Forward,PF,"6' 9""",53866:Victor Claver:None
P001511,"CLAY, OLIVER",Oliver Clay,ambiguous,,,,,,,,148736:Walter Clayton Jr.:Memphis Grizzlies; 147733:Jordan Clayton:Northwestern; 200333:Jeremy Clayville:Saint Francis (PA); 224894:Yosani Clay:Cruzeiro; 90167:Evan Clayborne:None; 90332:Clay Gayman:Abilene Christian; 109746:Clayton Henry:New Mexico State; 148456:Anthony Clayton:Syracuse; 183397:Donovan Clay:None; 235196:Mosi Clayton:Siena; 192281:Chianti Clay:Arizona State; 223702:Clayton Guillozet:TBB Trier; 234316:Dom Clay:North Dakota State
P012744,"CLEVELAND, ANTONIUS",Antonius Cleveland,exact,71458,Antonius Cleveland,CSKA Moscow,Guard,Shooting Guard,SG,"6' 6""",71458:Antonius Cleveland:CSKA Moscow
P007889,"CLINE, TJ",Tj Cline,exact,64748,T.J. Clein,Ironi Ness Ziona,Center,Center,C,"6' 9""",64748:T.J. Clein:Ironi Ness Ziona
P004888,"CLYBURN, WILL",Will Clyburn,exact,53246,Will Clyburn,Fenerbahçe,Forward,Small Forward,SF,"6' 6""",53246:Will Clyburn:Fenerbahçe
P002877,"COBOS, CARLOS",Carlos Cobos,not_found,,,,,,,,
P005145,"COHEN, JAKE",Jake Cohen,exact,53180,Jake Cohen,,Forward,Power Forward,PF,"6' 11""",53180:Jake Cohen:None
P009848,"COHEN, SANDY",Sandy Cohen,exact,72846,Sandy Cohen,,Forward,Small Forward,SF,"6' 6""",72846:Sandy Cohen:None
P007989,"COLE, NORRIS",Norris Cole,exact,53190,Norris Cole,Ca Penarol,Guard,Point Guard,PG,"6' 2""",53190:Norris Cole:Ca Penarol
PBDB,"COLLINS, DEJUAN",Dejuan Collins,ambiguous,,,,,,,,53653:Zach Collins:Chicago Bulls; 53429:John Collins:Detroit Pistons; 123427:Yuri Collins:Ironi Ness Ziona; 109098:Frankie Collins:Vanderbilt; 104836:David Collins:None; 124152:Michael Collins Jr.:Utah State; 128787:Vernon Collins:Princeton; 157688:Chauncey Collins:Mazeikiai; 159086:Mimi Collins:None; 108548:Daimion Collins:South Florida; 108746:Carter Collins:Murray State; 109445:Mekhi Collins:Nicholls; 226265:Collins Onyejiaka:Alabama
P005463,"COLLINS, MARDY",Mardy Collins,ambiguous,,,,,,,,53653:Zach Collins:Chicago Bulls; 53429:John Collins:Detroit Pistons; 123427:Yuri Collins:Ironi Ness Ziona; 109098:Frankie Collins:Vanderbilt; 104836:David Collins:None; 124152:Michael Collins Jr.:Utah State; 128787:Vernon Collins:Princeton; 157688:Chauncey Collins:Mazeikiai; 159086:Mimi Collins:None; 108548:Daimion Collins:South Florida; 108746:Carter Collins:Murray State; 109445:Mekhi Collins:Nicholls; 226265:Collins Onyejiaka:Alabama
P006533,"COLOM, QUINO",Quino Colom,exact,69916,Quino Colom,,Guard,Point Guard,PG,"6' 2""",69916:Quino Colom:None
P009783,"COLSON, BONZIE",Bonzie Colson,exact,71502,Bonzie Colson,Maccabi Tel Aviv,Forward,Power Forward,PF,"6' 6""",71502:Bonzie Colson:Maccabi Tel Aviv
P002403,"CONDE, LUIS",Luis Conde,exact,171673,María Conde,Toronto Tempo,Forward,Small Forward,SF,"6' 1""",171673:María Conde:Toronto Tempo
PTGT,"CONROY, WILL",Will Conroy,not_found,,,,,,,,
P005319,"COOK, DAEQUAN",Daequan Cook,exact,64848,Daequan Cook,,Forward,Small Forward,SF,"6' 5""",64848:Daequan Cook:None
P000152,"COOK, OMAR",Omar Cook,exact,71018,Omar Cook,,Guard,Point Guard,PG,"6' 1""",71018:Omar Cook:None
P006735,"COOLEY, JACK",Jack Cooley,exact,219850,Jack Cooley,Ryukyu Golden Kings,Forward,Power Forward,PF,"6' 9""",219850:Jack Cooley:Ryukyu Golden Kings
P007199,"COONEY, TREVOR",Trevor Cooney,not_found,,,,,,,,
PCRU,"CORBACHO, ALBERTO",Alberto Corbacho,not_found,,,,,,,,
P009549,"CORDINIER, ISAIA",Isaia Cordinier,exact,71465,Isaia Cordinier,Anadolu Efes,Guard,Shooting Guard,SG,"6' 5""",71465:Isaia Cordinier:Anadolu Efes
P004790,"CORNELIE, PETR",Petr Cornelie,exact,72553,Petr Cornelie,Esenler Erokspor,Center,Center,C,"6' 11""",72553:Petr Cornelie:Esenler Erokspor
P000063,"COROSINE, XAVIER",Xavier Corosine,not_found,,,,,,,,
PAWR,"CORTABERRIA, JON",Jon Cortaberria,not_found,,,,,,,,
P004092,"COSAR, EFEKAN",Efekan Cosar,not_found,,,,,,,,
P010444,"COSTELLO, MATTHEW",Matthew Costello,exact,71022,Matt Costello,Valencia Basket,Center,Center,C,"6' 10""",71022:Matt Costello:Valencia Basket
P007121,"COTTON, BRYCE",Bryce Cotton,exact,146016,Bryce Cotton,ADELAIDE 36ers,Guard,Point Guard,PG,"6' 0""",146016:Bryce Cotton:ADELAIDE 36ers
PLVW,"COURNOOH, DAVID",David Cournooh,exact,71281,David Cournooh,Maxima Roma,Guard,Shooting Guard,SG,"6' 2""",71281:David Cournooh:Maxima Roma
P012017,"COUTURE, AMBROISE",Ambroise Couture,exact,123266,Ambroise Couture,,Forward,Power Forward,PF,"6' 6""",123266:Ambroise Couture:None
PJDZ,"COVIC, FILIP",Filip Covic,exact,70915,"Covic, Filip",,Guard,Point Guard,PG,"5' 11""","70915:Covic, Filip:None"
P001829,"COVILE, RYVON",Ryvon Covile,not_found,,,,,,,,
P001156,"COX, JOHN",John Cox,ambiguous,,,,,,,,95041:Lauren Cox:None; 155686:Jalen Cox:Colgate; 189150:C.J. Cox:Purdue; 196525:Christopher Cox:UC San Diego; 172763:Isaac Cox:Bay Hawks
P006468,"CRAFT, AARON",Aaron Craft,exact,71254,Aaron Craft,,Guard,Point Guard,PG,"6' 2""",71254:Aaron Craft:None
P010254,"CRAWFORD, DREW",Drew Crawford,exact,72716,Drew Crawford,Maccabi Ironi Ramat Gan,Forward,Small Forward,SF,"6' 5""",72716:Drew Crawford:Maccabi Ironi Ramat Gan
P007916,"CROCKER, TONY",Tony Crocker,exact,200574,Jaylen Crocker-Johnson,Colorado State,Forward,,,"6' 8""",200574:Jaylen Crocker-Johnson:Colorado State
PTGO,"CROSARIOL, ANDREA",Andrea Crosariol,not_found,,,,,,,,
PLVZ,"CROTTA, STEFANO",Stefano Crotta,not_found,,,,,,,,
P002868,"CROWELL, MICHAEL",Michael Crowell,not_found,,,,,,,,
PBUZ,"CUKINAS, POVILAS",Povilas Cukinas,not_found,,,,,,,,
P005971,"CULPEPPER, RANDY",Randy Culpepper,not_found,,,,,,,,
PCQD,"CUMMINGS, VONTEEGO",Vonteego Cummings,ambiguous,,,,,,,,70799:Will Cummings:Galatasaray; 222508:Markeith Cummings:Flamengo; 89308:Nelly Cummings:None; 191446:Brandin Cummings:Pittsburgh
P000160,"CURRY, RAMEL",Ramel Curry,ambiguous,,,,,,,,53625:Stephen Curry:Golden State Warriors; 64215:Seth Curry:Golden State Warriors; 72890:Ron Curry:MKS D. Gornicza; 89136:KeShawn Curry:None; 156552:Malik Curry:None; 149803:Sydney Curry:Gambusinos De Fresnillo; 150427:Carlos Curry:None; 202500:Jayda Curry:None
P001830,"CURTI, ALDO",Aldo Curti,ambiguous,,,,,,,,53859:Curtis Jerrells:None; 109619:Logan Curtis:Delaware; 230644:Leo Curtis:Nebraska; 148431:Curtis Jones:Denver Nuggets; 148644:Curtis Williams:None; 149085:Devin Curtis:California; 194740:Curtis Givens:LSU; 196697:Curtis Blair:Liberty
PBTG,"CUSIN, MARCO",Marco Cusin,exact,86955,Marco Cusin,Fortitudo Bologna,Center,Center,C,"6' 11""",86955:Marco Cusin:Fortitudo Bologna
P001736,"CVETKOVIC, ALEKSANDAR",Aleksandar Cvetkovic,exact,72986,Aleksandar Cvetkovic,Real Betis Energía Plus,Guard,Point Guard,PG,"6' 2""",72986:Aleksandar Cvetkovic:Real Betis Energía Plus
PKOE,"CVETKOVIC, BRANKO",Branko Cvetkovic,exact,72986,Aleksandar Cvetkovic,Real Betis Energía Plus,Guard,Point Guard,PG,"6' 2""",72986:Aleksandar Cvetkovic:Real Betis Energía Plus
P002524,"CVOROVIC, NIKOLA",Nikola Cvorovic,not_found,,,,,,,,
P001712,"DAINYS, EVALDAS",Evaldas Dainys,not_found,,,,,,,,
P001938,"D'ALESSIO, DARIO",Dario D'Alessio,not_found,,,,,,,,
P003274,"DALLO, BORIS",Boris Dallo,exact,72373,Boris Dallo,Saint Quentin,Guard,Point Guard,PG,"6' 5""",72373:Boris Dallo:Saint Quentin
P001602,"DAMBRAUSKAS, PAULIUS",Paulius Dambrauskas,not_found,,,,,,,,
P005942,"DANGUBIC, NEMANJA",Nemanja Dangubic,exact,53290,Nemanja Dangubic,BC Dubai,Forward,Small Forward,SF,"6' 9""",53290:Nemanja Dangubic:BC Dubai
PTFQ,"DANIELS, ERIK",Erik Daniels,ambiguous,,,,,,,,53598:Troy Daniels:None; 120875:Dyson Daniels:Atlanta Hawks; 89721:Caleb Daniels:None; 226172:Dash Daniels:Melbourne United; 83938:Travis Daniels:Urunday Universitario; 106318:Will Daniels:Real Estelí; 160111:Devon Daniels:Hamburg Towers; 200554:Arguster Daniels:None; 235571:Dominique Daniels Jr.:California Baptist; 89759:Maddox Daniels:None; 90330:Damien Daniels:Correcaminos UAT; 185125:Clarence Daniels:None; 192600:Nilavan Jotham Daniels:Providence; 195321:DeAndre Daniels:None; 200093:Alex Daniels:American University; 202669:Dalayah Daniels:None; 235566:Miles Daniels:California Baptist
P011206,"DANIELS, TROY",Troy Daniels,exact,53598,Troy Daniels,,Guard,Shooting Guard,SG,"6' 4""",53598:Troy Daniels:None
P004370,"DANIELS, WILL",Will Daniels,exact,106318,Will Daniels,Real Estelí,Forward,Small Forward,SF,"6' 8""",106318:Will Daniels:Real Estelí
P000483,"DARDEN, TREMMELL",Tremmell Darden,exact,150366,Tremmell Darden,Crailsheim  Merlins,Guard,Point Guard,PG,"6' 4""",150366:Tremmell Darden:Crailsheim  Merlins
PTGS,"DA ROS, MATTEO",Matteo Da Ros,exact,224206,Matteo Da Ros,Amici Pallacanestro Udinese,Forward,Small Forward,SF,"6' 8""",224206:Matteo Da Ros:Amici Pallacanestro Udinese
PTEW,"DARTEZ, KENDALL",Kendall Dartez,not_found,,,,,,,,
PJPR,"DASIC, VLADIMIR",Vladimir Dasic,not_found,,,,,,,,
P011244,"DA SILVA, OSCAR",Oscar Da Silva,exact,102987,Oscar Da Silva,Bayern Munich,Forward,Power Forward,PF,"6' 9""",102987:Oscar Da Silva:Bayern Munich
A15DSO,"DA SILVEIRA, OCTAVIO",Octavio Da Silveira,exact,172161,Renan,União Corinthians,Forward,Small Forward,SF,"6' 2""",172161:Renan:União Corinthians
PCCD,"DATOME, LUIGI",Luigi Datome,exact,53214,Luigi Datome,,Forward,Small Forward,SF,"6' 8""",53214:Luigi Datome:None
P012185,"DAUBARIS, DOMINYKAS",Dominykas Daubaris,exact,227822,Dominykas Daubaris,,Forward,Power Forward,PF,"6' 10""",227822:Dominykas Daubaris:None
P012786,"DAUM, MIKE",Mike Daum,exact,71075,Majk Daum,Shinshu Brave Warriors,Forward,Power Forward,PF,"6' 9""",71075:Majk Daum:Shinshu Brave Warriors
P007960,"DAVIDOVAC, DEJAN",Dejan Davidovac,exact,53862,Dejan Davidovac,Crvena Zvezda,Forward,Small Forward,SF,"6' 8""",53862:Dejan Davidovac:Crvena Zvezda
P007870,"DAVIES, BRANDON",Brandon Davies,exact,53278,Brandon Davies,Toyota Alvark,Center,Center,C,"6' 10""",53278:Brandon Davies:Toyota Alvark
P002934,"DAVIS, PAUL",Paul Davis,ambiguous,,,,,,,,53535:Anthony Davis:Washington Wizards; 53654:Ed Davis:None; 53547:Davis Bertans:BC Dubai; 71554:Terence Davis:None; 108741:JD Davison:Houston Rockets; 108722:Johnny Davis:None; 89535:RJ Davis:Los Angeles Lakers; 71029:Jordan Davis:None; 109280:Kendric Davis:Sydney Kings; 183869:Mike Davis Jr:Strasbourg; 90179:Austin Davis:None; 89553:Brad Davison:None; 145721:Corey Davis:Bv Chemnitz 99; 73828:Brandon Davis:None; 109618:Davis Long:Delaware; 95151:Rennia Davis:Seattle Storm; 95516:Kaela Davis:None; 128837:VonCameron Davis:Argentino Junín; 89561:Jonathan Davis:None; 89563:Jordan Davis:None; 89236:Davis Smith:None; 89284:Davonte Davis:Oklahoma State; 128431:Johnell Davis:Osceola Magic; 129089:Davis Molnar:Furman; 148652:Tae Davis:Oklahoma; 157943:Marquesha Davis:None; 225957:Kennard Davis Jr.:BYU; 122096:Devin Davis:Astros De Jalisco; 192637:Daquan Davis:Florida State; 128711:Cruz Davis:Texas Tech; 151612:Jawan Davis:None; 160704:A.J. Davis:Niagara River Lions; 184188:Davis Zilde:None; 189135:Elijah Davis:North Carolina; 224904:Darrell Davis:Malvin; 226452:Davis Fogle:Gonzaga; 104583:Shaheed Davis:Trotamundos de Carabobo; 147923:Jon Davis:None; 223522:Justin Edler Davis:Bnei Hertzliya; 89828:Jacob Davison:Eastern Washington; 89867:Devin Davis:None; 95517:G'mrice Davis:None; 109374:Ryan Davis:None; 109622:Jyare Davis:Delaware; 124273:Josiah Davis:Tennessee Tech; 147266:BJ Davis:San Diego State; 148002:Dalen Davis:Princeton; 148900:Malachi Davis:Long Island University; 158069:Kaitlyn Davis:None; 202012:Jori Davis:Universitario Ferrol (W); 124173:Dashawn Davis:BK Decin; 189909:Dre Davis:Long Island Nets; 236535:Antoine Davis:Stockton Kings; 147858:Jamichael Davis:Rutgers; 148641:Koron Davis:None; 148726:Zachary Davis:South Carolina; 149815:DJ Davis:Butler; 155950:Javian Davis:FC Porto; 172318:Liam Davis:Franklin Bulls; 172398:Carlin Davison:New Zealand Breakers; 184183:Gage Davis:None; 185055:Nick Davis:Kfum Umea; 189287:Ty Davis:Creighton; 190878:Jake Davis:Illinois; 191849:Rashad Davis:None; 192261:Isaac Davis:Utah Valley; 195818:De'Jon Davis:Slask Wroclaw; 196483:Trey Davis:Spojnia Stargard; 196664:Christian Davis:Bradley; 217131:Qiydar Davis:Correcaminos UAT; 224761:Rashun Davis:GTK Gliwice; 226676:Latrell Davis:San Diego State; 230887:B.J. Davis-Ray:SMU; 231994:Solomon Davis:Virginia Tech; 235229:Ayden Davis:Wright State; 235756:Brock Davis:Duke; 237495:Jamarion Davis-Fleming:Alabama
P003472,"DAYE, AUSTIN",Austin Daye,exact,71226,Austin Daye,,Forward,Power Forward,PF,"6' 11""",71226:Austin Daye:None
PKBJ,"DEANE, WILLIE",Willie Deane,exact,121391,Deane Williams,London Lions,Forward,Small Forward,SF,"6' 8""",121391:Deane Williams:London Lions
PLUJ,"DEAN, TAQUAN",Taquan Dean,ambiguous,,,,,,,,53678:DeAndre Jordan:New Orleans Pelicans; 64208:Deandre Ayton:Washington Wizards; 53432:DeAndre Bembry:None; 71454:Dean Wade:Philadelphia 76ers; 53500:DeAndre Liggins:None; 71029:Jordan Davis:None; 121391:Deane Williams:London Lions; 124405:DeAndre Gholston:Cholet; 182230:DeAndre Pinckney:Maccabi Ironi Ramat Gan; 245946:Romad Dean:Tulsa; 71221:DeAndre Lansdowne:Rostock Seawolves; 89150:Deandre Thomas:None; 89520:Tytist Dean:None; 148759:Hunter Dean:Nizhny Novgorod; 183226:Lodovico Deangeli:Allianz Pallacanestro Trieste; 194698:Arturo Dean:Oklahoma State; 109251:DeAndre Williams:Elizor Kiryat Ata; 128058:Dean Gabrelcik:UNC Asheville; 231329:Dean Vickerman:Melbourne United; 89582:Deante Johnson:Pieno Zvaigdes; 89641:Dean Reiber:Charlotte; 188443:Dean Keeler:Olomouc; 195321:DeAndre Daniels:None; 227758:Jaylon Dean-Vines:Vanderbilt
PLDN,"DE BARTOLO, VINCENZO",Vincenzo De Bartolo,ambiguous,,,,,,,,72745:Yorman Polas Bartolo:N.R. Ludwigsburg; 78274:Alexis Bartolomé:None; 83934:Bartlomiej Pelczar:Wikana S. Lublin; 78511:Hugo Bartolomé:None
P009005,"DECK, GABRIEL",Gabriel Deck,exact,64389,Gabriel Deck,Real Madrid,Forward,Small Forward,SF,"6' 6""",64389:Gabriel Deck:Real Madrid
P002100,"DE COLO, NANDO",Nando De Colo,exact,53252,Nando De Colo,,Guard,Point Guard,PG,"6' 5""",53252:Nando De Colo:None
P013250,"DEJULIUS, DAVID",David Dejulius,exact,143642,David DeJulius,Besiktas,Guard,Point Guard,PG,"6' 0""",143642:David DeJulius:Besiktas
PADB,"DE LA FUENTE, RODRIGO",Rodrigo De La Fuente,not_found,,,,,,,,
P004331,"DELANEY, MALCOLM",Malcolm Delaney,exact,53422,Malcolm Delaney,,Guard,Point Guard,PG,"6' 3""",53422:Malcolm Delaney:None
P010750,"DE LARREA, SERGIO",Sergio De Larrea,exact,124703,Sergio De Larrea,Dallas Mavericks,Guard,Point Guard,PG,"6' 6""",124703:Sergio De Larrea:Dallas Mavericks
P004916,"DELAS, ANTE",Ante Delas,not_found,,,,,,,,
P002504,"DELAS, MARIO",Mario Delas,not_found,,,,,,,,
PBCV,"DELFINO, CARLOS",Carlos Delfino,not_found,,,,,,,,
PBUW,"DELININKAITIS, TOMAS",Tomas Delininkaitis,exact,72765,Tomas Delininkaitis,,Guard,Point Guard,PG,"6' 3""",72765:Tomas Delininkaitis:None
P005884,"DELLA VALLE, AMEDEO",Amedeo Della Valle,exact,64409,Amedeo Della Valle,Maxima Roma,Guard,Point Guard,PG,"6' 4""",64409:Amedeo Della Valle:Maxima Roma
P008211,"DELOW, MALTE",Malte Delow,exact,70950,Malte Delow,Alba Berlin,Guard,Point Guard,PG,"6' 4""",70950:Malte Delow:Alba Berlin
P008163,"DEMAHIS, RUDY",Rudy Demahis,exact,81738,Rudy Demahis,,Forward,Power Forward,PF,,81738:Rudy Demahis:None
PAGU,"DE MIGUEL, IGNACIO",Ignacio De Miguel,ambiguous,,,,,,,,172624:Selton Miguel:Nevėžis; 70020:Juan Miguel Suero:Gigantes San Francisco; 70845:Tyson Perez:Unicaja Málaga; 70878:Rodrigo San Miguel:None; 64464:Miguel Serrano:None; 143225:Miguel:Caxias do Sul; 148314:Marcos San Miguel:Georgia Tech; 182831:Miguel Argomaniz:Gambusinos De Fresnillo; 53894:Miguel Gonzalez:Casademont Zaragoza; 153494:Miguel Queiroz:FC Porto; 137593:Miguel Ruiz:Panteras De Miranda; 71011:Miquel Salvó:Gran Canaria; 78343:Miguel Ruiz:None; 124044:Miguel Allen:Joventut de Badalona; 149092:Miguel Ruiz:Trotamundos de Carabobo; 154468:Miguel Barriola:None; 172601:Miguel Garcia:None; 178852:Miguel Ramirez:Calor de Cancun; 231267:Miguel Miranda:Vitória Sport Clube; 171672:Miguel Méndez:None; 156638:Miguel Simon:Aguada; 219631:Miguel Caicedo:Club Atlético Santa Paula; 230944:Miguel Angel Hoyo:None; 90001:Rifen Miguel:Ohio; 205253:Miguel Cardoso:FC Porto
P004094,"DEMIR, BERK",Berk Demir,exact,53196,Berk Demir,Trabzonspor Medical Park,Forward,Power Forward,PF,"6' 9""",53196:Berk Demir:Trabzonspor Medical Park
PLFV,"DEMIREL, HAKAN",Hakan Demirel,ambiguous,,,,,,,,147292:Mehmet Demirel:None; 175307:Efe Demirel:None; 202046:Dogus Demirel:None
PARF,"DEMIREL, MITHAT",Mithat Demirel,ambiguous,,,,,,,,147292:Mehmet Demirel:None; 175307:Efe Demirel:None; 202046:Dogus Demirel:None
P004195,"DENMON, MARCUS",Marcus Denmon,exact,122095,Marcus Denmon,,Guard,Point Guard,PG,"6' 3""",122095:Marcus Denmon:None
P005193,"DENTMON, JUSTIN",Justin Dentmon,exact,72558,Justin Dentmon,Halcones Rojos Veracruz,Guard,Point Guard,PG,"6' 0""",72558:Justin Dentmon:Halcones Rojos Veracruz
PKPC,"D'ERCOLE, LORENZO",Lorenzo D'Ercole,exact,83005,Lorenzo D'ercole,,Guard,Point Guard,PG,,83005:Lorenzo D'ercole:None
P005909,"DESIATNIKOV, ANDREI",Andrei Desiatnikov,exact,70909,Andrei Desiatnikov,BC Astana,Center,Center,C,"7' 3""",70909:Andrei Desiatnikov:BC Astana
P010318,"DESSERT, BRICE",Brice Dessert,exact,142654,Brice Dessert,Anadolu Efes,Center,Center,C,"6' 11""",142654:Brice Dessert:Anadolu Efes
PCLC,"DEVECCHI, GIACOMO",Giacomo Devecchi,exact,72346,Giacomo Devecchi,,Forward,Small Forward,SF,"6' 5""",72346:Giacomo Devecchi:None
P001259,"DEWAR, BEN",Ben Dewar,exact,160756,Jaden Edwards,BK Decin,Forward,Power Forward,PF,"6' 4""",160756:Jaden Edwards:BK Decin
P005327,"DIAGNE, ATOUMANE",Atoumane Diagne,exact,64461,Atoumane Diagne,ICG Forca Lleida,Center,Center,C,"7' 1""",64461:Atoumane Diagne:ICG Forca Lleida
P010868,"DIAGNE, ISMAILA",Ismaila Diagne,exact,142317,Ismaila Diagne,San Francisco,Center,Center,C,"7' 0""",142317:Ismaila Diagne:San Francisco
P006476,"DIAGNE, MOUSSA",Moussa Diagne,exact,70850,Moussa Diagne,UCAM Murcia,Center,Center,C,"6' 11""",70850:Moussa Diagne:UCAM Murcia
P014027,"DIAKITE, MAMADI",Mamadi Diakite,exact,86054,Mamadi Diakite,BC Dubai,Center,Center,C,"6' 9""",86054:Mamadi Diakite:BC Dubai
P006637,"DIALLO, ABOU",Abou Diallo,ambiguous,,,,,,,,64197:Hamidou Diallo:Shanxi Brave Dragons; 53532:Cheick Diallo:None; 102847:Alpha Diallo:Denver Nuggets; 89387:Ibrahima Diallo:None; 71401:Nat Diallo:None; 232456:Zoom Diallo:Kentucky; 188296:Umo Diallo:None; 186566:Aby Diallo:Landes (W); 223556:Chiek Diallo:None; 232448:Babacar Diallo:High Point; 235507:Hassane Diallo:Prairie View A&M; 235613:Malick Diallo:TCU
P011226,"DIALLO, ALPHA",Alpha Diallo,exact,102847,Alpha Diallo,Denver Nuggets,Forward,Small Forward,SF,"6' 6""",102847:Alpha Diallo:Denver Nuggets
P014086,"DIALLO, HAMIDOU",Hamidou Diallo,exact,64197,Hamidou Diallo,Shanxi Brave Dragons,Guard,Shooting Guard,SG,"6' 5""",64197:Hamidou Diallo:Shanxi Brave Dragons
P005282,"DIAMANTAKOS, GEORGIOS",Georgios Diamantakos,not_found,,,,,,,,
PJKO,"DIAMANTIDIS, DIMITRIS",Dimitris Diamantidis,not_found,,,,,,,,
PBZT,"DIAMANTOPOULOS, GEORGIOS",Georgios Diamantopoulos,not_found,,,,,,,,
P014108,"DIARRA, ALIOU",Aliou Diarra,exact,222305,Aliou Diarra,Virtus Bologna,Forward,Small Forward,SF,"6' 9""",222305:Aliou Diarra:Virtus Bologna
P002862,"DIARRA, MAMOUTOU",Mamoutou Diarra,club_match,124409,Mohamed Diarra,Cholet,Forward,Power Forward,PF,"6' 10""",147081:Diarra:Flamengo LDB; 124409:Mohamed Diarra:Cholet; 222305:Aliou Diarra:Virtus Bologna; 109936:Hassan Diarra:Juventus; 83945:Nianta Diarra:None; 147550:Mahamadou Diarra:None; 89268:Cartier Diarra:None
P003477,"DIASSE, PAPA",Papa Diasse,not_found,,,,,,,,
PLCE,"DIAWARA, YAKHOUBA",Yakhouba Diawara,ambiguous,,,,,,,,121978:Mohamed Diawara:New York Knicks; 72556:Digue Diawara:Cholet; 148875:Mahamadou Diawara:None
P004213,"DIAZ, ALBERTO",Alberto Diaz,exact,53149,Alberto Diaz,Unicaja Málaga,Guard,Point Guard,PG,"6' 2""",53149:Alberto Diaz:Unicaja Málaga
P007990,"DIBARTOLOMEO, JOHN",John Dibartolomeo,exact,53181,John Dibartolomeo,Maccabi Tel Aviv,Guard,Point Guard,PG,"6' 0""",53181:John Dibartolomeo:Maccabi Tel Aviv
PTGQ,"DI BELLA, FABIO",Fabio Di Bella,ambiguous,,,,,,,,71047:Tomás Bellas:None; 95123:Bella Alarie:None; 184731:Ziv Bellaiche:None; 231705:Marcos Bella:San Pablo Burgos; 159278:Bella Murekatete:None; 200062:Jerrell Bellamy:Troy; 235655:Bella Nascimento:None; 238149:Bella Fontleroy:None
PLKE,"DICKEL, MARK",Mark Dickel,not_found,,,,,,,,
P004997,"DIEBLER, JON",Jon Diebler,exact,64398,Jon Diebler,,Guard,Shooting Guard,SG,"6' 6""",64398:Jon Diebler:None
P000754,"DIENER, DRAKE RICHARD",Drake Richard Diener,not_found,,,,,,,,
P003198,"DIEZ, DANIEL",Daniel Diez,exact,67480,Dani Díez,San Pablo Burgos,Forward,Small Forward,SF,"6' 8""",67480:Dani Díez:San Pablo Burgos
PJEI,"DILYS, VILMANTAS",Vilmantas Dilys,not_found,,,,,,,,
P006085,"DIMITRIJEVIC, NENO",Neno Dimitrijevic,ambiguous,,,,,,,,70882:Nenad Dimitrijevic:None; 184963:Aleksa Dimitrijevic:Creighton
P005827,"DIMSA, EGIDIJUS",Egidijus Dimsa,exact,72398,Tomas Dimsa,PAOK,Guard,Shooting Guard,SG,"6' 5""",72398:Tomas Dimsa:PAOK
P003211,"DIMSA, TOMAS",Tomas Dimsa,exact,72398,Tomas Dimsa,PAOK,Guard,Shooting Guard,SG,"6' 5""",72398:Tomas Dimsa:PAOK
P014162,"DINWIDDIE, SPENCER",Spencer Dinwiddie,exact,53435,Spencer Dinwiddie,,Guard,Point Guard,PG,"6' 5""",53435:Spencer Dinwiddie:None
P003540,"DIOP, ILIMANE",Ilimane Diop,exact,53304,Ilimane Diop,,Center,Center,C,"6' 11""",53304:Ilimane Diop:None
P008072,"DIOP, KHALIFA",Khalifa Diop,exact,64465,Khalifa Diop,Baskonia Vitoria,Center,Center,C,"6' 11""",64465:Khalifa Diop:Baskonia Vitoria
P002826,"DIOP, MAMADOU",Mamadou Diop,ambiguous,,,,,,,,64465:Khalifa Diop:Baskonia Vitoria; 121997:Ousmane Diop:Olimpia Milano; 187698:Massamba Diop:Gonzaga; 53304:Ilimane Diop:None; 147721:Matar Diop:None; 147866:Assane Diop:Colorado; 139487:Cyrille Diop:None
P000097,"DIOP, MOUSTAPHA",Moustapha Diop,ambiguous,,,,,,,,64465:Khalifa Diop:Baskonia Vitoria; 121997:Ousmane Diop:Olimpia Milano; 187698:Massamba Diop:Gonzaga; 53304:Ilimane Diop:None; 147721:Matar Diop:None; 147866:Assane Diop:Colorado; 139487:Cyrille Diop:None
P013385,"DIOP, OUSMANE",Ousmane Diop,exact,121997,Ousmane Diop,Olimpia Milano,Center,Center,C,"6' 8""",121997:Ousmane Diop:Olimpia Milano
PTFK,"DIOT, ANTOINE",Antoine Diot,exact,53900,Antoine Diot,Chorale de Roanne,Guard,Point Guard,PG,"6' 4""",53900:Antoine Diot:Chorale de Roanne
P013374,"DIOUF, MOUHAMET",Mouhamet Diouf,exact,121769,Mouhamet Diouf,Virtus Bologna,Center,Center,C,"6' 10""",121769:Mouhamet Diouf:Virtus Bologna
P001939,"DI PASQUALE, ALESSANDRO",Alessandro Di Pasquale,exact,149457,Pasquale Landolfi,Bristol Flyers,Forward,Small Forward,SF,"6' 4""",149457:Pasquale Landolfi:Bristol Flyers
P006487,"DIPLAROS, NIKOS",Nikos Diplaros,exact,81526,Nikos Diplaros,As Karditsas,Guard,Point Guard,PG,"6' 3""",81526:Nikos Diplaros:As Karditsas
PKUW,"DIVIACH, MARCO",Marco Diviach,not_found,,,,,,,,
P002107,"DIXON, JUAN",Juan Dixon,ambiguous,,,,,,,,89722:Eric Dixon:None; 132536:Liz Dixon:None; 89717:Julius Dixon:None; 147264:Reese Dixon-Waters:San Diego State; 64727:Michael Dixon:None; 89953:Mikey Dixon:Balkan; 126860:Roy Dixon III:None; 155951:David Dixon:Duquesne; 193651:Jurian Dixon:Virginia; 225952:Derek Dixon:Arizona; 233041:AJ Dixon:Utah Valley; 235416:Terrance Dixon Jr.:Southern
P000007,"DJEDOVIC, NIHAD",Nihad Djedovic,not_found,,,,,,,,
PLUT,"DJEKIC, BRANISLAV",Branislav Djekic,not_found,,,,,,,,
P001882,"DJORDJEVIC, DUSAN",Dusan Djordjevic,exact,72387,Dusan Djordjevic,,Guard,Shooting Guard,SG,"6' 5""",72387:Dusan Djordjevic:None
P001430,"DJURISIC, NEMANJA",Nemanja Djurisic,exact,72609,Nemanja Djurisic,Mitteldeutscher,Forward,Power Forward,PF,"6' 8""",72609:Nemanja Djurisic:Mitteldeutscher
PLIT,"DJURKOVIC, MARKO",Marko Djurkovic,not_found,,,,,,,,
P000035,"DMITRIEV, FEDOR",Fedor Dmitriev,not_found,,,,,,,,
P001831,"DOBBINS, ANTHONY",Anthony Dobbins,not_found,,,,,,,,
P004007,"DOBRIC, OGNJEN",Ognjen Dobric,exact,53283,Ognjen Dobric,Crvena Zvezda,Forward,Power Forward,PF,"6' 7""",53283:Ognjen Dobric:Crvena Zvezda
P001832,"DOELLMAN, JUSTIN",Justin Doellman,not_found,,,,,,,,
P011626,"DOERRIES, AMON",Amon Doerries,not_found,,,,,,,,
PBKK,"DOJCIN, DRAGAN",Dragan Dojcin,not_found,,,,,,,,
P014010,"DOKOSSI, ALLAN",Allan Dokossi,exact,141873,Allan Julien Dokossi,Paris Basketball,Forward,Power Forward,PF,"6' 8""",141873:Allan Julien Dokossi:Paris Basketball
PJIS,"DOMERCANT, HENRY",Henry Domercant,not_found,,,,,,,,
P005929,"DONCIC, LUKA",Luka Doncic,exact,53106,Luka Doncic,Los Angeles Lakers,Guard,Point Guard,PG,"6' 7""",53106:Luka Doncic:Los Angeles Lakers
PTGI,"DONCIC, SASA",Sasa Doncic,exact,53106,Luka Doncic,Los Angeles Lakers,Guard,Point Guard,PG,"6' 7""",53106:Luka Doncic:Los Angeles Lakers
P002763,"DOORNEKAMP, AARON",Aaron Doornekamp,exact,53136,Aaron Doornekamp,La Laguna Tenerife,Forward,Small Forward,SF,"6' 7""",53136:Aaron Doornekamp:La Laguna Tenerife
P003508,"DORSEY, RICHARD",Richard Dorsey,ambiguous,,,,,,,,53424:Tyler Dorsey:Olympiacos; 72772:Darrin Dorsey:Soles De Mexicali; 83929:Sherron Dorsey-Walker:Den Bosch Basketball; 128596:Caleb Dorsey:None; 109921:Gabe Dorsey:Levice; 155828:Jaylen Dorsey:Western Kentucky
P009849,"DORSEY, TYLER",Tyler Dorsey,exact,53424,Tyler Dorsey,Olympiacos,Guard,Shooting Guard,SG,"6' 5""",53424:Tyler Dorsey:Olympiacos
P012044,"DOS SANTOS, YAGO",Yago Dos Santos,exact,73607,Yago Mateus,Flamengo,Guard,Point Guard,PG,"5' 10""",73607:Yago Mateus:Flamengo
P007483,"DOSSOU-YOVO, MATHIS",Mathis Dossou-Yovo,exact,142670,Mathis Dossou Yovo,Nanterre,Forward,Power Forward,PF,"6' 9""",142670:Mathis Dossou Yovo:Nanterre
PJJU,"DOUGLAS, RUBEN",Ruben Douglas,ambiguous,,,,,,,,64368:Toney Douglas:Hapoel Galil Elion; 73390:Dos Santos:São José; 73385:Douglas Nunes:None; 86118:Maicon Douglas:Mogi das Cruzes; 89142:Corey Douglas Jr.:None; 64832:Stu Douglas:Maccabi Ashdod; 147270:Javonte Douglas:Uralmash; 186571:William Douglas:Guangzhou Loong Lions; 73374:Douglas Kurtz:None; 109306:Douglas Wilson:None; 200074:Don Douglass:Wofford; 201759:Maïdy Douglas:Nanterre; 235222:PJ Douglas:Wright State
P008152,"DOUGLAS, TONEY",Toney Douglas,exact,64368,Toney Douglas,Hapoel Galil Elion,Guard,Point Guard,PG,"6' 2""",64368:Toney Douglas:Hapoel Galil Elion
P000262,"DOWDELL, ZABIAN",Zabian Dowdell,not_found,,,,,,,,
P002015,"DOWNS, MICAH",Micah Downs,exact,219649,Deo Downs,Real Estelí,Guard,Point Guard,PG,"5' 7""",219649:Deo Downs:Real Estelí
P014123,"DOWTIN JR, JEFFREY",Jeffrey Dowtin Jr,not_found,,,,,,,,
P012742,"DOZIER, PJ",Pj Dozier,exact,64119,P.J. Dozier,Anadolu Efes,Guard,Shooting Guard,SG,"6' 6""",64119:P.J. Dozier:Anadolu Efes
PJQI,"DRAGICEVIC, TADIJA",Tadija Dragicevic,not_found,,,,,,,,
P000535,"DRAGICEVIC, VLADIMIR",Vladimir Dragicevic,not_found,,,,,,,,
PTHB,"DRAGIC, GORAN",Goran Dragic,exact,53517,Goran Dragic,,Guard,Point Guard,PG,"6' 3""",53517:Goran Dragic:None
P003514,"DRAGIC, ZORAN",Zoran Dragic,exact,71390,Zoran Dragic,,Guard,Shooting Guard,SG,"6' 5""",71390:Zoran Dragic:None
P002946,"DRAPER, DONTAYE",Dontaye Draper,ambiguous,,,,,,,,73575:Daviyon Draper:Obera TC; 233463:Donovan Draper:Navy
PDIK,"DREJER, CHRISTIAN",Christian Drejer,ambiguous,,,,,,,,234005:Gustav Erichsen:None; 191896:Frederik Drejer:None
1234,DRELIOZIS MAKIS,Dreliozis Makis,exact,71492,Makis Giatras,,Management,Coach,,,71492:Makis Giatras:None
P001302,"DRELIOZIS, PRODOMOS",Prodomos Dreliozis,not_found,,,,,,,,
P011375,"DREZGIC, SAVO",Savo Drezgic,exact,139657,Savo Drezgić,,Guard,Shooting Guard,SG,"6' 4""",139657:Savo Drezgić:None
PATF,"DROBNJAK, DRAGISA",Dragisa Drobnjak,exact,104169,Igor Drobnjak,Kk Spartak Subotica,Guard,Point Guard,PG,"6' 3""",104169:Igor Drobnjak:Kk Spartak Subotica
PKNI,"DROBNJAK, PREDRAG",Predrag Drobnjak,exact,104169,Igor Drobnjak,Kk Spartak Subotica,Guard,Point Guard,PG,"6' 3""",104169:Igor Drobnjak:Kk Spartak Subotica
P001164,"DROUAULT, PIERRE-ETIENNE",Pierre-Etienne Drouault,not_found,,,,,,,,
PAZH,"DROZDOV, ARTUR",Artur Drozdov,not_found,,,,,,,,
P002742,"DUBLJEVIC, BOJAN",Bojan Dubljevic,exact,53131,Bojan Dubljevic,Casademont Zaragoza,Forward,Center,C,"6' 9""",53131:Bojan Dubljevic:Casademont Zaragoza
P000316,"DUDLEY, ERWIN",Erwin Dudley,exact,64122,Jared Dudley,,Forward,Small Forward,SF,"6' 6""",64122:Jared Dudley:None
P001650,"DUDU, BENJAMIN-PAVEL",Benjamin-Pavel Dudu,exact,83960,Benjamin-Pavel Dudu,BC Tomski Minsk,Forward,Small Forward,SF,"6' 6""",83960:Benjamin-Pavel Dudu:BC Tomski Minsk
P004167,"DULKYS, DEIVIDAS",Deividas Dulkys,exact,71035,Deividas Dulkys,,Guard,Shooting Guard,SG,"6' 5""",71035:Deividas Dulkys:None
P003048,"DUNSTON, BRYANT",Bryant Dunston,exact,53194,Bryant Dunston,Olimpia Milano,Center,Center,C,"6' 8""",53194:Bryant Dunston:Olimpia Milano
P001398,"DUPORT, ROMAIN",Romain Duport,not_found,,,,,,,,
P012199,"DURU, DECLAN",Declan Duru,exact,189666,Declan Duru,Texas,Forward,Small Forward,SF,"6' 7""",189666:Declan Duru:Texas
P006399,"DUVERIOGLU, AHMET",Ahmet Duverioglu,exact,148370,Ahmet Duverioglu,Esenler Erokspor,Center,Center,C,"6' 11""",148370:Ahmet Duverioglu:Esenler Erokspor
PCLQ,"DYLEWICZ, FILIP",Filip Dylewicz,not_found,,,,,,,,
P005803,"DYSON, JEROME",Jerome Dyson,ambiguous,,,,,,,,120875:Dyson Daniels:Atlanta Hawks; 223458:Juhwan Harris-Dyson:Telekom Baskets Bonn
P006020,"EBO, AMIT",Amit Ebo,exact,64804,Amit Ebo,Maccabi Tel Aviv,Guard,Point Guard,PG,"5' 11""",64804:Amit Ebo:Maccabi Tel Aviv
P006725,"EBOUA, PAUL",Paul Eboua,exact,86259,Paul Eboua,ASVEL Villeurbanne,Forward,Power Forward,PF,"6' 8""",86259:Paul Eboua:ASVEL Villeurbanne
P010569,"EDDIE, JARELL",Jarell Eddie,exact,70827,Jarell Eddie,,Forward,Small Forward,SF,"6' 7""",70827:Jarell Eddie:None
P008042,"EDIGIN, EDDY",Eddy Edigin,exact,104619,Eddy Edigin,Wurzburg Baskets,Center,Center,C,"6' 8""",104619:Eddy Edigin:Wurzburg Baskets
P011987,"EDWARDS, CARSEN",Carsen Edwards,exact,71451,Carsen Edwards,Zalgiris Kaunas,Guard,Shooting Guard,SG,"5' 11""",71451:Carsen Edwards:Zalgiris Kaunas
P014416,"EDWARDS, KESSLER",Kessler Edwards,exact,100286,Kessler Edwards,Virtus Bologna,Center,Center,C,"6' 8""",100286:Kessler Edwards:Virtus Bologna
P010807,"EFEOGLU, KARAHAN",Karahan Efeoglu,exact,128293,Karahan Efeoglu,Manisa Bb,Forward,Power Forward,PF,"6' 8""",128293:Karahan Efeoglu:Manisa Bb
P012730,"EGBUNU, JOHN",John Egbunu,exact,106012,John Egbunu,,Center,Center,C,"6' 10""",106012:John Egbunu:None
PLOC,"EIDSON, CHUCK",Chuck Eidson,not_found,,,,,,,,
P008174,"EKSIOGLU, MERT",Mert Eksioglu,exact,147294,Mert Eksioglu,Fenerbahçe,Guard,Point Guard,PG,"6' 2""",147294:Mert Eksioglu:Fenerbahçe
P000317,"EL-AMIN, KHALID",Khalid El-Amin,exact,185119,Ishmael El-Amin,Hapoel Galil Elion,Guard,Point Guard,PG,"6' 3""",185119:Ishmael El-Amin:Hapoel Galil Elion
P003064,"ELDRIDGE, COURTNEY",Courtney Eldridge,exact,123649,Dante Eldridge,,Guard,,,"5' 9""",123649:Dante Eldridge:None
P004857,"ELEGAR, FRANK",Frank Elegar,exact,70874,Frank Elegar,,Forward,Power Forward,PF,"6' 10""",70874:Frank Elegar:None
PLGD,"ELIYAHU, LIOR",Lior Eliyahu,exact,64761,Lior Eliyahu,,Forward,Power Forward,PF,"6' 9""",64761:Lior Eliyahu:None
P014157,"ELLIS, BOOGIE",Boogie Ellis,exact,104854,Boogie Ellis,Galatasaray,Guard,Point Guard,PG,"6' 2""",104854:Boogie Ellis:Galatasaray
P009580,"ELLIS, OCTAVIUS",Octavius Ellis,exact,71490,Octavius Ellis,Uralmash,Forward,Power Forward,PF,"6' 10""",71490:Octavius Ellis:Uralmash
P012593,"ELLIS, QUINN",Quinn Ellis,exact,142565,Quinn Ellis,St. John's,Guard,Point Guard,PG,"6' 4""",142565:Quinn Ellis:St. John's
P000416,"ENGLISH, CARL",Carl English,exact,183974,A.J. English,Mazeikiai,Guard,Point Guard,PG,"6' 4""",183974:A.J. English:Mazeikiai
P005158,"ENGLISH, KIM",Kim English,exact,183974,A.J. English,Mazeikiai,Guard,Point Guard,PG,"6' 4""",183974:A.J. English:Mazeikiai
P008066,"ENNIS, DYLAN",Dylan Ennis,exact,70841,Dylan Ennis,UCAM Murcia,Guard,Shooting Guard,SG,"6' 2""",70841:Dylan Ennis:UCAM Murcia
P008858,"ENNIS, TYLER",Tyler Ennis,exact,53556,Tyler Ennis,Hapoel Tel Aviv,Guard,Point Guard,PG,"6' 3""",53556:Tyler Ennis:Hapoel Tel Aviv
P011239,"ENOCH, STEVEN",Steven Enoch,exact,83587,Steven Enoch,Mersin Buyuksehir,Forward,Power Forward,PF,"6' 10""",83587:Steven Enoch:Mersin Buyuksehir
PJSR,"ENSMINGER, CHRIS",Chris Ensminger,ambiguous,,,,,,,,145178:Zach Ensminger:Bg 74 Gottingen; 196358:Jake Ensminger:Santa Clara; 223147:Zach Ensminger:Brose Bamberg
PDHF,"ERCEG, ZORAN",Zoran Erceg,not_found,,,,,,,,
PJYB,"ERDEN, SEMIH",Semih Erden,exact,69964,Semih Erden,,Center,Center,C,"7' 0""",69964:Semih Erden:None
PBDQ,"ERDOGAN, SERKAN",Serkan Erdogan,ambiguous,,,,,,,,71383:Ertugrul Erdogan:None; 237977:Derin Erdogan:None
P007360,"ERIC, MICHAEL",Michael Eric,exact,64400,Michael Eric,Halcones Rojos Veracruz,Center,Center,C,"6' 11""",64400:Michael Eric:Halcones Rojos Veracruz
P003151,"ERIKSSON, MARCUS",Marcus Eriksson,exact,64420,Marcus Eriksson,,Forward,Small Forward,SF,"6' 7""",64420:Marcus Eriksson:None
PJIR,"ERMIS, BARIS",Baris Ermis,exact,71354,Baris Ermis,,Guard,Point Guard,PG,"6' 4""",71354:Baris Ermis:None
P000932,"EROGLU, ERBIL",Erbil Eroglu,not_found,,,,,,,,
PAIQ,"ESLAVA, ARIEL",Ariel Eslava,not_found,,,,,,,,
P005937,"ESTIENNE, VALENTIN",Valentin Estienne,not_found,,,,,,,,
P008946,"EVANS, CHRISTOPHER",Christopher Evans,ambiguous,,,,,,,,64153:Jacob Evans:Olomouc; 64147:Keenan Evans:Zalgiris Kaunas; 189139:Isaiah Evans:Minnesota Timberwolves; 95464:Dana Evans:Las Vegas Aces; 102408:Shannon Evans:MoraBanc Andorra; 64399:Jeremy Evans:Mykonos; 148874:Kwame Evans Jr.:Oregon; 110489:Chris Evans:None; 53690:Tyreke Evans:None; 84242:Cannan Evans:None; 147580:Kyle Evans:NC State; 72341:Dwayne Evans:None; 128738:Evans Kipruto:UC Santa Barbara; 148642:Dennis Evans:Grand Canyon; 149497:Jerry Evans:Universidad De Concepcion; 223704:Evans Rapieque:TBB Trier; 226427:Amari Evans:Texas; 87082:Ryan Evans:Bakken Bears; 89669:Che Evans:None; 128412:Jake Evans:Northern Kentucky; 196100:Barry Evans:VCU; 89790:RayQuan Evans:None; 109344:Maxwell Evans:None; 136439:Luke Evans:None; 147579:Kyan Evans:North Carolina; 172342:Kazlo Evans:Wellington Saints; 194014:Lamont Evans:McNeese State; 236874:Ellie Evans:Kansas (W); 238060:Ayden Evans:Maine
P007432,"EVANS, JEREMY",Jeremy Evans,exact,64399,Jeremy Evans,Mykonos,Forward,Power Forward,PF,"6' 9""",64399:Jeremy Evans:Mykonos
P011218,"EVANS, KEENAN",Keenan Evans,exact,64147,Keenan Evans,Zalgiris Kaunas,Guard,Point Guard,PG,"6' 3""",64147:Keenan Evans:Zalgiris Kaunas
P010677,"EVANS, SHANNON",Shannon Evans,exact,102408,Shannon Evans,MoraBanc Andorra,Guard,Point Guard,PG,"6' 1""",102408:Shannon Evans:MoraBanc Andorra
P010654,"EVSTIGNEEV, IVAN",Ivan Evstigneev,exact,82251,Ivan Evstigneev,BC Khimki,Forward,Small Forward,SF,"6' 4""",82251:Ivan Evstigneev:BC Khimki
P000354,"EVTIMOV, ILIAN",Ilian Evtimov,exact,89312,Nicholas Evtimov,,Forward,,,"6' 7""",89312:Nicholas Evtimov:None
P000378,"EWING, DANIEL",Daniel Ewing,exact,124695,Eden Ewing,Defensor Sporting,Forward,Power Forward,PF,"6' 7""",124695:Eden Ewing:Defensor Sporting
P011302,"EXUM, DANTE LIMAN",Dante Liman Exum,exact,54182,Dante Exum,Washington Wizards,Guard,Point Guard,PG,"6' 5""",54182:Dante Exum:Washington Wizards
P001176,"EYENGA, CHRISTIAN",Christian Eyenga,exact,71050,Christian Eyenga,Lobos Plateados,Forward,Small Forward,SF,"6' 6""",71050:Christian Eyenga:Lobos Plateados
PCQO,"EZE, BENJAMIN",Benjamin Eze,ambiguous,,,,,,,,149014:Ezequiel Dupuy:None; 149512:Ezequiel Paz:None; 156575:Ezequiel Pineiro:None; 192066:Ezequiel Bell:Nacional; 227452:Ezequiel Juarez:None; 136350:Esteban Roacho:Mexico City Capitanes; 108704:Bradley Ezewiro:None; 109854:Eze Dike:None; 234191:Tim Eze:UMBC
P001949,"FALKER, RANDAL",Randal Falker,not_found,,,,,,,,
P008811,"FALL, MOUSTAPHA",Moustapha Fall,exact,72363,Moustapha Fall,Panathinaikos,Center,Center,C,"7' 2""",72363:Moustapha Fall:Panathinaikos
P006568,"FALL, YOUSSOUPHA",Youssoupha Fall,exact,70767,Youssoupha Fall,,Center,Center,C,"7' 4""",70767:Youssoupha Fall:None
PAPF,"FANAN, REGEV",Regev Fanan,not_found,,,,,,,,
P011284,"FARIED, KENNETH",Kenneth Faried,exact,53641,Kenneth Faried,Cangrejeros,Forward,Power Forward,PF,"6' 8""",53641:Kenneth Faried:Cangrejeros
P003423,"FARMAR, JORDAN",Jordan Farmar,not_found,,,,,,,,
PKVD,"FASSLER, OSKAR",Oskar Fassler,not_found,,,,,,,,
P006628,"FAUCHE, VINCENT",Vincent Fauche,not_found,,,,,,,,
P001215,"FAVERANI, VITOR",Vitor Faverani,exact,104346,Vítor Faverani,São Paulo,Center,Center,C,"6' 11""",104346:Vítor Faverani:São Paulo
P010428,"FAYE, IBRAHIMA",Ibrahima Faye,exact,142550,Ibou Faye,Shanxi Brave Dragons,Forward,Power Forward,PF,"6' 9""",142550:Ibou Faye:Shanxi Brave Dragons
P012403,"FAYE, MOUHAMED",Mouhamed Faye,exact,142478,Mouhamed Faye,Paris Basketball,Center,Center,C,"6' 10""",142478:Mouhamed Faye:Paris Basketball
P008800,"FAYE, MOUHAMMAD",Mouhammad Faye,ambiguous,,,,,,,,70918:Mouhammad Faye:None; 82071:Mouhammad Faye:None
P012766,"FAYE, SEYDINA",Seydina Faye,exact,151754,Seydina Faye,,Forward,Power Forward,PF,"6' 10""",151754:Seydina Faye:None
P005918,"FELDEINE, JAMES",James Feldeine,exact,53284,James Feldeine,Nacional,Guard,Shooting Guard,SG,"6' 4""",53284:James Feldeine:Nacional
P011247,"FELIZ, ANDRES",Andres Feliz,exact,102382,Andres Feliz,Real Madrid,Guard,Shooting Guard,SG,"6' 2""",102382:Andres Feliz:Real Madrid
PAGW,"FEMERLING, PATRICK",Patrick Femerling,not_found,,,,,,,,
P013422,"FENEMEN, RUZGAR",Ruzgar Fenemen,exact,225519,Rüzgar Fenemen,Anadolu Efes,Guard,Point Guard,PG,"6' 1""",225519:Rüzgar Fenemen:Anadolu Efes
PLPI,"FENN, DARREN",Darren Fenn,ambiguous,,,,,,,,181592:Luke Fennell:None; 182784:Derrick Fenner:Mazeikiai
PTGX,"FERNANDEZ, LUCHO",Lucho Fernandez,ambiguous,,,,,,,,72324:Jasiel Rivero:None; 67493:Rudy Fernández:None; 104914:Juan Fernandez:Basquet Girona; 137637:Jordi Fernandez:Brooklyn Nets; 156532:Manuel Fernandez:Aguada; 67478:Jaime Fernández:La Laguna Tenerife; 156173:Lucas Fernandez:None; 156511:Santiago Fernandez:Malvin; 183507:Ian Platteeuw:None; 149213:Victor Fernandez:San Martin de Corientes; 155352:Tjader Fernandez:Santos De San Luis; 186918:Joaquin Fernandez:San Martin de Corientes; 201293:Diego Fernandez:None; 223506:Gerard Fernandez:Baxi Manresa; 149464:Martin Fernandez:Independiente De Oliva; 84148:Moncho Fernández:Basquet Girona; 84508:Jaime Fernández:Casademont Zaragoza; 238605:Jose Fernandez:Dallas Wings; 84455:Martín Fernández:None; 148435:Justyn Fernandez:UAB; 161380:Lisandro Fernandez:Zarate; 161464:Fabrizio Fernandez:Sol De America; 183206:Juan Fernandez:None; 109871:Borja Fernandez:None; 148724:Fernandez Trujillo:None; 224687:Matias Fernandez:San Martin de Corientes; 234041:Tjader Fernandez Garcia:None; 239375:Alvaro Fernandez:CB Granada
PLIO,"FERNANDEZ, MARC",Marc Fernandez,ambiguous,,,,,,,,72324:Jasiel Rivero:None; 67493:Rudy Fernández:None; 104914:Juan Fernandez:Basquet Girona; 137637:Jordi Fernandez:Brooklyn Nets; 156532:Manuel Fernandez:Aguada; 67478:Jaime Fernández:La Laguna Tenerife; 156173:Lucas Fernandez:None; 156511:Santiago Fernandez:Malvin; 183507:Ian Platteeuw:None; 149213:Victor Fernandez:San Martin de Corientes; 155352:Tjader Fernandez:Santos De San Luis; 186918:Joaquin Fernandez:San Martin de Corientes; 201293:Diego Fernandez:None; 223506:Gerard Fernandez:Baxi Manresa; 149464:Martin Fernandez:Independiente De Oliva; 84148:Moncho Fernández:Basquet Girona; 84508:Jaime Fernández:Casademont Zaragoza; 238605:Jose Fernandez:Dallas Wings; 84455:Martín Fernández:None; 148435:Justyn Fernandez:UAB; 161380:Lisandro Fernandez:Zarate; 161464:Fabrizio Fernandez:Sol De America; 183206:Juan Fernandez:None; 109871:Borja Fernandez:None; 148724:Fernandez Trujillo:None; 224687:Matias Fernandez:San Martin de Corientes; 234041:Tjader Fernandez Garcia:None; 239375:Alvaro Fernandez:CB Granada
PBMT,"FERNANDEZ, RUDY",Rudy Fernandez,exact,67493,Rudy Fernández,,Forward,Small Forward,SF,"6' 5""",67493:Rudy Fernández:None
P013667,"FERNANDO, BRUNO",Bruno Fernando,exact,71441,Bruno Fernando,Anadolu Efes,Center,Center,C,"6' 9""",71441:Bruno Fernando:Anadolu Efes
P009101,"FERRANDO, GUILLEM",Guillem Ferrando,exact,83721,Guillem Ferrando,Basquet Girona,Guard,Point Guard,PG,"6' 1""",83721:Guillem Ferrando:Basquet Girona
P007636,"FERRANDO, LUIS",Luis Ferrando,exact,83721,Guillem Ferrando,Basquet Girona,Guard,Point Guard,PG,"6' 1""",83721:Guillem Ferrando:Basquet Girona
P014219,"FERRARI, FRANCESCO",Francesco Ferrari,exact,197933,Francesco Ferrari,Virtus Bologna,Forward,Power Forward,PF,"6' 5""",197933:Francesco Ferrari:Virtus Bologna
P011281,"FERRELL, YOGI",Yogi Ferrell,exact,53611,Yogi Ferrell,KK Budućnost,Guard,Point Guard,PG,"6' 0""",53611:Yogi Ferrell:KK Budućnost
P006527,"FESENKO, KYRYLO",Kyrylo Fesenko,not_found,,,,,,,,
PCTI,"FFRIEND, KIMANI",Kimani Ffriend,not_found,,,,,,,,
P002861,"FILIPOVIC, MARIO",Mario Filipovic,exact,172617,Goran Filipović,ČEZ Nymburk,Guard,Point Guard,PG,"5' 11""",172617:Goran Filipović:ČEZ Nymburk
P001230,"FILLOY, ARIEL",Ariel Filloy,exact,69927,Ariel Filloy,,Guard,Point Guard,PG,,69927:Ariel Filloy:None
P001202,"FINLEY, MORRIS",Morris Finley,ambiguous,,,,,,,,64370:Clevin Hannah:Halcones de Xalapa; 155538:Finley Sheridan:Stetson; 149811:Finley Bizjack:Butler; 232261:Finley Keeffe:Oklahoma
PKZY,"FISCHER, D´OR",D´Or Fischer,ambiguous,,,,,,,,73391:Ricardo Fischer:Minas; 64430:Luke Fischer:San Pablo Burgos; 142543:Luke Fischer:ESSM Le Portel; 223351:Kilian Fischer:Bayern Munich; 202065:David Fischer:Svendborg Rabbits
P013579,"FISCHER, KILIAN",Kilian Fischer,exact,223351,Kilian Fischer,Bayern Munich,Guard,Shooting Guard,SG,"6' 6""",223351:Kilian Fischer:Bayern Munich
P007852,"FISCHER, LUKE",Luke Fischer,exact,64430,Luke Fischer,San Pablo Burgos,Center,Center,C,"6' 11""",64430:Luke Fischer:San Pablo Burgos
PLBZ,"FISHER, JOSH",Josh Fisher,ambiguous,,,,,,,,71142:Corey Fisher:None; 78429:Anthony Fisher:None; 123214:Elijah Fisher:Seton Hall
PKHU,"FITCH, GERALD",Gerald Fitch,not_found,,,,,,,,
P007595,"FITIPALDO, BRUNO",Bruno Fitipaldo,exact,71008,Bruno Fitipaldo,La Laguna Tenerife,Guard,Point Guard,PG,"6' 0""",71008:Bruno Fitipaldo:La Laguna Tenerife
PTFS,"FIZER, MARCUS",Marcus Fizer,not_found,,,,,,,,
P005670,"FLACCADORI, DIEGO",Diego Flaccadori,exact,70925,Diego Flaccadori,Olimpia Milano,Guard,Shooting Guard,SG,"6' 4""",70925:Diego Flaccadori:Olimpia Milano
P010467,"FLOYD, JEHYVE",Jehyve Floyd,exact,81691,Jehyve Floyd,Petkim Spor,Forward,Small Forward,SF,"6' 8""",81691:Jehyve Floyd:Petkim Spor
P001258,"FOFANA, BANGALY",Bangaly Fofana,ambiguous,,,,,,,,84255:Vafessa Fofana:Gravelines; 227911:Selim Fofana:Siauliai; 137252:Mike Fofana:None
PAJC,"FOIREST, LAURENT",Laurent Foirest,not_found,,,,,,,,
P013406,"FONDEUR-MASSAMBA, CLARENCE",Clarence Fondeur-Massamba,not_found,,,,,,,,
P006084,"FONT, ALEIX",Aleix Font,exact,64462,Aleix Font,Bilbao Basket,Guard,Shooting Guard,SG,"6' 4""",64462:Aleix Font:Bilbao Basket
P004499,"FONTECCHIO, SIMONE",Simone Fontecchio,not_found,,,,,,,,
P004246,"FOOTE, JEFF",Jeff Foote,not_found,,,,,,,,
PLLX,"FORD, SHARROD",Sharrod Ford,ambiguous,,,,,,,,85988:Jordan Ford:Bahçeşehir Koleji; 89557:Aleem Ford:Leones De Ponce; 90126:Chris Ford:None; 109277:Chris Ford:Robert Morris; 109765:Brandon Ford:None; 109342:Darius Ford:None; 230720:Adam Forde:Cairns Taipans; 123129:Derrian Ford:Arkansas State; 128375:Robert Ford III:Montana State; 142575:Quincy Ford:Wikana S. Lublin; 196567:Terrance Ford:Arkansas State
P003672,"FORD, T.J.",T.J. Ford,ambiguous,,,,,,,,85988:Jordan Ford:Bahçeşehir Koleji; 89557:Aleem Ford:Leones De Ponce; 90126:Chris Ford:None; 109277:Chris Ford:Robert Morris; 109765:Brandon Ford:None; 109342:Darius Ford:None; 230720:Adam Forde:Cairns Taipans; 123129:Derrian Ford:Arkansas State; 128375:Robert Ford III:Montana State; 142575:Quincy Ford:Wikana S. Lublin; 196567:Terrance Ford:Arkansas State
P005980,"FORMENTI, MATTEO",Matteo Formenti,not_found,,,,,,,,
P013367,"FORREST, TRENT",Trent Forrest,exact,86122,Trent Forrest,Fenerbahçe,Guard,Shooting Guard,SG,"6' 4""",86122:Trent Forrest:Fenerbahçe
PLMN,"FORTE, JOSEPH",Joseph Forte,exact,90155,Chase Forte,,Guard,,,"6' 3""",90155:Chase Forte:None
P001907,"FOSTER, JEKEL",Jekel Foster,ambiguous,,,,,,,,71588:Marcus Foster:None; 146954:Caleb Foster:Duke; 89814:Tyon Grant-Foster:Gonzaga; 142153:Kyle Foster:Iraklis; 128099:Marcus Foster:Mitteldeutscher; 120856:Michael Foster Jr.:None; 125973:Daniel Foster:South East Melbourne; 90010:Nolan Foster:Ohio; 109190:Kenny Foster:Wyoming; 89225:Foster Loyer:Davidson; 193512:Myles Foster:None; 194234:Gregory Foster:Toros de Chiriqui; 231501:Zac Foster:Clemson; 235600:Bradyn Foster:Pennsylvania
P010386,"FOSTER, MARCUS FRANKLEE",Marcus Franklee Foster,ambiguous,,,,,,,,71588:Marcus Foster:None; 146954:Caleb Foster:Duke; 89814:Tyon Grant-Foster:Gonzaga; 142153:Kyle Foster:Iraklis; 128099:Marcus Foster:Mitteldeutscher; 120856:Michael Foster Jr.:None; 125973:Daniel Foster:South East Melbourne; 90010:Nolan Foster:Ohio; 109190:Kenny Foster:Wyoming; 89225:Foster Loyer:Davidson; 193512:Myles Foster:None; 194234:Gregory Foster:Toros de Chiriqui; 231501:Zac Foster:Clemson; 235600:Bradyn Foster:Pennsylvania
PBEZ,"FOTSIS, ANTONIS",Antonis Fotsis,not_found,,,,,,,,
P013380,"FOURNIER, EVAN",Evan Fournier,exact,53347,Evan Fournier,Olympiacos,Guard,Shooting Guard,SG,"6' 7""",53347:Evan Fournier:Olympiacos
000595,"FRANCH, JOSEP",Josep Franch,exact,120489,Josep Franch,,Guard,Point Guard,PG,"6' 5""",120489:Josep Franch:None
P007975,"FRANCISCO, SYLVAIN",Sylvain Francisco,exact,102996,Sylvain Francisco,Panathinaikos,Guard,Point Guard,PG,"6' 2""",102996:Sylvain Francisco:Panathinaikos
P005265,"FRANCOIS, XAVIER",Xavier Francois,ambiguous,,,,,,,,124414:Jackson Francois:Arizona; 142555:Francois Wibaut:Penn State
P011223,"FRANKAMP, CONNER",Conner Frankamp,exact,83576,Conner Frankamp,Wikana S. Lublin,Guard,Point Guard,PG,"6' 1""",83576:Conner Frankamp:Wikana S. Lublin
P003390,"FRASUNKIEWICZ, PRZEMYSLAW",Przemyslaw Frasunkiewicz,exact,71442,Przemysław Frasunkiewicz,Rostock Seawolves,Management,Coach,,,71442:Przemysław Frasunkiewicz:Rostock Seawolves
P009842,"FREDETTE, JIMMER",Jimmer Fredette,exact,70913,Jimmer Fredette,,Guard,Point Guard,PG,"6' 2""",70913:Jimmer Fredette:None
PLOO,"FREELAND, JOEL",Joel Freeland,not_found,,,,,,,,
P010389,"FREEMAN, ALLERIK",Allerik Freeman,exact,224243,Allerik Freeman,Pallacanestro Varese,Guard,Point Guard,PG,"6' 3""",224243:Allerik Freeman:Pallacanestro Varese
P004808,"FREESE, JANNIK",Jannik Freese,not_found,,,,,,,,
PLLH,"FRIDZON, VITALY",Vitaly Fridzon,exact,53253,Vitaly Fridzon,,Guard,Shooting Guard,SG,"6' 5""",53253:Vitaly Fridzon:None
P014026,"FRISCH, CLEMENT",Clement Frisch,exact,83899,Clement Frisch,Baskonia Vitoria,Forward,Power Forward,PF,"6' 7""",83899:Clement Frisch:Baskonia Vitoria
P002838,"FROEHLICH, JEFERSON",Jeferson Froehlich,not_found,,,,,,,,
PADP,"FUCKA, GREGOR",Gregor Fucka,not_found,,,,,,,,
P001562,"FULLE, SEBASTIAN",Sebastian Fulle,ambiguous,,,,,,,,73392:Kyle Fuller:None; 86439:Fuller:None; 128374:Caleb Fuller:None; 220076:Aaron Fuller:Panteras De Aguascalientes; 232396:Jamal Fuller:Long Island University
P005432,"FUMAGALLI, CARLO",Carlo Fumagalli,not_found,,,,,,,,
PJKN,"GABINI, ROBERTO",Roberto Gabini,not_found,,,,,,,,
PBIM,"GABRIEL, GERMAN",German Gabriel,ambiguous,,,,,,,,64389:Gabriel Deck:Real Madrid; 71731:Wenyen Gabriel:Besiktas; 70864:Gabriel Lundberg:Maccabi Tel Aviv; 73580:Gabriel Jaú:None; 73793:Gabriel Campos:Mogi das Cruzes; 121127:Gabriele Procida:Real Madrid; 236765:Gabriela Jaquez:Chicago Sky; 121705:Gabriel Landeira:Georgetown; 73821:Gabriel Albuquerque:Fortaleza B.C.; 90949:Gabriel Camargo:None; 121775:Gabriel Novaes:Corinthians; 73381:Gabriel Servelim:None; 85933:Gabriel Servelin:None; 73519:Gabriel:None; 117985:Gabriel Olaseni:Casademont Zaragoza; 73817:Gabriel Ziggy:None; 136346:Gabriel Girón:Halcones de Xalapa; 104859:Gabriel:None; 144085:Gabriel Lopes:Botafogo LDB; 241256:Gabriel Artmenko:None; 122653:Gabriel Albuquerque:None; 137163:Gob Gabriel:None; 150664:Gabriel Kuku:None; 172135:Gabriel:Bauru Basket LDB; 172139:Gabriel:UNIFACISA LDB; 172164:Henrique Coelho:União Corinthians; 172269:Gabriel  Scmit:None; 172297:Gabriel Silva:BRB/Brasília Basquete/AACB LDB; 172298:Gabriel Andrade:BRB/Brasília Basquete/AACB LDB; 172411:Speranzini:Basquete Cearense LDB; 180578:Gabriel Vazquez:Correcaminos UAT; 181400:Gabriel Topete:Santos De San Luis; 182721:Gabriel Belardo:Leones De Quilpué; 183354:Gabriele Benetti:The Flexx Pistoia; 188017:Gabriel Pepelar:None; 194792:Josef Gabriel:BK Decin; 196696:Gabriel McKay:Liberty; 202067:Gabriel Vogel:Svendborg Rabbits; 202392:Gabriel Brun:Union Atletica; 202603:Gabriele Avvinti:None; 124261:Gabriel Caldeira:Mogi das Cruzes; 125284:Gabriel Garcia:None; 156650:Gabriel Martinez:None; 158373:Jan Gabriel:Usti nad Labem; 172212:Gabriel Pessoa:São José; 172277:Marson:None; 192082:Gabriel Peralta:Deportivo San Jose; 197743:Gabriel Pedroso:Mogi das Cruzes; 199957:Gabriele Turconi:None; 225004:Gabriel Joaquim:Paulistano; 231263:David Gabriel:Seton Hall
P005881,"GABRIEL, KENNY",Kenny Gabriel,ambiguous,,,,,,,,64389:Gabriel Deck:Real Madrid; 71731:Wenyen Gabriel:Besiktas; 70864:Gabriel Lundberg:Maccabi Tel Aviv; 73580:Gabriel Jaú:None; 73793:Gabriel Campos:Mogi das Cruzes; 121127:Gabriele Procida:Real Madrid; 236765:Gabriela Jaquez:Chicago Sky; 121705:Gabriel Landeira:Georgetown; 73821:Gabriel Albuquerque:Fortaleza B.C.; 90949:Gabriel Camargo:None; 121775:Gabriel Novaes:Corinthians; 73381:Gabriel Servelim:None; 85933:Gabriel Servelin:None; 73519:Gabriel:None; 117985:Gabriel Olaseni:Casademont Zaragoza; 73817:Gabriel Ziggy:None; 136346:Gabriel Girón:Halcones de Xalapa; 104859:Gabriel:None; 144085:Gabriel Lopes:Botafogo LDB; 241256:Gabriel Artmenko:None; 122653:Gabriel Albuquerque:None; 137163:Gob Gabriel:None; 150664:Gabriel Kuku:None; 172135:Gabriel:Bauru Basket LDB; 172139:Gabriel:UNIFACISA LDB; 172164:Henrique Coelho:União Corinthians; 172269:Gabriel  Scmit:None; 172297:Gabriel Silva:BRB/Brasília Basquete/AACB LDB; 172298:Gabriel Andrade:BRB/Brasília Basquete/AACB LDB; 172411:Speranzini:Basquete Cearense LDB; 180578:Gabriel Vazquez:Correcaminos UAT; 181400:Gabriel Topete:Santos De San Luis; 182721:Gabriel Belardo:Leones De Quilpué; 183354:Gabriele Benetti:The Flexx Pistoia; 188017:Gabriel Pepelar:None; 194792:Josef Gabriel:BK Decin; 196696:Gabriel McKay:Liberty; 202067:Gabriel Vogel:Svendborg Rabbits; 202392:Gabriel Brun:Union Atletica; 202603:Gabriele Avvinti:None; 124261:Gabriel Caldeira:Mogi das Cruzes; 125284:Gabriel Garcia:None; 156650:Gabriel Martinez:None; 158373:Jan Gabriel:Usti nad Labem; 172212:Gabriel Pessoa:São José; 172277:Marson:None; 192082:Gabriel Peralta:Deportivo San Jose; 197743:Gabriel Pedroso:Mogi das Cruzes; 199957:Gabriele Turconi:None; 225004:Gabriel Joaquim:Paulistano; 231263:David Gabriel:Seton Hall
P013383,"GABRIEL, WENYEN",Wenyen Gabriel,exact,71731,Wenyen Gabriel,Besiktas,Forward,Center,C,"6' 9""",71731:Wenyen Gabriel:Besiktas
PTES,"GADSON, CHEYNE",Cheyne Gadson,exact,121686,Gadson,,Center,Center,C,"6' 7""",121686:Gadson:None
P004229,"GAGIC, DJORDJE",Djordje Gagic,exact,86951,Djordje Gagic,,Center,Center,C,"6' 11""",86951:Djordje Gagic:None
P002009,"GAILIUS, DEIVIDAS",Deividas Gailius,ambiguous,,,,,,,,72770:Deividas Gailius:None; 222553:Deividas Gailus:Gargzdai Sc
P004196,"GAILLARD, VINCENT",Vincent Gaillard,not_found,,,,,,,,
PKSH,"GAINES, CHARLES",Charles Gaines,ambiguous,,,,,,,,71276:Frank Gaines:Walter Tigers Tubingen; 89482:Davonte Gaines:Bc Lulea; 89839:Eric Gaines:Elizor Kiryat Ata; 128435:Isaiah Gaines:Florida Atlantic
PTEP,"GAINES, REECE",Reece Gaines,ambiguous,,,,,,,,71276:Frank Gaines:Walter Tigers Tubingen; 89482:Davonte Gaines:Bc Lulea; 89839:Eric Gaines:Elizor Kiryat Ata; 128435:Isaiah Gaines:Florida Atlantic
P005023,"GALDIKAS, SIMAS",Simas Galdikas,exact,72768,Simas Galdikas,,Center,Center,C,"6' 8""",72768:Simas Galdikas:None
PLDO,"GALLI, ANDREA",Andrea Galli,ambiguous,,,,,,,,53688:Danilo Gallinari:None; 69943:Tayavek Gallizzi:Regatas; 70971:Charles Galliou:None; 142609:Roberto Gallinat:None; 142538:Filippo Galli:BC Roma SPQR
PKRD,"GALLINARI, DANILO",Danilo Gallinari,exact,53688,Danilo Gallinari,,Forward,Small Forward,SF,"6' 10""",53688:Danilo Gallinari:None
P008851,"GALLIOU, CHARLES",Charles Galliou,exact,70971,Charles Galliou,,Forward,Power Forward,PF,"6' 8""",70971:Charles Galliou:None
P002848,"GANETO, GABRIELE",Gabriele Ganeto,not_found,,,,,,,,
P004623,"GANKEVICH, ALEXANDER",Alexander Gankevich,exact,72648,Alexander Gankevich,CSKA Moscow,Forward,Small Forward,SF,"6' 5""",72648:Alexander Gankevich:CSKA Moscow
P012115,"GARAVAGLIA, DIEGO",Diego Garavaglia,exact,145087,Diego Garavaglia,Ratiopharm Ulm,Forward,Small Forward,SF,"6' 7""",145087:Diego Garavaglia:Ratiopharm Ulm
PAHV,"GARBAJOSA, JORGE",Jorge Garbajosa,not_found,,,,,,,,
P000615,"GARCIA, ALEX",Alex Garcia,ambiguous,,,,,,,,69958:Alex Garcia:Bauru Basket; 235181:Alex Garcia:Tennessee State
P000018,"GARCIA, ANDER",Ander Garcia,ambiguous,,,,,,,,69958:Alex Garcia:Bauru Basket; 70025:Juan Garcia:None; 148409:David Jones-Garcia:San Antonio Spurs; 72517:Sergi Garcia:San Pablo Burgos; 191941:Reynaldo Garcia:Saga Ballooners; 109197:Dawson Garcia:Motor City Cruise; 71745:Aito Garcia Reneses:None; 71047:Tomás Bellas:None; 123403:Andersson Garcia:Mexico City Capitanes; 53117:Marc Garcia:Górnik Wałbrzych; 83591:Rafael Garcia:None; 85540:N. Del Val:None; 197033:Helinho Garcia:Franca; 172601:Miguel Garcia:None; 187893:Santiago Garcia:Cordon; 78456:Marc García Calvo:Fuenlabrada; 87437:Luis García:None; 125284:Gabriel Garcia:None; 149518:Jorge Garcia:None; 152505:Brian Garcia:Bigua; 156205:Leandro Garcia:None; 156353:Diego Garcia:Comunicaciones Mercedes; 156558:Marcelo Garcia:None; 197031:Danko Garcia:Leones De Quilpué; 200696:Sebastian Garcia:Trouville; 224811:Felipe Garcia:Club Atletico Welcome; 70879:Javier García Sánchez:None; 87793:Dani García:ICG Forca Lleida; 137658:Nestor Garcia:None; 149259:Gaston Garcia:San Martin de Corientes; 156542:Gaston Garcia:None; 231251:Sergio García:Gipuzkoa Basket; 155661:Javohn Garcia:McNeese State; 156556:Charlie Garcia:Defensor Sporting; 161469:Joaquin Garcia:None; 185374:Sergi Brugué Garcia:None; 217160:Luis Garcia:Freseros De Irapuato; 218367:Charles Garcia:Correcaminos UAT; 219694:Gonzalo Garcia:None; 228598:Santino Garcia:Union Atletica; 230648:Jared Garcia:Nebraska; 234041:Tjader Fernandez Garcia:None; 235181:Alex Garcia:Tennessee State; 235568:Nate Garcia:California Baptist
P003238,"GARCIA, ANGEL LUIS",Angel Luis Garcia,ambiguous,,,,,,,,69958:Alex Garcia:Bauru Basket; 70025:Juan Garcia:None; 148409:David Jones-Garcia:San Antonio Spurs; 72517:Sergi Garcia:San Pablo Burgos; 191941:Reynaldo Garcia:Saga Ballooners; 109197:Dawson Garcia:Motor City Cruise; 71745:Aito Garcia Reneses:None; 71047:Tomás Bellas:None; 123403:Andersson Garcia:Mexico City Capitanes; 53117:Marc Garcia:Górnik Wałbrzych; 83591:Rafael Garcia:None; 85540:N. Del Val:None; 197033:Helinho Garcia:Franca; 172601:Miguel Garcia:None; 187893:Santiago Garcia:Cordon; 78456:Marc García Calvo:Fuenlabrada; 87437:Luis García:None; 125284:Gabriel Garcia:None; 149518:Jorge Garcia:None; 152505:Brian Garcia:Bigua; 156205:Leandro Garcia:None; 156353:Diego Garcia:Comunicaciones Mercedes; 156558:Marcelo Garcia:None; 197031:Danko Garcia:Leones De Quilpué; 200696:Sebastian Garcia:Trouville; 224811:Felipe Garcia:Club Atletico Welcome; 70879:Javier García Sánchez:None; 87793:Dani García:ICG Forca Lleida; 137658:Nestor Garcia:None; 149259:Gaston Garcia:San Martin de Corientes; 156542:Gaston Garcia:None; 231251:Sergio García:Gipuzkoa Basket; 155661:Javohn Garcia:McNeese State; 156556:Charlie Garcia:Defensor Sporting; 161469:Joaquin Garcia:None; 185374:Sergi Brugué Garcia:None; 217160:Luis Garcia:Freseros De Irapuato; 218367:Charles Garcia:Correcaminos UAT; 219694:Gonzalo Garcia:None; 228598:Santino Garcia:Union Atletica; 230648:Jared Garcia:Nebraska; 234041:Tjader Fernandez Garcia:None; 235181:Alex Garcia:Tennessee State; 235568:Nate Garcia:California Baptist
PJCS,"GARCIA, IVAN",Ivan Garcia,ambiguous,,,,,,,,69958:Alex Garcia:Bauru Basket; 70025:Juan Garcia:None; 148409:David Jones-Garcia:San Antonio Spurs; 72517:Sergi Garcia:San Pablo Burgos; 191941:Reynaldo Garcia:Saga Ballooners; 109197:Dawson Garcia:Motor City Cruise; 71745:Aito Garcia Reneses:None; 71047:Tomás Bellas:None; 123403:Andersson Garcia:Mexico City Capitanes; 53117:Marc Garcia:Górnik Wałbrzych; 83591:Rafael Garcia:None; 85540:N. Del Val:None; 197033:Helinho Garcia:Franca; 172601:Miguel Garcia:None; 187893:Santiago Garcia:Cordon; 78456:Marc García Calvo:Fuenlabrada; 87437:Luis García:None; 125284:Gabriel Garcia:None; 149518:Jorge Garcia:None; 152505:Brian Garcia:Bigua; 156205:Leandro Garcia:None; 156353:Diego Garcia:Comunicaciones Mercedes; 156558:Marcelo Garcia:None; 197031:Danko Garcia:Leones De Quilpué; 200696:Sebastian Garcia:Trouville; 224811:Felipe Garcia:Club Atletico Welcome; 70879:Javier García Sánchez:None; 87793:Dani García:ICG Forca Lleida; 137658:Nestor Garcia:None; 149259:Gaston Garcia:San Martin de Corientes; 156542:Gaston Garcia:None; 231251:Sergio García:Gipuzkoa Basket; 155661:Javohn Garcia:McNeese State; 156556:Charlie Garcia:Defensor Sporting; 161469:Joaquin Garcia:None; 185374:Sergi Brugué Garcia:None; 217160:Luis Garcia:Freseros De Irapuato; 218367:Charles Garcia:Correcaminos UAT; 219694:Gonzalo Garcia:None; 228598:Santino Garcia:Union Atletica; 230648:Jared Garcia:Nebraska; 234041:Tjader Fernandez Garcia:None; 235181:Alex Garcia:Tennessee State; 235568:Nate Garcia:California Baptist
P004535,"GARCIA, MARC",Marc Garcia,ambiguous,,,,,,,,53117:Marc Garcia:Górnik Wałbrzych; 78456:Marc García Calvo:Fuenlabrada
P005458,"GARCIA, SERGI",Sergi Garcia,exact,72517,Sergi Garcia,San Pablo Burgos,Guard,Point Guard,PG,"6' 4""",72517:Sergi Garcia:San Pablo Burgos
PBXR,"GARDNER, JASON",Jason Gardner,ambiguous,,,,,,,,137224:Patrick Gardner:Marist; 111171:Rebekah Gardner:New York Liberty; 223996:Myron Gardner:Miami Heat; 104856:Jayden Gardner:None; 109617:Reggie Gardner:Delaware; 147472:Brandon Gardner:Arizona State; 149306:Jazz Gardner:Saint Mary's; 181728:Patrick Gardner:None
P007994,"GARINO, PATRICIO",Patricio Garino,ambiguous,,,,,,,,53891:Patricio Garino:None; 69944:Patricio Garino:None
P003476,"GARRETT, DIANTE",Diante Garrett,exact,85797,Diante Garrett,,Guard,Point Guard,PG,"6' 4""",85797:Diante Garrett:None
PBOF,"GARRETT, ROBERT",Robert Garrett,ambiguous,,,,,,,,53673:Garrett Temple:Toronto Raptors; 89804:Marcus Garrett:Greensboro Swarm; 85797:Diante Garrett:None; 89200:Garrett Sturtz:None; 147275:Garrett Nevels:Uralmash; 149224:Garrett Brandon:None; 89708:Marcus Garrett:Bethune Cookman; 128101:Garrett Hien:None; 145367:Jeff Garrett:Telekom Baskets Bonn; 155564:Garrett Hicks:Samford; 236557:Garrett Denbow:Rip City Remix
PLHB,"GARRI, LUCA",Luca Garri,ambiguous,,,,,,,,71743:Garrison Mathews:None; 89543:Garrison Brooks:None; 149265:Brandon Garrison:Alabama; 149046:Grey Garrison:Oregon State; 149641:Garrison Phelps:None; 224692:Conley Garrison:Stelmet Zielona Gora
P010107,"GARUBA, SEDIQ",Sediq Garuba,exact,105773,Sediq Garuba,,Forward,Small Forward,SF,"6' 4""",105773:Sediq Garuba:None
P007630,"GARUBA, USMAN",Usman Garuba,exact,70796,Usman Garuba,Real Madrid,Center,Center,C,"6' 8""",70796:Usman Garuba:Real Madrid
PADF,"GASOL, PAU",Pau Gasol,exact,53544,Pau Gasol,,Center,Center,C,"7' 0""",53544:Pau Gasol:None
P004836,"GATENS, MATT",Matt Gatens,not_found,,,,,,,,
P001252,"GAVEL, ANTON",Anton Gavel,exact,121934,Anton Gavel,Bayern Munich,Management,Coach,,,121934:Anton Gavel:Bayern Munich
P004624,"GAVRILOV, ALEXANDER",Alexander Gavrilov,ambiguous,,,,,,,,203004:Ivan Gavrilovic:None; 71748:Andrija Gavrilović:None; 83772:Strahinja Gavrilovic:KK Igokea; 147004:Dmitriy Gavrilov:None; 186534:Alexandre Gavrilovic:None; 232894:Alex Gavrilovic:Demir Insaat Buyukcekmece
P010516,"GAZI, ERTEN",Erten Gazi,exact,81795,Erten Gazi,Esenler Erokspor,Guard,Shooting Guard,SG,"6' 3""",81795:Erten Gazi:Esenler Erokspor
P009753,"GEBEN, MARTINAS",Martinas Geben,exact,70945,Martinas Geben,Basquet Girona,Center,Center,C,"6' 10""",70945:Martinas Geben:Basquet Girona
PLTT,"GECEVICIUS, MARTYNAS",Martynas Gecevicius,exact,157692,Martynas Gecevičius,,Guard,Point Guard,PG,"6' 4""",157692:Martynas Gecevičius:None
P005686,"GECIM, TOLGA",Tolga Gecim,exact,70947,Tolga Gecim,Tofas,Center,Point Guard,PG,"6' 8""",70947:Tolga Gecim:Tofas
P003392,"GEE, ALONZO",Alonzo Gee,exact,108849,Legend Geeter,,Forward,,,"6' 8""",108849:Legend Geeter:None
PBHN,"GELABALE, MICKAEL",Mickael Gelabale,not_found,,,,,,,,
P000880,"GENTILE, ALESSANDRO",Alessandro Gentile,exact,69924,Alessandro Gentile,Urania Milano,Forward,Small Forward,SF,"6' 7""",69924:Alessandro Gentile:Urania Milano
PTER,"GENTILE, STEFANO",Stefano Gentile,exact,72349,Stefano Gentile,Napoli Basket,Guard,Shooting Guard,SG,"6' 3""",72349:Stefano Gentile:Napoli Basket
P000406,"GEORGALLIS, IOANNIS",Ioannis Georgallis,not_found,,,,,,,,
P008253,"GEORGE, JASON",Jason George,exact,87304,Jason George,,Forward,Small Forward,SF,"6' 6""",87304:Jason George:None
P007122,"GEYIK, SAMET",Samet Geyik,exact,72605,Samet Geyik,Pinar Karsiyaka,Forward,Power Forward,PF,"6' 9""",72605:Samet Geyik:Pinar Karsiyaka
PKXO,"GIACHETTI, JACOPO",Jacopo Giachetti,not_found,,,,,,,,
P003675,"GIANELLA, NICO",Nico Gianella,not_found,,,,,,,,
PLRH,"GIANNOPOULOS, CHARIS",Charis Giannopoulos,exact,72524,Charis Giannopoulos,Maroussi Honda,Forward,Small Forward,SF,"6' 7""",72524:Charis Giannopoulos:Maroussi Honda
PAIH,"GIANNOULIS, YANNIS",Yannis Giannoulis,exact,69968,Giannoulis Larentzakis,Olympiacos,Guard,Shooting Guard,SG,"6' 5""",69968:Giannoulis Larentzakis:Olympiacos
P006702,"GIARDINI, SAMUELE",Samuele Giardini,not_found,,,,,,,,
P002873,"GIDDENS, JUSTIN RAY",Justin Ray Giddens,exact,179032,Daniel Giddens,,Center,Center,C,"6' 11""",179032:Daniel Giddens:None
P007513,"GIEDRAITIS, DOVYDAS",Dovydas Giedraitis,exact,71051,Dovydas Giedraitis,Zalgiris Kaunas,Guard,Shooting Guard,SG,"6' 4""",71051:Dovydas Giedraitis:Zalgiris Kaunas
P006436,"GIEDRAITIS, ROKAS",Rokas Giedraitis,exact,69971,Rokas Giedraitis,La Laguna Tenerife,Forward,Small Forward,SF,"6' 6""",69971:Rokas Giedraitis:La Laguna Tenerife
P001557,"GIFFEY, NIELS",Niels Giffey,exact,69977,Niels Giffey,Bayern Munich,Forward,Small Forward,SF,"6' 7""",69977:Niels Giffey:Bayern Munich
PKWC,"GIGLI, ANGELO",Angelo Gigli,not_found,,,,,,,,
P008001,"GILL, ANTHONY",Anthony Gill,exact,53257,Anthony Gill,Washington Wizards,Forward,Power Forward,PF,"6' 8""",53257:Anthony Gill:Washington Wizards
P011941,"GILLESPIE, FREDDIE",Freddie Gillespie,exact,86059,Freddie Gillespie,Galatasaray,Center,Center,C,"6' 9""",86059:Freddie Gillespie:Galatasaray
P010550,"GINAT, TOMER",Tomer Ginat,exact,64830,Tomer Ginat,Hapoel Tel Aviv,Forward,Power Forward,PF,"6' 8""",64830:Tomer Ginat:Hapoel Tel Aviv
PACQ,"GINEVICIUS, VIDAS",Vidas Ginevicius,not_found,,,,,,,,
P000689,"GIOVACCHINI, ANTHONY",Anthony Giovacchini,not_found,,,,,,,,
PBXA,"GIOVANNONI, GUILHERME",Guilherme Giovannoni,not_found,,,,,,,,
PCSI,"GIPSON, SERGERIO",Sergerio Gipson,not_found,,,,,,,,
P005024,"GIRDZIUNAS, MINDAUGAS",Mindaugas Girdziunas,exact,70811,Mindaugas Girdžiūnas,Neptūnas,Guard,Point Guard,PG,"6' 2""",70811:Mindaugas Girdžiūnas:Neptūnas
PAFI,"GIRICEK, GORDAN",Gordan Giricek,not_found,,,,,,,,
P002980,"GIST, JAMES",James Gist,exact,53230,James Gist,,Forward,Power Forward,PF,"6' 9""",53230:James Gist:None
PBZW,"GKAGKALOUDIS, IOANNIS",Ioannis Gkagkaloudis,not_found,,,,,,,,
P005274,"GLADYR, SERGII",Sergii Gladyr,not_found,,,,,,,,
P011261,"GLAS, GREGOR",Gregor Glas,exact,104322,Gregor Glas,BC Vienna,Forward,Small Forward,SF,"6' 6""",104322:Gregor Glas:BC Vienna
PBVP,"GLYNIADAKIS, ANDREAS",Andreas Glyniadakis,not_found,,,,,,,,
P000499,"GOLDSBERRY, JOHN",John Goldsberry,not_found,,,,,,,,
P012336,"GOLD, TAMIR",Tamir Gold,exact,223505,Tamir Gold,Maccabi Tel Aviv,Forward,Power Forward,PF,"6' 8""",223505:Tamir Gold:Maccabi Tel Aviv
PAGI,"GOLEMAC, JURICA",Jurica Golemac,exact,82062,Jurica Golemac,,Management,Coach,,,82062:Jurica Golemac:None
PLCK,"GOLOVIN, DMITRY",Dmitry Golovin,not_found,,,,,,,,
P001236,"GOLUBOVIC, VLADIMIR",Vladimir Golubovic,not_found,,,,,,,,
P004435,"GOMES, RYAN",Ryan Gomes,ambiguous,,,,,,,,122060:Betinho Gomes:Benfica; 153492:Mario Gomes:None; 172286:Antonio Gomes:Paulistano LDB; 172324:Eike Gomes:Sesi Franca LDB; 172412:Gomes:Basquete Cearense LDB; 172425:Gomes:Cerrado LDB; 225049:Nathan Gomes:Pato Basquete; 137244:Keven Gomes:FC Porto
P000074,"GOMIS, ANTOINE",Antoine Gomis,exact,234771,Gomis Boedi,ESSM Le Portel,Guard,Point Guard,PG,,234771:Gomis Boedi:ESSM Le Portel
P001216,"GOMIS, JOSEPH",Joseph Gomis,exact,234771,Gomis Boedi,ESSM Le Portel,Guard,Point Guard,PG,,234771:Gomis Boedi:ESSM Le Portel
PAWN,"GONLUM, KEREM",Kerem Gonlum,not_found,,,,,,,,
P011649,"GONZÁLEZ, HUGO",Hugo González,ambiguous,,,,,,,,120494:Hugo González:Boston Celtics; 172300:Hugo Gonzalez:Canterbury Rams
P008032,"GONZALEZ, MIGUEL",Miguel Gonzalez,exact,53894,Miguel Gonzalez,Casademont Zaragoza,Forward,Small Forward,SF,"6' 7""",53894:Miguel Gonzalez:Casademont Zaragoza
P004324,"GORBENKO, SERGIY",Sergiy Gorbenko,not_found,,,,,,,,
P000531,"GORDIC, NEMANJA",Nemanja Gordic,exact,64406,Nemanja Gordic,Pinar Karsiyaka,Guard,Point Guard,PG,"6' 4""",64406:Nemanja Gordic:Pinar Karsiyaka
P004230,"GORDON, DREW",Drew Gordon,exact,90608,Drew Gordon,,Forward,Power Forward,PF,"6' 9""",90608:Drew Gordon:None
P001310,"GORDON, JAMONT",Jamont Gordon,ambiguous,,,,,,,,53327:Gordon Hayward:None; 53356:Aaron Gordon:Denver Nuggets; 53590:Eric Gordon:None; 160112:Wesley Gordon:GTK Gliwice; 221680:Ori Gordon:Hapoel Galil Elion; 137640:Gordon Herbert:None; 109441:Ty Gordon:Trabzonspor Medical Park; 202720:Andrew Gordon:Defensor Sporting; 109931:Andre Gordon:None; 90608:Drew Gordon:None; 109461:Rongie Gordon:None; 191852:Eron Gordon:Rio Grande Valley Vipers; 71181:Larry Gordon:None; 104257:Kacper Gordon:GTK Gliwice; 218380:Antonio Gordon:Freseros De Irapuato; 232399:Greg Gordon:Long Island University
PAUC,"GOREE, MARCUS",Marcus Goree,exact,135209,Cyesha Goree,Uni Gyor (W),Center,Center,C,"6' 3""",135209:Cyesha Goree:Uni Gyor (W)
PBPV,"GORENC, BORIS",Boris Gorenc,ambiguous,,,,,,,,188233:Milosz Gorenczyk:Stelmet Zielona Gora; 224187:Jan Góreńczyk:Kk Krosno
P005944,"GOSPODAREK, MICHAEL PATRYK",Michael Patryk Gospodarek,exact,83931,Michael Gospodarek,,Guard,Point Guard,PG,,83931:Michael Gospodarek:None
P004903,"GOUDELOCK, ANDREW",Andrew Goudelock,exact,73471,Andrew Goudelock,Kolossos Rhodes,Guard,Shooting Guard,SG,"6' 3""",73471:Andrew Goudelock:Kolossos Rhodes
P014028,"GRAHAM, DEVONTE",Devonte Graham,exact,64128,Devonte Graham,,Guard,Point Guard,PG,"6' 1""",64128:Devonte Graham:None
P003024,"GRANGER, JAYSON",Jayson Granger,exact,53300,Jayson Granger,,Guard,Point Guard,PG,"6' 2""",53300:Jayson Granger:None
P011204,"GRANT, JERIAN",Jerian Grant,exact,53467,Jerian Grant,Panathinaikos,Guard,Shooting Guard,SG,"6' 4""",53467:Jerian Grant:Panathinaikos
P003438,"GRANT, KENNETH",Kenneth Grant,ambiguous,,,,,,,,71446:Grant Williams:Charlotte Hornets; 53723:Jerami Grant:Memphis Grizzlies; 53467:Jerian Grant:Panathinaikos; 109602:Grant Basile:Pallacanestro Cantù; 147626:Grant Nelson:Brooklyn Nets; 221893:Qua Grant:Maccabi Rishon Lezion; 64198:Donte Grantham:None; 86032:Grant Riller:Beijing Royal Fighters; 104287:Grantas Vasiliauskas:None; 109813:Grant Golden:Chalon/Saone; 89814:Tyon Grant-Foster:Gonzaga; 109650:Grant van Beveren:None; 128088:Grant Singleton:None; 104423:Grantham Gillard:Cerrado; 108534:Grant Weitman:None; 126401:Grant Darbyshire:Cincinnati; 149087:Grant Newell:California; 192056:Alejandro Grant:Basket Osasco; 133064:Grant Sherfield:Trefl Sopot; 71391:Grant Jerrett:Utsunomiya Brex; 72378:Jerai Grant:None; 81573:Sasha Grant:BC Roma SPQR; 89277:Grant Yates:None; 109271:Grant Huffman:None; 109551:Grant Ledford:Chattanooga; 109582:Grant Coleman:None; 149639:Dallin Grant:None; 194615:Grant Devone:None; 149060:Cameron Grant:Stanford; 155939:Dae Dae Grant:ASP Promitheas Patras; 189036:Dylan Grant:Rutgers; 230208:Kenny Grant:ESSM Le Portel; 145173:Grant Anticevich:None; 147165:Grant Hurst:Tennessee; 148150:Gary Grant:None; 149341:Makai Grant:Dayton; 149642:Jackson Grant:None; 185683:Grant Shephard:Santos De San Luis; 194011:Grant Asman:Lipscomb; 200039:Grant Stubblefield:Omaha; 236761:Megan Grant:UCLA (W)
P008250,"GRANT, SASHA",Sasha Grant,exact,81573,Sasha Grant,BC Roma SPQR,Forward,Small Forward,SF,"6' 6""",81573:Sasha Grant:BC Roma SPQR
P001934,"GRAVES, ANTONIO",Antonio Graves,ambiguous,,,,,,,,196362:Allen Graves:Toronto Raptors; 90078:Will Graves:None; 122069:Jayvon Graves:Legia Warszawa; 226657:Nik Graves:Creighton
P010549,"GRAY, ROB",Rob Gray,exact,81698,Rob Gray,ASP Promitheas Patras,Guard,Point Guard,PG,"6' 4""",81698:Rob Gray:ASP Promitheas Patras
P005738,"GRAZULIS, ANDREJS",Andrejs Grazulis,exact,122125,Andrejs Grazulis,Turk Telekom,Forward,Power Forward,PF,"6' 8""",122125:Andrejs Grazulis:Turk Telekom
P003326,"GREEN, CALEB",Caleb Green,ambiguous,,,,,,,,53630:Draymond Green:Golden State Warriors; 53543:Danny Green:None; 71704:Javonte Green:Detroit Pistons; 53701:JaMychal Green:None; 100279:Jalen Green:Phoenix Suns; 86058:Josh Green:Utah Jazz; 120781:AJ Green:Milwaukee Bucks; 53364:Jeff Green:Houston Rockets; 53129:Erick Green:Pallacanestro Cantù; 105137:Willie Green:None; 55111:Gerald Green:None; 108595:Wendell Green Jr.:None; 148472:Darin Green:Hapoel Holon; 86723:Rodney J Green:None; 89581:Chris Greene:Cleveland State; 71427:Phil Greene:Rostock Seawolves; 128433:Bryan Greenlee:Florida Atlantic; 89214:Bryant Greene:Appalachian State; 123484:Green III:None; 126397:Tykei Greene:None; 128825:Jasen Green:Creighton; 149454:Brad Greene:Bristol Flyers; 145435:Erick Green:Cerrado; 147616:Michael Green:James Madison; 160087:Quinton Green:Ubsc Graz; 182045:Xavier Green:Freseros De Irapuato; 190887:Corbin Green:Troy; 202048:Jalen Green:None; 148473:De'Ante Green:South Florida; 148901:Braelon Green:Bowling Green; 149430:Tajh Green:Newcastle Eagles; 149564:Tyrell Green:Plymouth City Patriots; 172452:Maioro Greensill:None; 181584:Trey'Dez Green:LSU; 182084:Devonte Green:Norrkoping Dolphins; 183347:Dominic Green:MKS D. Gornicza; 185955:Morgan Green:Bourges Basket (W); 190895:Trey Green:Saint Louis; 193674:David Green:Rhode Island; 202472:Zaay Green:Toronto Tempo; 217116:Quarry Greenaway:Abejas de León; 231373:Jeremiah Green:Texas A&M; 234194:Paul Greene:UMBC
P003457,"GREEN, DANNY",Danny Green,exact,53543,Danny Green,,Guard,Shooting Guard,SG,"6' 6""",53543:Danny Green:None
PJTH,"GREENE, BRIAN",Brian Greene,ambiguous,,,,,,,,89581:Chris Greene:Cleveland State; 71427:Phil Greene:Rostock Seawolves; 89214:Bryant Greene:Appalachian State; 126397:Tykei Greene:None; 149454:Brad Greene:Bristol Flyers; 234194:Paul Greene:UMBC
PKOO,"GREENE, DEMOND",Demond Greene,ambiguous,,,,,,,,89581:Chris Greene:Cleveland State; 71427:Phil Greene:Rostock Seawolves; 89214:Bryant Greene:Appalachian State; 126397:Tykei Greene:None; 149454:Brad Greene:Bristol Flyers; 234194:Paul Greene:UMBC
P005159,"GREEN, ERICK",Erick Green,exact,53129,Erick Green,Pallacanestro Cantù,Guard,Shooting Guard,SG,"6' 3""",53129:Erick Green:Pallacanestro Cantù
P009037,"GREEN, GARLON",Garlon Green,ambiguous,,,,,,,,53630:Draymond Green:Golden State Warriors; 53543:Danny Green:None; 71704:Javonte Green:Detroit Pistons; 53701:JaMychal Green:None; 100279:Jalen Green:Phoenix Suns; 86058:Josh Green:Utah Jazz; 120781:AJ Green:Milwaukee Bucks; 53364:Jeff Green:Houston Rockets; 53129:Erick Green:Pallacanestro Cantù; 105137:Willie Green:None; 55111:Gerald Green:None; 108595:Wendell Green Jr.:None; 148472:Darin Green:Hapoel Holon; 86723:Rodney J Green:None; 89581:Chris Greene:Cleveland State; 71427:Phil Greene:Rostock Seawolves; 128433:Bryan Greenlee:Florida Atlantic; 89214:Bryant Greene:Appalachian State; 123484:Green III:None; 126397:Tykei Greene:None; 128825:Jasen Green:Creighton; 149454:Brad Greene:Bristol Flyers; 145435:Erick Green:Cerrado; 147616:Michael Green:James Madison; 160087:Quinton Green:Ubsc Graz; 182045:Xavier Green:Freseros De Irapuato; 190887:Corbin Green:Troy; 202048:Jalen Green:None; 148473:De'Ante Green:South Florida; 148901:Braelon Green:Bowling Green; 149430:Tajh Green:Newcastle Eagles; 149564:Tyrell Green:Plymouth City Patriots; 172452:Maioro Greensill:None; 181584:Trey'Dez Green:LSU; 182084:Devonte Green:Norrkoping Dolphins; 183347:Dominic Green:MKS D. Gornicza; 185955:Morgan Green:Bourges Basket (W); 190895:Trey Green:Saint Louis; 193674:David Green:Rhode Island; 202472:Zaay Green:Toronto Tempo; 217116:Quarry Greenaway:Abejas de León; 231373:Jeremiah Green:Texas A&M; 234194:Paul Greene:UMBC
P001273,"GREEN, MARQUES OSCAR",Marques Oscar Green,ambiguous,,,,,,,,53630:Draymond Green:Golden State Warriors; 53543:Danny Green:None; 71704:Javonte Green:Detroit Pistons; 53701:JaMychal Green:None; 100279:Jalen Green:Phoenix Suns; 86058:Josh Green:Utah Jazz; 120781:AJ Green:Milwaukee Bucks; 53364:Jeff Green:Houston Rockets; 53129:Erick Green:Pallacanestro Cantù; 105137:Willie Green:None; 55111:Gerald Green:None; 108595:Wendell Green Jr.:None; 148472:Darin Green:Hapoel Holon; 86723:Rodney J Green:None; 89581:Chris Greene:Cleveland State; 71427:Phil Greene:Rostock Seawolves; 128433:Bryan Greenlee:Florida Atlantic; 89214:Bryant Greene:Appalachian State; 123484:Green III:None; 126397:Tykei Greene:None; 128825:Jasen Green:Creighton; 149454:Brad Greene:Bristol Flyers; 145435:Erick Green:Cerrado; 147616:Michael Green:James Madison; 160087:Quinton Green:Ubsc Graz; 182045:Xavier Green:Freseros De Irapuato; 190887:Corbin Green:Troy; 202048:Jalen Green:None; 148473:De'Ante Green:South Florida; 148901:Braelon Green:Bowling Green; 149430:Tajh Green:Newcastle Eagles; 149564:Tyrell Green:Plymouth City Patriots; 172452:Maioro Greensill:None; 181584:Trey'Dez Green:LSU; 182084:Devonte Green:Norrkoping Dolphins; 183347:Dominic Green:MKS D. Gornicza; 185955:Morgan Green:Bourges Basket (W); 190895:Trey Green:Saint Louis; 193674:David Green:Rhode Island; 202472:Zaay Green:Toronto Tempo; 217116:Quarry Greenaway:Abejas de León; 231373:Jeremiah Green:Texas A&M; 234194:Paul Greene:UMBC
PJGM,"GREEN, YANIV",Yaniv Green,ambiguous,,,,,,,,53630:Draymond Green:Golden State Warriors; 53543:Danny Green:None; 71704:Javonte Green:Detroit Pistons; 53701:JaMychal Green:None; 100279:Jalen Green:Phoenix Suns; 86058:Josh Green:Utah Jazz; 120781:AJ Green:Milwaukee Bucks; 53364:Jeff Green:Houston Rockets; 53129:Erick Green:Pallacanestro Cantù; 105137:Willie Green:None; 55111:Gerald Green:None; 108595:Wendell Green Jr.:None; 148472:Darin Green:Hapoel Holon; 86723:Rodney J Green:None; 89581:Chris Greene:Cleveland State; 71427:Phil Greene:Rostock Seawolves; 128433:Bryan Greenlee:Florida Atlantic; 89214:Bryant Greene:Appalachian State; 123484:Green III:None; 126397:Tykei Greene:None; 128825:Jasen Green:Creighton; 149454:Brad Greene:Bristol Flyers; 145435:Erick Green:Cerrado; 147616:Michael Green:James Madison; 160087:Quinton Green:Ubsc Graz; 182045:Xavier Green:Freseros De Irapuato; 190887:Corbin Green:Troy; 202048:Jalen Green:None; 148473:De'Ante Green:South Florida; 148901:Braelon Green:Bowling Green; 149430:Tajh Green:Newcastle Eagles; 149564:Tyrell Green:Plymouth City Patriots; 172452:Maioro Greensill:None; 181584:Trey'Dez Green:LSU; 182084:Devonte Green:Norrkoping Dolphins; 183347:Dominic Green:MKS D. Gornicza; 185955:Morgan Green:Bourges Basket (W); 190895:Trey Green:Saint Louis; 193674:David Green:Rhode Island; 202472:Zaay Green:Toronto Tempo; 217116:Quarry Greenaway:Abejas de León; 231373:Jeremiah Green:Texas A&M; 234194:Paul Greene:UMBC
PKNA,"GREER, JEFF",Jeff Greer,ambiguous,,,,,,,,53180:Jake Cohen:None; 149795:Lynn Greer:Saint Joseph's; 226659:Hudson Greer:Creighton
PCRR,"GREER, LYNN TERENCE",Lynn Terence Greer,ambiguous,,,,,,,,53180:Jake Cohen:None; 149795:Lynn Greer:Saint Joseph's; 226659:Hudson Greer:Creighton
PKMZ,"GREER, RICARDO",Ricardo Greer,ambiguous,,,,,,,,53180:Jake Cohen:None; 149795:Lynn Greer:Saint Joseph's; 226659:Hudson Greer:Creighton
PKOJ,"GREGORY, KENNY",Kenny Gregory,ambiguous,,,,,,,,53497:Greg Monroe:None; 133059:Gregory Jackson:Memphis Grizzlies; 71185:Gregory Vargas:Calor de Cancun; 70966:Alex Renfroe:Real Betis Energía Plus; 89213:Donovan Gregory:Appalachian State; 218963:Brian Gregory:Phoenix Suns; 158365:Greg Lee:ESSM Le Portel; 194234:Gregory Foster:Toros de Chiriqui; 225446:Gregory Petrakis:Peristeri
P002328,"GRIGONIS, MARIUS",Marius Grigonis,exact,64417,Marius Grigonis,Zalgiris Kaunas,Forward,Small Forward,SF,"6' 6""",64417:Marius Grigonis:Zalgiris Kaunas
P003568,"GRIGORYEV, MAXIM",Maxim Grigoryev,not_found,,,,,,,,
PBKE,"GRIMAU, ROGER",Roger Grimau,exact,139633,Roger Grimau,,Management,Coach,,,139633:Roger Grimau:None
P013555,"GRINVALDS, GUNARS",Gunars Grinvalds,exact,224009,Gunars Grinvalds,,Forward,Small Forward,SF,"6' 7""",224009:Gunars Grinvalds:None
P012099,"GROSBER, DORIAN",Dorian Grosber,exact,143135,Dorian Grosber,High Point,Guard,Point Guard,PG,"6' 5""",143135:Dorian Grosber:High Point
P012103,"GRUJICIC, MATHIEU",Mathieu Grujicic,exact,202544,Mathieu Grujicic,Ohio State,Guard,Point Guard,PG,"6' 5""",202544:Mathieu Grujicic:Ohio State
P005004,"GRUSZECKI, KAROL",Karol Gruszecki,exact,69936,Karol Gruszecki,,Guard,Shooting Guard,SG,"6' 5""",69936:Karol Gruszecki:None
P001097,"GUARDIA, DAVID",David Guardia,not_found,,,,,,,,
PKLS,"GUBANOV, PETR",Petr Gubanov,exact,64412,Petr Gubanov,,Forward,Power Forward,PF,"6' 9""",64412:Petr Gubanov:None
P003120,"GUDAITIS, ARTURAS",Arturas Gudaitis,exact,53165,Arturas Gudaitis,Rytas Vilnius,Center,Center,C,"6' 10""",53165:Arturas Gudaitis:Rytas Vilnius
P002439,"GUDUMAK, ALEXANDER",Alexander Gudumak,exact,147023,Alexander Gudumak,MBA Moscow,Forward,Power Forward,PF,"6' 7""",147023:Alexander Gudumak:MBA Moscow
P004004,"GUDURIC, MARKO",Marko Guduric,exact,53205,Marko Guduric,Olimpia Milano,Guard,Shooting Guard,SG,"6' 6""",53205:Marko Guduric:Olimpia Milano
P012262,"GUEDEGBE, THEO",Theo Guedegbe,exact,194957,Theo Guedegbe,,Guard,Point Guard,PG,"6' 3""",194957:Theo Guedegbe:None
P012168,"GUEYE, SIDI",Sidi Gueye,exact,186123,Sidi Gueye,Santa Clara,Center,Center,C,"6' 9""",186123:Sidi Gueye:Santa Clara
PAWQ,"GULER, MURATCAN",Muratcan Guler,ambiguous,,,,,,,,53206:Sinan Guler:None; 122433:Boran Guler:Petkim Spor
P000494,"GULER, SINAN",Sinan Guler,exact,53206,Sinan Guler,,Guard,Point Guard,PG,"6' 4""",53206:Sinan Guler:None
PABC,"GUROVIC, MILAN",Milan Gurovic,not_found,,,,,,,,
P009537,"GUSIC, MARKO",Marko Gusic,exact,102865,Marko Gusic,,Forward,Small Forward,SF,"6' 8""",102865:Marko Gusic:None
P004996,"GUVEN, EGEMEN",Egemen Guven,exact,72365,Egemen Guven,Merkezefendi Belediyesi,Center,Center,C,"6' 11""",72365:Egemen Guven:Merkezefendi Belediyesi
P011826,"GUY, KYLE",Kyle Guy,error: 504 Server Error: Gateway Time-out for url: https://webws.365scores.com/web/search/?appTypeId=5&langId=9&timezoneName=Asia%2FJerusalem&userCountryId=6&query=Kyle+Guy,,,,,,,,
P007355,"HACIYEVA, ORHAN",Orhan Haciyeva,not_found,,,,,,,,
P001844,"HACKETT, DANIEL",Daniel Hackett,exact,53167,Daniel Hackett,Virtus Bologna,Guard,Point Guard,PG,"6' 6""",53167:Daniel Hackett:Virtus Bologna
PKMF,"HAGAG, DROR",Dror Hagag,not_found,,,,,,,,
P001909,"HAIN, DANIEL",Daniel Hain,exact,155503,Matt Hain,Morehead State,Guard,,,"6' 8""",155503:Matt Hain:Morehead State
P002856,"HAIRSTON, MALIK",Malik Hairston,exact,155804,Jordan Hairston,,Guard,,,"6' 0""",155804:Jordan Hairston:None
PKMV,"HAISLIP, MARCUS",Marcus Haislip,not_found,,,,,,,,
P003926,"HAKANSON, LUDDE",Ludde Hakanson,exact,83540,Ludde Hakanson,Joventut de Badalona,Guard,Point Guard,PG,"6' 2""",83540:Ludde Hakanson:Joventut de Badalona
P000691,"HALE, RONALD",Ronald Hale,ambiguous,,,,,,,,132559:Haley Jones:Dallas Wings; 203377:Haley Peters:None; 141831:Hunter Hale:Bahçeşehir Koleji; 95454:Haley Gorecki:None; 202510:Haley Cavinder:None; 220844:Jermaine Haley:Santos De San Luis; 236871:Haleigh Timmer:Oklahoma State (W)
P003538,"HALILOVIC, MIRALEM",Miralem Halilovic,ambiguous,,,,,,,,104409:Miralem Halilovic:None; 183434:Miralem Halilovic:None
P011205,"HALL, DEVON",Devon Hall,exact,71726,Devon Hall,Olimpia Milano,Guard,Shooting Guard,SG,"6' 2""",71726:Devon Hall:Olimpia Milano
P011196,"HALL, DONTA",Donta Hall,exact,74393,Donta Hall,Olympiacos,Forward,Power Forward,PF,"6' 9""",74393:Donta Hall:Olympiacos
P009578,"HALL, LANGSTON",Langston Hall,exact,71481,Langston Hall,,Guard,Point Guard,PG,"6' 4""",71481:Langston Hall:None
P001231,"HALL, MIKE",Mike Hall,ambiguous,,,,,,,,71726:Devon Hall:Olimpia Milano; 74393:Donta Hall:Olympiacos; 89233:Malik Hall:Hapoel HaEmek; 113449:Jordan Hall:Texas Legends; 89639:PJ Hall:Charlotte Hornets; 78449:Jimmy Hall:None; 86051:Josh Hall:None; 202513:Bree Hall:Indiana Fever; 71481:Langston Hall:None; 89443:Tate Hall:None; 105634:Tyler Hall:None; 149667:Brashon Hall:None; 152506:Federico Haller:Hebraica y Macabi; 109579:Hall Elisias:Horsens IC; 155823:Zach Halligan:Akron; 172382:Benjamin Hall:Southland Sharks; 185669:Jesper Hallberg:None; 196725:Thomas Hall:Merrimack; 147564:Dallin Hall:Virginia; 190983:Keyshawn Hall:Auburn; 236869:Theryn Hallock:Michigan State (W); 191842:Hallvard Staff:None; 231575:Jake Hall:New Mexico; 234058:Isaac Hall:None
PAOZ,"HALPERIN, YOTAM",Yotam Halperin,not_found,,,,,,,,
P012405,"HALTALI, FURKAN",Furkan Haltali,exact,72529,Furkan Haltali,Bahçeşehir Koleji,Center,Center,C,"6' 9""",72529:Furkan Haltali:Bahçeşehir Koleji
PJSS,"HAMANN, STEFFEN",Steffen Hamann,exact,194091,Clint Hamann,,Forward,Small Forward,SF,"6' 10""",194091:Clint Hamann:None
P009782,"HAMILTON, JOHNNY",Johnny Hamilton,exact,71497,Johnny Hamilton,,Center,Center,C,"7' 0""",71497:Johnny Hamilton:None
PCSW,"HAMILTON, JUSTIN",Justin Hamilton,exact,120618,Justin Hamilton,,Center,Center,C,"7' 0""",120618:Justin Hamilton:None
P004317,"HAMILTON, LAMONT",Lamont Hamilton,ambiguous,,,,,,,,64813:Alex Hamilton:Saratov Avtodor; 71497:Johnny Hamilton:None; 142859:Bryce Hamilton:Tasmania Jackjumpers; 121684:Isaac Hamilton:Universidad De Concepcion; 71710:Jordan Hamilton:Guaros De Lara; 89970:Jairus Hamilton:Kk Krosno; 120618:Justin Hamilton:None; 124182:Kimani Hamilton:None; 148426:Jelani Hamilton:Georgia State; 200016:Jordan Hamilton:SIU Edwardsville; 64114:Daniel Hamilton:Soles De Mexicali; 147015:Caedin Hamilton:Marquette; 200184:Kevin Hamilton:Youngstown State
PJUH,"HAMILTON, VENSON",Venson Hamilton,ambiguous,,,,,,,,64813:Alex Hamilton:Saratov Avtodor; 71497:Johnny Hamilton:None; 142859:Bryce Hamilton:Tasmania Jackjumpers; 121684:Isaac Hamilton:Universidad De Concepcion; 71710:Jordan Hamilton:Guaros De Lara; 89970:Jairus Hamilton:Kk Krosno; 120618:Justin Hamilton:None; 124182:Kimani Hamilton:None; 148426:Jelani Hamilton:Georgia State; 200016:Jordan Hamilton:SIU Edwardsville; 64114:Daniel Hamilton:Soles De Mexicali; 147015:Caedin Hamilton:Marquette; 200184:Kevin Hamilton:Youngstown State
P001455,"HAMMONDS, CLIFFORD DANIEL",Clifford Daniel Hammonds,ambiguous,,,,,,,,71428:Leyton Hammonds:ASP Promitheas Patras; 86040:Rayshaun Hammonds:None
PLFN,"HAMPL, TOMAS",Tomas Hampl,not_found,,,,,,,,
P005099,"HANGA, ADAM",Adam Hanga,exact,53118,Adam Hanga,Joventut de Badalona,Forward,Small Forward,SF,"6' 6""",53118:Adam Hanga:Joventut de Badalona
P013304,"HANKINS, ZACHARY",Zachary Hankins,exact,72600,Zach Hankins,,Center,Center,C,"6' 11""",72600:Zach Hankins:None
P006598,"HANLAN, OLIVIER",Olivier Hanlan,exact,110418,Olivier Hanlan,Kk Spartak Subotica,Guard,Point Guard,PG,"6' 4""",110418:Olivier Hanlan:Kk Spartak Subotica
P006402,"HANNAH, CLEVIN",Clevin Hannah,exact,64370,Clevin Hannah,Halcones de Xalapa,Guard,Point Guard,PG,"5' 10""",64370:Clevin Hannah:Halcones de Xalapa
P003500,"HANSBROUGH, BEN",Ben Hansbrough,not_found,,,,,,,,
PJKM,"HANSEN, TRAVIS",Travis Hansen,ambiguous,,,,,,,,149856:Yang Hansen:Portland Trail Blazers; 156607:Romani Hansen:Larre Borges; 87074:Hansen:None; 203838:Anton Lonstrup Hansen:Randers Cimbria; 232259:Jake Hansen:Oklahoma
P009864,"HAPP, ETHAN",Ethan Happ,exact,70953,Ethan Happ,San Pablo Burgos,Center,Center,C,"6' 10""",70953:Ethan Happ:San Pablo Burgos
P004902,"HARANGODY, LUKE",Luke Harangody,exact,70890,Luke Harangody,,Forward,Power Forward,PF,"6' 8""",70890:Luke Harangody:None
P003534,"HARARI, ARAD",Arad Harari,exact,103968,Arad Harari,S.C. Ashkelon,Guard,Shooting Guard,SG,"6' 5""",103968:Arad Harari:S.C. Ashkelon
PBCM,"HARISSIS, CHRISTOS",Christos Harissis,not_found,,,,,,,,
P011970,"HARPER, JARED",Jared Harper,exact,71728,Jared Harper,Hapoel Jerusalem,Guard,Point Guard,PG,"5' 10""",71728:Jared Harper:Hapoel Jerusalem
P001711,"HARRINGTON, LORINZA",Lorinza Harrington,exact,226674,Elzie Harrington,San Diego State,Forward,Small Forward,SF,"6' 5""",226674:Elzie Harrington:San Diego State
P005460,"HARRIS, ELIAS",Elias Harris,exact,53887,Elias Harris,,Center,Center,C,"6' 9""",53887:Elias Harris:None
P008930,"HARRISON, AARON",Aaron Harrison,exact,71363,Aaron Harrison,Diablos Rojos del Mexico,Guard,Shooting Guard,SG,"6' 6""",71363:Aaron Harrison:Diablos Rojos del Mexico
P009473,"HARRISON, ANDREW",Andrew Harrison,ambiguous,,,,,,,,53612:Harrison Barnes:San Antonio Spurs; 64132:Shaquille Harrison:Trabzonspor Medical Park; 95119:Isabelle Harrison:Toronto Tempo; 113111:Harrison Ingram:San Antonio Spurs; 74473:D'Angelo Harrison:None; 71363:Aaron Harrison:Diablos Rojos del Mexico; 128721:Rayshon Harrison:Long Island Nets; 145613:Tyrell Harrison:Brisbane Bullets; 147678:Harrison Hochberg:Michigan; 89789:Harrison Prieto:None; 192920:Jaylen Babb Harrison:Nanjing Monkey King; 238156:Jordan Harrison:Portland Fire; 149971:Harrison Henderson:None; 109343:Harrison Young:None; 122478:Harrison Cleary:Neptūnas; 147598:Harrison Alexander:Mississippi State; 218936:Nico Harrison:None; 89381:Harrison Hookfin:None; 108831:Harrison Hornery:None; 147867:Harrison Carrington:Colorado; 155534:Cyncier Harrison:Stetson; 201987:Harrison Froling:Illawarra Hawks; 220058:Harrison Butler:Freseros De Irapuato
P013371,"HARRISON, SHAQUILLE",Shaquille Harrison,exact,64132,Shaquille Harrison,Trabzonspor Medical Park,Forward,Small Forward,SF,"6' 7""",64132:Shaquille Harrison:Trabzonspor Medical Park
P005846,"HARTENSTEIN, ISAIAH",Isaiah Hartenstein,exact,64157,Isaiah Hartenstein,Oklahoma City Thunder,Forward,Power Forward,PF,"7' 0""",64157:Isaiah Hartenstein:Oklahoma City Thunder
PBCS,"HATZIVRETTAS, NIKOS",Nikos Hatzivrettas,not_found,,,,,,,,
PKMO,"HAUER, SAJMEN",Sajmen Hauer,not_found,,,,,,,,
PKZA,"HAWKINS, DAVID",David Hawkins,ambiguous,,,,,,,,108712:Jordan Hawkins:Memphis Grizzlies; 136441:Josh Hawkinson:None; 94952:Tianna Hawkins:None; 109325:Ryan Hawkins:Skyliners Frankfurt; 122068:Javontae Hawkins:Kk Spartak Subotica; 189130:Russell Hawkins:None; 193835:Nigel Hawkins:London Lions; 89319:Coleman Hawkins:None; 90130:Jalen Hawkins:None; 128762:Elijah Hawkins:Wikana S. Lublin; 233032:Isaac Hawkins:Utah Valley
P010390,"HAYES, KEVARRIUS",Kevarrius Hayes,exact,81521,Kevarrius Hayes,KK Partizan,Center,Center,C,"6' 9""",81521:Kevarrius Hayes:KK Partizan
P008962,"HAYES, NIGEL",Nigel Hayes,exact,70944,Nigel Hayes-Davies,Panathinaikos,Forward,Power Forward,PF,"6' 8""",70944:Nigel Hayes-Davies:Panathinaikos
P003601,"HAYNES, MARQUEZ",Marquez Haynes,ambiguous,,,,,,,,109194:Jalen Haynes:Cincinnati; 231909:Cooper Haynes:Belmont
P011201,"HAZER, SEHMUS",Sehmus Hazer,exact,72534,Sehmus Hazer,Galatasaray,Guard,Shooting Guard,SG,"6' 4""",72534:Sehmus Hazer:Galatasaray
P006420,"HECKMANN, PATRICK",Patrick Heckmann,exact,53178,Patrick Heckmann,Telekom Baskets Bonn,Forward,Small Forward,SF,"6' 6""",53178:Patrick Heckmann:Telekom Baskets Bonn
P012259,"HEIDEGGER, MAX",Max Heidegger,ambiguous,,,,,,,,84197:Max Heidegger:None; 236736:Max Heidegger:San Pablo Burgos
P002833,"HENDRIX, RICHARD",Richard Hendrix,exact,200189,Nik Hendrix,Youngstown State,Guard,,,"6' 1""",200189:Nik Hendrix:Youngstown State
P006754,"HENRY, PIERRIA",Pierria Henry,exact,70766,Pierria Henry,,Guard,Point Guard,PG,"6' 5""",70766:Pierria Henry:None
PLLY,"HERBER, JOHANNES",Johannes Herber,ambiguous,,,,,,,,89897:Herbert Jones:New Orleans Pelicans; 95000:Mikiah Herbert Harrigan:None; 137640:Gordon Herbert:None
P008780,"HERMANNSSON, MARTIN",Martin Hermannsson,exact,70955,Martin Hermannsson,Alba Berlin,Guard,Point Guard,PG,"6' 3""",70955:Martin Hermannsson:Alba Berlin
P000699,"HERNANDEZ, ALEJANDRO",Alejandro Hernandez,ambiguous,,,,,,,,71737:Dewan Hernandez:KCC Egis; 197570:Sergio Hernandez:None; 149002:Kevin Hernandez:Ferro Carril Oeste; 122871:Lucas Langarita:None; 136374:Héctor Hernández:Libertadores De Querétaro; 178908:Felipe Hernandez:Astros De Jalisco; 178914:Manuel Hernandez:Argentino Junín; 234030:Gaspar Hernandez:None; 156621:Juan Hernandez:Ca Penarol; 183463:Alex Hernandez:Leyma Coruña; 232728:John Hernandez:Paisas
PAMP,"HERNANDEZ-SONSECA, EDUARDO",Eduardo Hernandez-Sonseca,not_found,,,,,,,,
P012712,"HERNANGOMEZ, JUANCHO",Juancho Hernangomez,exact,53640,Juan Hernangomez,Panathinaikos,Forward,Power Forward,PF,"6' 9""",53640:Juan Hernangomez:Panathinaikos
P003196,"HERNANGOMEZ, WILLY",Willy Hernangomez,exact,53510,Willy Hernangomez,Unicaja Málaga,Center,Center,C,"6' 11""",53510:Willy Hernangomez:Unicaja Málaga
P012611,"HERRERA, SEBASTIAN",Sebastian Herrera,exact,121393,Sebastian Herrera,Paris Basketball,Guard,Shooting Guard,SG,"6' 4""",121393:Sebastian Herrera:Paris Basketball
PBRQ,"HERRMANN, WALTER",Walter Herrmann,not_found,,,,,,,,
PLIM,"HERSEK, BARIS",Baris Hersek,exact,53213,Baris Hersek,,Forward,Power Forward,PF,"6' 10""",53213:Baris Hersek:None
P008200,"HERUN, VOLODYMYR",Volodymyr Herun,exact,70876,Volodymir Herun,Real Betis Energía Plus,Forward,Power Forward,PF,"6' 11""",70876:Volodymir Herun:Real Betis Energía Plus
PCRF,"HERVELLE, AXEL",Axel Hervelle,not_found,,,,,,,,
P001836,"HERVE, WILLIAM",William Herve,ambiguous,,,,,,,,73416:Kevin Hervey:None; 156610:Keaton Hervey:Larre Borges
P002334,"HERWIG, DAVID",David Herwig,not_found,,,,,,,,
PTEV,"HESS, ADAM",Adam Hess,exact,117983,Myles Hesson,Mykonos,Forward,Small Forward,SF,"6' 6""",117983:Myles Hesson:Mykonos
P004431,"HETTSHEIMEIR, RAFAEL",Rafael Hettsheimeir,exact,73488,Rafael Hettsheimeir,União Corinthians,Center,Center,C,"6' 10""",73488:Rafael Hettsheimeir:União Corinthians
PKLT,"HEURTEL, THOMAS",Thomas Heurtel,exact,53125,Thomas Heurtel,ASVEL Villeurbanne,Guard,Point Guard,PG,"6' 2""",53125:Thomas Heurtel:ASVEL Villeurbanne
P002818,"HEYTVELT, JOSH",Josh Heytvelt,not_found,,,,,,,,
P003108,"HEZONJA, MARIO",Mario Hezonja,exact,53351,Mario Hezonja,Cleveland Cavaliers,Forward,Small Forward,SF,"6' 8""",53351:Mario Hezonja:Cleveland Cavaliers
P004159,"HICKMAN, RICKY",Ricky Hickman,ambiguous,,,,,,,,108526:Nolan Hickman:Capital City Go-Go; 189905:Connor Hickman:None
P012640,"HIFI, NADIR",Nadir Hifi,exact,142559,Nadir Hifi,Paris Basketball,Guard,Point Guard,PG,"6' 3""",142559:Nadir Hifi:Paris Basketball
P006450,"HIGGINS, CORY",Cory Higgins,exact,53255,Cory Higgins,,Guard,Shooting Guard,SG,"6' 5""",53255:Cory Higgins:None
P001860,"HILL, CHRIS",Chris Hill,ambiguous,,,,,,,,53665:George Hill:None; 64188:Solomon Hill:None; 54183:Darrun Hilliard:Bilbao Basket; 81432:Malcolm Hill:None; 111261:Naz Hillmon:Atlanta Dream; 121152:Jeremiah Hill:Chalon/Saone; 156632:Anthony Hilliard:Union De Santa Fe; 143608:Ahmed Hill:Instituto; 231367:Marcus Hill:Texas A&M; 89240:Jalen Hill:None; 89592:Yahel Hill:Cleveland State; 108749:Justice Hill:Murray State; 109430:Jamere Hill:Toledo; 109529:Justin Hill:None; 133131:Khaalia Hillsman:None; 148194:Justin Hill:None; 172401:Nico Hill:Taranaki Mountainairs; 173434:Sami Hill:None; 181975:Isaiah Hill:None; 190991:Terrence Hill:VCU; 196561:Josh Hill:Arkansas State; 206869:Xavier Hill-Mais:Panteras De Aguascalientes; 90028:Jalen Hill:None; 235415:Rondae Hill:Southern; 237654:Davion Hill:San Diego
P008989,"HILLIARD, DARRUN",Darrun Hilliard,exact,54183,Darrun Hilliard,Bilbao Basket,Guard,Shooting Guard,SG,"6' 6""",54183:Darrun Hilliard:Bilbao Basket
P002812,"HINES, KYLE",Kyle Hines,exact,64364,Kyle Hines,,Forward,Power Forward,PF,"6' 6""",64364:Kyle Hines:None
P000661,"HITE, ROBERT",Robert Hite,not_found,,,,,,,,
P008041,"HLINASON, TRYGGVI",Tryggvi Hlinason,exact,53134,Tryggvi Hlinason,Bilbao Basket,Center,Center,C,"7' 1""",53134:Tryggvi Hlinason:Bilbao Basket
P006835,"HOARD, JAYLEN",Jaylen Hoard,exact,71730,Jaylen Hoard,Maccabi Tel Aviv,Forward,Power Forward,PF,"6' 8""",71730:Jaylen Hoard:Maccabi Tel Aviv
P005128,"HOBBS, BRAYDON",Braydon Hobbs,exact,64379,Braydon Hobbs,,Guard,Point Guard,PG,"6' 5""",64379:Braydon Hobbs:None
P004271,"HODGE, WALTER",Walter Hodge,exact,158171,Walter Hodge,Astros De Jalisco,Guard,Shooting Guard,SG,"6' 0""",158171:Walter Hodge:Astros De Jalisco
PAQO,"HOLDEN, J.R.",J.R. Holden,ambiguous,,,,,,,,109601:Tanner Holden:None; 158349:Holden Redparth:Team Fog Næstved; 149378:Cam Holden:Cheshire Phoenix; 235227:Andrea Holden:Wright State
P013695,"HOLIDAY, JUSTIN",Justin Holiday,exact,53470,Justin Holiday,Guangzhou Loong Lions,Guard,Shooting Guard,SG,"6' 6""",53470:Justin Holiday:Guangzhou Loong Lions
PTGL,"HOLLAND, DELONTE",Delonte Holland,ambiguous,,,,,,,,160788:Ron Holland II:Detroit Pistons; 73028:John Holland:None; 172453:Demarcus Holland:None; 198074:Sander Hollanders:HLA Alicante; 128048:Eric Holland:Kennesaw State; 148889:Anthony Holland:None; 233931:Ed Holland III:Howard
P004267,"HOLLAND, JOHN",John Holland,exact,73028,John Holland,,Forward,Small Forward,SF,"6' 5""",73028:John Holland:None
P009513,"HOLLATZ, JUSTUS",Justus Hollatz,exact,97392,Justus Hollatz,Bayern Munich,Guard,Point Guard,PG,"6' 3""",97392:Justus Hollatz:Bayern Munich
P009917,"HOLLINS, AUSTIN JAMES",Austin James Hollins,ambiguous,,,,,,,,70965:Austin Hollins:None; 192879:Alfred Hollins:MBK Lucenec
P007434,"HOLMES, JONATHAN",Jonathan Holmes,ambiguous,,,,,,,,53417:Richaun Holmes:None; 123206:DaRon Holmes II:Denver Nuggets; 95476:Joyner Holmes:Seattle Storm; 157929:Mackenzie Holmes:Seattle Storm; 95433:Bria Holmes:None; 184118:Avry Holmes:Fuerza Regia; 194243:Mitchell Holmes:SMU; 200080:Kahmare Holmes:Wofford; 201988:Jake Holmes:Canterbury Rams; 89847:Jaren Holmes:Olomouc; 231523:Isaac Holmes:Saint Louis
P014011,"HOLMES, RICHAUN",Richaun Holmes,exact,53417,Richaun Holmes,,Center,Center,C,"6' 9""",53417:Richaun Holmes:None
P000654,"HOMAN, JARED",Jared Homan,not_found,,,,,,,,
P011949,"HOMMES, DAULTON",Daulton Hommes,exact,102919,Daulton Hommes,Paris Basketball,Guard,Point Guard,PG,"6' 8""",102919:Daulton Hommes:Paris Basketball
P005800,"HONEYCUTT, TYLER",Tyler Honeycutt,not_found,,,,,,,,
P004998,"HOPSON, SCOTTY",Scotty Hopson,exact,104049,Scotty Hopson,,Forward,Small Forward,SF,"6' 7""",104049:Scotty Hopson:None
P014124,"HORTON TUCKER, TALEN",Talen Horton Tucker,ambiguous,,,,,,,,53593:P.J. Tucker:None; 72997:Rayjon Tucker:Zhejiang Lions; 104349:Dar Tucker:None; 149777:Dakarai Tucker:Baskets Oldenburg; 89303:Tucker Richardson:None; 89491:Dearon Tucker:Oregon State; 128032:Tucker DeVries:Indiana; 108824:Elijah Tucker:Longwood; 142677:Jordan Tucker:ASP Promitheas Patras; 200034:Tucker Mills:Omaha; 189288:Bryson Tucker:Washington; 192260:Tucker Anderson:Utah State; 202063:Tyson Tucker:Bakken Bears; 237622:Tucker Tornatta:Bellarmine
PLUI,"HOSKIN, SAM",Sam Hoskin,not_found,,,,,,,,
P001196,"HOSLEY, QUINTON",Quinton Hosley,not_found,,,,,,,,
P000943,"HOTIC, KEREM",Kerem Hotic,not_found,,,,,,,,
P009088,"HOUINSOU, KYMANY",Kymany Houinsou,exact,90590,Kymany Houinsou,Loyola Chicago,Guard,Shooting Guard,SG,"6' 6""",90590:Kymany Houinsou:Loyola Chicago
P002830,"HOUMOUNOU, MEREDIS",Meredis Houmounou,exact,142513,Meredis Houmounou,Orleans,Guard,Shooting Guard,SG,"6' 2""",142513:Meredis Houmounou:Orleans
P004430,"HOUSTON, KEVIN",Kevin Houston,ambiguous,,,,,,,,156208:Houston Mallette:Alabama; 109538:DA Houston:Longwood
P011948,"HOWARD, MARKUS",Markus Howard,exact,86074,Markus Howard,Baskonia Vitoria,Guard,Shooting Guard,SG,"5' 11""",86074:Markus Howard:Baskonia Vitoria
P003416,"HOWARD, MATT",Matt Howard,ambiguous,,,,,,,,53477:Dwight Howard:None; 111260:Rhyne Howard:Atlanta Dream; 86074:Markus Howard:Baskonia Vitoria; 95187:Natasha Howard:Minnesota Lynx; 122885:Jett Howard:Dallas Mavericks; 72523:Howard Sant-Roos:UCAM Murcia; 137151:Jordan Howard:Ningbo Rockets; 73973:William Howard:CB Granada; 189882:Jahki Howard:None; 193270:Howard Eisley:Michigan; 235184:Damon Howard Jr.:Tennessee State; 89465:Rodney Howard:Western Kentucky; 90182:Jace Howard:None; 192021:Isaia Howard:Iowa; 193074:Rob Howard:BK Opava; 194015:Howard Gaskins:None; 233483:Nyles Howard:Navy
P002534,"HOWARD, WILLIAM",William Howard,exact,73973,William Howard,CB Granada,Forward,Small Forward,SF,"6' 8""",73973:William Howard:CB Granada
P012365,"HRABAR, VIT",Vit Hrabar,exact,203739,Vit Hrabar,Baskonia Vitoria,Forward,Small Forward,SF,"6' 7""",203739:Vit Hrabar:Baskonia Vitoria
P001210,"HRYCANIUK, ADAM",Adam Hrycaniuk,ambiguous,,,,,,,,69937: Adam Hrycaniuk:None; 71437:Adam Hrycaniuk:Arka Gdynia
PJUJ,"HUERTAS, MARCELINHO",Marcelinho Huertas,exact,53297,Marcelinho Huertas,La Laguna Tenerife,Guard,Point Guard,PG,"6' 3""",53297:Marcelinho Huertas:La Laguna Tenerife
P009723,"HUESTIS, JOSHUA",Joshua Huestis,exact,53716,Josh Huestis,,Forward,Small Forward,SF,"6' 7""",53716:Josh Huestis:None
PAPY,"HUKIC, JASMIN",Jasmin Hukic,not_found,,,,,,,,
P006462,"HUMMEL, ROBBIE",Robbie Hummel,not_found,,,,,,,,
P005160,"HUNTER, OTHELLO",Othello Hunter,exact,53250,Othello Hunter,,Center,Center,C,"6' 8""",53250:Othello Hunter:None
P007018,"HUNTER, VINCE",Vince Hunter,exact,71282,Vince Hunter,Lokomotiv Kuban,Forward,Power Forward,PF,"6' 8""",71282:Vince Hunter:Lokomotiv Kuban
PKCH,"HUTSON, ANDRE",Andre Hutson,ambiguous,,,,,,,,89451:Jacob Hutson:None; 231518:Cam Hutson:Saint Louis
P002456,"IANES, LUCA",Luca Ianes,not_found,,,,,,,,
P002817,"IANNILLI, ANDREA",Andrea Iannilli,not_found,,,,,,,,
P000843,"IANNUZZI, ANTONIO",Antonio Iannuzzi,exact,72755,Antonio Iannuzzi,,Center,Center,C,"6' 10""",72755:Antonio Iannuzzi:None
P001863,"IAROCHEVITCH, IOANN",Ioann Iarochevitch,not_found,,,,,,,,
P003583,"IBAKA, SERGE",Serge Ibaka,exact,53390,Serge Ibaka,,Forward,Power Forward,PF,"7' 0""",53390:Serge Ibaka:None
PBRS,"IDBIHI, YASSIN",Yassin Idbihi,not_found,,,,,,,,
PKRF,"ILIADIS, SAVVAS",Savvas Iliadis,exact,153934,Stefanos Iliadis,Apollon Limassol,Guard,Point Guard,PG,"6' 1""",153934:Stefanos Iliadis:Apollon Limassol
P006561,"ILIC, ALEKSA",Aleksa Ilic,exact,64459,Aleksa Ilic,Studentski Centar,Forward,Power Forward,PF,"6' 8""",64459:Aleksa Ilic:Studentski Centar
P011964,"ILIC, DALIBOR",Dalibor Ilic,exact,83917,Dalibor Ilic,Kk Spartak Subotica,Forward,Small Forward,SF,"6' 8""",83917:Dalibor Ilic:Kk Spartak Subotica
PAPS,"ILIEVSKI, VLADO",Vlado Ilievski,exact,231539,Marjan Ilievski,,Management,Coach,,,231539:Marjan Ilievski:None
P002618,"ILNITSKIY, STANISLAV",Stanislav Ilnitskiy,exact,70800,Stanislav Ilnitskiy,Parma,Forward,Power Forward,PF,"6' 7""",70800:Stanislav Ilnitskiy:Parma
P008282,"ILYASOGLU, OMERCAN",Omercan Ilyasoglu,exact,64456,Omercan Ilyasoglu,Merkezefendi Belediyesi,Guard,Point Guard,PG,"6' 5""",64456:Omercan Ilyasoglu:Merkezefendi Belediyesi
PJKP,"ILYASOVA, ERSAN",Ersan Ilyasova,exact,53427,Ersan Ilyasova,,Forward,Power Forward,PF,"6' 10""",53427:Ersan Ilyasova:None
P005200,"IMHOFF, ARNAUD",Arnaud Imhoff,not_found,,,,,,,,
P003062,"INGLES, JOE",Joe Ingles,exact,53569,Joe Ingles,Minnesota Timberwolves,Forward,Small Forward,SF,"6' 7""",53569:Joe Ingles:Minnesota Timberwolves
P003960,"INGLIS, DAMIEN",Damien Inglis,exact,72371,Damien Inglis,,Forward,Power Forward,PF,"6' 8""",72371:Damien Inglis:None
P000838,"INGROSSO, TOMMASO",Tommaso Ingrosso,not_found,,,,,,,,
P014133,"IROEGBU, IKE",Ike Iroegbu,exact,97410,Ike Iroegbu,Pallacanestro Varese,Guard,Point Guard,PG,"6' 2""",97410:Ike Iroegbu:Pallacanestro Varese
P001903,"ISIK, ALI",Ali Isik,not_found,,,,,,,,
PAIS,"ITURBE, IKER",Iker Iturbe,exact,200099,Julen Iturbe,American University,Forward,Small Forward,SF,"6' 6""",200099:Julen Iturbe:American University
P001266,"IVANOV, DEJAN",Dejan Ivanov,ambiguous,,,,,,,,64401:Nikola Ivanovic:Maxima Roma; 81534:Dusko Ivanovic:None; 117722:Andrey Ivanov:Balkan; 117719:Pavlin Ivanov:None; 227884:Danilo Ivanović:Kk Podgorica; 183444:Emils Ivanovskis:None
P003332,"IVANOVIC, NIKOLA",Nikola Ivanovic,exact,64401,Nikola Ivanovic,Maxima Roma,Guard,Point Guard,PG,"6' 3""",64401:Nikola Ivanovic:Maxima Roma
P005154,"IVERSON, COLTON",Colton Iverson,exact,70963,Colton Iverson,,Center,Center,C,"7' 0""",70963:Colton Iverson:None
P002072,"IVLEV, VLADIMIR",Vladimir Ivlev,exact,69922,Vladimir Ivlev,Uralmash,Forward,Power Forward,PF,"6' 9""",69922:Vladimir Ivlev:Uralmash
P014029,"IZUNDU, EBUKA",Ebuka Izundu,exact,70897,Izundu Ebuka,Crvena Zvezda,Center,Center,C,"6' 10""",70897:Izundu Ebuka:Crvena Zvezda
P000753,"JAABER, IBRAHIM IBIN",Ibrahim Ibin Jaaber,not_found,,,,,,,,
P003413,"JACKSON, AARON",Aaron Jackson,exact,73013,Aaron Jackson,,Guard,Shooting Guard,SG,"6' 3""",73013:Aaron Jackson:None
P011939,"JACKSON-CARTWRIGHT, PARKER",Parker Jackson-Cartwright,exact,123158,Harvey Cartwright,Nanjing Monkey King,Guard,Point Guard,PG,"5' 11""",123158:Harvey Cartwright:Nanjing Monkey King
P000229,"JACKSON, EDWIN",Edwin Jackson,exact,64371,Edwin Jackson,ASVEL Villeurbanne,Forward,Small Forward,SF,"6' 3""",64371:Edwin Jackson:ASVEL Villeurbanne
P012732,"JACKSON, FRANK",Frank Jackson,exact,64189,Frank Jackson,Ningbo Rockets,Guard,Point Guard,PG,"6' 4""",64189:Frank Jackson:Ningbo Rockets
P000126,"JACKSON, MARC",Marc Jackson,ambiguous,,,,,,,,53604:Josh Jackson:None; 53330:Reggie Jackson:None; 53668:Justin Jackson:None; 64189:Frank Jackson:Ningbo Rockets; 64371:Edwin Jackson:ASVEL Villeurbanne; 64174:Jaren Jackson Jr.:Utah Jazz; 109212:Trayce Jackson-Davis:Toronto Raptors; 133059:Gregory Jackson:Memphis Grizzlies; 100277:Isaiah Jackson:Los Angeles Clippers; 156994:Rickea Jackson:Chicago Sky; 89962:Andre Jackson:Milwaukee Bucks; 73489:David Jackson:Franca; 109929:Quenton Jackson:Indiana Pacers; 160699:Jackson Rowe:Ironi Ness Ziona; 145157:Jhivvan Jackson:San Pablo Burgos; 189132:Ian Jackson:St. John's; 73013:Aaron Jackson:None; 123158:Harvey Cartwright:Nanjing Monkey King; 89189:Clarence Jackson:Wichita State; 200066:Jackson Porch:None; 226115:Bryce Jackson:Houston; 89282:Vance Jackson:San Diego Clippers; 219623:Michael Jackson:Club Atlético Santa Paula; 89529:Jonathan Jackson:None; 90181:Zeb Jackson:None; 122891:Jackson Selvala:None; 172188:Jackson Jr.:São José; 236814:Ashlon Jackson:Connecticut Sun; 89410:Jackson Moffatt:None; 109457:Quan Jackson:None; 124414:Jackson Francois:Arizona; 149953:Jackson Makoi:None; 89197:Jonah Jackson:None; 89625:Jalen Jackson:None; 109199:Jackson Watkins:None; 109781:Jalen Jackson:Western Kentucky; 142667:Loren Cristian Jackson:None; 146397:Elmarko Jackson:Kansas; 147287:Jackson Prince:None; 147924:Jackson Stormo:Kortrijk Sport; 148879:Jackson Shelstad:Louisville; 149938:Asher Jackson:Boston College; 152031:Marreon Jackson:None; 158070:Angel Jackson:None; 176440:Lauren Jackson:None; 189184:Ron Jackson:None; 189704:Kaleb Jackson:None; 217555:Brent Jackson:Gambusinos De Fresnillo; 108756:Jackson Sivills:Wofford; 109129:Tre Jackson:None; 146957:Jackson Cook:Arizona; 157937:Taiyanna Jackson:None; 160710:Justin Jackson:Calgary Surge; 172246:Jackson Kiss:Auckland Huskies; 172253:Jackson Ball:Illawarra Hawks; 194244:Jackson Young:None; 73497:Jackson Jr:None; 73547:Jackson:None; 83802:Demetrius Jackson:None; 109174:Tray Jackson:None; 129181:Jackson Skipper:Vermont; 147563:Jackson Creel:None; 147578:Taviontae Jackson:None; 147597:Trey Jackson:Mississippi State; 147691:Jackson Purcell:Minnesota; 147864:Tristan Jackson:None; 148000:Jackson Hicke:Princeton; 148430:Jackson Paveletzke:Ohio; 148459:Chandler Jackson:Florida State; 149455:C. J. Jackson:Prievidza; 149633:Javon Jackson:None; 149642:Jackson Grant:None; 152172:Loren Jackson:None; 155541:Jackson Huxtable:Stetson; 172371:Jackson Stent:Manawatu Jets; 186386:Donovan Jackson:None; 189285:Jackson McAndrew:Creighton; 189699:Dishon Jackson:Pittsburgh; 192019:Isaiah Jackson:Drake; 193516:Jackson Roberts:None; 194017:Jaden Jackson:South Dakota State; 194306:Traivar Jackson:Grand Canyon; 200054:Jackson Fields:None; 224022:Kaelin Jackson:GTK Gliwice; 224185:Charles Jackson:Kk Krosno; 224757:Quanterrius Jackson:Slamstal Ostrow; 230637:Jackson McVey:Georgia; 231351:Jackson Kotecki:Miami (OH); 233038:Jackson Holcombe:Utah Valley; 233484:Cooper Jackson:Navy; 234035:Jackson Jacob:None; 235199:Marcus Jackson:Siena; 235367:Jackson Rasmussen:Idaho; 235570:Jayden Jackson:California Baptist
P005112,"JACKSON, PIERRE",Pierre Jackson,exact,64371,Edwin Jackson,ASVEL Villeurbanne,Forward,Small Forward,SF,"6' 3""",64371:Edwin Jackson:ASVEL Villeurbanne
PKNK,"JACOBSEN, CASEY",Casey Jacobsen,ambiguous,,,,,,,,189148:Daniel Jacobsen:Purdue; 147725:Cale Jacobsen:Nebraska
P000266,"JACQUES, YOHANN",Yohann Jacques,ambiguous,,,,,,,,83767:Jacques Alingue:ADA Blois Basket 41; 230207:Jacques Schneider:TBB Trier; 183250:Wilson Jacques:None
P002746,"JADIN, AMAURY",Amaury Jadin,not_found,,,,,,,,
P000592,"JAGLA, JAN-HENDRICK",Jan-Hendrick Jagla,not_found,,,,,,,,
P004397,"JAGODIC-KURIDZA, MARKO",Marko Jagodic-Kuridza,exact,117895,Marko Jagodic-Kuridza,,Forward,Power Forward,PF,"6' 9""",117895:Marko Jagodic-Kuridza:None
PCLR,"JAGODNIK, GORAN",Goran Jagodnik,not_found,,,,,,,,
P002581,"JAITEH, MAM",Mam Jaiteh,exact,104703,Mam Jaiteh,BC Dubai,Center,Center,C,"6' 11""",104703:Mam Jaiteh:BC Dubai
P012197,"JAKUCIONIS, KASPARAS",Kasparas Jakucionis,exact,130931,Kasparas Jakucionis,Milwaukee Bucks,Guard,Point Guard,PG,"6' 4""",130931:Kasparas Jakucionis:Milwaukee Bucks
P005422,"JALLOW, KARIM",Karim Jallow,exact,104167,Karim Jallow,,Guard,Shooting Guard,SG,"6' 6""",104167:Karim Jallow:None
P005985,"JAMES, MIKE",Mike James,ambiguous,,,,,,,,53607:Mike James:Anadolu Efes; 148649:Mike James:Vanderbilt
P001335,"JAMES, SHAWN",Shawn James,ambiguous,,,,,,,,"53358:LeBron James:Philadelphia 76ers; 53586:James Harden:Cleveland Cavaliers; 53607:Mike James:Anadolu Efes; 53698:James Ennis III:None; 53523:James Johnson:None; 53658:C.J McCollum:Atlanta Hawks; 147470:Bronny James:Los Angeles Lakers; 86073:James Wiseman:None; 87965:James Webb:Unicaja Málaga; 53212:James Nunnally:AEK; 70965:Austin Hollins:None; 226133:Bryce James:Arizona; 53284:James Feldeine:Nacional; 105183:James Nnaji:Baylor; 89964:James Bouknight:Mexico City Capitanes; 71187:James Young:None; 189137:Sion James:Charlotte Hornets; 89483:Josiah-Jordan James:Hapoel Jerusalem; 147921:James Batemon:ICG Forca Lleida; 86919:James Borrego:None; 64448:James Bell:None; 53268:James Anderson:None; 64728:James Robinson:None; 89892:James Rojas:None; 202363:Aziaha James:Dallas Wings; 71734:Justin James:Hapoel Galil Elion; 122463:James Palmer Jr:Galatasaray; 53230:James Gist:None; 102893:Scottie James Jr.:Tianjin Gold Lions; 70969:Tim Abromaitis:La Laguna Tenerife; 89620:James Reese:None; 53415:James Michael McAdoo:None; 71073:Nick Spires:Södertälje BBK; 53144:James Augustine:None; 71253:James Blackmon:None; 105293:James Dickey:Alba Fehervar; 156535:Eric Romero:Ca Penarol; 84251:James Banks:Elizor Kiryat Ata; 89711:James Baker, Jr.:None; 64794:James Kelly:None; 109381:James Cooper:None; 102890:James Thompson IV:KK Budućnost; 109607:James Manns:None; 74610:Delroy James:None; 89210:James Lewis Jr.:Appalachian State; 89336:James Butler:Drexel; 89454:Jehloni James:None; 89907:James Carey:Iona; 89915:Trey James:None; 89982:James Graham:Oberwart Gunners; 90341:Jameson Richardson:Abilene Christian; 129090:James Repass:None; 108570:James Akinjo:Ironi Ness Ziona; 109092:James Moors:Manawatu Jets; 189134:James Brown:Howard; 122056:James Ellisor:None; 160760:James Karnik:Basquet Girona; 189290:Dallas James:None; 122460:James Woodard:Baskets Oldenburg; 156715:James Ballard:None; 124269:James Okonkwo:None; 124953:James Dickey:Alba Fehervar; 125990:James De Jesus:None; 134838:James Wade:None; 145180:James Murray-Boyles:BC Astana; 147555:James Goodis:Baylor; 148141:James Lerner:None; 148192:Dylan James:Georgia; 148649:Mike James:Vanderbilt; 149057:James Keefe:Stanford; 149114:Jizzle James:Cincinnati; 155656:James Scott:Georgia; 155947:James White:UAB; 156564:James Beck:None; 156565:Christian James:Trotamundos de Carabobo; 160726:James Jean-Marie:Ottawa Blackjacks; 172348:James Matthews:Nelson Giants; 193982:James Montgomery:None; 193992:James Jones:Central Connecticut; 223752:James Eads III:Sabah Baku; 226270:Klark James:Alabama; 234941:Jimma James:Queens University"
PLCW,"JANAVICIUS, ZYGIMANTAS",Zygimantas Janavicius,exact,72764,Zygimantas Janavicius,,Guard,Point Guard,PG,"6' 4""",72764:Zygimantas Janavicius:None
P007961,"JANKOVIC, STEFAN",Stefan Jankovic,exact,53295,Stefan Jankovic,,Forward,Power Forward,PF,"6' 11""",53295:Stefan Jankovic:None
P000411,"JANKOVIC, VLADIMIR",Vladimir Jankovic,exact,72518,Vladimir Jankovic,Peristeri,Forward,Small Forward,SF,"6' 8""",72518:Vladimir Jankovic:Peristeri
PBWI,"JANKUNAS, PAULIUS",Paulius Jankunas,exact,53275,Paulius Jankunas,,Forward,Power Forward,PF,"6' 9""",53275:Paulius Jankunas:None
P004165,"JANNING, MATTHEW",Matthew Janning,exact,53296,Matt Janning,,Guard,Shooting Guard,SG,"6' 5""",53296:Matt Janning:None
P012613,"JANTUNEN, MIKAEL",Mikael Jantunen,error: 504 Server Error: Gateway Time-out for url: https://webws.365scores.com/web/athletes/?appTypeId=5&langId=9&timezoneName=Asia%2FJerusalem&userCountryId=6&athletes=117850&fullDetails=True,117850,Mikael Jantunen,Real Madrid,,,,,117850:Mikael Jantunen:Real Madrid
P000912,"JARAMAZ, NEMANJA",Nemanja Jaramaz,exact,71196,Ognjen Jaramaz,KK Cedevita Olimpija,Guard,Point Guard,PG,"6' 4""",71196:Ognjen Jaramaz:KK Cedevita Olimpija
P004058,"JARAMAZ, OGNJEN",Ognjen Jaramaz,exact,71196,Ognjen Jaramaz,KK Cedevita Olimpija,Guard,Point Guard,PG,"6' 4""",71196:Ognjen Jaramaz:KK Cedevita Olimpija
PANM,"JARIC, MARKO",Marko Jaric,not_found,,,,,,,,
PBVC,"JASAITIS, SIMAS",Simas Jasaitis,not_found,,,,,,,,
PADG,"JASIKEVICIUS, SARUNAS",Sarunas Jasikevicius,not_found,,,,,,,,
PBVE,"JAVTOKAS, ROBERTAS",Robertas Javtokas,not_found,,,,,,,,
P002823,"JAWAI, NATHAN",Nathan Jawai,not_found,,,,,,,,
P004193,"JEAN BAPTISTE ADOLPHE, M.",M. Jean Baptiste Adolphe,not_found,,,,,,,,
P002536,"JEAN-CHARLES, LIVIO",Livio Jean-Charles,exact,70972,Livio Jean-Charles,CSKA Moscow,Forward,Power Forward,PF,"6' 9""",70972:Livio Jean-Charles:CSKA Moscow
PKNB,"JEANNEAU, AYMERIC",Aymeric Jeanneau,not_found,,,,,,,,
P007992,"JEFFERSON, CORY",Cory Jefferson,club_match,83900,Brandon Jefferson,Gran Canaria,Guard,Point Guard,PG,"5' 9""",64203:Amile Jefferson:None; 53434:Rondae Hollis-Jefferson:San German; 89156:Malik Jefferson:None; 95111:Moriah Jefferson:None; 86711:Jefferson Socas:None; 161383:Jefferson Arguello:Deportivo Campoalto; 73371:Jefferson William:None; 125947:Joshua Jefferson:Brooklyn Nets; 83900:Brandon Jefferson:Gran Canaria; 89856:Damien Jefferson:As Karditsas; 149017:Bryan Jefferson:Astros De Jalisco; 84203:Davon Jefferson:Halcones Rojos Veracruz; 89155:Jalen Jefferson:None; 128713:Michael Jefferson:Iona; 147038:Kordelius Jefferson:Houston; 123131:D.J. Jefferson:Longwood; 157129:Kiki Jefferson:None; 203510:Emani Jefferson:None; 226453:Parker Jefferson:Gonzaga
P009733,"JEKIRI, TONYE",Tonye Jekiri,exact,70959,Tonye Jekiri,KK Partizan,Center,Center,C,"7' 0""",70959:Tonye Jekiri:KK Partizan
P000597,"JELINEK, DAVID",David Jelinek,ambiguous,,,,,,,,70853:David Jelínek:Real Betis Energía Plus; 158534:David Jelinek:None
P004796,"JELOVAC, STEVAN",Stevan Jelovac,exact,72718,Stevan Jelovac,Gaziantep Basketbol,Forward,Power Forward,PF,"6' 10""",72718:Stevan Jelovac:Gaziantep Basketbol
P005014,"JENKINS, CHARLES",Charles Jenkins,exact,53258,Charles Jenkins,,Guard,Shooting Guard,SG,"6' 3""",53258:Charles Jenkins:None
PKYC,"JENKINS, JULIUS",Julius Jenkins,ambiguous,,,,,,,,128709:Daniss Jenkins:Detroit Pistons; 86930:Taylor Jenkins:Milwaukee Bucks; 53258:Charles Jenkins:None; 89186:Chaunce Jenkins:Maccabi Rishon Lezion; 61790:John Jenkins:ADELAIDE 36ers; 72912:Michael Jenkins:None; 81700:Jalen Jenkins:Trouville; 90132:Tyrese Jenkins:None; 123424:David Jenkins Jr.:None; 124280:KJ Jenkins:None; 131848:Alisia Jenkins:None; 194917:Mykel Jenkins:Norfolk State; 231904:Jabez Jenkins:Belmont; 235376:Talon Jenkins:Idaho
P001219,"JENNINGS, BRANDON",Brandon Jennings,exact,190990,Brandon Jennings,VCU,Guard,,,"6' 4""",190990:Brandon Jennings:VCU
P009748,"JEREBKO, JONAS",Jonas Jerebko,exact,53568,Jonas Jerebko,BC Khimki,Forward,Small Forward,SF,"6' 10""",53568:Jonas Jerebko:BC Khimki
P003067,"JERRELLS, CURTIS",Curtis Jerrells,exact,53859,Curtis Jerrells,,Guard,Point Guard,PG,"6' 1""",53859:Curtis Jerrells:None
P013290,"JESSUP, JUSTINIAN",Justinian Jessup,exact,120627,Justinian Jessup,Bayern Munich,Forward,Small Forward,SF,"6' 7""",120627:Justinian Jessup:Bayern Munich
P000140,"JETER, POOH",Pooh Jeter,exact,158403,Chase Jeter,NH Ostrava,Center,Center,C,"6' 10""",158403:Chase Jeter:NH Ostrava
PAAS,"JIMENEZ, CARLOS",Carlos Jimenez,ambiguous,,,,,,,,84985:Millan Jimenez:ICG Forca Lleida; 149522:Kyle Jimenez:Caledonia Gladiators; 182815:Jesus Jimenez:Freseros De Irapuato
P009105,"JIMENEZ, MILLAN",Millan Jimenez,exact,84985,Millan Jimenez,ICG Forca Lleida,Guard,Point Guard,PG,"6' 6""",84985:Millan Jimenez:ICG Forca Lleida
P002499,"JODAR, ALBERTO",Alberto Jodar,not_found,,,,,,,,
P001487,"JOGELA, TAURAS",Tauras Jogela,exact,157712,Tauras Jogėla,Górnik Wałbrzych,Forward,Small Forward,SF,"6' 8""",157712:Tauras Jogėla:Górnik Wałbrzych
P007016,"JOHNSON, ELIJAH",Elijah Johnson,exact,71615,Elijah Johnson,Maccabi Ashdod,Guard,Point Guard,PG,"6' 4""",71615:Elijah Johnson:Maccabi Ashdod
P005893,"JOHNSON, JAJUAN",Jajuan Johnson,exact,81572,JaJuan Johnson,Hapoel Ironi Eilat,Forward,Power Forward,PF,"6' 10""",81572:JaJuan Johnson:Hapoel Ironi Eilat
P001320,"JOHNSON, JERRY",Jerry Johnson,ambiguous,,,,,,,,64161:Alize Johnson:Paris Basketball; 71549:Cameron Johnson:Denver Nuggets; 71735:Keldon Johnson:San Antonio Spurs; 53523:James Johnson:None; 100280:Jalen Johnson:Atlanta Hawks; 64762:Chris Johnson:Hapoel Jerusalem; 89479:Keon Johnson:Maine Celtics; 189164:Tre Johnson:Washington Wizards; 53336:Stanley Johnson:Nagasaki; 236822:Flau'Jae Johnson:Seattle Storm; 156591:Shaquille Johnson:Flamengo; 146006:A.J. Johnson:New Orleans Pelicans; 206221:Mitch Johnson:San Antonio Spurs; 89658:Keshad Johnson:Miami Heat; 53515:Tyler Johnson:None; 202152:Raven Johnson:Indiana Fever; 100275:David Johnson:Tasmania Jackjumpers; 147006:Markell Johnson:Shenzhen Leopards; 185181:Melvin Johnson:Unifacisa; 73977:B.J. Johnson:Lokomotiv Kuban; 148392:Chaney Johnson:Brooklyn Nets; 190876:Morez Johnson Jr.:Dallas Mavericks; 53680:Wesley Johnson:None; 89257:Keyontae Johnson:Shandong Golden Stars; 108830:Kobe Johnson:None; 148910:Darius Johnson:None; 145118:Malik Johnson:Juventus; 71129:Jaylen Johnson:None; 73400:Anthony Johnson:None; 89285:Kamani Johnson:None; 128751:Dior Johnson:None; 144192:Duane Johnson:Mogi das Cruzes; 203277:Sydney Johnson:Washington Mystics; 72358:Nick Johnson:Saint Quentin; 89536:Puff Johnson:Ohio State; 95025:Stella Johnson:None; 109191:Camden Johnson:None; 226121:Jasper Johnson:Kentucky; 71615:Elijah Johnson:Maccabi Ashdod; 83769:Jaron Johnson:Demir Insaat Buyukcekmece; 123408:Andre Johnson Jr.:None; 142512:Tyren Johnson:Quimsa; 149431:Jordan Johnson:Newcastle Eagles; 149519:Kyle Johnson:None; 179937:Nigel Johnson:None; 182044:Kyle Johnson:BC Nokia; 236782:Tessa Johnson:South Carolina (W); 53573:Joe Johnson:None; 109467:Jamal Johnson:None; 124266:Kobe Johnson:None; 53408:Amir Johnson:None; 81572:JaJuan Johnson:Hapoel Ironi Eilat; 89894:Britton Johnson:None; 108709:Samson Johnson:None; 109216:Xavier Johnson:None; 109941:Jalen Johnson:MBK Lucenec; 128603:Dallion Johnson:None; 142884:Javan Johnson:CB Granada; 147285:Chris Johnson:UCF; 148882:Koren Johnson:Ole Miss; 149673:Chico Johnson:None; 155555:Nathan Johnson:Samford; 178925:Taishaun Johnson:None; 194765:Jordan Johnson:None; 85552:Joseph Johnson:None; 89391:Meechie Johnson Jr.:None; 89703:Kedrian Johnson:Bristol Flyers; 90067:Will Johnson:None; 108601:K.D. Johnson:George Mason; 108729:Logan Johnson:Skyliners Frankfurt; 109378:Isaac Johnson:Hawaii; 109644:Dominique Johnson:None; 121809:Justin Johnson:None; 155820:Tavari Johnson:Akron; 191438:Brandon Johnson:None; 196558:Justin Johnson:Arkansas State; 218368:Taylor Johnson:Correcaminos UAT; 238392:Brandon Johnson:Hapoel HaEmek; 89493:Isaiah Johnson:Oregon State; 89582:Deante Johnson:Pieno Zvaigdes; 89651:Myles Johnson:None; 90096:Spencer Johnson:None; 108813:Nate Johnson:Dinamo Sassari; 108835:Ty Johnson:None; 109319:Marvin Johnson:None; 109564:Evan Johnson:Georgia State; 109969:Demarshay Johnson Jr.:None; 109976:Nate Johnson:Kansas State; 124279:Javonte Johnson:None; 128051:Ahmad Johnson:None; 128070:Nate Johnson:None; 128443:Jack Johnson:Florida Atlantic; 148648:Ty-Laur Johnson:Wake Forest; 155954:Efrem Johnson:UAB; 158344:Delvon Johnson:Usti nad Labem; 158374:Matt Johnson II:Borås Basket; 183221:Jayce Johnson:Manisa Bb; 186357:London Johnson:Louisville; 188197:Brandon Johnson:None; 189286:Larry Johnson:McNeese State; 191441:Isaiah Johnson-Arigu:None; 191457:Luke Johnson:Oregon; 194153:Roquez Johnson:Leones De Quilpué; 194167:Kevin Johnson:None; 194305:Braylon Johnson:Grand Canyon; 196564:Kameron Johnson:Arkansas State; 196675:Jaquan Johnson:Iowa State; 196729:Brendan Johnson:Merrimack; 198136:Kyle Johnson:None; 200350:Kai Johnson:Montana; 202515:Diamond Johnson:None; 227010:Marcus Johnson:Kansas State; 230878:Zach Johnson:UCF; 231499:Butta Johnson:Clemson; 231987:Tyler Johnson:Virginia Tech; 232394:Caleb Johnson:Long Island University; 233918:Jeremiah Johnson:Howard; 233932:Julian Johnson:Howard; 234044:Omari Johnson:None; 234406:Ben Johnson:Vermont; 235369:Biko Johnson:Idaho; 235514:RJ Johnson:Kennesaw State; 236674:Justin Johnson:Rio Grande Valley Vipers; 246012:Moses Johnson:None
P000343,"JOHNSON, LINTON",Linton Johnson,ambiguous,,,,,,,,64161:Alize Johnson:Paris Basketball; 71549:Cameron Johnson:Denver Nuggets; 71735:Keldon Johnson:San Antonio Spurs; 53523:James Johnson:None; 100280:Jalen Johnson:Atlanta Hawks; 64762:Chris Johnson:Hapoel Jerusalem; 89479:Keon Johnson:Maine Celtics; 189164:Tre Johnson:Washington Wizards; 53336:Stanley Johnson:Nagasaki; 236822:Flau'Jae Johnson:Seattle Storm; 156591:Shaquille Johnson:Flamengo; 146006:A.J. Johnson:New Orleans Pelicans; 206221:Mitch Johnson:San Antonio Spurs; 89658:Keshad Johnson:Miami Heat; 53515:Tyler Johnson:None; 202152:Raven Johnson:Indiana Fever; 100275:David Johnson:Tasmania Jackjumpers; 147006:Markell Johnson:Shenzhen Leopards; 185181:Melvin Johnson:Unifacisa; 73977:B.J. Johnson:Lokomotiv Kuban; 148392:Chaney Johnson:Brooklyn Nets; 190876:Morez Johnson Jr.:Dallas Mavericks; 53680:Wesley Johnson:None; 89257:Keyontae Johnson:Shandong Golden Stars; 108830:Kobe Johnson:None; 148910:Darius Johnson:None; 145118:Malik Johnson:Juventus; 71129:Jaylen Johnson:None; 73400:Anthony Johnson:None; 89285:Kamani Johnson:None; 128751:Dior Johnson:None; 144192:Duane Johnson:Mogi das Cruzes; 203277:Sydney Johnson:Washington Mystics; 72358:Nick Johnson:Saint Quentin; 89536:Puff Johnson:Ohio State; 95025:Stella Johnson:None; 109191:Camden Johnson:None; 226121:Jasper Johnson:Kentucky; 71615:Elijah Johnson:Maccabi Ashdod; 83769:Jaron Johnson:Demir Insaat Buyukcekmece; 123408:Andre Johnson Jr.:None; 142512:Tyren Johnson:Quimsa; 149431:Jordan Johnson:Newcastle Eagles; 149519:Kyle Johnson:None; 179937:Nigel Johnson:None; 182044:Kyle Johnson:BC Nokia; 236782:Tessa Johnson:South Carolina (W); 53573:Joe Johnson:None; 109467:Jamal Johnson:None; 124266:Kobe Johnson:None; 53408:Amir Johnson:None; 81572:JaJuan Johnson:Hapoel Ironi Eilat; 89894:Britton Johnson:None; 108709:Samson Johnson:None; 109216:Xavier Johnson:None; 109941:Jalen Johnson:MBK Lucenec; 128603:Dallion Johnson:None; 142884:Javan Johnson:CB Granada; 147285:Chris Johnson:UCF; 148882:Koren Johnson:Ole Miss; 149673:Chico Johnson:None; 155555:Nathan Johnson:Samford; 178925:Taishaun Johnson:None; 194765:Jordan Johnson:None; 85552:Joseph Johnson:None; 89391:Meechie Johnson Jr.:None; 89703:Kedrian Johnson:Bristol Flyers; 90067:Will Johnson:None; 108601:K.D. Johnson:George Mason; 108729:Logan Johnson:Skyliners Frankfurt; 109378:Isaac Johnson:Hawaii; 109644:Dominique Johnson:None; 121809:Justin Johnson:None; 155820:Tavari Johnson:Akron; 191438:Brandon Johnson:None; 196558:Justin Johnson:Arkansas State; 218368:Taylor Johnson:Correcaminos UAT; 238392:Brandon Johnson:Hapoel HaEmek; 89493:Isaiah Johnson:Oregon State; 89582:Deante Johnson:Pieno Zvaigdes; 89651:Myles Johnson:None; 90096:Spencer Johnson:None; 108813:Nate Johnson:Dinamo Sassari; 108835:Ty Johnson:None; 109319:Marvin Johnson:None; 109564:Evan Johnson:Georgia State; 109969:Demarshay Johnson Jr.:None; 109976:Nate Johnson:Kansas State; 124279:Javonte Johnson:None; 128051:Ahmad Johnson:None; 128070:Nate Johnson:None; 128443:Jack Johnson:Florida Atlantic; 148648:Ty-Laur Johnson:Wake Forest; 155954:Efrem Johnson:UAB; 158344:Delvon Johnson:Usti nad Labem; 158374:Matt Johnson II:Borås Basket; 183221:Jayce Johnson:Manisa Bb; 186357:London Johnson:Louisville; 188197:Brandon Johnson:None; 189286:Larry Johnson:McNeese State; 191441:Isaiah Johnson-Arigu:None; 191457:Luke Johnson:Oregon; 194153:Roquez Johnson:Leones De Quilpué; 194167:Kevin Johnson:None; 194305:Braylon Johnson:Grand Canyon; 196564:Kameron Johnson:Arkansas State; 196675:Jaquan Johnson:Iowa State; 196729:Brendan Johnson:Merrimack; 198136:Kyle Johnson:None; 200350:Kai Johnson:Montana; 202515:Diamond Johnson:None; 227010:Marcus Johnson:Kansas State; 230878:Zach Johnson:UCF; 231499:Butta Johnson:Clemson; 231987:Tyler Johnson:Virginia Tech; 232394:Caleb Johnson:Long Island University; 233918:Jeremiah Johnson:Howard; 233932:Julian Johnson:Howard; 234044:Omari Johnson:None; 234406:Ben Johnson:Vermont; 235369:Biko Johnson:Idaho; 235514:RJ Johnson:Kennesaw State; 236674:Justin Johnson:Rio Grande Valley Vipers; 246012:Moses Johnson:None
P002842,"JOHNSON, MARCUS",Marcus Johnson,exact,227010,Marcus Johnson,Kansas State,Guard,Point Guard,PG,"6' 7""",227010:Marcus Johnson:Kansas State
P004684,"JOHNSON-ODOM, DARIUS",Darius Johnson-Odom,not_found,,,,,,,,
P005815,"JOHNSON, ORLANDO",Orlando Johnson,ambiguous,,,,,,,,64161:Alize Johnson:Paris Basketball; 71549:Cameron Johnson:Denver Nuggets; 71735:Keldon Johnson:San Antonio Spurs; 53523:James Johnson:None; 100280:Jalen Johnson:Atlanta Hawks; 64762:Chris Johnson:Hapoel Jerusalem; 89479:Keon Johnson:Maine Celtics; 189164:Tre Johnson:Washington Wizards; 53336:Stanley Johnson:Nagasaki; 236822:Flau'Jae Johnson:Seattle Storm; 156591:Shaquille Johnson:Flamengo; 146006:A.J. Johnson:New Orleans Pelicans; 206221:Mitch Johnson:San Antonio Spurs; 89658:Keshad Johnson:Miami Heat; 53515:Tyler Johnson:None; 202152:Raven Johnson:Indiana Fever; 100275:David Johnson:Tasmania Jackjumpers; 147006:Markell Johnson:Shenzhen Leopards; 185181:Melvin Johnson:Unifacisa; 73977:B.J. Johnson:Lokomotiv Kuban; 148392:Chaney Johnson:Brooklyn Nets; 190876:Morez Johnson Jr.:Dallas Mavericks; 53680:Wesley Johnson:None; 89257:Keyontae Johnson:Shandong Golden Stars; 108830:Kobe Johnson:None; 148910:Darius Johnson:None; 145118:Malik Johnson:Juventus; 71129:Jaylen Johnson:None; 73400:Anthony Johnson:None; 89285:Kamani Johnson:None; 128751:Dior Johnson:None; 144192:Duane Johnson:Mogi das Cruzes; 203277:Sydney Johnson:Washington Mystics; 72358:Nick Johnson:Saint Quentin; 89536:Puff Johnson:Ohio State; 95025:Stella Johnson:None; 109191:Camden Johnson:None; 226121:Jasper Johnson:Kentucky; 71615:Elijah Johnson:Maccabi Ashdod; 83769:Jaron Johnson:Demir Insaat Buyukcekmece; 123408:Andre Johnson Jr.:None; 142512:Tyren Johnson:Quimsa; 149431:Jordan Johnson:Newcastle Eagles; 149519:Kyle Johnson:None; 179937:Nigel Johnson:None; 182044:Kyle Johnson:BC Nokia; 236782:Tessa Johnson:South Carolina (W); 53573:Joe Johnson:None; 109467:Jamal Johnson:None; 124266:Kobe Johnson:None; 53408:Amir Johnson:None; 81572:JaJuan Johnson:Hapoel Ironi Eilat; 89894:Britton Johnson:None; 108709:Samson Johnson:None; 109216:Xavier Johnson:None; 109941:Jalen Johnson:MBK Lucenec; 128603:Dallion Johnson:None; 142884:Javan Johnson:CB Granada; 147285:Chris Johnson:UCF; 148882:Koren Johnson:Ole Miss; 149673:Chico Johnson:None; 155555:Nathan Johnson:Samford; 178925:Taishaun Johnson:None; 194765:Jordan Johnson:None; 85552:Joseph Johnson:None; 89391:Meechie Johnson Jr.:None; 89703:Kedrian Johnson:Bristol Flyers; 90067:Will Johnson:None; 108601:K.D. Johnson:George Mason; 108729:Logan Johnson:Skyliners Frankfurt; 109378:Isaac Johnson:Hawaii; 109644:Dominique Johnson:None; 121809:Justin Johnson:None; 155820:Tavari Johnson:Akron; 191438:Brandon Johnson:None; 196558:Justin Johnson:Arkansas State; 218368:Taylor Johnson:Correcaminos UAT; 238392:Brandon Johnson:Hapoel HaEmek; 89493:Isaiah Johnson:Oregon State; 89582:Deante Johnson:Pieno Zvaigdes; 89651:Myles Johnson:None; 90096:Spencer Johnson:None; 108813:Nate Johnson:Dinamo Sassari; 108835:Ty Johnson:None; 109319:Marvin Johnson:None; 109564:Evan Johnson:Georgia State; 109969:Demarshay Johnson Jr.:None; 109976:Nate Johnson:Kansas State; 124279:Javonte Johnson:None; 128051:Ahmad Johnson:None; 128070:Nate Johnson:None; 128443:Jack Johnson:Florida Atlantic; 148648:Ty-Laur Johnson:Wake Forest; 155954:Efrem Johnson:UAB; 158344:Delvon Johnson:Usti nad Labem; 158374:Matt Johnson II:Borås Basket; 183221:Jayce Johnson:Manisa Bb; 186357:London Johnson:Louisville; 188197:Brandon Johnson:None; 189286:Larry Johnson:McNeese State; 191441:Isaiah Johnson-Arigu:None; 191457:Luke Johnson:Oregon; 194153:Roquez Johnson:Leones De Quilpué; 194167:Kevin Johnson:None; 194305:Braylon Johnson:Grand Canyon; 196564:Kameron Johnson:Arkansas State; 196675:Jaquan Johnson:Iowa State; 196729:Brendan Johnson:Merrimack; 198136:Kyle Johnson:None; 200350:Kai Johnson:Montana; 202515:Diamond Johnson:None; 227010:Marcus Johnson:Kansas State; 230878:Zach Johnson:UCF; 231499:Butta Johnson:Clemson; 231987:Tyler Johnson:Virginia Tech; 232394:Caleb Johnson:Long Island University; 233918:Jeremiah Johnson:Howard; 233932:Julian Johnson:Howard; 234044:Omari Johnson:None; 234406:Ben Johnson:Vermont; 235369:Biko Johnson:Idaho; 235514:RJ Johnson:Kennesaw State; 236674:Justin Johnson:Rio Grande Valley Vipers; 246012:Moses Johnson:None
P013364,"JOHNSON, STANLEY",Stanley Johnson,exact,53336,Stanley Johnson,Nagasaki,Forward,Small Forward,SF,"6' 6""",53336:Stanley Johnson:Nagasaki
P009816,"JOHNSON, WESLEY",Wesley Johnson,exact,53680,Wesley Johnson,,Forward,Small Forward,SF,"6' 7""",53680:Wesley Johnson:None
P014107,"JOKSIMOVIC, STEFAN",Stefan Joksimovic,exact,223641,Stefan Joksimović,Baskonia Vitoria,Guard,Shooting Guard,SG,"6' 4""",223641:Stefan Joksimović:Baskonia Vitoria
P007519,"JOKUBAITIS, ROKAS",Rokas Jokubaitis,exact,64436,Rokas Jokubaitis,Bayern Munich,Guard,Point Guard,PG,"6' 4""",64436:Rokas Jokubaitis:Bayern Munich
PKNS,"JOMANTAS, ARTURAS",Arturas Jomantas,not_found,,,,,,,,
P013369,"JONES, CARLIK",Carlik Jones,exact,102882,Carlik Jones,KK Partizan,Guard,Point Guard,PG,"6' 1""",102882:Carlik Jones:KK Partizan
P010568,"JONES, CHRIS",Chris Jones,exact,81518,Chris Jones,Crvena Zvezda,Guard,Point Guard,PG,"6' 2""",81518:Chris Jones:Crvena Zvezda
P001373,"JONES, DWAYNE",Dwayne Jones,ambiguous,,,,,,,,71333:Derrick Jones Jr.:Los Angeles Clippers; 53704:Tyus Jones:Denver Nuggets; 64154:Damian Jones:Zhejiang Golden Bulls; 86049:Tre Jones:Chicago Bulls; 89897:Herbert Jones:New Orleans Pelicans; 94946:Jonquel Jones:New York Liberty; 81518:Chris Jones:Crvena Zvezda; 102882:Carlik Jones:KK Partizan; 94944:Brionna Jones:Atlanta Dream; 90046:Kai Jones:Anadolu Efes; 85983:Mason Jones:Perth; 194294:Lajae Jones:Golden State Warriors; 87710:Tyrique Jones:Olympiacos; 148409:David Jones-Garcia:San Antonio Spurs; 149068:Spencer Jones:Denver Nuggets; 160926:Dillon Jones:New York Knicks; 108817:Colby Jones:None; 105735:Jemerrio Jones:None; 73472:Marvin Jones:PAOK; 73364:Jalen Jones:None; 86308:Aaron Jones:None; 109113:Kam Jones:Milwaukee Bucks; 148398:Denver Jones:Bnei Hertzliya; 102885:Sacha Killeya-Jones:Shandong Golden Stars; 83538:Aaron Eugene Jones:None; 122731:Jamal Jones:Aris Bsa; 132559:Haley Jones:Dallas Wings; 149846:Dominique Jones:Jilin Northeast Tigers; 148859:Isaac Jones:Detroit Pistons; 64742:Shawn Jones:KB Trepça; 90056:Andrew Jones:None; 90161:Tajion Jones:BC Roma SPQR; 53533:Jalen Jones:Chorale de Roanne; 81680:Jamal Jones:None; 109096:DeVante Jones:Dolomiti Energia Trento; 89746:Russell Jones Jr.:Winthrop; 124181:Shawn Jones Jr.:Mississippi State; 148431:Curtis Jones:Denver Nuggets; 178171:Torren Jones:Santos De San Luis; 179033:Shawndale Jones:None; 193992:James Jones:Central Connecticut; 94955:Stephanie Jones:None; 142963:Tevian Jones:South Bay Lakers; 149501:Callum Jones:Manchester Giants; 193989:Roddy Jones:Central Connecticut; 71364:Lazeric Jones:None; 82076:Perry Jones:None; 89164:John Jones:None; 89406:D'Mauria Jones:None; 89646:Jaden Jones:None; 89866:Antwann Jones:None; 94984:Jazmine Jones:None; 97108:N'dea Jones:None; 104844:Myreon Jones:None; 108680:Bates Jones:None; 109126:Robert Jones:None; 109267:Michael Jones:Stanford; 109957:Joe Jones III:Georgia State; 146973:Lance Jones:Calor de Cancun; 148461:Jesse Jones:Florida State; 149126:R.J. Jones:TCU; 156419:Guillermo Jones:Bigua; 172347:Hayden Jones:Nelson Giants; 173406:Brianna Jones:None; 191914:Darrol Jones:Leones De Quilpué; 193984:Jordan Jones:Central Connecticut; 198128:Andre Jones:None; 71501:Jarrod Jones:None; 89613:Rubin Jones:None; 125936:Sean Jones:Marquette; 155667:Cameron Jones:None; 155685:Parker Jones:Colgate; 194154:Ty Jones:Leones De Quilpué; 202494:Taylor Jones:None; 109403:Terrance Jones:Norfolk State; 109438:Latrell Jones:Nicholls; 125994:Rylan Jones:Samford; 155535:Isaac Jones:Stetson; 155580:Isaiah Jones:South Florida; 155834:Jadon Jones:Oklahoma; 193513:Del Jones:None; 194763:DaMariee Jones:Southern; 200064:Randarius Jones:None; 200081:Greg Jones:American University; 200092:Noah Jones:American University; 200337:Zachary Jones:Saint Francis (PA); 203332:Morgan Jones:None; 226201:Blake Jones:ADELAIDE 36ers; 226662:Hayden Jones:Wisconsin; 227008:C.J. Jones:Kansas State; 230877:Tanner Jones:UCF; 231506:Quentin Jones:Saint Louis; 231578:Sir Marius Jones:New Mexico; 231991:Sin'Cere Jones:Virginia Tech; 235183:Jayden Jones:Tennessee State; 235185:Kavien Jones:Tennessee State; 235192:Christian Jones:Siena; 235194:Tajae Jones:Siena; 235602:Jay Jones:Pennsylvania; 236538:K.J. Jones II:Stockton Kings; 238426:Jadis Jones:USC
P009298,"JONES, JALEN",Jalen Jones,ambiguous,,,,,,,,73364:Jalen Jones:None; 53533:Jalen Jones:Chorale de Roanne
P014102,"JONES, KAI",Kai Jones,exact,90046,Kai Jones,Anadolu Efes,Center,Center,C,"6' 11""",90046:Kai Jones:Anadolu Efes
P007185,"JONES, KEVIN",Kevin Jones,ambiguous,,,,,,,,71333:Derrick Jones Jr.:Los Angeles Clippers; 53704:Tyus Jones:Denver Nuggets; 64154:Damian Jones:Zhejiang Golden Bulls; 86049:Tre Jones:Chicago Bulls; 89897:Herbert Jones:New Orleans Pelicans; 94946:Jonquel Jones:New York Liberty; 81518:Chris Jones:Crvena Zvezda; 102882:Carlik Jones:KK Partizan; 94944:Brionna Jones:Atlanta Dream; 90046:Kai Jones:Anadolu Efes; 85983:Mason Jones:Perth; 194294:Lajae Jones:Golden State Warriors; 87710:Tyrique Jones:Olympiacos; 148409:David Jones-Garcia:San Antonio Spurs; 149068:Spencer Jones:Denver Nuggets; 160926:Dillon Jones:New York Knicks; 108817:Colby Jones:None; 105735:Jemerrio Jones:None; 73472:Marvin Jones:PAOK; 73364:Jalen Jones:None; 86308:Aaron Jones:None; 109113:Kam Jones:Milwaukee Bucks; 148398:Denver Jones:Bnei Hertzliya; 102885:Sacha Killeya-Jones:Shandong Golden Stars; 83538:Aaron Eugene Jones:None; 122731:Jamal Jones:Aris Bsa; 132559:Haley Jones:Dallas Wings; 149846:Dominique Jones:Jilin Northeast Tigers; 148859:Isaac Jones:Detroit Pistons; 64742:Shawn Jones:KB Trepça; 90056:Andrew Jones:None; 90161:Tajion Jones:BC Roma SPQR; 53533:Jalen Jones:Chorale de Roanne; 81680:Jamal Jones:None; 109096:DeVante Jones:Dolomiti Energia Trento; 89746:Russell Jones Jr.:Winthrop; 124181:Shawn Jones Jr.:Mississippi State; 148431:Curtis Jones:Denver Nuggets; 178171:Torren Jones:Santos De San Luis; 179033:Shawndale Jones:None; 193992:James Jones:Central Connecticut; 94955:Stephanie Jones:None; 142963:Tevian Jones:South Bay Lakers; 149501:Callum Jones:Manchester Giants; 193989:Roddy Jones:Central Connecticut; 71364:Lazeric Jones:None; 82076:Perry Jones:None; 89164:John Jones:None; 89406:D'Mauria Jones:None; 89646:Jaden Jones:None; 89866:Antwann Jones:None; 94984:Jazmine Jones:None; 97108:N'dea Jones:None; 104844:Myreon Jones:None; 108680:Bates Jones:None; 109126:Robert Jones:None; 109267:Michael Jones:Stanford; 109957:Joe Jones III:Georgia State; 146973:Lance Jones:Calor de Cancun; 148461:Jesse Jones:Florida State; 149126:R.J. Jones:TCU; 156419:Guillermo Jones:Bigua; 172347:Hayden Jones:Nelson Giants; 173406:Brianna Jones:None; 191914:Darrol Jones:Leones De Quilpué; 193984:Jordan Jones:Central Connecticut; 198128:Andre Jones:None; 71501:Jarrod Jones:None; 89613:Rubin Jones:None; 125936:Sean Jones:Marquette; 155667:Cameron Jones:None; 155685:Parker Jones:Colgate; 194154:Ty Jones:Leones De Quilpué; 202494:Taylor Jones:None; 109403:Terrance Jones:Norfolk State; 109438:Latrell Jones:Nicholls; 125994:Rylan Jones:Samford; 155535:Isaac Jones:Stetson; 155580:Isaiah Jones:South Florida; 155834:Jadon Jones:Oklahoma; 193513:Del Jones:None; 194763:DaMariee Jones:Southern; 200064:Randarius Jones:None; 200081:Greg Jones:American University; 200092:Noah Jones:American University; 200337:Zachary Jones:Saint Francis (PA); 203332:Morgan Jones:None; 226201:Blake Jones:ADELAIDE 36ers; 226662:Hayden Jones:Wisconsin; 227008:C.J. Jones:Kansas State; 230877:Tanner Jones:UCF; 231506:Quentin Jones:Saint Louis; 231578:Sir Marius Jones:New Mexico; 231991:Sin'Cere Jones:Virginia Tech; 235183:Jayden Jones:Tennessee State; 235185:Kavien Jones:Tennessee State; 235192:Christian Jones:Siena; 235194:Tajae Jones:Siena; 235602:Jay Jones:Pennsylvania; 236538:K.J. Jones II:Stockton Kings; 238426:Jadis Jones:USC
P011981,"JONES, TYRIQUE",Tyrique Jones,exact,87710,Tyrique Jones,Olympiacos,Center,Center,C,"6' 9""",87710:Tyrique Jones:Olympiacos
P000703,"JORDAN, JARED",Jared Jordan,ambiguous,,,,,,,,53678:DeAndre Jordan:New Orleans Pelicans; 53553:Jordan Clarkson:New York Knicks; 53633:Jordan Bell:None; 53892:Jordan McRae:Hapoel Holon; 53514:Jordan Mickey:Qingdao Eagles; 71656:Jordan McLaughlin:San Antonio Spurs; 71473:Jordan Bone:None; 71480:Jordan Poole:New Orleans Pelicans; 84215:Michael Jordan:None; 123122:Jordan Walsh:Boston Celtics; 102961:Jordan Goodwin:Phoenix Suns; 86055:Jordan Nwora:Crvena Zvezda; 64225:Jordan Loyd:Anadolu Efes; 108712:Jordan Hawkins:Memphis Grizzlies; 109352:Jordan Miller:Los Angeles Clippers; 150482:Jordan Williams:Minas; 71029:Jordan Davis:None; 89664:Jordan Schakel:Bv Chemnitz 99; 113449:Jordan Hall:Texas Legends; 85988:Jordan Ford:Bahçeşehir Koleji; 109455:Jordan Walker:Maroussi Honda; 142568:Jordan Bayehe:Dolomiti Energia Trento; 137151:Jordan Howard:Ningbo Rockets; 70958:Jordan Taylor:None; 71032:Jordan Sakho:Breogán; 89420:Jordan Turner:None; 122466:Jordan Floyd:Tofas; 147546:Jordan Cohen:Maccabi Ironi Ramat Gan; 181882:Jordan Colosia:Halcones Rojos Veracruz; 78478:Jordan Caroline:Rytas Vilnius; 89461:Jordan Usher:Turk Telekom; 53538:Jordan Crawford:None; 89163:Jordan Gilliam:Texas Southern; 89304:Jordan Burns:None; 103961:Jordan Bowden:Rostock Seawolves; 109437:Jordan Burge:Toledo; 89896:Jordan Bruner:None; 108536:Jordan Mains:None; 109825:Jordan Gaitley:Richmond; 81679:Jordan Morgan:None; 89563:Jordan Davis:None; 104842:Jordan Goldwire:Lobos Plateados; 109218:Jordan Geronimo:Maryland; 53155:Jordan Theodore:None; 89206:Jordan Kwiecinski:None; 89823:Jordan Veening:Eastern Washington; 108753:Jordan Skipper-Brown:None; 109539:Jordan Perkins:None; 109784:Jordan Roberts:Texas A&M-Corpus Christi; 120483:Jordan Mello-Klein:None; 146404:Jordan Burks:UCF; 155353:Jordan Mathews:None; 71710:Jordan Hamilton:Guaros De Lara; 89459:Jordan Meka:Georgia Tech; 89938:Jordan Bohannon:None; 104214:Jordan Walker:Breogán; 132562:Jordan Horston:Seattle Storm; 206222:Jordan Ott:Phoenix Suns; 73029:Jerome Jordan:None; 81742:Jordan Ratton:None; 84188:Jordan Murphy:None; 89701:Jordan McCabe:None; 89911:Jordan Brooks:None; 90042:Jordan Wilmore:None; 109562:Jordan Rawls:Georgia State; 129126:Jordan Crawford:Charleston; 149431:Jordan Johnson:Newcastle Eagles; 192274:Jordan  Malmlov:Nevada; 234932:Jordan Watford:Queens University; 238156:Jordan Harrison:Portland Fire; 123720:Jordan Parks:Reyer Venezia; 143655:Jordan Sibert:None; 145257:Jordan Roland:TBB Trier; 145603:Jordan Hunter:South East Melbourne; 147537:Jordan Coblin:Hapoel Holon; 64870:Jordan Swing:Soles De Mexicali; 123404:Jordan Williams:None; 126050:Jordan Snell:NC State; 128114:Jordan Brown:Siauliai; 128760:Jordan Wood:None; 136319:Jordan Ngatai:Bay Hawks; 136321:Jordan Hunt:None; 142540:Jordan Bone:None; 142677:Jordan Tucker:ASP Promitheas Patras; 147162:Jordan Gainey:None; 147561:Jordan Rayford:Indiana; 147688:Jordan Butler:None; 147733:Jordan Clayton:Northwestern; 147880:Jordan Minor:Mexico City Capitanes; 148193:Lamariyon Jordan:None; 148712:Jordan Ross:None; 148754:Jordan Wright:None; 155351:Jordan Glynn:Soles De Mexicali; 155491:Jordan Lathon:Morehead State; 155505:Davonta Jordan:None; 155800:Jordan Atkins:None; 156608:Jordan Robinson:Larre Borges; 157741:Jordan Watson:None; 158167:Jordan Cintron:Real Estelí; 158424:Omatayo Ogundiran:Maroussi Honda; 160707:Jordan Tchuente:Niagara River Lions; 178898:Jordan Loveridge:Instituto; 181937:Jordan Session:Rilski Sportist; 182131:Jordan Barnett:Dijon; 183208:Jordan Harris:None; 184229:Jordan Müller:None; 188119:Jordan Dallas:None; 189028:Jordan Derkack:Rutgers; 190985:Jordan Ivy-Curry:None; 192279:Jordan Williams:Arizona State; 193661:Jordan Oupoh:Olomouc; 193984:Jordan Jones:Central Connecticut; 194180:Jordan Lee:Handlova; 194737:Jordan Sears:LSU; 194765:Jordan Johnson:None; 194922:Jordan Leaks:Norfolk State; 195576:Jordan Cardenas:None; 195840:Jordan Talley:KK Dubrava; 200016:Jordan Hamilton:SIU Edwardsville; 200025:Jordan Pickett:SIU Edwardsville; 202514:Jerkaila Jordan:None; 202672:Jordan Hobbs:None; 224015:Jordan King:Maroussi Honda; 226456:Jordan Scott:Michigan State; 227229:Tylis Jordan:Ole Miss; 227292:Jordan Marsh:USC; 230633:Jordan Ross:Georgia; 231038:Jordan O'Neal:Cordon; 233215:Jordann Dumont:VCU; 233217:Jordan Tillery:VCU; 233465:Jordan Pennick:Navy; 233481:Jordan McConnell:Navy; 234043:Jordan Kellier:None; 235560:Jordan Muller:California Baptist; 237421:Jordan Obi:None; 109910:Jordan Wright:Hapoel Holon; 141878:Antonio Jordano:Split; 149048:Jordan Pope:Texas; 149426:Jordan Ratinho:Sheffield Sharks; 155804:Jordan Hairston:None; 191865:Jordan Blount:None; 193811:Keith Jordan:Sabah Baku; 196094:Jordan Brathwaite:Yale
P014316,"JOSEPH, CORY",Cory Joseph,exact,53458,Cory Joseph,Olympiacos,Guard,Point Guard,PG,"6' 3""",53458:Cory Joseph:Olympiacos
P010307,"JOVANOVIC, DORDIJE",Dordije Jovanovic,exact,121128,Dordije Jovanovic,KK Budućnost,Forward,Small Forward,SF,"6' 7""",121128:Dordije Jovanovic:KK Budućnost
P003264,"JOVANOVIC, NIKOLA",Nikola Jovanovic,exact,53285,Nikola Jovanovic,Limoges,Forward,Center,C,"6' 11""",53285:Nikola Jovanovic:Limoges
P004863,"JOVIC, STEFAN",Stefan Jovic,exact,64384,Stefan Jovic,,Guard,Point Guard,PG,"6' 5""",64384:Stefan Jovic:None
P005089,"JUDITH, MARC",Marc Judith,not_found,,,,,,,,
PBCY,"JULIAN, CYRIL",Cyril Julian,ambiguous,,,,,,,,113106:Julian Champagnie:San Antonio Spurs; 90084:Julian Strawther:Denver Nuggets; 123130:Julian Phillips:Minnesota Timberwolves; 71284:Julian Gamble:Lobos Plateados; 124162:Julian Reese:Washington Wizards; 89340:Julian Adams:Drexel; 149185:Julian Aprea:Zarate; 73820:Juliano Armani:None; 126865:Julian Roper II:Notre Dame; 148946:Julian Morales:Platense; 95332:Julian Boyd:None; 108866:Julian Rishwain:San Francisco; 147859:Julian Hammond:Colorado; 148748:Julian Rishwain:UNLV; 148952:Julian Ruiz:None; 155603:Julian Brown:Wagner; 155682:Julian Scott:Colgate; 160777:Julian Roche:Saskatchewan Rattlers; 189163:Julian Larry:None; 190417:Julian Dabrowski:Legia Warszawa; 223622:Julian Steinfeld:Bv Chemnitz 99; 224661:Julian Sosna:Dziki Warszawa; 233476:Julian Gabbidon:Navy; 233932:Julian Johnson:Howard
PBDE,"JURAK, GORAN",Goran Jurak,not_found,,,,,,,,
PJIV,"JURKOVIC, IVICA",Ivica Jurkovic,ambiguous,,,,,,,,188022:Antonio Jurkovic:None; 191889:Robert Jurković:KK Krka Novo Mesto
PLCT,"JUSKEVICIUS, ADAS",Adas Juskevicius,exact,142745,Adas Juskevicius,,Guard,Shooting Guard,SG,"6' 4""",142745:Adas Juskevicius:None
P012181,"JUZENAS, MANTAS",Mantas Juzenas,exact,188436,Mantas Juzėnas,Saint Mary's,Forward,Power Forward,PF,"6' 5""",188436:Mantas Juzėnas:Saint Mary's
P005962,"JYZ, BARTOSZ",Bartosz Jyz,not_found,,,,,,,,
P007855,"KABA, ALPHA",Alpha Kaba,exact,81648,Alpha Kaba,Shenzhen Leopards,Forward,Small Forward,SF,"6' 10""",81648:Alpha Kaba:Shenzhen Leopards
P012796,"KABENGELE, MFIONDU",Mfiondu Kabengele,exact,71516,Mfiondu Kabengele,BC Dubai,Forward,Power Forward,PF,"6' 9""",71516:Mfiondu Kabengele:BC Dubai
P002835,"KADIR, ELISHAY",Elishay Kadir,exact,64849,Elishai Kadir,S.C. Ashkelon,Forward,Power Forward,PF,"6' 8""",64849:Elishai Kadir:S.C. Ashkelon
P008137,"KADOSHNIKOV, DMITRII",Dmitrii Kadoshnikov,not_found,,,,,,,,
PCPF,"KAFKIS, PANAGIOTIS",Panagiotis Kafkis,not_found,,,,,,,,
PKIR,"KAHUDI, CHARLES",Charles Kahudi,exact,70960,Charles Kahudi,Dijon,Forward,Small Forward,SF,"6' 6""",70960:Charles Kahudi:Dijon
PJUP,"KAIMAKOGLOU, KOSTAS",Kostas Kaimakoglou,exact,71249,Kostas Kaimakoglou,,Forward,Power Forward,PF,"6' 9""",71249:Kostas Kaimakoglou:None
PABG,"KAKIOUZIS, MICHAILIS",Michailis Kakiouzis,not_found,,,,,,,,
P006586,"KALAITZAKIS, GEORGIOS",Georgios Kalaitzakis,club_match,104278,Panagiotis Kalaitzakis,Panathinaikos,Guard,Shooting Guard,SG,"6' 6""",104278:Panagiotis Kalaitzakis:Panathinaikos; 224083:Alexandros Kalaitzakis:Kolossos Rhodes
P011209,"KALAITZAKIS, PANAGIOTIS",Panagiotis Kalaitzakis,exact,104278,Panagiotis Kalaitzakis,Panathinaikos,Guard,Shooting Guard,SG,"6' 6""",104278:Panagiotis Kalaitzakis:Panathinaikos
PAPI,"KALAITZIS, GEORGIOS",Georgios Kalaitzis,not_found,,,,,,,,
PBZQ,"KALAMPOKIS, IOANNIS",Ioannis Kalampokis,not_found,,,,,,,,
P004866,"KALINIC, NIKOLA",Nikola Kalinic,exact,53876,Nikola Kalinic,Crvena Zvezda,Forward,Small Forward,SF,"6' 8""",53876:Nikola Kalinic:Crvena Zvezda
PJBX,"KALNIETIS, MANTAS",Mantas Kalnietis,exact,53157,Mantas Kalnietis,,Guard,Point Guard,PG,"6' 5""",53157:Mantas Kalnietis:None
P011926,"KAMAGATE, ISMAEL",Ismael Kamagate,exact,121976,Ismael Kamagate,,Center,Center,C,"6' 11""",121976:Ismael Kamagate:None
P008325,"KAMENJAS, KENAN",Kenan Kamenjas,exact,117692,Kenan Kamenjas,BC Dubai,Center,,,"6' 10""",117692:Kenan Kamenjas:BC Dubai
P012743,"KAMINSKY, FRANK",Frank Kaminsky,exact,53485,Frank Kaminsky,Guangzhou Loong Lions,Forward,Power Forward,PF,"7' 0""",53485:Frank Kaminsky:Guangzhou Loong Lions
P005781,"KANE, DEANDRE",Deandre Kane,ambiguous,,,,,,,,202692:Adja Kane:None; 109557:Kane Williams:Georgia State; 136448:Ren Kanechika:None; 182054:Antti Kanervo:BC Nokia; 223410:Khadim Kane:JL Bourg
P000326,"KANGUR, KRISTJAN",Kristjan Kangur,not_found,,,,,,,,
P001223,"KANONIDIS, ANDREAS",Andreas Kanonidis,not_found,,,,,,,,
P005817,"KANTE, LAMINE",Lamine Kante,ambiguous,,,,,,,,53511:Enes Kanter Freedom:None; 70885:Kerem Kanter:None; 148327:Papa Amadou Kante:Pittsburgh; 199967:Ladji Kante:None; 222836:Jelani Kante:Chalon/Saone
P000936,"KANTER, ENES",Enes Kanter,exact,53511,Enes Kanter Freedom,,Center,Center,C,"6' 10""",53511:Enes Kanter Freedom:None
P005100,"KANYGIN, IGOR",Igor Kanygin,exact,147007,Igor Kanygin,,Forward,Power Forward,PF,"6' 9""",147007:Igor Kanygin:None
P004006,"KAPLANOVIC, DORDE",Dorde Kaplanovic,not_found,,,,,,,,
P004456,"KAPONO, JASON",Jason Kapono,not_found,,,,,,,,
PKTP,"KARADOLAMIS, DIMITRIOS",Dimitrios Karadolamis,not_found,,,,,,,,
P004490,"KARAHODZIC, KENAN",Kenan Karahodzic,not_found,,,,,,,,
P002872,"KARAMALEGOS, IOANNIS",Ioannis Karamalegos,not_found,,,,,,,,
P004206,"KARAMAN, ILKAN",Ilkan Karaman,not_found,,,,,,,,
P004302,"KARASEV, SERGEY",Sergey Karasev,exact,69919,Sergey Karasev,Zenit,Forward,Small Forward,SF,"6' 7""",69919:Sergey Karasev:Zenit
P003212,"KARINIAUSKAS, VAIDAS",Vaidas Kariniauskas,exact,136329,Vaidas Kariniauskas,Siauliai,Guard,Point Guard,PG,"6' 6""",136329:Vaidas Kariniauskas:Siauliai
P005848,"KAROLAK, JAKUB",Jakub Karolak,exact,72545,Jakub Karolak,,Guard,Shooting Guard,SG,"6' 5""",72545:Jakub Karolak:None
P002776,"KARPEKO, ALEXEY",Alexey Karpeko,not_found,,,,,,,,
P006594,"KARPUKHIN, ALEKSANDR",Aleksandr Karpukhin,not_found,,,,,,,,
P005146,"KASELAKIS, LEONIDAS",Leonidas Kaselakis,exact,71476,Leonidas Kaselakis,As Karditsas,Forward,Small Forward,SF,"6' 8""",71476:Leonidas Kaselakis:As Karditsas
PJEQ,"KASHIROV, ANATOLY",Anatoly Kashirov,not_found,,,,,,,,
P002628,"KASTRATI, ERJON",Erjon Kastrati,exact,182434,Erjon Kastrati,KB Trepça,Guard,Power Forward,PF,"6' 5""",182434:Erjon Kastrati:KB Trepça
PCJE,"KASTROPIL, FRANKO",Franko Kastropil,not_found,,,,,,,,
PBOD,"KASUN, MARIO",Mario Kasun,not_found,,,,,,,,
P000664,"KATELYNAS, MINDAUGAS",Mindaugas Katelynas,not_found,,,,,,,,
PJQH,"KATIC, RASKO",Rasko Katic,exact,87516,Toni Katic,Split,Guard,Point Guard,PG,"6' 2""",87516:Toni Katic:Split
P001771,"KATIC, TONI",Toni Katic,exact,87516,Toni Katic,Split,Guard,Point Guard,PG,"6' 2""",87516:Toni Katic:Split
P002867,"KATSIVELIS, DIMITRIOS",Dimitrios Katsivelis,exact,71488,Dimitrios Katsivelis,AEK,Guard,Point Guard,PG,"6' 6""",71488:Dimitrios Katsivelis:AEK
PBJR,"KAUKENAS, RIMANTAS",Rimantas Kaukenas,not_found,,,,,,,,
P001228,"KAUN, SASHA",Sasha Kaun,not_found,,,,,,,,
P000399,"KAVALIAUSKAS, ANTANAS",Antanas Kavaliauskas,not_found,,,,,,,,
P004289,"KAVVADAS, VASILIS",Vasilis Kavvadas,exact,102846,Vasilis Kavvadas,,Forward,Power Forward,PF,"6' 8""",102846:Vasilis Kavvadas:None
PBFE,"KECMAN, DUSAN",Dusan Kecman,not_found,,,,,,,,
P012885,"KEITA, SAYON",Sayon Keita,exact,199093,Sayon Keita,North Carolina,Forward,Small Forward,SF,"6' 8""",199093:Sayon Keita:North Carolina
P000545,"KELATI, THOMAS",Thomas Kelati,not_found,,,,,,,,
PTFE,"KELLEY, TRE",Tre Kelley,ambiguous,,,,,,,,148170:Chas Kelley:Boston College; 189898:Ayden Kelley:Arkansas; 203777:Kylor Kelley:None
P011307,"KELL, TREY",Trey Kell,exact,106105,Trey Kell,Shanxi Brave Dragons,Guard,Point Guard,PG,"6' 4""",106105:Trey Kell:Shanxi Brave Dragons
PKKK,"KELYS, ZYDRUNAS",Zydrunas Kelys,not_found,,,,,,,,
P004247,"KEMP, MARCELUS",Marcelus Kemp,ambiguous,,,,,,,,103956:Maurice Kemp:Elizur Ironi Netanya‏; 175912:Krzysztof Kempa:Dziki Warszawa
P000393,"KENDALL, LEVON",Levon Kendall,ambiguous,,,,,,,,108572:Kendall Brown:Maine Celtics; 84250:Kendall Anthony:Unifacisa; 147534:Kendall Smith:Qingdao Eagles; 89893:Kendall Wall:None; 144194:Kendall:None; 186461:Kendall Stephens:Santos De San Luis; 201978:Kendall Robinson:KK Krka Novo Mesto; 202482:Kendall Bostic:None; 230645:Kendall Blue:Nebraska
P000577,"KESELJ, MARKO",Marko Keselj,not_found,,,,,,,,
P003481,"KESSENS, MICHAEL",Michael Kessens,exact,72504,Michael Kessens,Telekom Baskets Bonn,Center,Center,C,"6' 9""",72504:Michael Kessens:Telekom Baskets Bonn
P014168,"KEY, BRAXTON",Braxton Key,exact,105951,Braxton Key,Fenerbahçe,Forward,Power Forward,PF,"6' 8""",105951:Braxton Key:Fenerbahçe
P000179,"KEYRU, VICTOR",Victor Keyru,not_found,,,,,,,,
PKIG,"KEYS, BILLY",Billy Keys,ambiguous,,,,,,,,109330:Keyshawn Feazell:AEK; 90139:Keyshaun Langley:Nitra Blue Wings; 89742:Keyshawn Hunter:Winthrop; 109780:De'Lazarus Keys:Texas A&M-Corpus Christi; 185710:Jasmine Keys:None; 190983:Keyshawn Hall:Auburn; 196110:Keyshawn Mitchell:VCU; 234397:Keyshuan Tillery:Cincinnati
P005717,"KHABIROV, RUSLAN",Ruslan Khabirov,not_found,,,,,,,,
P012123,"KHARCHENKOV, IVAN",Ivan Kharchenkov,exact,142918,Ivan Kharchenkov,Arizona,Forward,Small Forward,SF,"6' 6""",142918:Ivan Kharchenkov:Arizona
P014106,"KHATIASHVILI, MATE",Mate Khatiashvili,exact,191830,Mate Khatiashvili,Baskonia Vitoria,Guard,Point Guard,PG,"6' 4""",191830:Mate Khatiashvili:Baskonia Vitoria
P004173,"KHAZZOUH, JULIAN",Julian Khazzouh,not_found,,,,,,,,
P006710,"KHOMENKO, ALEXANDER",Alexander Khomenko,exact,81629,Alexander Khomenko,Nizhny Novgorod,Guard,Shooting Guard,SG,"6' 4""",81629:Alexander Khomenko:Nizhny Novgorod
PBCQ,"KHRYAPA, VIKTOR",Viktor Khryapa,not_found,,,,,,,,
PLKY,"KHVOSTOV, DMITRY",Dmitry Khvostov,exact,71749,Dmitry Khvostov,Nizhny Novgorod,Guard,Point Guard,PG,"6' 3""",71749:Dmitry Khvostov:Nizhny Novgorod
P007868,"KIDD, STANTON",Stanton Kidd,ambiguous,,,,,,,,53553:Jordan Clarkson:New York Knicks; 64393:Stanton Kidd:None
P001883,"KIKOWSKI, PAWEL",Pawel Kikowski,exact,186400,Paweł Kikowski,Spojnia Stargard,Guard,Point Guard,PG,"6' 4""",186400:Paweł Kikowski:Spojnia Stargard
P004999,"KILICLI, DENIZ",Deniz Kilicli,exact,81682,Deniz Kilicli,Mersin Buyuksehir,Forward,Power Forward,PF,"6' 9""",81682:Deniz Kilicli:Mersin Buyuksehir
P009227,"KILPATRICK, SEAN",Sean Kilpatrick,exact,53437,Sean Kilpatrick,,Guard,Shooting Guard,SG,"6' 4""",53437:Sean Kilpatrick:None
PBOG,"KING, ALEX",Alex King,exact,64380,Alex King,,Forward,Small Forward,SF,"6' 7""",64380:Alex King:None
P000738,"KINSEY, TARENCE ANTHONY",Tarence Anthony Kinsey,exact,133063,Taevion Kinsey,,Guard,Shooting Guard,SG,"6' 5""",133063:Taevion Kinsey:None
P003530,"KIRILENKO, ANDREI",Andrei Kirilenko,not_found,,,,,,,,
P007616,"KIRK, ALEX",Alex Kirk,exact,191149,Alex Kirk,,Center,Center,C,"6' 11""",191149:Alex Kirk:None
P004217,"KITCHEN, DERWIN",Derwin Kitchen,not_found,,,,,,,,
P010100,"KLAVZAR, URBAN",Urban Klavzar,exact,105774,Urban Klavzar,Florida,Guard,Point Guard,PG,"6' 1""",105774:Urban Klavzar:Florida
P003072,"KLEINER, JONATHAN-CAN",Jonathan-Can Kleiner,not_found,,,,,,,,
P001925,"KLEIZA, LINAS",Linas Kleiza,not_found,,,,,,,,
PBDK,"KLIMAVICIUS, TADAS",Tadas Klimavicius,not_found,,,,,,,,
P006360,"KLIMENKO, ARTEM",Artem Klimenko,exact,71241,Artem Klimenko,Saratov Avtodor,Center,Center,C,"7' 0""",71241:Artem Klimenko:Saratov Avtodor
P007560,"KLJAJIC, JOVAN",Jovan Kljajic,exact,64356,Jovan Kljajic,CB Granada,Guard,Shooting Guard,SG,"6' 6""",64356:Jovan Kljajic:CB Granada
P001235,"KLOBUCAR, JAKA",Jaka Klobucar,exact,142725,Jaka Klobucar,,Guard,Shooting Guard,SG,"6' 6""",142725:Jaka Klobucar:None
P010394,"KNIGHT, MARCOS",Marcos Knight,exact,81739,Marcos Knight,Shanxi Brave Dragons,Guard,Point Guard,PG,"6' 2""",81739:Marcos Knight:Shanxi Brave Dragons
P007487,"KOCHERGIN, DANIIL",Daniil Kochergin,not_found,,,,,,,,
PJVK,"KOC, INANC",Inanc Koc,ambiguous,,,,,,,,223411:Yuval Kochavi:Hapoel HaEmek; 142231:Florian Koch:None; 149411:Bennett Koch:Sheffield Sharks; 194693:Chris Koclanes:None; 194706:Cooper Koch:Iowa; 83923:Srdan Kocic:None; 142160:Gasper Kocevar:None; 194703:Jacob Koch:Iowa; 197221:Przemysław Kociszewski:None; 204301:Nikola Kočović:None; 223420:Noah Koch:USC Heidelberg
PCOB,"KOFFI, ALAIN",Alain Koffi,exact,238052,Hermann Koffi,Appalachian State,Guard,Shooting Guard,SG,"6' 4""",238052:Hermann Koffi:Appalachian State
P002104,"KOKSAL, HUSEYIN",Huseyin Koksal,exact,71366,Goksenin Koksal,Bursaspor Durmazlar,Guard,Power Forward,PF,"6' 5""",71366:Goksenin Koksal:Bursaspor Durmazlar
P003570,"KOLYUSHKIN, MAXIM",Maxim Kolyushkin,not_found,,,,,,,,
P002279,"KOMOLOV, ARTEM",Artem Komolov,exact,72647,Artem Komolov,MBA Moscow,Guard,Shooting Guard,SG,"6' 4""",72647:Artem Komolov:MBA Moscow
P014031,"KONDIC, KOSTA",Kosta Kondic,exact,83921,Kosta Kondic,BC Dubai,Guard,Point Guard,PG,"6' 4""",83921:Kosta Kondic:BC Dubai
P000066,"KONE, MOHAMED",Mohamed Kone,ambiguous,,,,,,,,112717:Sika Kone:Atlanta Dream; 137248:Bazoumana Kone:Mitteldeutscher
P005255,"KONIARIS, ANTONIOS",Antonios Koniaris,exact,71319,Antonis Koniaris,PAOK,Guard,Point Guard,PG,"6' 4""",71319:Antonis Koniaris:PAOK
P004178,"KOPONEN, PETTERI",Petteri Koponen,ambiguous,,,,,,,,53115:Petteri Koponen:None; 231333:Petteri Koponen:New Zealand Breakers
P011050,"KOPRIVICA, BALSA",Balsa Koprivica,exact,89792,Balsa Koprivica,Bahçeşehir Koleji,Center,Center,C,"7' 1""",89792:Balsa Koprivica:Bahçeşehir Koleji
P004300,"KORKMAZ, CAN",Can Korkmaz,exact,71387,Can Korkmaz,Galatasaray,Guard,Point Guard,PG,"6' 2""",71387:Can Korkmaz:Galatasaray
P005763,"KORKMAZ, FURKAN",Furkan Korkmaz,exact,64204,Furkan Korkmaz,Besiktas,Guard,Shooting Guard,SG,"6' 7""",64204:Furkan Korkmaz:Besiktas
P003571,"KOROBKOV, PAVEL",Pavel Korobkov,not_found,,,,,,,,
P012443,"KOSTIC, ANDREJ",Andrej Kostic,exact,184490,Andrej Kostic,Kansas State,Forward,Power Forward,PF,"6' 6""",184490:Andrej Kostic:Kansas State
PLEA,"KOSTRZEWSKI, MATEUSZ",Mateusz Kostrzewski,exact,184228,Mateusz Kostrzewski,Wilki Morskie Szczecin,Forward,Small Forward,SF,"6' 7""",184228:Mateusz Kostrzewski:Wilki Morskie Szczecin
P004096,"KOSUT, EMIRCAN",Emircan Kosut,exact,64392,Emircan Kosut,Turk Telekom,Center,Center,C,"7' 1""",64392:Emircan Kosut:Turk Telekom
P000218,"KOSZAREK, LUKASZ",Lukasz Koszarek,exact,69938,Lukasz Koszarek,,Guard,Point Guard,PG,,69938:Lukasz Koszarek:None
P004603,"KOTSAR, MAIK",Maik Kotsar,exact,104209,Maik Kotsar,,Forward,Power Forward,PF,"6' 11""",104209:Maik Kotsar:None
P009766,"KOUFOS, KOSTA",Kosta Koufos,exact,122134,Kareem Queeley,,Center,Center,C,"7' 0""",122134:Kareem Queeley:None
P010791,"KOUMADJE, KHALIFA",Khalifa Koumadje,exact,83574,Christ Koumadje,Casademont Zaragoza,Center,Center,C,"7' 4""",83574:Christ Koumadje:Casademont Zaragoza
P001140,"KOUMPOURAS, FANIS",Fanis Koumpouras,not_found,,,,,,,,
P004451,"KOUZELOGLOU, IOANNIS",Ioannis Kouzeloglou,exact,141837,Ioannis Kouzeloglou,Panathinaikos,Center,Center,C,"6' 8""",141837:Ioannis Kouzeloglou:Panathinaikos
P005427,"KOVACEVIC, DEJAN",Dejan Kovacevic,exact,182064,Aleksa Kovacevic,,Guard,Point Guard,PG,"6' 2""",182064:Aleksa Kovacevic:None
P004810,"KRAMER, CHRIS",Chris Kramer,exact,71908,Chris Kramer,,Guard,Shooting Guard,SG,"6' 3""",71908:Chris Kramer:None
P006482,"KRAMER, DAVID",David Kramer,exact,88518,David Kramer,Crvena Zvezda,Guard,Shooting Guard,SG,"6' 3""",88518:David Kramer:Crvena Zvezda
PAON,"KRASIC, BARISA",Barisa Krasic,not_found,,,,,,,,
P004512,"KRATZER, LEON",Leon Kratzer,exact,97393,Leon Kratzer,,Center,Center,C,"6' 11""",97393:Leon Kratzer:None
P000139,"KRAVTSOV, VIACHESLAV",Viacheslav Kravtsov,exact,227860,Viacheslav Kravtsov,,Center,Center,C,"6' 11""",227860:Viacheslav Kravtsov:None
P009328,"KRIISA, KERR",Kerr Kriisa,exact,71746,Kerr Kriisa,Cincinnati,Guard,Point Guard,PG,"6' 2""",71746:Kerr Kriisa:Cincinnati
P010185,"KRIVAS, MOTIEJUS",Motiejus Krivas,exact,106323,Motiejus Krivas,Arizona,Center,Center,C,"6' 11""",106323:Motiejus Krivas:Arizona
P005835,"KRIVOSHEEV, MAKSIM",Maksim Krivosheev,not_found,,,,,,,,
P001081,"KRSTANOVIC, STIPE",Stipe Krstanovic,not_found,,,,,,,,
PAUO,"KRSTIC, NENAD",Nenad Krstic,not_found,,,,,,,,
PCKI,"KRUPALIJA, DAMIR",Damir Krupalija,not_found,,,,,,,,
PLEE,"KRUSLIN, FILIP",Filip Kruslin,exact,71415,Filip Kruslin,ESSM Le Portel,Guard,Point Guard,PG,"6' 3""",71415:Filip Kruslin:ESSM Le Portel
P010824,"KUBLICKAS, KAJUS",Kajus Kublickas,ambiguous,,,,,,,,148749:Kajus Kublickas:None; 124238:Kajus Kublickas:None
P005207,"KUCHAREK, MACIEJ",Maciej Kucharek,exact,186325,Maciej Kucharek,,Forward,Power Forward,PF,"6' 9""",186325:Maciej Kucharek:None
P004120,"KUDLACEK, JAKUB",Jakub Kudlacek,not_found,,,,,,,,
P003549,"KUEBLER, MICHAEL",Michael Kuebler,not_found,,,,,,,,
P003657,"KUKSIKS, RIHARDS",Rihards Kuksiks,exact,73062,Rihards Kuksiks,,Forward,Power Forward,PF,"6' 6""",73062:Rihards Kuksiks:None
P001108,"KULAGIN, DMITRY",Dmitry Kulagin,exact,70802,Dmitry Kulagin,UNICS Kazan,Guard,Shooting Guard,SG,"6' 6""",70802:Dmitry Kulagin:UNICS Kazan
P002276,"KULAGIN, MIKHAIL",Mikhail Kulagin,exact,53908,Mikhail Kulagin,BC Samara,Guard,Shooting Guard,SG,"6' 3""",53908:Mikhail Kulagin:BC Samara
P005849,"KULIG, DAMIAN",Damian Kulig,exact,69939,Damian Kulig,Polski C. Torun,Forward,Power Forward,PF,"6' 9""",69939:Damian Kulig:Polski C. Torun
P001490,"KUPSAS, MINDAUGAS",Mindaugas Kupsas,exact,72664,Mindaugas Kupsas,,Center,Center,C,"7' 1""",72664:Mindaugas Kupsas:None
PBKM,"KUQO, ERMAL",Ermal Kuqo,not_found,,,,,,,,
PJLX,"KURBANOV, NIKITA",Nikita Kurbanov,exact,53247,Nikita Kurbanov,CSKA Moscow,Forward,Power Forward,PF,"6' 8""",53247:Nikita Kurbanov:CSKA Moscow
P005789,"KURIC, KYLE",Kyle Kuric,exact,64375,Kyle Kuric,MoraBanc Andorra,Guard,Shooting Guard,SG,"6' 4""",64375:Kyle Kuric:MoraBanc Andorra
P003436,"KURTIC, DZENAN",Dzenan Kurtic,not_found,,,,,,,,
P007265,"KURUCS, ARTURS",Arturs Kurucs,exact,64450,Arturs Kurucs,Breogán,Guard,Shooting Guard,SG,"6' 2""",64450:Arturs Kurucs:Breogán
P005713,"KURUCS, RODIONS",Rodions Kurucs,exact,53864,Rodions Kurucs,Baskonia Vitoria,Forward,Small Forward,SF,"6' 9""",53864:Rodions Kurucs:Baskonia Vitoria
PAFJ,"KUS, DAVOR",Davor Kus,ambiguous,,,,,,,,121927:Canberk Kus:None; 224047:Nikola Kusturica:UCLA
P014128,"KUSTURICA, NIKOLA",Nikola Kusturica,exact,224047,Nikola Kusturica,UCLA,Guard,Shooting Guard,SG,"6' 8""",224047:Nikola Kusturica:UCLA
PABI,"KUTLUAY, IBRAHIM",Ibrahim Kutluay,not_found,,,,,,,,
P003479,"KUZMIC, OGNJEN",Ognjen Kuzmic,exact,53105,Ognjen Kuzmic,FMP Belgrade,Center,Center,C,"7' 0""",53105:Ognjen Kuzmic:FMP Belgrade
P002008,"KUZMINSKAS, MINDAUGAS",Mindaugas Kuzminskas,exact,64367,Mindaugas Kuzminskas,AEK,Forward,Power Forward,PF,"6' 9""",64367:Mindaugas Kuzminskas:AEK
PJXU,"KYRITSIS, ALEXANDROS",Alexandros Kyritsis,not_found,,,,,,,,
P002503,"LABANOWSKI, SEAN",Sean Labanowski,not_found,,,,,,,,
P004884,"LABEYRIE, LOUIS",Louis Labeyrie,exact,67476,Louis Labeyrie,Strasbourg,Forward,Power Forward,PF,"6' 10""",67476:Louis Labeyrie:Strasbourg
P001261,"LACOMBE, PAUL",Paul Lacombe,exact,69973,Paul Lacombe,Nanterre,Guard,Shooting Guard,SG,"6' 6""",69973:Paul Lacombe:Nanterre
P002870,"LAFAYETTE, OLIVER",Oliver Lafayette,not_found,,,,,,,,
P006705,"LAGANA, MATTEO",Matteo Lagana,not_found,,,,,,,,
P007736,"LAKIC, ARIJAN",Arijan Lakic,exact,184482,Arijan Lakić,KK Partizan,Guard,Point Guard,PG,"6' 6""",184482:Arijan Lakić:KK Partizan
P001571,"LAKKAS, CHRISTOS",Christos Lakkas,not_found,,,,,,,,
PATA,"LAKOVIC, JAKA",Jaka Lakovic,exact,71399,Jaka Lakovic,Gran Canaria,Management,Coach,,"6' 1""",71399:Jaka Lakovic:Gran Canaria
PCLL,"LALIC, JURE",Jure Lalic,not_found,,,,,,,,
P010385,"LAMMERS, BEN",Ben Lammers,exact,70824,Ben Lammers,,Center,Center,C,"6' 10""",70824:Ben Lammers:None
PBBY,"LAMPE, MACIEJ",Maciej Lampe,not_found,,,,,,,,
P008820,"LANDALE, JOCK",Jock Landale,exact,69953, Jock Landale,Atlanta Hawks,Center,Center,C,"6' 11""",69953: Jock Landale:Atlanta Hawks
P002089,"LAND, ERIK",Erik Land,ambiguous,,,,,,,,64207:Landry Shamet:New York Knicks; 69953: Jock Landale:Atlanta Hawks; 121705:Gabriel Landeira:Georgetown; 70961:Landry Nnoko:Bursaspor Durmazlar; 70842:Landing Sane:None; 139489:Sylven Landesberg:None; 109254:Landers Nolley II:Nancy; 81748:Trey Landers:MBK Lucenec; 109195:Rob Landry:None; 148887:Will Landram:None; 161474:Lucas Landi:None; 72593:Mateo Landry:Caen; 109221:Khristian Lander:Western Kentucky; 128726:Logan Landers:None; 149457:Pasquale Landolfi:Bristol Flyers; 224180:Landrius Horton:Dziki Warszawa; 109842:Landis Spivey:CSU Fullerton; 125999:Landon Brenchley:None; 148898:Kamari Lands:Middle Tennessee; 149113:Landen Long:None; 149809:Landon Moore:Butler; 155537:Landen Babusiak:Stetson; 181968:Kyan Landveld:Den Bosch Basketball; 205249:Max Landis:Calor de Cancun; 226335:Landren Blocker:Southeast Missouri State
P004160,"LANDESBERG, SYLVEN",Sylven Landesberg,exact,139489,Sylven Landesberg,,Guard,Shooting Guard,SG,"6' 6""",139489:Sylven Landesberg:None
PBEB,"LANGDON, TRAJAN",Trajan Langdon,exact,218940,Trajan Langdon,Detroit Pistons,Management,General Manager,GM,"6' 4""",218940:Trajan Langdon:Detroit Pistons
P001887,"LANGFORD, KEITH",Keith Langford,exact,64376,Keith Langford,,Guard,Shooting Guard,SG,"6' 4""",64376:Keith Langford:None
P004192,"LANG, NICOLAS",Nicolas Lang,exact,71512,Nicolas Lang,Limoges,Forward,Small Forward,SF,"6' 7""",71512:Nicolas Lang:Limoges
PJHV,"LAPETA, ADAM",Adam Lapeta,exact,160118,Adam Lapeta,Górnik Wałbrzych,Center,Center,C,"7' 2""",160118:Adam Lapeta:Górnik Wałbrzych
P006435,"LAPROVITTOLA, NICOLAS",Nicolas Laprovittola,exact,69945,Nicolas Laprovittola,Joventut de Badalona,Guard,Point Guard,PG,"6' 3""",69945:Nicolas Laprovittola:Joventut de Badalona
P010392,"LARENTZAKIS, GIANNOULIS",Giannoulis Larentzakis,exact,69968,Giannoulis Larentzakis,Olympiacos,Guard,Shooting Guard,SG,"6' 5""",69968:Giannoulis Larentzakis:Olympiacos
P007200,"LARKIN, SHANE",Shane Larkin,exact,53315,Shane Larkin,Fenerbahçe,Guard,Point Guard,PG,"5' 11""",53315:Shane Larkin:Fenerbahçe
P001287,"LASME, YANN STEPHANE",Yann Stephane Lasme,not_found,,,,,,,,
P004194,"LAUVERGNE, JOFFREY",Joffrey Lauvergne,exact,53550,Joffrey Lauvergne,KK Partizan,Center,Center,C,"6' 11""",53550:Joffrey Lauvergne:KK Partizan
P014120,"LAVI, GUR",Gur Lavi,exact,53760,Zach LaVine,Sacramento Kings,Guard,Shooting Guard,SG,"6' 6""",53760:Zach LaVine:Sacramento Kings
PLGE,"LAVIÑA, FERRAN",Ferran Laviña,not_found,,,,,,,,
PBWK,"LAVRINOVIC, DARJUS",Darjus Lavrinovic,exact,139656,Danielius lavrinovicius,Lietkabelis,Forward,Small Forward,SF,"6' 9""",139656:Danielius lavrinovicius:Lietkabelis
P006860,"LAVRINOVICIUS, DANIELIUS",Danielius Lavrinovicius,exact,139656,Danielius lavrinovicius,Lietkabelis,Forward,Small Forward,SF,"6' 9""",139656:Danielius lavrinovicius:Lietkabelis
PBLH,"LAVRINOVIC, KSISTOF",Ksistof Lavrinovic,exact,139656,Danielius lavrinovicius,Lietkabelis,Forward,Small Forward,SF,"6' 9""",139656:Danielius lavrinovicius:Lietkabelis
P003431,"LAW, ACIE",Acie Law,ambiguous,,,,,,,,102881:AJ Lawson:Toronto Raptors; 150217:Dedric Lawson:Xinjiang Flying Tigers; 79420:Vic Law:None; 73324:Eugene Lawrence:BC Novosibirsk; 108760:Lawson Blake:None; 128813:Tobi Lawal:Dallas Mavericks; 149556:Andrew Lawrence:Surrey Scorchers; 149504:Austin Lawton:Manchester Giants; 90061:Chandler Lawson:None; 106091:Lawrance Triplett:None; 172358:Kimani Lawrence:Otago Nuggets; 129130:Cam Lawin:San Diego State; 148411:Lawson Lovering:Memphis Grizzlies; 184185:Jaquan Lawrence:ČEZ Nymburk; 219893:Kenny Lawson:Mineros de Zacatecas; 90129:Mustafa Lawrence:None; 90162:Luke Lawson:None; 109260:Johnathan Lawson:Little Rock; 109792:AJ Lawson:None; 109914:Tyrin Lawrence:None; 128109:Jonny Lawrence:None; 147245:Chandler Lawson:None; 147262:Eli Lawrence:None; 147730:Jamarques Lawrence:Nebraska; 178851:Joe Lawson:None; 246737:Kara Lawson:None
P004812,"LAWAL, GANI",Gani Lawal,exact,128813,Tobi Lawal,Dallas Mavericks,Forward,Power Forward,PF,"6' 8""",128813:Tobi Lawal:Dallas Mavericks
P005804,"LAWAL, SHANE",Shane Lawal,exact,128813,Tobi Lawal,Dallas Mavericks,Forward,Power Forward,PF,"6' 8""",128813:Tobi Lawal:Dallas Mavericks
P003442,"LAWSON, TY",Ty Lawson,ambiguous,,,,,,,,102881:AJ Lawson:Toronto Raptors; 150217:Dedric Lawson:Xinjiang Flying Tigers; 108760:Lawson Blake:None; 90061:Chandler Lawson:None; 148411:Lawson Lovering:Memphis Grizzlies; 219893:Kenny Lawson:Mineros de Zacatecas; 90162:Luke Lawson:None; 109260:Johnathan Lawson:Little Rock; 109792:AJ Lawson:None; 147245:Chandler Lawson:None; 178851:Joe Lawson:None; 246737:Kara Lawson:None
P004720,"LAZAREVIC, STEFAN",Stefan Lazarevic,not_found,,,,,,,,
P002073,"LAZAREV, IVAN",Ivan Lazarev,exact,147062,Ivan Lazarev,,Forward,Power Forward,PF,"6' 9""",147062:Ivan Lazarev:None
PLUO,"LAZIC, BRANKO",Branko Lazic,exact,53294,Branko Lazic,,Guard,Point Guard,PG,"6' 4""",53294:Branko Lazic:None
P014012,"LEAF, TJ",Tj Leaf,exact,53456,T.J. Leaf,Maccabi Tel Aviv,Forward,Power Forward,PF,"6' 10""",53456:T.J. Leaf:Maccabi Tel Aviv
P000144,"LEBEDINTSEV, ANDRIY",Andriy Lebedintsev,not_found,,,,,,,,
P003176,"LEBO, KARLO",Karlo Lebo,exact,89532,Creighton Lebo,,Guard,,,"6' 1""",89532:Creighton Lebo:None
P001838,"LEBRUN, MAEL",Mael Lebrun,not_found,,,,,,,,
PBFQ,"LECHTHALER, LUCA",Luca Lechthaler,exact,71275,Luca Lechthaler,,Center,Center,C,"6' 9""",71275:Luca Lechthaler:None
P008987,"LEDAY, ZACH",Zach Leday,exact,64414,Zach Leday,Hapoel Tel Aviv,Forward,Power Forward,PF,"6' 8""",64414:Zach Leday:Hapoel Tel Aviv
P007969,"LEDO, RICKY",Ricky Ledo,exact,53202,Ricky Ledo,,Guard,Shooting Guard,SG,"6' 7""",53202:Ricky Ledo:None
P011225,"LEE, PARIS",Paris Lee,exact,72624,Paris Lee,Ironi Ness Ziona,Guard,Point Guard,PG,"6' 0""",72624:Paris Lee:Ironi Ness Ziona
P013389,"LEE, SABEN",Saben Lee,exact,85963,Saben Lee,Zalgiris Kaunas,Guard,Point Guard,PG,"6' 2""",85963:Saben Lee:Zalgiris Kaunas
P003210,"LEKAVICIUS, LUKAS",Lukas Lekavicius,exact,53219,Lukas Lekavicius,AEK,Guard,Point Guard,PG,"6' 0""",53219:Lukas Lekavicius:AEK
P010190,"LELEVICIUS, LIUTAURAS",Liutauras Lelevicius,exact,106322,Liutauras Lelevicius,Clemson,Forward,Small Forward,SF,"6' 7""",106322:Liutauras Lelevicius:Clemson
PLGQ,"LELOUP, JEREMY",Jeremy Leloup,exact,72567,Jeremy Leloup,Pau-orthez,Forward,Small Forward,SF,"6' 8""",72567:Jeremy Leloup:Pau-orthez
P014169,"LEN, ALEX",Alex Len,exact,53608,Alex Len,Real Madrid,Center,Center,C,"7' 0""",53608:Alex Len:Real Madrid
P001947,"LEONARD, CHRISTOPHE",Christophe Leonard,ambiguous,,,,,,,,53655:Meyers Leonard:None; 53753:Kawhi Leonard:Los Angeles Clippers; 73373:Léo Meindl:Monbus Obradoiro; 83829:Leonardo Tote:Napoli Basket; 133068:Leonard Miller:Chicago Bulls; 184988:Leonardo Lema:Boca Juniors; 85803:Leonardo Biancotto:None; 85927:Leonardo Klassman:None; 73310:Leonardo Eltink:None; 104421:Leonardo Assmann:None; 142221:Leonardo Candi:Reyer Venezia; 142528:Leonardo Okeke:Pallacanestro Cantù; 185204:Léo Costa:Minas; 152220:Leonardo Cemmi:The Flexx Pistoia; 172134:Leonardo:Bauru Basket LDB; 172294:Leonardo:BRB/Brasília Basquete/AACB LDB; 105833:Leonardo Waszkiewicz:None; 142502:Leonardo Faggian:Napoli Basket; 184909:Leonardo Ycassati:Felix Perez Cardozo
P001928,"LESIC, SAVA",Sava Lesic,not_found,,,,,,,,
P003842,"LESSORT, MATHIAS",Mathias Lessort,exact,53287,Mathias Lessort,Panathinaikos,Center,Center,C,"6' 9""",53287:Mathias Lessort:Panathinaikos
PTGZ,"LESTINI, FEDERICO",Federico Lestini,not_found,,,,,,,,
P005979,"LEUMI, ORR",Orr Leumi,exact,64733,Or Leumi,Ironi Nahariya,Guard,Point Guard,PG,"6' 4""",64733:Or Leumi:Ironi Nahariya
P003013,"LEUNEN, MAARTEN",Maarten Leunen,not_found,,,,,,,,
P007768,"LEVI, NIMROD",Nimrod Levi,exact,64722,Nimrod Levy,Hapoel Jerusalem,Forward,Power Forward,PF,"6' 10""",64722:Nimrod Levy:Hapoel Jerusalem
PCTS,"LEWIS, LAWRENCE",Lawrence Lewis,ambiguous,,,,,,,,133058:Maxwell Lewis:Tofas; 86263:Kira Lewis Jr.:None; 106501:Malique Lewis:Milwaukee Bucks; 72659:Chavaughn Lewis:Stelmet Zielona Gora; 89263:Scottie Lewis:None; 89210:James Lewis Jr.:Appalachian State; 109111:Justin Lewis:Limoges; 72791:JeQuan Lewis:KK Igokea; 84214:Trey Lewis:None; 90114:Talin Lewis:None; 102920:Matt Lewis:Panionios Idrogios; 149496:Nick Lewis:Manchester Giants; 172455:Te Tuhi Lewis:None; 146958:KJ Lewis:Georgetown; 230624:Sam Lewis:Virginia; 142679:Lewis Sullivan:Fuerza Regia; 147686:Curt Lewis:None; 155962:Mike Lewis II:Gravelines; 188000:Julien Lewis:None; 194236:Juan Lewis:Toros de Chiriqui; 89616:Terence Lewis II:Louisiana; 128616:Paul Lewis:None; 141807:Jaren Lewis:None; 155533:Naeem Lewis:Stetson; 155601:Keyontae Lewis:Wagner; 155835:Varick Lewis:Long Beach State; 155852:Terrence Lewis:Grambling State; 192015:Mikey Lewis:Saint Mary's; 231242:Acaden Lewis:Miami; 232210:Lewis Obiorah:Texas; 233216:Nyk Lewis:VCU; 235027:Gunnar Lewis:Furman
P004797,"LIDEKA, TAUTVYDAS",Tautvydas Lideka,not_found,,,,,,,,
P003526,"LIGHTY, DAVID",David Lighty,exact,70977,David Lighty,ASVEL Villeurbanne,Forward,Small Forward,SF,"6' 6""",70977:David Lighty:ASVEL Villeurbanne
PJAV,"LIKHODEY, VALERIY",Valeriy Likhodey,exact,71240,Valery Likhodey,,Forward,Small Forward,SF,"6' 9""",71240:Valery Likhodey:None
P001098,"LIMA, AUGUSTO CESAR",Augusto Cesar Lima,exact,69962,Augusto Lima,,Forward,Power Forward,PF,"6' 11""",69962:Augusto Lima:None
PDID,"LIMONAD, RAVIV",Raviv Limonad,exact,64826,Raviv Limonad,,Guard,Point Guard,PG,"6' 3""",64826:Raviv Limonad:None
PLNP,"LINEHAN, JOHN",John Linehan,not_found,,,,,,,,
P005825,"LINHART, NATE",Nate Linhart,not_found,,,,,,,,
PLXI,"LIPKEVICIUS, VYTENIS",Vytenis Lipkevicius,exact,72395,Vytenio Lipkeviciaus,Lietkabelis,Forward,Small Forward,SF,"6' 5""",72395:Vytenio Lipkeviciaus:Lietkabelis
P000236,"LISHCHUK, SERHIY",Serhiy Lishchuk,not_found,,,,,,,,
PAND,"LISICKY, PETER",Peter Lisicky,not_found,,,,,,,,
PTGB,"LLULL, SERGIO",Sergio Llull,exact,53881,Sergio Llull,Real Madrid,Guard,Point Guard,PG,"6' 3""",53881:Sergio Llull:Real Madrid
P001995,"LOFTON, CHRIS",Chris Lofton,ambiguous,,,,,,,,113229:Kenneth Lofton Jr.:Shanghai Sharks; 89850:Kyle Lofton:Baskets Oldenburg
P000541,"LOGAN, DAVID",David Logan,exact,142480,David Logan,,Guard,Point Guard,PG,"6' 1""",142480:David Logan:None
P003608,"LOJESKI, MATTHEW",Matthew Lojeski,exact,53224,Matt Lojeski,,Guard,Shooting Guard,SG,"6' 6""",53224:Matt Lojeski:None
P007032,"LO, MAODO",Maodo Lo,exact,53170,Maodo Lo,Zalgiris Kaunas,Guard,Point Guard,PG,"6' 3""",53170:Maodo Lo:Zalgiris Kaunas
P005553,"LOMAZS, RIHARDS",Rihards Lomazs,exact,70970,Rihards Lomazs,Neptūnas,Guard,Shooting Guard,SG,"6' 4""",70970:Rihards Lomazs:Neptūnas
P012113,"LONATI, ACHILLE",Achille Lonati,exact,192760,Achille Lonati,,Guard,Point Guard,PG,"6' 2""",192760:Achille Lonati:None
PBEJ,"LONCAR, KRESIMIR",Kresimir Loncar,exact,153904,Markus Lončar,KK Cibona Zagreb,Center,Center,C,"6' 11""",153904:Markus Lončar:KK Cibona Zagreb
PAFL,"LONGIN, BRANIMIR",Branimir Longin,not_found,,,,,,,,
P006135,"LOPATIN, ANDREI",Andrei Lopatin,exact,64438,Andrei Lopatin,UNICS Kazan,Forward,Power Forward,PF,"6' 10""",64438:Andrei Lopatin:UNICS Kazan
P005356,"LOPEZ-AROSTEGUI, XABI",Xabi Lopez-Arostegui,exact,71062,Xabi López,Valencia Basket,Guard,Shooting Guard,SG,"6' 7""",71062:Xabi López:Valencia Basket
P001450,"LOPEZ DE VINUESA, RAIMUNDO",Raimundo Lopez De Vinuesa,not_found,,,,,,,,
P009918,"LOPEZ, LAUTARO TOMAS",Lautaro Tomas Lopez,exact,70946,Lautaro Tomas Lopez,,Guard,Point Guard,PG,"6' 3""",70946:Lautaro Tomas Lopez:None
PAIT,"LOPEZ, RAUL",Raul Lopez,ambiguous,,,,,,,,53466:Robin Lopez:None; 53560:Brook Lopez:Los Angeles Clippers; 151598:Karim Lopez:Memphis Grizzlies; 71062:Xabi López:Valencia Basket; 132555:Lou Lopez Senechal:None; 70868:Alex Lopez:HLA Alicante; 70946:Lautaro Tomas Lopez:None; 64360:Javi Lopez:Club Melilla Baloncesto; 178907:Luis López:Santos De San Luis; 185376:Joaquin Lopez:Obras Sanitarias; 232062:Facundo López:El Talar; 231249:Toni Ten:Movistar Estudiantes; 149424:Hugo Lopez:None; 161395:Matias Lopez:Felix Perez Cardozo; 161445:Nestor Lopez:Libertad Asuncion; 161623:Adolfo Lopez:Olimpia; 85551:Ruben López:UCAM Murcia; 149100:Valentino Finetti:Obras Sanitarias; 156568:Alex Lopez:Union Atletica; 206857:Christian Lopez:Mineros de Zacatecas; 147265:Desai Lopez:None; 158161:Bartel Lopez:Real Estelí; 180627:Jesse Lopez:None; 202393:Valentin Lopez:Remeros Mercedes; 234050:Carlos Lopez:None; 235629:Carlos Lopez:Hofstra
PBWL,"LORBEK, ERAZEM",Erazem Lorbek,not_found,,,,,,,,
PLSN,"LORBEK, KLEMEN",Klemen Lorbek,not_found,,,,,,,,
P006302,"LOUNTZIS, MICHALIS",Michalis Lountzis,exact,81657,Michalis Lountzis,Panionios Idrogios,Guard,Shooting Guard,SG,"6' 6""",81657:Michalis Lountzis:Panionios Idrogios
P009754,"LOYD, JORDAN",Jordan Loyd,exact,64225,Jordan Loyd,Anadolu Efes,Guard,Shooting Guard,SG,"6' 4""",64225:Jordan Loyd:Anadolu Efes
P001867,"LUCAS, JAMON-ALFRED",Jamon-Alfred Lucas,ambiguous,,,,,,,,143704:Lucas Brasil:Vasco da Gama LDB; 73483:Lucas Dias:Franca; 73551:Lucas Mariano:None; 85864:Lucas Siewert:Paulistano; 73799:Lucas Cauê:None; 86710:Lucas Doria:Flamengo; 74418:Kalin Lucas:None; 123863:Lucas Marí:Vermont; 155228:Lucas Cardoso:Corinthians; 86719:Lucas Lacerda:Brasília; 156625:Lucas Capalbo:Fibwi Palma; 104425:Lucas Machuca:San Lorenzo; 104762:Lucas Cardoso:None; 144086:Lucas Rodrigues:Botafogo; 149001:Lucas Perez:San Lorenzo; 86441:Lucas Lima:None; 89487:Jarod Lucas:None; 122072:Lucas Ugolin:None; 143700:Lucas Esquerdinha:None; 73572:Lucas Brito:None; 104763:Lucas B.:None; 109242:Lucas Taylor:None; 147137:Lucas Atauri:None; 122760:Lucas:None; 125940:Jonah Lucas:Marquette; 121779:Lucas Cardoso:Pato Basquete; 142669:Lucas Boucaud:Saint Quentin; 149013:Lucas Latorre:San Lorenzo; 155957:Lucas Perusek:Duquesne; 156712:Lucas Silva:Club Atletico Welcome; 156722:Lucas Bennett:Nacional; 184984:Lucas Arn:None; 235259:Lucas Vasconcelos:Franca; 142543:Luke Fischer:ESSM Le Portel; 148394:Lucas Clanton:None; 149160:Lucas Picard:None; 149458:Te'Jon Lucas:Bristol Flyers; 161474:Lucas Landi:None; 172143:Lucas Moura:UNIFACISA LDB; 172209:Lucas Pereira:Vasco da Gama LDB; 172375:Lucas:Caxias do Sul LDB; 182445:Lucas Hergott:None; 193859:Lucas Léránt:Komarno; 199016:Lucas Peralta:Union De Santa Fe; 224907:Lucas Thor:Pinheiros; 225005:Lucas Avanso:Paulistano; 235595:Lucas Lueth:Pennsylvania; 142520:Lucas Dufeal:Le Mans; 149180:Lucas Andujar:Obera TC; 224010:Lucas Maniema:Gran Canaria; 223507:Lucas Sanchez:Baxi Manresa; 227902:Lucas Tohatan:Rm Valcea; 228639:Lucas Marques:Unifacisa
P003417,"LUCAS, KALIN",Kalin Lucas,exact,74418,Kalin Lucas,,Guard,Point Guard,PG,"6' 1""",74418:Kalin Lucas:None
P001288,"LUCIC, VLADIMIR",Vladimir Lucic,exact,64381,Vladimir Lucic,Bayern Munich,Forward,Small Forward,SF,"6' 8""",64381:Vladimir Lucic:Bayern Munich
PBUU,"LUKAUSKIS, MINDAUGAS",Mindaugas Lukauskis,not_found,,,,,,,,
P006158,"LUKOSIUNAS, KAROLIS",Karolis Lukosiunas,exact,71747,Karolis Lukosiunas,London Lions,Forward,Power Forward,PF,"6' 5""",71747:Karolis Lukosiunas:London Lions
P010781,"LUNDBERG, IFFE",Iffe Lundberg,exact,70864,Gabriel Lundberg,Maccabi Tel Aviv,Guard,Shooting Guard,SG,"6' 4""",70864:Gabriel Lundberg:Maccabi Tel Aviv
P012080,"LUWAWU-CABARROT, TIMOTHE",Timothe Luwawu-Cabarrot,exact,53404,Timothe Luwawu,Real Madrid,Guard,Shooting Guard,SG,"6' 7""",53404:Timothe Luwawu:Real Madrid
P001633,"LUZ, RAFA",Rafa Luz,exact,69956,Rafa Luz,MoraBanc Andorra,Guard,Point Guard,PG,"6' 2""",69956:Rafa Luz:MoraBanc Andorra
PCOX,"LYDAY, TERRELL",Terrell Lyday,not_found,,,,,,,,
P014117,"LYLES, TREY",Trey Lyles,exact,53638,Trey Lyles,Minnesota Timberwolves,Forward,Power Forward,PF,"6' 9""",53638:Trey Lyles:Minnesota Timberwolves
P011620,"MACHOWSKI, NILS",Nils Machowski,exact,121955,Nils Machowski,,Guard,Power Forward,PF,"6' 3""",121955:Nils Machowski:None
PCBV,"MACIJAUSKAS, ARVYDAS",Arvydas Macijauskas,ambiguous,,,,,,,,222533:Matas Macijauskas:Neptūnas; 182897:Matas Maciulionis:None
PJCC,"MACIULIS, JONAS",Jonas Maciulis,exact,53112,Jonas Maciulis,,Forward,Small Forward,SF,"6' 6""",53112:Jonas Maciulis:None
P009902,"MACK, SHELVIN",Shelvin Mack,exact,53352,Shelvin Mack,,Guard,Point Guard,PG,"6' 3""",53352:Shelvin Mack:None
P011236,"MACON JR, DARYL",Daryl Macon Jr,not_found,,,,,,,,
PJEA,"MACVAN, MILAN",Milan Macvan,not_found,,,,,,,,
P011052,"MADAR, YAM",Yam Madar,exact,64828,Yam Madar,Maccabi Tel Aviv,Guard,Point Guard,PG,"6' 3""",64828:Yam Madar:Maccabi Tel Aviv
P008796,"MAGETTE, JOSH",Josh Magette,exact,53419,Josh Magette,,Guard,Point Guard,PG,"6' 1""",53419:Josh Magette:None
P006463,"MAGRO, DANIELE",Daniele Magro,exact,72348,Daniele Magro,,Center,Center,C,"6' 10""",72348:Daniele Magro:None
P003042,"MAHALBASIC, RASID",Rasid Mahalbasic,exact,71412,Rasid Mahalbasic,Halcones de Xalapa,Forward,Power Forward,PF,"6' 11""",71412:Rasid Mahalbasic:Halcones de Xalapa
P002969,"MAHMUTOGLU, MELIH",Melih Mahmutoglu,exact,53215,Melih Mahmutoglu,Fenerbahçe,Guard,Shooting Guard,SG,"6' 3""",53215:Melih Mahmutoglu:Fenerbahçe
PBUL,"MAINOLDI, LEO",Leo Mainoldi,exact,148963,Leo Mainoldi,,Forward,Power Forward,PF,"6' 9""",148963:Leo Mainoldi:None
PCIU,"MAJSTOROVIC, MILAN",Milan Majstorovic,not_found,,,,,,,,
P006357,"MAKIEV, ALAN",Alan Makiev,not_found,,,,,,,,
P011935,"MAKOUNDOU, YOAN",Yoan Makoundou,exact,83949,Yoan Makoundou,AS Monaco,Forward,Power Forward,PF,"6' 9""",83949:Yoan Makoundou:AS Monaco
P012609,"MALCOLM, COLLIN",Collin Malcolm,exact,142558,Collin Malcolm,Anadolu Efes,Forward,Small Forward,SF,"6' 7""",142558:Collin Malcolm:Anadolu Efes
P007027,"MALEDON, THEO",Theo Maledon,exact,70974,Theo Maledon,Real Madrid,Guard,Point Guard,PG,"6' 4""",70974:Theo Maledon:Real Madrid
PCMF,"MALLET, DEMOND",Demond Mallet,exact,156208,Houston Mallette,Alabama,Guard,Shooting Guard,SG,"6' 5""",156208:Houston Mallette:Alabama
P004185,"MALMANIS, RINALDS",Rinalds Malmanis,exact,70894,Rinalds Malmanis,,Forward,Small Forward,SF,"6' 9""",70894:Rinalds Malmanis:None
PANH,"MANCINELLI, STEFANO",Stefano Mancinelli,exact,83825,Stefano Mancinelli,Fortitudo Bologna,Forward,Small Forward,SF,,83825:Stefano Mancinelli:Fortitudo Bologna
P012715,"MANEK, BRADY",Brady Manek,exact,90023,Brady Manek,Nanjing Monkey King,Forward,Small Forward,SF,"6' 9""",90023:Brady Manek:Nanjing Monkey King
P011064,"MANNION, NICCOLO",Niccolo Mannion,exact,86071,Nico Mannion,Olimpia Milano,Guard,Point Guard,PG,"6' 3""",86071:Nico Mannion:Olimpia Milano
P003537,"MANTZARIS, VANGELIS",Vangelis Mantzaris,exact,53239,Vangelis Mantzaris,Mykonos,Guard,Point Guard,PG,"6' 5""",53239:Vangelis Mantzaris:Mykonos
P008084,"MANTZOUKAS, ELEFTHERIOS",Eleftherios Mantzoukas,exact,71491,Lefteris Mantzoukas,Panathinaikos,Forward,Small Forward,SF,"6' 9""",71491:Lefteris Mantzoukas:Panathinaikos
P002871,"MARAGKOS, PARIS",Paris Maragkos,exact,227931,Kyprianos Maragkos,Anorthosis,Center,Center,C,"6' 9""",227931:Kyprianos Maragkos:Anorthosis
P002299,"MARCHETTI, GIANLUCA",Gianluca Marchetti,not_found,,,,,,,,
PAHW,"MARCONATO, DENIS",Denis Marconato,not_found,,,,,,,,
P009948,"MARCOS, JUANI",Juani Marcos,ambiguous,,,,,,,,141163:Juan Marcos:UCAM Murcia; 149197:Marcos Chacon:Gimnasia y Esgrima (CR); 71286:Marcos Delía:Obras Sanitarias; 81739:Marcos Knight:Shanxi Brave Dragons; 124966:João Marcos:None; 156617:Marcos Cabot:Nacional; 148978:Marcos Mata:Obras Sanitarias; 148314:Marcos San Miguel:Georgia Tech; 104453:João Marcos:None; 136241:Marcos Bala:None; 149465:Marcos Saglietti:San Isidro (SF); 187862:Marcos Geller:Club Atletico Welcome; 149055:Marcos Panozzo:Comunicaciones Mercedes; 161415:Marcos Ramos:Deportivo San Jose; 172202:Marcos:Vasco da Gama LDB; 231705:Marcos Bella:San Pablo Burgos
P000088,"MARELLI, DAVIDE",Davide Marelli,not_found,,,,,,,,
P000089,"MARELLI, SANDRO",Sandro Marelli,not_found,,,,,,,,
P001922,"MARIC, ALEKSANDAR",Aleksandar Maric,ambiguous,,,,,,,,81736:Marin Maric:Sichuan Blue Whales; 121832:Nikola Maric:Basquet Girona
P010754,"MARI, LUCAS",Lucas Mari,ambiguous,,,,,,,,73551:Lucas Mariano:None; 123863:Lucas Marí:Vermont
P011974,"MARÍ, LUCAS",Lucas Marí,ambiguous,,,,,,,,73551:Lucas Mariano:None; 123863:Lucas Marí:Vermont
P004761,"MARINKOVIC, VANJA",Vanja Marinkovic,exact,70816,Vanja Marinkovic,KK Partizan,Guard,Shooting Guard,SG,"6' 6""",70816:Vanja Marinkovic:KK Partizan
P003993,"MARIN, MAURICIO",Mauricio Marin,ambiguous,,,,,,,,70816:Vanja Marinkovic:KK Partizan; 95122:Marina Mabrey:Toronto Tempo; 113214:Marine Johannes:New York Liberty; 171639:Marine Fauthoux:New York Liberty; 81736:Marin Maric:Sichuan Blue Whales; 147544:Omer Marinov:None; 128757:Isaiah Marin:Texas Southern; 149007:Federico Marin:None; 178920:Marinus N´Guessan:None; 223334:Mariano Marina:La Unión de Formosa; 81653:Ivan Marinkovic:None; 156084:Hugo Marin-Birkener:None; 188019:Marin Djugum:None; 117711:Stanimir Marinov:None; 188001:Paolo Marinelli:None; 189701:Marino Dubravcic:Northern Iowa; 198089:Marin Petkov:None; 176439:Marina Maljković:None; 188347:Marina Solopova:None; 196121:Bonke Maring:Komarno; 204139:Marin Vujcic:Kvarner
PLMG,"MARJANOVIC, BOBAN",Boban Marjanovic,exact,53340,Boban Marjanovic,Zhejiang Lions,Center,Center,C,"7' 4""",53340:Boban Marjanovic:Zhejiang Lions
PBED,"MARKOISHVILI, MANUCHAR",Manuchar Markoishvili,not_found,,,,,,,,
PBCC,"MARKOTA, DAMIR",Damir Markota,exact,72730,Damir Markota,KK Mornar,Center,Center,C,"6' 10""",72730:Damir Markota:KK Mornar
PLME,"MARKOVIC, STEFAN",Stefan Markovic,exact,53261,Stefan Markovic,,Guard,Shooting Guard,SG,"6' 6""",53261:Stefan Markovic:None
PBHR,"MARQUIS, CLAUDE",Claude Marquis,ambiguous,,,,,,,,237673:Marquis Barnett:Hapoel Beer Sheva/Dimona; 89445:Marquise Kennedy:None; 155949:Marquis Hargrove:UAB; 186336:Marquis Reed:None; 203836:Marquis Addison:Randers Cimbria; 224807:Marquise Moore:Club Atletico Welcome
P000670,"MARSHALL, RAWLE",Rawle Marshall,ambiguous,,,,,,,,86265:Naji Marshall:Dallas Mavericks; 185120:Carlos Marshall:Dinamo Sassari; 64451:Deon Thompson:None; 202355:Rayah Marshall:Connecticut Sun; 202878:Nick Marshall:None; 158585:Tyere Marshall:Pardubice; 109590:Mike Marshall Jr.:None; 128395:Jaren Marshall:Texas A&M-Corpus Christi; 128754:KJ Marshall:None; 146039:Nicholas Marshall:None; 148181:Rashaud Marshall:Arkansas State; 155499:George Marshall:Morehead State; 155567:Jermaine Marshall:Samford; 155826:Tyrone Marshall:Western Kentucky; 193663:Peyton Marshall:None; 200569:Jordon Marshall:Alabama State
P003715,"MARTIN, ALBERTO",Alberto Martin,ambiguous,,,,,,,,71654:Caleb Martin:Dallas Mavericks; 71327:Cody Martin:None; 53756:Jarell Martin:None; 124165:Ian Martinez:None; 85982:K.J. Martin:None; 87701:Lucas Martinez:Soles De Mexicali; 158061:Kate Martin:Los Angeles Sparks; 89959:Tyrese Martin:Philadelphia 76ers; 64363:Sergi Martinez:Basquet Girona; 185935:Jano Martinez:Ferro Carril Oeste; 71722:Kelan Martin:UCAM Murcia; 71204:Hassan Martin:Manisa Bb; 69983:Martin Kriz:ČEZ Nymburk; 128434:Alijah Martin:Toronto Raptors; 53128:Rafa Martinez:None; 67482:Nacho Martín:None; 156721:Gonzalo Martinez:None; 108556:Remy Martin:None; 72753:Kelvin Martin:None; 104487:Antônio De Martini:None; 108564:Cam Martin:Boise State; 79392:Jeremiah Martin:Lokomotiv Kuban; 145254:Martin Kalu:None; 142934:Jaylen Martin:Rip City Remix; 124435:Ricardo Martin:None; 128786:Zach Martini:Rutgers; 146959:Conrad Martinez:High Point; 154432:Jorge Martinez:Olimpia; 199837:Rob Martin:High Point; 89601:Chase Martin:Missouri State; 105064:Pedro Martin:None; 149464:Martin Fernandez:Independiente De Oliva; 149075:Edgar Martinez:Comunicaciones Mercedes; 149452:Cesar Martinez:None; 151771:Alex Martin:Boise State; 161422:Matias Martinez:None; 161424:Thiago Martinez:Ca Ciudad Nueva; 182804:Luke Martinez:Soles De Mexicali; 206849:Jose Martinez:Fuerza Regia; 225002:Rafael Martins:Paulistano; 158058:Esmery Martinez:None; 184693:Francesco Martin:None; 202229:Nelson Martin:Hamburg Towers; 227913:Killian Martin:Bbc Nyon; 235660:Cacá Martins:None; 123485:Martinez:None; 142681:Tavian Dunn-Martin:Science City Jena; 145236:Tim Martinez:None; 158354:Kristopher Martin:Usti nad Labem; 158428:Martin Mach:BK Decin; 161435:Jesus Martinez:Ca Ciudad Nueva; 161442:Elias Martinez:Ca Ciudad Nueva; 172303:Mana Martin:Canterbury Rams; 172315:Martinez:Sesi Franca LDB; 175917:Conrad Martinez:None; 184123:Irving Martinez:Calor de Cancun; 195349:Luis Martinez Ogando:Leones De Quilpué; 202444:Teo Martinez:None; 220065:Brayan Martinez:Soles De Mexicali; 230642:Jacob Martin:Alabama; 245940:Kevin Martina:None
P003395,"MARTINEZ, CARLOS",Carlos Martinez,ambiguous,,,,,,,,124165:Ian Martinez:None; 87701:Lucas Martinez:Soles De Mexicali; 64363:Sergi Martinez:Basquet Girona; 185935:Jano Martinez:Ferro Carril Oeste; 71058:Francis Alonso:Breogán; 53128:Rafa Martinez:None; 156721:Gonzalo Martinez:None; 149631:Ian Martinez:None; 156631:Nicolas Martinez:Malvin; 141166:German Martinez:None; 146959:Conrad Martinez:High Point; 154432:Jorge Martinez:Olimpia; 178918:Dominick Martinez:None; 182834:Jose Martinez:Gambusinos De Fresnillo; 191928:Fabian Martinez:Comunicaciones Mercedes; 137581:Edgar Martínez:Trotamundos de Carabobo; 149075:Edgar Martinez:Comunicaciones Mercedes; 149452:Cesar Martinez:None; 156641:Fernando Martinez:Urunday Universitario; 156650:Gabriel Martinez:None; 158168:Josmel Martinez:Real Estelí; 161422:Matias Martinez:None; 161424:Thiago Martinez:Ca Ciudad Nueva; 182804:Luke Martinez:Soles De Mexicali; 194108:José Martínez:None; 206849:Jose Martinez:Fuerza Regia; 158058:Esmery Martinez:None; 123485:Martinez:None; 145236:Tim Martinez:None; 161435:Jesus Martinez:Ca Ciudad Nueva; 161442:Elias Martinez:Ca Ciudad Nueva; 172315:Martinez:Sesi Franca LDB; 175917:Conrad Martinez:None; 184123:Irving Martinez:Calor de Cancun; 186401:Jayden Martinez:Spojnia Stargard; 195349:Luis Martinez Ogando:Leones De Quilpué; 202444:Teo Martinez:None; 220065:Brayan Martinez:Soles De Mexicali; 225241:Santiago Martinez:Club Atletico Welcome; 237214:José Martínez:UCAM Murcia; 246029:Brian Martinez:None
P007995,"MARTINEZ, IVAN",Ivan Martinez,ambiguous,,,,,,,,124165:Ian Martinez:None; 87701:Lucas Martinez:Soles De Mexicali; 64363:Sergi Martinez:Basquet Girona; 185935:Jano Martinez:Ferro Carril Oeste; 71058:Francis Alonso:Breogán; 53128:Rafa Martinez:None; 156721:Gonzalo Martinez:None; 149631:Ian Martinez:None; 156631:Nicolas Martinez:Malvin; 141166:German Martinez:None; 146959:Conrad Martinez:High Point; 154432:Jorge Martinez:Olimpia; 178918:Dominick Martinez:None; 182834:Jose Martinez:Gambusinos De Fresnillo; 191928:Fabian Martinez:Comunicaciones Mercedes; 137581:Edgar Martínez:Trotamundos de Carabobo; 149075:Edgar Martinez:Comunicaciones Mercedes; 149452:Cesar Martinez:None; 156641:Fernando Martinez:Urunday Universitario; 156650:Gabriel Martinez:None; 158168:Josmel Martinez:Real Estelí; 161422:Matias Martinez:None; 161424:Thiago Martinez:Ca Ciudad Nueva; 182804:Luke Martinez:Soles De Mexicali; 194108:José Martínez:None; 206849:Jose Martinez:Fuerza Regia; 158058:Esmery Martinez:None; 123485:Martinez:None; 145236:Tim Martinez:None; 161435:Jesus Martinez:Ca Ciudad Nueva; 161442:Elias Martinez:Ca Ciudad Nueva; 172315:Martinez:Sesi Franca LDB; 175917:Conrad Martinez:None; 184123:Irving Martinez:Calor de Cancun; 186401:Jayden Martinez:Spojnia Stargard; 195349:Luis Martinez Ogando:Leones De Quilpué; 202444:Teo Martinez:None; 220065:Brayan Martinez:Soles De Mexicali; 225241:Santiago Martinez:Club Atletico Welcome; 237214:José Martínez:UCAM Murcia; 246029:Brian Martinez:None
P001351,"MARTINEZ, RAFA",Rafa Martinez,exact,53128,Rafa Martinez,,Guard,Shooting Guard,SG,"6' 3""",53128:Rafa Martinez:None
P006768,"MARTINEZ, SERGI",Sergi Martinez,exact,64363,Sergi Martinez,Basquet Girona,Forward,Power Forward,PF,"6' 8""",64363:Sergi Martinez:Basquet Girona
P009540,"MARTIN, HASSAN",Hassan Martin,exact,71204,Hassan Martin,Manisa Bb,Center,Center,C,"6' 7""",71204:Hassan Martin:Manisa Bb
P011967,"MARTIN, JARELL",Jarell Martin,exact,53756,Jarell Martin,,Forward,Power Forward,PF,"6' 10""",53756:Jarell Martin:None
P012713,"MASCOLO, BRUNO",Bruno Mascolo,exact,139661,Bruno Mascolo,,Guard,Point Guard,PG,"6' 3""",139661:Bruno Mascolo:None
P008015,"MASHOUR, KARAM",Karam Mashour,exact,53186,Karam Mashour,Elizor Kiryat Ata,Forward,Power Forward,PF,"6' 6""",53186:Karam Mashour:Elizor Kiryat Ata
P003474,"MASIC, ANTE",Ante Masic,not_found,,,,,,,,
P006183,"MASIULIS, GYTIS",Gytis Masiulis,exact,53280,Gytis Masiulis,Rytas Vilnius,Forward,Power Forward,PF,"6' 9""",53280:Gytis Masiulis:Rytas Vilnius
PACX,"MASIULIS, TOMAS",Tomas Masiulis,exact,81889,Tomas Masiulis,Zalgiris Kaunas,Management,Coach,,"6' 9""",81889:Tomas Masiulis:Zalgiris Kaunas
P009600,"MASON, MAKAI",Makai Mason,exact,71302,Makai Mason,,Guard,Point Guard,PG,"6' 1""",71302:Makai Mason:None
P012618,"MASSA, BODIAN",Bodian Massa,exact,121669,Bodian Massa,ASVEL Villeurbanne,Center,Center,C,"6' 9""",121669:Bodian Massa:ASVEL Villeurbanne
PLGV,"MASSEY, JEREMIAH",Jeremiah Massey,ambiguous,,,,,,,,171754:Billie Massey:None; 171759:Becky Massey:None; 234319:Riley Massey:North Dakota State
P011936,"MATHEWS, JONAH",Jonah Mathews,exact,121052,Jonah Mathews,,Guard,Point Guard,PG,"6' 3""",121052:Jonah Mathews:None
P010414,"MATHIANG, MANGOK",Mangok Mathiang,exact,186552,Mangok Mathiang,Ningbo Rockets,Center,Center,C,"6' 10""",186552:Mangok Mathiang:Ningbo Rockets
P007025,"MATTISSECK, JONAS",Jonas Mattisseck,exact,70951,Jonas Mattisseck,Alba Berlin,Guard,Point Guard,PG,"6' 4""",70951:Jonas Mattisseck:Alba Berlin
PKRK,"MAVROEIDIS, DIMITRIOS",Dimitrios Mavroeidis,exact,72522,Dimitrios Mavroeidis,,Center,Center,C,"6' 11""",72522:Dimitrios Mavroeidis:None
PJRC,"MAVROKEFALIDIS, LOUKAS",Loukas Mavrokefalidis,exact,73202,Loukas Mavrokefalidis,Ionikos,Center,Center,C,"6' 11""",73202:Loukas Mavrokefalidis:Ionikos
P011433,"MAYER, OMER",Omer Mayer,exact,144706,Omer Mayer,Purdue,Guard,Point Guard,PG,"6' 4""",144706:Omer Mayer:Purdue
P011264,"MAYO, O J",O J Mayo,ambiguous,,,,,,,,104243:O.J. Mayo:None; 148902:Andrew Mayock:None; 189128:Dante Mayo:None; 158402:Elijah Weaver:Defensor Sporting; 149352:Jose Mayora:Platense; 109311:Zeke Mayo:Cleveland Charge; 187329:Manuel Mayora:Hebraica y Macabi; 200095:Matt Mayock:American University; 231571:Mayo Soyoye:Baylor; 235565:Chase Mayo Harmon:California Baptist
P004511,"MAYR, DANIEL",Daniel Mayr,not_found,,,,,,,,
P003069,"MAY, SEAN GREGORY",Sean Gregory May,ambiguous,,,,,,,,144706:Omer Mayer:Purdue; 85975:Skylar Mays:KK Budućnost; 113467:Maya Caldwell:Minnesota Lynx; 104243:O.J. Mayo:None; 81666:Luke Maye:None; 148902:Andrew Mayock:None; 181589:Lat Mayen:Perth; 189128:Dante Mayo:None; 158402:Elijah Weaver:Defensor Sporting; 240546:Dusty May:Dallas Mavericks; 89411:Matthew Mayer:None; 149352:Jose Mayora:Platense; 155659:Mayar Wol:Charleston; 172415:Jelliel Mayan:Fortaleza B.C.; 109311:Zeke Mayo:Cleveland Charge; 148923:Charlie May:Michigan; 187329:Manuel Mayora:Hebraica y Macabi; 89254:Jack May:None; 89306:David Maynard:The Citadel; 108707:Spencer Mays:None; 109977:Pat Mayfield:None; 124218:Beau Maye:None; 148329:Benjamin Mayhew:Pittsburgh; 155670:Seth Mays:None; 182671:Askar Maydekin:BC Astana; 200095:Matt Mayock:American University; 206255:Maycon:ADRM LDB; 231571:Mayo Soyoye:Baylor; 235565:Chase Mayo Harmon:California Baptist
P013396,"MAYS, SKYLAR",Skylar Mays,exact,85975,Skylar Mays,KK Budućnost,Guard,Point Guard,PG,"6' 4""",85975:Skylar Mays:KK Budućnost
P004401,"MAZALIN, LOVRO",Lovro Mazalin,exact,202072,Lovro Mazalin,Zadar,Forward,Small Forward,SF,"6' 8""",202072:Lovro Mazalin:Zadar
PJMF,"MAZEIKA, MARTYNAS",Martynas Mazeika,exact,157706,Gabrielius Mažeika,,Forward,Small Forward,SF,"6' 9""",157706:Gabrielius Mažeika:None
PCQJ,"MAZZARINO, NICOLAS",Nicolas Mazzarino,not_found,,,,,,,,
P005061,"MBAKWE, TREVOR",Trevor Mbakwe,not_found,,,,,,,,
P007993,"M'BAYE, AMATH",Amath M'Baye,exact,53160,Amath M'baye,Paris Basketball,Forward,Power Forward,PF,"6' 8""",53160:Amath M'baye:Paris Basketball
P001062,"MBAYE, PAPA",Papa Mbaye,ambiguous,,,,,,,,139632:Mbaye N´Diaye:Olympiacos; 231265:Assane Mbaye:Seton Hall
P005730,"MBODJ, CHEIKH",Cheikh Mbodj,exact,72554,Cheikh Mbodj,,Forward,Power Forward,PF,"6' 10""",72554:Cheikh Mbodj:None
P002014,"MC CALEEB, LESTER",Lester Mc Caleeb,not_found,,,,,,,,
P008002,"MCCALLUM, RAY",Ray Mccallum,exact,53141,Ray Mccallum,,Guard,Point Guard,PG,"6' 3""",53141:Ray Mccallum:None
PDHI,"MCCARTY, KELLY",Kelly Mccarty,exact,189695,Chase McCarty,Houston,Forward,,,"6' 6""",189695:Chase McCarty:Houston
P005216,"MCCOLLUM, ERRICK",Errick Mccollum,exact,53200,Errick McCollum,Galatasaray,Guard,Point Guard,PG,"6' 2""",53200:Errick McCollum:Galatasaray
P013386,"MCCORMACK, DAVID",David Mccormack,exact,89810,David McCormack,,Center,Center,C,"6' 10""",89810:David McCormack:None
PAPC,"MCDONALD, ARRIEL",Arriel Mcdonald,ambiguous,,,,,,,,94958:Aari McDonald:None; 234045:Marcus McDonald:None
PJTT,"MCDONALD, WILL",Will Mcdonald,ambiguous,,,,,,,,94958:Aari McDonald:None; 234045:Marcus McDonald:None
P008062,"MCDOWELL-WHITE, WILLIAM",William Mcdowell-White,exact,145574,William McDowell-White,JL Bourg,Guard,Point Guard,PG,"6' 5""",145574:William McDowell-White:JL Bourg
000117,"MCDUFFIE, DIMITRY",Dimitry Mcduffie,exact,228281,Markis McDuffie,Nancy,Forward,Small Forward,SF,"6' 8""",228281:Markis McDuffie:Nancy
PJNP,"MCELROY, IMMANUEL",Immanuel Mcelroy,exact,235616,Drew McElroy,TCU,Guard,Point Guard,PG,"6' 1""",235616:Drew McElroy:TCU
P000672,"MCGRATH, DONNIE",Donnie Mcgrath,exact,148182,Cole McGrath,,Guard,Point Guard,PG,"6' 2""",148182:Cole McGrath:None
P012800,"MCGRUDER, RODNEY",Rodney Mcgruder,exact,53599,Rodney McGruder,,Guard,Shooting Guard,SG,"6' 4""",53599:Rodney McGruder:None
PKWI,"MCINTYRE, TERRELL",Terrell Mcintyre,not_found,,,,,,,,
P007853,"MCKISSIC, SHAQUIELLE",Shaquielle Mckissic,exact,72604,Shaquielle McKissic,Turk Telekom,Guard,Point Guard,PG,"6' 5""",72604:Shaquielle McKissic:Turk Telekom
P004418,"MCLEAN, JAMEL",Jamel Mclean,exact,53234,Jamel Mclean,,Forward,Power Forward,PF,"6' 8""",53234:Jamel Mclean:None
P000731,"MC LEOD, KEITH DARNELL",Keith Darnell Mc Leod,not_found,,,,,,,,
P006338,"MCNEAL, JEREL",Jerel Mcneal,exact,64834,Jerrel Mcneal,,Guard,Shooting Guard,SG,"6' 3""",64834:Jerrel Mcneal:None
P007996,"MCRAE, JORDAN",Jordan Mcrae,exact,53892,Jordan McRae,Hapoel Holon,Guard,Shooting Guard,SG,"6' 6""",53892:Jordan McRae:Hapoel Holon
P002982,"MEACHAM, TRENTON",Trenton Meacham,not_found,,,,,,,,
P001946,"MEJIA, SAMMY",Sammy Mejia,exact,71394,Sammy Mejía,,Forward,Small Forward,SF,"6' 6""",71394:Sammy Mejía:None
P005196,"MEJRI, SALAH",Salah Mejri,exact,53610,Salah Mejri,,Center,Center,C,"7' 1""",53610:Salah Mejri:None
PKJP,"MEKEL, GAL",Gal Mekel,exact,74608,Gal Mekel,,Guard,Point Guard,PG,"6' 3""",74608:Gal Mekel:None
P002849,"MELLI, NICOLO",Nicolo Melli,exact,53211,Nicolo Melli,Fenerbahçe,Forward,Power Forward,PF,"6' 9""",53211:Nicolo Melli:Fenerbahçe
P008296,"MENALO, LEO",Leo Menalo,exact,128410,Leo Menalo,Fortitudo Bologna,Forward,Small Forward,SF,"6' 9""",128410:Leo Menalo:Fortitudo Bologna
P004233,"MENCO, RAFI",Rafi Menco,exact,64863,Rafael Menco,Hapoel HaEmek,Forward,Small Forward,SF,"6' 7""",64863:Rafael Menco:Hapoel HaEmek
P000186,"MENSAH-BONSU, POPS",Pops Mensah-Bonsu,not_found,,,,,,,,
P013514,"MENSAH, NATHAN",Nathan Mensah,exact,89661,Nathan Mensah,Demir Insaat Buyukcekmece,Center,Center,C,"6' 11""",89661:Nathan Mensah:Demir Insaat Buyukcekmece
P005091,"MENSAH, WILLIAM",William Mensah,ambiguous,,,,,,,,89661:Nathan Mensah:Demir Insaat Buyukcekmece; 71462:Armand Mensah:UJAP Quimper
100,MERCANTE JACOPO,Mercante Jacopo,ambiguous,,,,,,,,183269:Cesare Placinschi:None; 194680:Jacopo Chiti:The Flexx Pistoia; 229140:Jacopo Vogogna:None
P001233,"MERCANTE, JACOPO",Jacopo Mercante,not_found,,,,,,,,
MER,"MERLATI, ANDREA",Andrea Merlati,not_found,,,,,,,,
P003525,"MERONI, MARCO",Marco Meroni,not_found,,,,,,,,
P012724,"MESTOGLU, HAMZA",Hamza Mestoglu,exact,147293,Hamza Mestoglu,Trabzonspor Medical Park,Forward,Power Forward,PF,"6' 7""",147293:Hamza Mestoglu:Trabzonspor Medical Park
PLWB,"METREVELI, NIKA",Nika Metreveli,not_found,,,,,,,,
P013379,"METU, CHIMEZIE",Chimezie Metu,ambiguous,,,,,,,,64222:Chimezie Metu:None; 236735:Chimezie Metu:Gran Canaria
P011520,"MICCOLI, SAMUELE",Samuele Miccoli,exact,149760,Samuele Miccoli,,Guard,Point Guard,PG,"6' 2""",149760:Samuele Miccoli:None
PKKV,"MICEVIC, MARKO",Marko Micevic,not_found,,,,,,,,
PJNX,"MICHELORI, ANDREA",Andrea Michelori,not_found,,,,,,,,
P003836,"MICHINEAU, DAVID",David Michineau,exact,81641,David Michineau,AS Monaco,Guard,Point Guard,PG,"6' 4""",81641:David Michineau:AS Monaco
P001473,"MICIC, DJORDJE",Djordje Micic,exact,53273,Vasilije Micic,Hapoel Tel Aviv,Guard,Point Guard,PG,"6' 5""",53273:Vasilije Micic:Hapoel Tel Aviv
P002580,"MICIC, VASILIJE",Vasilije Micic,exact,53273,Vasilije Micic,Hapoel Tel Aviv,Guard,Point Guard,PG,"6' 5""",53273:Vasilije Micic:Hapoel Tel Aviv
PJWO,"MICKEAL, PETE",Pete Mickeal,not_found,,,,,,,,
P008847,"MICKEY, JORDAN",Jordan Mickey,exact,53514,Jordan Mickey,Qingdao Eagles,Center,Center,C,"6' 8""",53514:Jordan Mickey:Qingdao Eagles
P000529,"MICOV, VLADIMIR",Vladimir Micov,exact,53159,Vladimir Micov,,Forward,Small Forward,SF,"6' 7""",53159:Vladimir Micov:None
P012943,"MIJAILOVIC, UROS",Uros Mijailovic,exact,226864,Uros Mijailovic,,Forward,Small Forward,SF,"6' 5""",226864:Uros Mijailovic:None
P012977,"MIKALAUSKAS, KAJUS",Kajus Mikalauskas,exact,224032,Kajus Mikalauskas,,Guard,Point Guard,PG,"6' 3""",224032:Kajus Mikalauskas:None
P011836,"MIKE, ISIAHA",Isiaha Mike,exact,122464,Isiaha Mike,Bahçeşehir Koleji,Forward,Power Forward,PF,"6' 8""",122464:Isiaha Mike:Bahçeşehir Koleji
PKPD,"MILAKNIS, ARTURAS",Arturas Milaknis,exact,53277,Arturas Milaknis,,Forward,Small Forward,SF,"6' 5""",53277:Arturas Milaknis:None
PLIZ,"MILES, AARON",Aaron Miles,ambiguous,,,,,,,,64127:Miles Bridges:Phoenix Suns; 53395:CJ Miles:None; 89704:Miles McBride:New York Knicks; 202350:Olivia Miles:Minnesota Lynx; 89884:Miles Norris:None; 83965:Isaiah Miles:Merkezefendi Belediyesi; 123178:Miles Byrd:Providence; 148304:Miles Kelly:Dallas Mavericks; 193119:Duke Miles:Vanderbilt; 89903:Darius Miles:None; 109243:Miles Lester:None; 90008:Miles Brown:Ohio; 108815:Dieonte Miles:None; 109333:Mike Miles Jr.:Paisas; 128613:Miles Keeffe:Vanderbilt; 147269:Miles Heide:San Diego State; 155494:Dieonte Miles:Morehead State; 155676:Jaqari Miles:Montana State; 193547:Miles Rubin:Tennessee; 194005:Miles White:Lipscomb; 194292:Miles Rose:St. Bonaventure; 200334:Miles Webb:Saint Francis (PA); 89795:Will Miles:None; 128764:Miles Stewart:Oregon; 192255:Miles Goodman:Penn State; 226907:Jasai Miles:Indiana; 235377:Miles Klapper:Idaho; 235566:Miles Daniels:California Baptist
P000713,"MILICIC, IGOR",Igor Milicic,ambiguous,,,,,,,,220013:Igor Milicic:Aris Bsa; 82139:Igor Milicic:None; 189892:Igor Milicic Jr.:None
PAIV,"MILIC, MARKO",Marko Milic,ambiguous,,,,,,,,"220013:Igor Milicic:Aris Bsa; 64440:Starovlah, Milic:None; 82139:Igor Milicic:None; 188003:Ivan Milicevic:None; 189892:Igor Milicic Jr.:None; 111178:Nikolina Milic:Toronto Tempo; 185872:Milica Jovanović:Miskolc (W); 196274:Jovan Milicevic:None; 223266:Teo Milicic:Ratiopharm Ulm"
P014094,"MILJENOVIC, STEFAN",Stefan Miljenovic,exact,221994,Stefan Miljenovic,Crvena Zvezda,Forward,Power Forward,PF,"6' 4""",221994:Stefan Miljenovic:Crvena Zvezda
P000435,"MILLAGE, CURTIS",Curtis Millage,not_found,,,,,,,,
P010857,"MILLER, BABA",Baba Miller,exact,105775,Baba Miller,Los Angeles Clippers,Forward,Small Forward,SF,"6' 9""",105775:Baba Miller:Los Angeles Clippers
P006421,"MILLER, DARIUS",Darius Miller,exact,53534,Darius Miller,,Forward,Small Forward,SF,"6' 6""",53534:Darius Miller:None
P009048,"MILLER-MCINTYRE, CODI",Codi Miller-Mcintyre,exact,71420,Codi Miller-McIntyre,Olympiacos,Guard,Point Guard,PG,"6' 3""",71420:Codi Miller-McIntyre:Olympiacos
P006657,"MILLER, QUINCY",Quincy Miller,ambiguous,,,,,,,,123181:Brandon Miller:Charlotte Hornets; 73387:Malcom Miller:São José; 71420:Codi Miller-McIntyre:Olympiacos; 105775:Baba Miller:Los Angeles Clippers; 133068:Leonard Miller:Chicago Bulls; 109352:Jordan Miller:Los Angeles Clippers; 132552:Diamond Miller:Connecticut Sun; 90335:Reggie Miller:Abilene Christian; 84190:Patrick Miller:Lokomotiv Kuban; 109214:Miller Kopp:Cleveland Charge; 109334:Emanuel Miller:Cleveland Cavaliers; 89321:Adam Miller:Gonzaga; 189694:Mercy Miller:Houston; 53534:Darius Miller:None; 109327:Mason Miller:None; 148710:Boopie Miller:SMU; 89944:Sean Miller-Moore:Calgary Surge; 104414:Tavario Miller:Mineros de Zacatecas; 172604:Franco Miller:None; 202056:Malik Miller:Freseros De Irapuato; 89152:Naim Miller:None; 89371:Brock Miller:None; 89544:Walker Miller:Monmouth; 90142:Isaiah Miller:None; 109357:Rodney Miller Jr.:None; 109424:Jalen Miller:Oral Roberts; 124396:Jack Miller:Charleston; 128377:Jed Miller:Montana State; 134847:Curt Miller:None; 148646:Hercy Miller:None; 157928:Quay Miller:None; 160771:Elijah Miller:Edmonton Stingers; 194365:Mavrick Miller:High Point; 194736:Robert Miller:LSU; 194738:Vyctorius Miller:LSU; 196343:Masen Miller:None; 196346:Tajavis Miller:New Mexico; 197449:Hysier Miller:None; 200173:Dilen Miller:Robert Morris; 156262:Shonn Miller:None; 178924:Raymond Miller:None; 231912:Win Miller:Belmont; 232452:Caden Miller:High Point; 235524:Jamil Miller:Kennesaw State
P002822,"MILOSAVLJEVIC, DRAGAN",Dragan Milosavljevic,exact,53142,Dragan Milosavljevic,KK Igokea,Guard,Shooting Guard,SG,"6' 6""",53142:Dragan Milosavljevic:KK Igokea
PJPP,"MILOSEVIC, STEVAN",Stevan Milosevic,exact,237623,Lazar Milošević,Longwood,Forward,Power Forward,PF,"6' 10""",237623:Lazar Milošević:Longwood
PTHY,"MILOSEVIC, STRAHINJA",Strahinja Milosevic,exact,237623,Lazar Milošević,Longwood,Forward,Power Forward,PF,"6' 10""",237623:Lazar Milošević:Longwood
PKPH,"MILOSEVITS, IGKOR",Igkor Milosevits,not_found,,,,,,,,
P014007,"MILTON, SHAKE",Shake Milton,exact,64205,Shake Milton,Hapoel Jerusalem,Guard,Shooting Guard,SG,"6' 5""",64205:Shake Milton:Hapoel Jerusalem
P003941,"MILUTINOV, NIKOLA",Nikola Milutinov,exact,53235,Nikola Milutinov,Olympiacos,Center,Center,C,"7' 0""",53235:Nikola Milutinov:Olympiacos
PKWH,"MINARD, RICKY",Ricky Minard,not_found,,,,,,,,
P007423,"MINCHEV, YORDAN",Yordan Minchev,exact,153857,Yordan Minchev,Bv Chemnitz 99,Forward,Power Forward,PF,"6' 9""",153857:Yordan Minchev:Bv Chemnitz 99
P004645,"MINIOTAS, REGIMANTAS",Regimantas Miniotas,exact,85535,Regimantas Miniotas,BC Wolves Vilnius,Forward,Power Forward,PF,"6' 10""",85535:Regimantas Miniotas:BC Wolves Vilnius
PBFT,"MIRALLES, ALBERT",Albert Miralles,not_found,,,,,,,,
P000796,"MIROTIC, NIKOLA",Nikola Mirotic,exact,55850,Nikola Mirotic,AS Monaco,Forward,Power Forward,PF,"6' 10""",55850:Nikola Mirotic:AS Monaco
P000275,"MITCHELL, DARREL",Darrel Mitchell,ambiguous,,,,,,,,53571:Donovan Mitchell:Cleveland Cavaliers; 64194:Mitchell Robinson:Boston Celtics; 89413:Davion Mitchell:Miami Heat; 95034:Kelsey Mitchell:Indiana Fever; 128731:Ajay Mitchell:Oklahoma City Thunder; 89662:Matt Mitchell:Bahçeşehir Koleji; 78473:Akil Mitchell:Qingdao Eagles; 95036:Tiffany Mitchell:Seattle Storm; 123109:Mark Mitchell:Missouri; 123139:Dillon Mitchell:Boston Celtics; 71227:Mitchell Watt:None; 95028:Leilani Mitchell:None; 186115:Tony Mitchell:None; 89426:D.J. Mitchell:South East Melbourne; 108700:Tre Mitchell:JL Bourg; 109978:Kobe Mitchell:None; 142572:Wendell Mitchell:New Basket Brindisi; 194243:Mitchell Holmes:SMU; 89501:Dee Mitchell:None; 89861:Shereef Mitchell:None; 90032:Mitchell Smith:None; 108738:Mitchell Saxen:Nanterre; 109118:Stevie Mitchell:Rio Grande Valley Vipers; 145577:Mitchell Creek:Cluj Napoca; 145624:Mitchell Norton:Brisbane Bullets; 147698:Mike Mitchell:Minnesota; 149494:Charles Mitchell:Hebraica y Macabi; 108578:Mitchell Paul:None; 121777:Matt Mitchell:None; 122942:Kellen Mitchell:None; 123127:Makhel Mitchell:Abejas de León; 128077:Josh Mitchell:None; 146040:Mitchell McCarron:Taranaki Mountainairs; 147738:RayQuawndis Mitchell:None; 186159:Trhae Mitchell:None; 196110:Keyshawn Mitchell:VCU; 200065:Kameryn Mitchell:Troy; 219641:Nathaniel Mitchell:Guangzhou Loong Lions; 220843:Makhi Mitchell:Motor City Cruise; 226412:Xzavion Mitchell:Iowa State; 235366:Kolton Mitchell:Idaho; 235503:Elijah Mitchell:Prairie View A&M; 246013:Nate Mitchell:None
P012622,"MITCHELL, MATTHEW",Matthew Mitchell,ambiguous,,,,,,,,53571:Donovan Mitchell:Cleveland Cavaliers; 64194:Mitchell Robinson:Boston Celtics; 89413:Davion Mitchell:Miami Heat; 95034:Kelsey Mitchell:Indiana Fever; 128731:Ajay Mitchell:Oklahoma City Thunder; 89662:Matt Mitchell:Bahçeşehir Koleji; 78473:Akil Mitchell:Qingdao Eagles; 95036:Tiffany Mitchell:Seattle Storm; 123109:Mark Mitchell:Missouri; 123139:Dillon Mitchell:Boston Celtics; 71227:Mitchell Watt:None; 95028:Leilani Mitchell:None; 186115:Tony Mitchell:None; 89426:D.J. Mitchell:South East Melbourne; 108700:Tre Mitchell:JL Bourg; 109978:Kobe Mitchell:None; 142572:Wendell Mitchell:New Basket Brindisi; 194243:Mitchell Holmes:SMU; 89501:Dee Mitchell:None; 89861:Shereef Mitchell:None; 90032:Mitchell Smith:None; 108738:Mitchell Saxen:Nanterre; 109118:Stevie Mitchell:Rio Grande Valley Vipers; 145577:Mitchell Creek:Cluj Napoca; 145624:Mitchell Norton:Brisbane Bullets; 147698:Mike Mitchell:Minnesota; 149494:Charles Mitchell:Hebraica y Macabi; 108578:Mitchell Paul:None; 121777:Matt Mitchell:None; 122942:Kellen Mitchell:None; 123127:Makhel Mitchell:Abejas de León; 128077:Josh Mitchell:None; 146040:Mitchell McCarron:Taranaki Mountainairs; 147738:RayQuawndis Mitchell:None; 186159:Trhae Mitchell:None; 196110:Keyshawn Mitchell:VCU; 200065:Kameryn Mitchell:Troy; 219641:Nathaniel Mitchell:Guangzhou Loong Lions; 220843:Makhi Mitchell:Motor City Cruise; 226412:Xzavion Mitchell:Iowa State; 235366:Kolton Mitchell:Idaho; 235503:Elijah Mitchell:Prairie View A&M; 246013:Nate Mitchell:None
P007866,"MITOGLOU, KONSTANTINOS",Konstantinos Mitoglou,exact,136343,Konstantinos Mitoglou,Panathinaikos,Forward,Power Forward,PF,"6' 11""",136343:Konstantinos Mitoglou:Panathinaikos
P011965,"MITROU-LONG, NAZ",Naz Mitrou-Long,exact,64228,Naz Mitrou-Long,Napoli Basket,Guard,Shooting Guard,SG,"6' 4""",64228:Naz Mitrou-Long:Napoli Basket
P001929,"MITROVIC, ALEKSANDAR",Aleksandar Mitrovic,ambiguous,,,,,,,,71944:Luka Mitrovic:CSKA Moscow; 71295:Mitrovic Zvezdan:None; 183161:Zvezdan Mitrovic:KK Cedevita Olimpija
P002553,"MITROVIC, LUKA",Luka Mitrovic,exact,71944,Luka Mitrovic,CSKA Moscow,Forward,Power Forward,PF,"6' 8""",71944:Luka Mitrovic:CSKA Moscow
PTGJ,"MOCNIK, JAN",Jan Mocnik,not_found,,,,,,,,
P001833,"MOERMAN, ADRIEN",Adrien Moerman,exact,53122,Adrien Moerman,,Forward,Power Forward,PF,"6' 8""",53122:Adrien Moerman:None
PLGT,"MOISO, JEROME",Jerome Moiso,not_found,,,,,,,,
P003362,"MOLDOVEANU, VLAD",Vlad Moldoveanu,not_found,,,,,,,,
P001199,"MOLINA, MIGUEL MAURICIO",Miguel Mauricio Molina,ambiguous,,,,,,,,113112:Iverson Molinar:Cluj Napoca; 156172:Enzo Molinari:Hebraica y Macabi
P001477,"MONALDI, DIEGO",Diego Monaldi,not_found,,,,,,,,
PJCL,"MONCASI, ALBERT",Albert Moncasi,not_found,,,,,,,,
P012201,"MONEKE, CHIMA",Chima Moneke,exact,97413,Chima Moneke,Crvena Zvezda,Forward,Power Forward,PF,"6' 6""",97413:Chima Moneke:Crvena Zvezda
P009835,"MONROE, GREGORY",Gregory Monroe,ambiguous,,,,,,,,53497:Greg Monroe:None; 67361:Darryl Monroe:None; 160104:Kris Monroe:Oberwart Gunners
P003412,"MONSE, STEVEN",Steven Monse,not_found,,,,,,,,
P010042,"MONTERO, JEAN",Jean Montero,exact,81769,Jean Montero,Olympiacos,Guard,Point Guard,PG,"6' 2""",81769:Jean Montero:Olympiacos
P012784,"MONTVILA, NEDAS",Nedas Montvila,exact,147674,Nedas Montvila,Nevėžis,Guard,Shooting Guard,SG,"6' 4""",147674:Nedas Montvila:Nevėžis
PBFX,"MONYA, SERGEY",Sergey Monya,not_found,,,,,,,,
P005668,"MOON, JAMARIO",Jamario Moon,ambiguous,,,,,,,,105810:Xavier Moon:Zenit; 86039:Matt Mooney:None; 109589:Joe Moon IV:None
P014115,"MOORE, OMARI",Omari Moore,exact,133060,Omari Moore,Valencia Basket,Forward,Small Forward,SF,"6' 6""",133060:Omari Moore:Valencia Basket
P006544,"MORAITIS, DIMITRIS",Dimitris Moraitis,exact,86306,Dimitris Moraitis,Panathinaikos,Guard,Point Guard,PG,"6' 4""",86306:Dimitris Moraitis:Panathinaikos
PJOB,"MORANDAIS, MICHEL",Michel Morandais,not_found,,,,,,,,
P000726,"MORASCHINI, RICCARDO",Riccardo Moraschini,exact,70923,Riccardo Moraschini,Pallacanestro Cantù,Guard,Point Guard,PG,"6' 4""",70923:Riccardo Moraschini:Pallacanestro Cantù
P001862,"MORAY, YANNICK",Yannick Moray,not_found,,,,,,,,
PBUF,"MORDENTE, MARCO",Marco Mordente,not_found,,,,,,,,
P005404,"MORETTI, DAVIDE",Davide Moretti,exact,81570,Davide Moretti,Allianz Pallacanestro Trieste,Guard,Point Guard,PG,"6' 3""",81570:Davide Moretti:Allianz Pallacanestro Trieste
P010431,"MORGAN, JEREMY",Jeremy Morgan,exact,81689,Jeremy Morgan,Paris Basketball,Guard,Shooting Guard,SG,"6' 5""",81689:Jeremy Morgan:Paris Basketball
P012585,"MORGAN, MATTHEW",Matthew Morgan,exact,142618,Matt Morgan,,Guard,Point Guard,PG,"6' 2""",142618:Matt Morgan:None
P006481,"MORGAN, RAYMAR",Raymar Morgan,exact,71239,Raymar Morgan,,Forward,Power Forward,PF,"6' 8""",71239:Raymar Morgan:None
P001471,"MORINA, GEZIM",Gezim Morina,exact,191872,Gezim Morina,,Forward,Power Forward,PF,"6' 9""",191872:Gezim Morina:None
P002693,"MORLEY, ZACH",Zach Morley,not_found,,,,,,,,
PAFY,"MOROVIC, VEDRAN",Vedran Morovic,not_found,,,,,,,,
P014212,"MORRIS, MONTE",Monte Morris,exact,64144,Monté Morris,,Guard,Point Guard,PG,"6' 2""",64144:Monté Morris:None
PLTS,"MORRIS, TERENCE",Terence Morris,ambiguous,,,,,,,,64120:Marcus Morris:None; 53385:Markieff Morris:None; 64144:Monté Morris:None; 89178:Morris Udeze:None; 121936:Jamel Morris:Lietkabelis; 146007:Harry Morris:None; 156176:Dominique Morrison:None; 64767:Alfred Morris:None; 89477:Cole Morris:None; 108808:Cole Morris:None; 72623:Mike Morrison:None; 90337:Mahki Morris:Abilene Christian; 123140:Arterio Morris:None; 148735:Morris Ugusuk:Stony Brook
P002852,"MOSS, DAVID",David Moss,exact,71220,David Moss,,Forward,Small Forward,SF,"6' 5""",71220:David Moss:None
PLCZ,"MOTIEJUNAS, DONATAS",Donatas Motiejunas,exact,102845,Donatas Motiejunas,,Center,Center,C,"7' 0""",102845:Donatas Motiejunas:None
P011157,"MOTLEY, JOHNATHAN",Johnathan Motley,exact,64165,Johnathan Motley,Crvena Zvezda,Forward,Power Forward,PF,"6' 9""",64165:Johnathan Motley:Crvena Zvezda
PBDH,"MOTTOLA, HANNO",Hanno Mottola,not_found,,,,,,,,
P006599,"MOTUM, BROCK",Brock Motum,exact,53204,Brock Motum,,Forward,Power Forward,PF,"6' 10""",53204:Brock Motum:None
P006636,"MOURATOS, VASSILIS",Vassilis Mouratos,exact,150130,Vassilis Mouratos,Lavrio,Guard,Point Guard,PG,"6' 4""",150130:Vassilis Mouratos:Lavrio
PLLK,"MOZGOV, TIMOFEY",Timofey Mozgov,exact,53433,Timofey Mozgov,BC Khimki,Center,Center,C,"7' 1""",53433:Timofey Mozgov:BC Khimki
PLGA,"MRSIC, DAMIR",Damir Mrsic,exact,142018,Veljko Mrsic,Dinamo Sassari,Management,Coach,,,142018:Veljko Mrsic:Dinamo Sassari
P011200,"MUDIAY, EMMANUEL",Emmanuel Mudiay,exact,53647,Emmanuel Mudiay,,Guard,Point Guard,PG,"6' 5""",53647:Emmanuel Mudiay:None
P001324,"MUHAMMED, ALI",Ali Muhammed,exact,53877,Ali Muhammed,,Guard,Point Guard,PG,"5' 10""",53877:Ali Muhammed:None
P000437,"MULALIC, MIRKO",Mirko Mulalic,exact,71419,Mirko Mulalic,,Guard,Shooting Guard,SG,"6' 5""",71419:Mirko Mulalic:None
PAPL,"MULAOMEROVIC, DAMIR",Damir Mulaomerovic,not_found,,,,,,,,
P003246,"MULLER, MALIK",Malik Muller,ambiguous,,,,,,,,184229:Jordan Müller:None; 235560:Jordan Muller:California Baptist; 151067:Janne Muller:Hamburg Towers
PBFJ,"MUMBRU, ALEX",Alex Mumbru,exact,121377,Alex Mumbru,Virtus Bologna,Management,Coach,,,121377:Alex Mumbru:Virtus Bologna
P007759,"MUNFORD, XAVIER",Xavier Munford,exact,81664,Xavier Munford,UNICS Kazan,Guard,Point Guard,PG,"6' 4""",81664:Xavier Munford:UNICS Kazan
P000719,"MUONEKE, GABE",Gabe Muoneke,not_found,,,,,,,,
P011235,"MUOSA, ZAYD",Zayd Muosa,exact,106455,Zayd Muosa,,Guard,Shooting Guard,SG,"6' 6""",106455:Zayd Muosa:None
P000977,"MURIC, DINO",Dino Muric,exact,53197,Edo Muric,,Forward,Small Forward,SF,"6' 8""",53197:Edo Muric:None
P003515,"MURIC, EDO",Edo Muric,exact,53197,Edo Muric,,Forward,Small Forward,SF,"6' 8""",53197:Edo Muric:None
P005201,"MURPHY, KEVIN",Kevin Murphy,ambiguous,,,,,,,,89987:Trey Murphy III:New Orleans Pelicans; 89199:Tremell Murphy:None; 84188:Jordan Murphy:None; 72510:Kamari Murphy:None; 149102:Ben Murphy:Maryland; 172275:Jacob Murphy:Bay Hawks; 172463:Murphy Rogers:None; 186655:Grayson Murphy:Telekom Baskets Bonn; 137225:Alex Murphy:Movistar Estudiantes; 148309:Carter Murphy:Georgia Tech; 226924:Preston Murphy Jr.:Alabama; 104848:Storm Murphy:None; 124180:KeShawn Murphy:Auburn; 147584:Luke Murphy:Colorado State; 148177:Gavin Murphy:None; 182056:Tomas Murphy:BC Nokia; 200161:Jake Murphy:UNC Wilmington; 226111:Liam Murphy:Purdue
P003235,"MURRAY, FLIP",Flip Murray,ambiguous,,,,,,,,53551:Dejounte Murray:New Orleans Pelicans; 53645:Jamal Murray:Denver Nuggets; 89923:Keegan Murray:Sacramento Kings; 89924:Kris Murray:Memphis Grizzlies; 148729:Collin Murray-Boyles:Toronto Raptors; 145180:James Murray-Boyles:BC Astana; 235204:Danny Murray:Siena; 104847:Brandon Murray:None; 109775:Jaylen Murray:None; 123174:Taine Murray:Brisbane Bullets; 188345:Taylor Murray:None; 89621:JJ Murray:North Texas; 181980:Gareth Murray:Caledonia Gladiators; 196723:David Murray:Merrimack; 222966:Joel Murray:Talenet Giants Antwerp
P006540,"MUSA, DZANAN",Dzanan Musa,exact,64123,Dzanan Musa,BC Dubai,Forward,Small Forward,SF,"6' 9""",64123:Dzanan Musa:BC Dubai
P006634,"MUSHIDI, KOSTJA",Kostja Mushidi,exact,145233,Kostja Mushidi,Bv Chemnitz 99,Guard,Shooting Guard,SG,"6' 5""",145233:Kostja Mushidi:Bv Chemnitz 99
PLUR,"MUSLI, DEJAN",Dejan Musli,ambiguous,,,,,,,,53152:Dejan Musli:None; 70855:Dejan Musli:None
P007991,"MUSTAFA, MUHAYMIN",Muhaymin Mustafa,exact,53198,Muhaymin Mustafa,Demir Insaat Buyukcekmece,Guard,Point Guard,PG,"6' 5""",53198:Muhaymin Mustafa:Demir Insaat Buyukcekmece
P008176,"MUTAF, DAVID",David Mutaf,exact,121941,David Mutaf,Anadolu Efes,Guard,Point Guard,PG,"6' 5""",121941:David Mutaf:Anadolu Efes
PLQV,"MUTAF, MAXIM",Maxim Mutaf,exact,82078,Maxim Mutaf,Bahçeşehir Koleji,Guard,Shooting Guard,SG,"6' 4""",82078:Maxim Mutaf:Bahçeşehir Koleji
P012997,"MUURINEN, MIIKKA",Miikka Muurinen,exact,172603,Miikka Muurinen,KK Partizan,Forward,Small Forward,SF,"6' 10""",172603:Miikka Muurinen:KK Partizan
PAHX,"NACHBAR, BOSTJAN",Bostjan Nachbar,not_found,,,,,,,,
P005828,"NACIUS, RAIDAS",Raidas Nacius,not_found,,,,,,,,
PBPN,"NADJFEJI, ALEKSANDAR",Aleksandar Nadjfeji,not_found,,,,,,,,
PAUI,"NADJFEJI, STEVAN",Stevan Nadjfeji,not_found,,,,,,,,
PCOT,"NAIMY, YUVAL",Yuval Naimy,not_found,,,,,,,,
P007632,"NAKIC, MARIO",Mario Nakic,exact,72222,Mario Nakić,KK Partizan,Forward,Power Forward,PF,"6' 7""",72222:Mario Nakić:KK Partizan
P000634,"NALGA, CEMAL",Cemal Nalga,not_found,,,,,,,,
P011224,"NAPIER, SHABAZZ",Shabazz Napier,exact,53661,Shabazz Napier,,Guard,Point Guard,PG,"6' 1""",53661:Shabazz Napier:None
PLZO,"NARDI, MIKE",Mike Nardi,not_found,,,,,,,,
P006635,"NASTIC, STEFAN",Stefan Nastic,not_found,,,,,,,,
PLAC,"NAVAJAS, ALEJANDRO",Alejandro Navajas,not_found,,,,,,,,
P003298,"NAVARRO, DAVID",David Navarro,exact,71074,David Navarro,,Guard,Shooting Guard,SG,"6' 4""",71074:David Navarro:None
PADI,"NAVARRO, JUAN CARLOS",Juan Carlos Navarro,ambiguous,,,,,,,,192063:Guillermo Navarro:Toros de Chiriqui; 70856:Ibon Navarro:Unicaja Málaga; 71074:David Navarro:None; 237347:William Navarro:KCC Egis
P001124,"NAVARRO, JUAN LUIS",Juan Luis Navarro,ambiguous,,,,,,,,192063:Guillermo Navarro:Toros de Chiriqui; 70856:Ibon Navarro:Unicaja Málaga; 71074:David Navarro:None; 237347:William Navarro:KCC Egis
P009213,"NDIAYE, ELI",Eli Ndiaye,exact,104252,Eli John Ndiaye,,Center,Center,C,"6' 8""",104252:Eli John Ndiaye:None
P000459,"N'DIAYE, MAMADOU",Mamadou N'Diaye,ambiguous,,,,,,,,121956:Ousmane N'Diaye:BC Roma SPQR; 195193:Mariama N'Diaye:Landes (W)
P012731,"NDIAYE, MBAYE",Mbaye Ndiaye,ambiguous,,,,,,,,104252:Eli John Ndiaye:None; 121956:Ousmane N'Diaye:BC Roma SPQR; 71703:Mamadou Niang:Orleans; 89693:Seny Ndiaye:None; 145727:Fallou Ndiaye:None; 191447:Amdy Ndiaye:Pittsburgh; 142549:Hamady Ndiaye:None
P012058,"NDIAYE, OUSMANE",Ousmane Ndiaye,exact,121956,Ousmane N'Diaye,BC Roma SPQR,Forward,Power Forward,PF,"6' 11""",121956:Ousmane N'Diaye:BC Roma SPQR
P004587,"NDIAYE, SAMBA",Samba Ndiaye,ambiguous,,,,,,,,104252:Eli John Ndiaye:None; 121956:Ousmane N'Diaye:BC Roma SPQR; 71703:Mamadou Niang:Orleans; 89693:Seny Ndiaye:None; 145727:Fallou Ndiaye:None; 191447:Amdy Ndiaye:Pittsburgh; 142549:Hamady Ndiaye:None
P008097,"NDJOCK, ELWIN",Elwin Ndjock,exact,83053,Elwin Ndjock,,Forward,Power Forward,PF,"6' 4""",83053:Elwin Ndjock:None
PTGE,"NDONG, BONIFACE",Boniface Ndong,ambiguous,,,,,,,,148310:Baye Ndongo:Georgia Tech; 149045:Thomas Ndong:California Baptist
P006726,"NDOUR, MAURICE",Maurice Ndour,exact,71082,Maurice Ndour,Maxima Roma,Forward,Power Forward,PF,"6' 9""",71082:Maurice Ndour:Maxima Roma
PJXC,"NDOYE, MALEYE",Maleye Ndoye,ambiguous,,,,,,,,71464:Youssou Ndoye:None; 81741:Abdoulaye Ndoye:Strasbourg
P000751,"NEAL, GARY",Gary Neal,ambiguous,,,,,,,,81699:Neal Sako:Valencia Basket; 146955:Neal Begovich:None; 128625:Jamiya Neal:Rip City Remix; 191869:Neal Quinn:Gravelines; 227298:EJ Neal Jr.:USC; 232403:A.J. Neal Jr.:Long Island University
P011199,"NEBO, JOSH",Josh Nebo,exact,84212,Josh Nebo,Barcelona,Center,Center,C,"6' 9""",84212:Josh Nebo:Barcelona
P012948,"NEDELJKOVIC, ALEKSEJ",Aleksej Nedeljkovic,exact,223740,Aleksej Nedeljkovic,Crvena Zvezda,Forward,Power Forward,PF,"6' 7""",223740:Aleksej Nedeljkovic:Crvena Zvezda
P000848,"NEDOVIC, NEMANJA",Nemanja Nedovic,exact,53147,Nemanja Nedović,AS Monaco,Guard,Shooting Guard,SG,"6' 3""",53147:Nemanja Nedović:AS Monaco
P002829,"NELSON, DEMARCUS",Demarcus Nelson,ambiguous,,,,,,,,"111174:Olivia Nelson-Ododa:Connecticut Sun; 137680:Nelson Colon:None; 64434:Nelson Weidemann:Ratiopharm Ulm; 147626:Grant Nelson:Brooklyn Nets; 64357:Luke Nelson:None; 109268:Nelson Boachie-Yiadom:Davidson; 109615:Jameer Nelson Jr.:Stockton Kings; 240376:Jameer Nelson Sr.:Philadelphia 76ers; 147273:Tyrell Nelson:Uralmash; 203834:Wesley Nelson Dreamer:None; 109561:Nelson Phillips:None; 109186:Eoin Nelson:Wyoming; 196563:Izaiyah Nelson:Orlando Magic; 223645:Wesley Dreamer:ČEZ Nymburk; 70924:Nelson, Demarcus:None; 109960:Jason Nelson:Youngstown State; 145120:Adrian Nelson:None; 145244:Tyler Nelson:None; 148331:Jajuan Nelson:Pittsburgh; 161365:Nelson Peralta:Olimpia; 161419:Nelson Peralta:Sol De America; 202229:Nelson Martin:Hamburg Towers; 202076:Marek Nelson:Olomouc; 203532:Nelson Haskin:Traiskirchen; 206690:Nelson Peralta:Ca Ciudad Nueva; 226132:Evan Nelson:Arizona; 226409:Dominick Nelson:Iowa State"
P003931,"NELSON, REEVES",Reeves Nelson,ambiguous,,,,,,,,"111174:Olivia Nelson-Ododa:Connecticut Sun; 137680:Nelson Colon:None; 64434:Nelson Weidemann:Ratiopharm Ulm; 147626:Grant Nelson:Brooklyn Nets; 64357:Luke Nelson:None; 109268:Nelson Boachie-Yiadom:Davidson; 109615:Jameer Nelson Jr.:Stockton Kings; 240376:Jameer Nelson Sr.:Philadelphia 76ers; 147273:Tyrell Nelson:Uralmash; 203834:Wesley Nelson Dreamer:None; 109561:Nelson Phillips:None; 109186:Eoin Nelson:Wyoming; 196563:Izaiyah Nelson:Orlando Magic; 223645:Wesley Dreamer:ČEZ Nymburk; 70924:Nelson, Demarcus:None; 109960:Jason Nelson:Youngstown State; 145120:Adrian Nelson:None; 145244:Tyler Nelson:None; 148331:Jajuan Nelson:Pittsburgh; 161365:Nelson Peralta:Olimpia; 161419:Nelson Peralta:Sol De America; 202229:Nelson Martin:Hamburg Towers; 202076:Marek Nelson:Olomouc; 203532:Nelson Haskin:Traiskirchen; 206690:Nelson Peralta:Ca Ciudad Nueva; 226132:Evan Nelson:Arizona; 226409:Dominick Nelson:Iowa State"
PKXL,"NELSON, SPENCER",Spencer Nelson,ambiguous,,,,,,,,"111174:Olivia Nelson-Ododa:Connecticut Sun; 137680:Nelson Colon:None; 64434:Nelson Weidemann:Ratiopharm Ulm; 147626:Grant Nelson:Brooklyn Nets; 64357:Luke Nelson:None; 109268:Nelson Boachie-Yiadom:Davidson; 109615:Jameer Nelson Jr.:Stockton Kings; 240376:Jameer Nelson Sr.:Philadelphia 76ers; 147273:Tyrell Nelson:Uralmash; 203834:Wesley Nelson Dreamer:None; 109561:Nelson Phillips:None; 109186:Eoin Nelson:Wyoming; 196563:Izaiyah Nelson:Orlando Magic; 223645:Wesley Dreamer:ČEZ Nymburk; 70924:Nelson, Demarcus:None; 109960:Jason Nelson:Youngstown State; 145120:Adrian Nelson:None; 145244:Tyler Nelson:None; 148331:Jajuan Nelson:Pittsburgh; 161365:Nelson Peralta:Olimpia; 161419:Nelson Peralta:Sol De America; 202229:Nelson Martin:Hamburg Towers; 202076:Marek Nelson:Olomouc; 203532:Nelson Haskin:Traiskirchen; 206690:Nelson Peralta:Ca Ciudad Nueva; 226132:Evan Nelson:Arizona; 226409:Dominick Nelson:Iowa State"
P008807,"NENADIC, NEMANJA",Nemanja Nenadic,exact,142492,Nemanja Nenadic,,Guard,Small Forward,SF,"6' 6""",142492:Nemanja Nenadic:None
P005172,"NERUSH, OLEKSANDR",Oleksandr Nerush,not_found,,,,,,,,
PCIA,"NESOVIC, ALEKSEJ",Aleksej Nesovic,not_found,,,,,,,,
P002815,"NESTEROVIC, RASHO",Rasho Nesterovic,not_found,,,,,,,,
P013505,"NETO, RAUL",Raul Neto,exact,53580,Raul Neto,,Guard,Point Guard,PG,"6' 2""",53580:Raul Neto:None
P014122,"NETZIPOGLOU, OMIROS",Omiros Netzipoglou,exact,141842,Omiros Netzipoglou,Olympiacos,Guard,Shooting Guard,SG,"6' 5""",141842:Omiros Netzipoglou:Olympiacos
P002090,"NEUMANN, PHILIPP",Philipp Neumann,not_found,,,,,,,,
P000396,"NEWLEY, BRAD",Brad Newley,exact,145593,Brad Newley,,Forward,Power Forward,PF,"6' 6""",145593:Brad Newley:None
P002341,"NEY, JOEY",Joey Ney,exact,191943,Neysser Coutin,Capitalinos De La Habana,Guard,Power Forward,PF,"6' 4""",191943:Neysser Coutin:Capitalinos De La Habana
P009556,"NGOUAMA, MEHDY",Mehdy Ngouama,exact,72259,Mehdy Ngouama,CB Granada,Guard,Point Guard,PG,"6' 2""",72259:Mehdy Ngouama:CB Granada
P004215,"NGUIRANE, MAODO MALICK",Maodo Malick Nguirane,exact,120628,Maodo Nguirane,,Forward,Small Forward,SF,"6' 11""",120628:Maodo Nguirane:None
P012687,"NIANG, SALIOU",Saliou Niang,exact,143724,Saliou Niang,,Forward,Small Forward,SF,"6' 5""",143724:Saliou Niang:None
PKNG,"NICHOLAS, DREW",Drew Nicholas,ambiguous,,,,,,,,71073:Nick Spires:Södertälje BBK; 89174:Joirdon  Nicholas:Maccabi Ironi Ramat Gan; 128432:Nicholas Boyd:Wisconsin; 90684:Nick Hornsby:Dorados De Chihuahua; 83604:Nicholas Colin Kay:None; 142224:Nicholas Errica:None; 182708:Nicholas Tomsick:Gambusinos De Fresnillo; 172242:Nicholas Barrow:Auckland Huskies; 181663:Nicholas Stoddart:Tasmania Jackjumpers; 89312:Nicholas Evtimov:None; 108754:Nicholas McMullen:Murray State; 146039:Nicholas Marshall:None; 149533:Nicholas Petri:None; 158335:Ty Nicholas:Usti nad Labem; 172346:Nicholas Davidson:Nelson Giants; 182637:Nicholas Tischler:Baskets Oldenburg; 202877:Nicholas Muszynski:Wellington Saints; 226331:Nicholas Randall:Missouri
P001834,"NICHOLS, AUSTIN",Austin Nichols,ambiguous,,,,,,,,126859:Matthew Nicholson:Northwestern; 150001:Andrew Nicholson:None; 148307:Emmer Nichols:Georgia Tech; 173445:Lauren Nicholson:None; 109346:Jimmy Nichols Jr.:None; 149417:Kipper Nichols:Sheffield Sharks; 193341:Ty Nichols:Maccabi Ironi Ramat Gan; 184222:Kassim Nicholson:Rostock Seawolves; 157932:Javyn Nicholson:None; 223750:David Nichols:Kolossos Rhodes; 227762:Mason Nicholson:Vanderbilt
P003482,"NICHOLS, DEMETRIS",Demetris Nichols,ambiguous,,,,,,,,126859:Matthew Nicholson:Northwestern; 150001:Andrew Nicholson:None; 148307:Emmer Nichols:Georgia Tech; 173445:Lauren Nicholson:None; 109346:Jimmy Nichols Jr.:None; 149417:Kipper Nichols:Sheffield Sharks; 193341:Ty Nichols:Maccabi Ironi Ramat Gan; 184222:Kassim Nicholson:Rostock Seawolves; 157932:Javyn Nicholson:None; 223750:David Nichols:Kolossos Rhodes; 227762:Mason Nicholson:Vanderbilt
PJRD,"NIELSEN, MATT",Matt Nielsen,not_found,,,,,,,,
P006819,"NIKIC, KRESIMIR",Kresimir Nikic,exact,70956,Kresimir Nikic,Mitteldeutscher,Center,Center,C,"7' 0""",70956:Kresimir Nikic:Mitteldeutscher
P010063,"NIKOLAIDIS, ALEXANDROS",Alexandros Nikolaidis,exact,84910,Alexandros Nikolaidis,Panionios Idrogios,Guard,Point Guard,PG,"6' 3""",84910:Alexandros Nikolaidis:Panionios Idrogios
P003703,"NIKOLIC, ALEKSEJ",Aleksej Nikolic,exact,97405,Aleksej Nikolic,KK Cedevita Olimpija,Guard,Shooting Guard,SG,"6' 3""",97405:Aleksej Nikolic:KK Cedevita Olimpija
P002551,"NIKOLIC, DANILO",Danilo Nikolic,exact,64408,Danilo Nikolic,Kk Spartak Subotica,Forward,Power Forward,PF,"6' 9""",64408:Danilo Nikolic:Kk Spartak Subotica
PBOS,"NIKOLIC, GORAN",Goran Nikolic,ambiguous,,,,,,,,97405:Aleksej Nikolic:KK Cedevita Olimpija; 71205:Zoran Nikolic:KK Budućnost; 64408:Danilo Nikolic:Kk Spartak Subotica; 182794:Dimitrije Nikolic:None; 71283:Stefan Nikolic:Reyer Venezia; 227575:Dusan Nikolic:Skyliners Frankfurt
PJMS,"NIKOLIC, UROS",Uros Nikolic,ambiguous,,,,,,,,97405:Aleksej Nikolic:KK Cedevita Olimpija; 71205:Zoran Nikolic:KK Budućnost; 64408:Danilo Nikolic:Kk Spartak Subotica; 182794:Dimitrije Nikolic:None; 71283:Stefan Nikolic:Reyer Venezia; 227575:Dusan Nikolic:Skyliners Frankfurt
P005357,"NIKOLIC, ZORAN",Zoran Nikolic,exact,71205,Zoran Nikolic,KK Budućnost,Center,Center,C,"7' 0""",71205:Zoran Nikolic:KK Budućnost
P005963,"NIKOLOV, KRISTIJAN",Kristijan Nikolov,ambiguous,,,,,,,,188534:Ivana Nikolova:Levharti Chomutov (W); 191908:Strahil Nikolov:Tft Skopje
P001908,"NJEI, ACHA",Acha Njei,not_found,,,,,,,,
PLNM,"NJOYA, SAIDOU",Saidou Njoya,not_found,,,,,,,,
P010641,"NNAJI, JAMES",James Nnaji,exact,105183,James Nnaji,Baylor,Center,Center,C,"7' 0""",105183:James Nnaji:Baylor
P009051,"NNOKO, LANDRY",Landry Nnoko,exact,70961,Landry Nnoko,Bursaspor Durmazlar,Center,Center,C,"6' 10""",70961:Landry Nnoko:Bursaspor Durmazlar
P001241,"NOCEDAL, MATIAS",Matias Nocedal,not_found,,,,,,,,
PAPR,"NOCIONI, ANDRES",Andres Nocioni,not_found,,,,,,,,
P010162,"NOGUES, ISAAC",Isaac Nogues,exact,175918,Isaac Nogués,Valencia Basket,Guard,Shooting Guard,SG,"6' 5""",175918:Isaac Nogués:Valencia Basket
PJSU,"NOLAN, NORMAN",Norman Nolan,ambiguous,,,,,,,,157357:Nolan Traore:Brooklyn Nets; 108526:Nolan Hickman:Capital City Go-Go; 147965:Nolan Winter:Wisconsin; 90010:Nolan Foster:Ohio; 109318:C.J. Noland:None; 142508:Nolan Kingue:None; 192617:Kenny Noland:Columbia; 200159:Nolan Hodge:UNC Wilmington; 200242:Nolan Kemm:None; 223701:Nolan Adekunle:TBB Trier; 226241:Nolan Groves:Texas Tech
PLHH,"NOREL, HENK",Henk Norel,not_found,,,,,,,,
P014134,"NORRIS, MILES",Miles Norris,exact,89884,Miles Norris,,Forward,Power Forward,PF,"6' 10""",89884:Miles Norris:None
P006068,"NOUA, AMINE",Amine Noua,exact,70973,Amine Noua,Aris Bsa,Forward,Power Forward,PF,"6' 8""",70973:Amine Noua:Aris Bsa
P001890,"NOVIKOV, VALENTIN",Valentin Novikov,exact,147276,Igor Novikov,Uralmash,Guard,Point Guard,PG,"6' 3""",147276:Igor Novikov:Uralmash
P000078,"NOVI, MICHELE",Michele Novi,ambiguous,,,,,,,,71197:Novica Velickovic:None; 191546:Rostyslav Novitskyi:VEF Riga; 147276:Igor Novikov:Uralmash
P014119,"NOWELL, MARKQUIS",Markquis Nowell,exact,126395,Markquis Nowell,,Guard,Point Guard,PG,"5' 7""",126395:Markquis Nowell:None
PABB,"NTIKOUDIS, DIMOSTHENIS",Dimosthenis Ntikoudis,not_found,,,,,,,,
P006591,"NTILIKINA, FRANK",Frank Ntilikina,exact,53512,Frank Ntilikina,Paris Basketball,Guard,Point Guard,PG,"6' 4""",53512:Frank Ntilikina:Paris Basketball
P012100,"NUFER, ANTON",Anton Nufer,exact,147289,Anton Nufer,Alba Berlin,Guard,Point Guard,PG,"6' 6""",147289:Anton Nufer:Alba Berlin
P010106,"NUNEZ, JUAN",Juan Nunez,exact,95475,Juan Núñez,Barcelona,Guard,Point Guard,PG,"6' 3""",95475:Juan Núñez:Barcelona
P007400,"NUNNALLY, JAMES WILLIAM",James William Nunnally,ambiguous,,,,,,,,53212:James Nunnally:AEK; 126051:Alex Nunnally:None
P012774,"NUNN, KENDRICK",Kendrick Nunn,exact,71332,Kendrick Nunn,Panathinaikos,Guard,Shooting Guard,SG,"6' 2""",71332:Kendrick Nunn:Panathinaikos
P004053,"NURKIC, JUSUF",Jusuf Nurkic,exact,53657,Jusuf Nurkic,Utah Jazz,Center,Center,C,"7' 0""",53657:Jusuf Nurkic:Utah Jazz
P013363,"NWORA, JORDAN",Jordan Nwora,exact,86055,Jordan Nwora,Crvena Zvezda,Forward,Small Forward,SF,"6' 7""",86055:Jordan Nwora:Crvena Zvezda
P005092,"NZEULIE, JEREMY",Jeremy Nzeulie,exact,72665,Jeremy Nzeulie,,Guard,Shooting Guard,SG,"6' 2""",72665:Jeremy Nzeulie:None
P011938,"OBASOHAN, RETIN",Retin Obasohan,exact,72629,Retin Obasohan,Baxi Manresa,Guard,Shooting Guard,SG,"6' 1""",72629:Retin Obasohan:Baxi Manresa
P008262,"OBIESIE, JOSHUA",Joshua Obiesie,exact,102848,Joshua Obiesie,Basketball Lowen Braunschweig,Forward,Power Forward,PF,"6' 6""",102848:Joshua Obiesie:Basketball Lowen Braunschweig
P009004,"O'BRYANT, JOHNNY",Johnny O'Bryant,exact,53480,Johnny O'Bryant,,Forward,Power Forward,PF,"6' 9""",53480:Johnny O'Bryant:None
P004508,"OBST, ANDREAS",Andreas Obst,exact,69978,Andreas Obst,Bayern Munich,Guard,Shooting Guard,SG,"6' 3""",69978:Andreas Obst:Bayern Munich
P011823,"ODIASE, TAI",Tai Odiase,exact,121959,Tai Odiase,Hapoel Tel Aviv,Center,Center,C,"6' 9""",121959:Tai Odiase:Hapoel Tel Aviv
P008140,"ODINOKOV, VLADISLAV",Vladislav Odinokov,exact,81890,Vladislav Odinokov,,Center,Center,C,"6' 9""",81890:Vladislav Odinokov:None
P005667,"ODOM, LAMAR",Lamar Odom,ambiguous,,,,,,,,94982:Leaonna Odom:None; 121019:Rashard Odomes:Bcm Pitesti; 126001:Connor Odom:None; 108821:Dwon Odom:None; 128768:Shy Odom:None; 230628:Owen Odom:Virginia
P004982,"OFOEGBU, IKE",Ike Ofoegbu,exact,72948,Ike Ofoegbu,Maccabi Ashdod,Center,Center,C,"6' 9""",72948:Ike Ofoegbu:Maccabi Ashdod
P003242,"OGBE, KENNETH",Kenneth Ogbe,exact,70957,Kenneth Ogbe,Hamburg Towers,Guard,Shooting Guard,SG,"6' 6""",70957:Kenneth Ogbe:Hamburg Towers
P002926,"OGILVY, ANDREW JAMES",Andrew James Ogilvy,not_found,,,,,,,,
P007057,"OGUNSIPE, MARVIN",Marvin Ogunsipe,not_found,,,,,,,,
P000622,"OHAYON, YOGEV",Yogev Ohayon,exact,64756,Yogev Ohayon,Ironi Nahariya,Guard,Point Guard,PG,"6' 2""",64756:Yogev Ohayon:Ironi Nahariya
PLPK,"OHLBRECHT, TIM",Tim Ohlbrecht,not_found,,,,,,,,
P009461,"OIKONOMOPOULOS, SOTIRIOS",Sotirios Oikonomopoulos,exact,106456,Sotirios Oikonomopoulos,Panionios Idrogios,Guard,Point Guard,PG,"6' 3""",106456:Sotirios Oikonomopoulos:Panionios Idrogios
P011982,"OJELEYE, SEMI",Semi Ojeleye,exact,53318,Semi Ojeleye,,Forward,Small Forward,SF,"6' 6""",53318:Semi Ojeleye:None
P008801,"OJO, MICHAEL",Michael Ojo,exact,70920,"Ojo, Michael",,Center,Center,C,"7' 1""","70920:Ojo, Michael:None"
P014006,"OKEKE, CHUMA",Chuma Okeke,exact,85972,Chuma Okeke,Real Madrid,Forward,Power Forward,PF,"6' 7""",85972:Chuma Okeke:Real Madrid
P011212,"OKOBO, ELIE",Elie Okobo,exact,64213,Elie Okobo,BC Dubai,Guard,Point Guard,PG,"6' 3""",64213:Elie Okobo:BC Dubai
P005363,"OKOUO, VINY",Viny Okouo,exact,83600,Viny Okouo,Fuenlabrada,Center,Center,C,"7' 0""",83600:Viny Okouo:Fuenlabrada
PASB,"OKULAJA, ADEMOLA",Ademola Okulaja,not_found,,,,,,,,
P006600,"OLASENI, GABE",Gabe Olaseni,exact,117985,Gabriel Olaseni,Casademont Zaragoza,Center,Center,C,"6' 11""",117985:Gabriel Olaseni:Casademont Zaragoza
P001972,"OLESON, BRAD",Brad Oleson,not_found,,,,,,,,
P006919,"OLINDE, LOUIS",Louis Olinde,exact,53177,Louis Olinde,Baxi Manresa,Forward,Small Forward,SF,"6' 9""",53177:Louis Olinde:Baxi Manresa
P000554,"OLIVER, ALBERT",Albert Oliver,ambiguous,,,,,,,,64419:Albert Oliver:None; 83589:Albert Oliver:None; 86777:Albert Oliver:None
P004443,"OLMAZ, AYBERK",Ayberk Olmaz,exact,71386,Ayberk Olmaz,,Forward,Power Forward,PF,"6' 10""",71386:Ayberk Olmaz:None
P004222,"OMIC, ALEN",Alen Omic,exact,64369,Alen Omic,Merkezefendi Belediyesi,Center,Center,C,"7' 1""",64369:Alen Omic:Merkezefendi Belediyesi
P014121,"OMORUYI, CLIFFORD",Clifford Omoruyi,exact,89643,Clifford Omoruyi,PAOK,Center,Center,C,"6' 11""",89643:Clifford Omoruyi:PAOK
P014207,"OMORUYI, EUGENE",Eugene Omoruyi,exact,90071,Eugene Omoruyi,Besiktas,Forward,Small Forward,SF,"6' 7""",90071:Eugene Omoruyi:Besiktas
PARO,"ONAN, OMER",Omer Onan,exact,186538,Yigit Onan,Manisa Bb,Forward,Small Forward,SF,"6' 9""",186538:Yigit Onan:Manisa Bb
P010400,"ONCEL, RIDVAN",Ridvan Oncel,exact,72530,Ridvan Oncel,Galatasaray,Guard,Point Guard,PG,"6' 3""",72530:Ridvan Oncel:Galatasaray
P006647,"ONUAKU, ARINZE",Arinze Onuaku,exact,102938,Chinanu Onuaku,Bnei Hertzliya,Forward,Power Forward,PF,"6' 10""",102938:Chinanu Onuaku:Bnei Hertzliya
P010776,"O'QUINN, KYLE BRANDON",Kyle Brandon O'Quinn,exact,53507,Kyle O'Quinn,,Center,Center,C,"6' 10""",53507:Kyle O'Quinn:None
P002012,"ORELIK, GEDIMINAS",Gediminas Orelik,exact,104285,Gediminas Orelik,,Forward,Power Forward,PF,"6' 6""",104285:Gediminas Orelik:None
P005917,"ORIOLA, PIERRE",Pierre Oriola,exact,53127,Pierre Oriola,Baxi Manresa,Center,Center,C,"6' 9""",53127:Pierre Oriola:Baxi Manresa
PKWG,"ORTNER, BENJAMIN",Benjamin Ortner,not_found,,,,,,,,
P010581,"OSETKOWSKI, DYLAN",Dylan Osetkowski,exact,81643,Dylan Osetkowski,Valencia Basket,Center,Center,C,"6' 9""",81643:Dylan Osetkowski:Valencia Basket
P004088,"OSMAN, CEDI",Cedi Osman,exact,53361,Cedi Osman,PAOK,Forward,Small Forward,SF,"6' 7""",53361:Cedi Osman:PAOK
P012710,"OSMANI, ERCAN",Ercan Osmani,exact,117848,Ercan Osmani,Anadolu Efes,Forward,Power Forward,PF,"6' 11""",117848:Ercan Osmani:Anadolu Efes
P012788,"OTURU, DAN",Dan Oturu,exact,85987,Daniel Oturu,Hapoel Tel Aviv,Center,Center,C,"6' 10""",85987:Daniel Oturu:Hapoel Tel Aviv
P004197,"OUATTARA, YAKUBA",Yakuba Ouattara,exact,70839,Yakuba Ouattara,,Guard,Shooting Guard,SG,"6' 4""",70839:Yakuba Ouattara:None
P003552,"OVENEKE, RANDY",Randy Oveneke,not_found,,,,,,,,
PAQA,"OZBOLT, SASO",Saso Ozbolt,not_found,,,,,,,,
P006640,"OZDEMIROGLU, DOGUS",Dogus Ozdemiroglu,exact,64394,Dogus Ozdemiroglu,Turk Telekom,Guard,Point Guard,PG,"6' 3""",64394:Dogus Ozdemiroglu:Turk Telekom
PBNW,"OZER, CEVHER",Cevher Ozer,not_found,,,,,,,,
P004179,"OZMIZRAK, KARTAL",Kartal Ozmizrak,exact,64391,Kartal Ozmizrak,Mersin Buyuksehir,Guard,Point Guard,PG,"6' 2""",64391:Kartal Ozmizrak:Mersin Buyuksehir
PAWO,"PACHULIA, ZAZA",Zaza Pachulia,not_found,,,,,,,,
PLIF,"PACUN, BORA HUN",Bora Hun Pacun,not_found,,,,,,,,
P002705,"PAGE, DYLAN",Dylan Page,ambiguous,,,,,,,,224662:Jalen Page:Rostock Seawolves; 147471:Arrinten Page:Providence; 187961:Marie-Eve Paget:None; 235092:Jack Pagenkopf:Science City Jena
P006739,"PAJOLA, ALESSANDRO",Alessandro Pajola,exact,71278,Alessandro Pajola,,Guard,Shooting Guard,SG,"6' 4""",71278:Alessandro Pajola:None
PTGU,"PALACIO, MILT",Milt Palacio,exact,71052,Juan Diego Tello,Regatas,Forward,Power Forward,PF,"6' 9""",71052:Juan Diego Tello:Regatas
P003603,"PALACIOS, JUAN",Juan Palacios,exact,71052,Juan Diego Tello,Regatas,Forward,Power Forward,PF,"6' 9""",71052:Juan Diego Tello:Regatas
P013283,"PALATIN, GUY",Guy Palatin,exact,64747,Guy Platin,Hapoel Tel Aviv,Guard,Shooting Guard,SG,"6' 4""",64747:Guy Platin:Hapoel Tel Aviv
P004175,"PAMULA, PIOTR",Piotr Pamula,exact,186509,Piotr Pamuła,,Guard,Shooting Guard,SG,"6' 5""",186509:Piotr Pamuła:None
P006433,"PANGOS, KEVIN",Kevin Pangos,exact,53270,Kevin Pangos,Esenler Erokspor,Guard,Point Guard,PG,"6' 2""",53270:Kevin Pangos:Esenler Erokspor
PLSK,"PANIN, VADIM",Vadim Panin,not_found,,,,,,,,
PLRF,"PANKO, ANDY",Andy Panko,not_found,,,,,,,,
PABK,"PANTELIADIS, SPYRIDON",Spyridon Panteliadis,not_found,,,,,,,,
P007634,"PANTZAR, MELWIN",Melwin Pantzar,exact,64437,Melwin Pantzar,Bilbao Basket,Guard,Point Guard,PG,"6' 3""",64437:Melwin Pantzar:Bilbao Basket
P009815,"PAPADAKIS, KONSTANTINOS",Konstantinos Papadakis,exact,121848,Kostas Papadakis,Peristeri,Guard,Shooting Guard,SG,"6' 3""",121848:Kostas Papadakis:Peristeri
PAPP,"PAPADOPOULOS, LAZAROS",Lazaros Papadopoulos,not_found,,,,,,,,
P005844,"PAPAGIANNIS, GEORGIOS",Georgios Papagiannis,exact,53676,Georgios Papagiannis,Anadolu Efes,Center,Center,C,"7' 2""",53676:Georgios Papagiannis:Anadolu Efes
PATW,"PAPALOUKAS, THEODOROS",Theodoros Papaloukas,not_found,,,,,,,,
PACJ,"PAPAMAKARIOS, MANOLIS",Manolis Papamakarios,not_found,,,,,,,,
P001255,"PAPANIKOLAOU, KOSTAS",Kostas Papanikolaou,exact,53240,Kostas Papanikolaou,Olympiacos,Forward,Small Forward,SF,"6' 8""",53240:Kostas Papanikolaou:Olympiacos
P001567,"PAPANTONAKOS, KOSTAS",Kostas Papantonakos,not_found,,,,,,,,
P001144,"PAPANTONIOU, EPAMEINONDAS",Epameinondas Papantoniou,not_found,,,,,,,,
P005161,"PAPAPETROU, IOANNIS",Ioannis Papapetrou,exact,53233,Ioannis Papapetrou,,Forward,Small Forward,SF,"6' 9""",53233:Ioannis Papapetrou:None
P012023,"PAPAS, GEORGE",George Papas,exact,121552,George Papas,Maroussi Honda,Guard,Point Guard,PG,"6' 5""",121552:George Papas:Maroussi Honda
P000464,"PAPPAS, NIKOS",Nikos Pappas,exact,53227,Nikos Pappas,,Guard,Shooting Guard,SG,"6' 5""",53227:Nikos Pappas:None
P001303,"PARAGYIOS, MICHAEL",Michael Paragyios,not_found,,,,,,,,
11111,"PARAGYIOS, MICHAIL",Michail Paragyios,not_found,,,,,,,,
P003034,"PARAKHOUSKI, ARTSIOM",Artsiom Parakhouski,not_found,,,,,,,,
P001276,"PARGO, JANNERO",Jannero Pargo,exact,64453,Jeremy Pargo,Real Betis Energía Plus,Guard,Point Guard,PG,"6' 2""",64453:Jeremy Pargo:Real Betis Energía Plus
P002834,"PARGO, JEREMY",Jeremy Pargo,exact,64453,Jeremy Pargo,Real Betis Energía Plus,Guard,Point Guard,PG,"6' 2""",64453:Jeremy Pargo:Real Betis Energía Plus
P012745,"PARKER, JABARI",Jabari Parker,exact,54181,Jabari Parker,Joventut de Badalona,Forward,Power Forward,PF,"6' 8""",54181:Jabari Parker:Joventut de Badalona
P000264,"PARKER, TERENCE",Terence Parker,ambiguous,,,,,,,,54181:Jabari Parker:Joventut de Badalona; 94970:Candace Parker:None; 94964:Cheyenne Parker-Tyus:Las Vegas Aces; 123158:Harvey Cartwright:Nanjing Monkey King; 81630:Tj Parker:None; 89523:Chris Parker:None; 218961:Anthony Parker:Orlando Magic; 89631:Parker Fox:Minnesota; 90039:Parker Braun:None; 147622:Kris Parker:UCF; 89217:Deshon Parker:Appalachian State; 89300:Pearson Parker:None; 89836:Parker Edwards:None; 89919:Parker Weiss:Iona; 109213:Parker Stewart:Sheffield Sharks; 123435:Sincere Parker:None; 137153:Timajh Parker-Rivera:Grises De Humacao; 148707:Parker Friedrichsen:Wake Forest; 234930:Avantae Parker:Queens University; 147734:Parker Strauss:None; 148322:Dennis Parker Jr.:None; 148866:Parker Gerrits:Washington State; 155685:Parker Jones:Colgate; 200327:Riley Parker:Saint Francis (PA); 202055:Parker Bjorklund:Svendborg Rabbits; 231259:Trey Parker:Seton Hall; 218394:Adonte Parker:Fuerza Regia; 226453:Parker Jefferson:Gonzaga; 236558:Cameron Parker:Rip City Remix
P007464,"PARRA, JOEL",Joel Parra,exact,70884,Joel Parra,Barcelona,Forward,Power Forward,PF,"6' 7""",70884:Joel Parra:Barcelona
PCJB,"PASALIC, DRAGO",Drago Pasalic,not_found,,,,,,,,
P006385,"PASCOLO, DAVIDE",Davide Pascolo,exact,53857,Davide Pascolo,,Forward,Power Forward,PF,"6' 8""",53857:Davide Pascolo:None
P003921,"PASECNIKS, ANZEJS",Anzejs Pasecniks,exact,64423,Anzejs Pasecniks,,Center,Center,C,"7' 2""",64423:Anzejs Pasecniks:None
PAYU,"PASHUTIN, ZAKHAR",Zakhar Pashutin,exact,87519,Evgeniy Pashutin,Parma,Management,Coach,,,87519:Evgeniy Pashutin:Parma
P005093,"PASSAVE, JOHAN",Johan Passave,not_found,,,,,,,,
P004804,"PATEEV, RUSLAN",Ruslan Pateev,not_found,,,,,,,,
P005973,"PATSATSIA, LEVAN",Levan Patsatsia,not_found,,,,,,,,
P004945,"PAUL, BRANDON",Brandon Paul,exact,53540,Brandon Paul,Chalon/Saone,Guard,Point Guard,PG,"6' 4""",53540:Brandon Paul:Chalon/Saone
PJFX,"PAULDING, RICKEY",Rickey Paulding,exact,71411,Rickey Paulding,,Forward,Small Forward,SF,"6' 5""",71411:Rickey Paulding:None
P003204,"PAULI, ORIOL",Oriol Pauli,exact,64424,Oriol Pauli,ICG Forca Lleida,Forward,Small Forward,SF,"6' 7""",64424:Oriol Pauli:ICG Forca Lleida
P013377,"PAUL, MBIYA",Mbiya Paul,club_match,86259,Paul Eboua,ASVEL Villeurbanne,Forward,Power Forward,PF,"6' 8""",53594:Chris Paul:None; 53718:Paul George:Boston Celtics; 53649:Paul Millsap:None; 53275:Paulius Jankunas:None; 53464:Paul Zipser:USC Heidelberg; 86409:Paul Reed:Detroit Pistons; 73377:Georginho:Mogi das Cruzes; 69925:Paul Biligha:Derthona Basket Tortona; 185956:Pauline Astier:New York Liberty; 64424:Oriol Pauli:ICG Forca Lleida; 64816:Paul Stoll:Astros De Jalisco; 104499:Rafael Paulichi:Brasília; 73091:Paul Watson:None; 73536:Paulo Lourenço:Mogi das Cruzes; 73537:Paulo Scheuer:Botafogo; 53540:Brandon Paul:Chalon/Saone; 108124:João Paulo:Unifacisa; 64359:Paulo Rodriguez:None; 69973:Paul Lacombe:Nanterre; 121938:Paulius Murauskas:Arizona State; 136273:Leonel Paulo:None; 53282:Paulius Valinskas:Juventus; 108816:Paul Scruggs:Trefl Sopot; 147082:Wilton Cauã:Fortaleza B.C.; 72347:Paulius Sorokas:Scafati; 89652:Paul Mulcahy:None; 86259:Paul Eboua:ASVEL Villeurbanne; 144088:Fellipe Paulino:Botafogo; 171677:Paula Ginzo:Jairis (W); 142501:Pauly Paulicap:Baxi Manresa; 184317:Paul Mbiya:Kansas; 85869:JP de Paula:None; 90333:Paul Hiepler:Abilene Christian; 226258:Paulo Semedo:Arkansas; 73544:Paulinho:None; 78711:P. Delainy:S.C. Ashkelon; 147237:Paul Djobet:None; 71411:Rickey Paulding:None; 73979:Paul Watson:None; 109799:Paul Atkinson:None; 143630:Paul Jorgensen:Fuenlabrada; 172206:Paulo Vitor:Vasco da Gama LDB; 178922:Paulo Arroyo:Astros De Jalisco; 204291:Paulo César Jaú:Bauru Basket; 82137:Paulius Poska:None; 155566:Paulie Stramaglia:Samford; 196136:Paula Oliva:Perfumerias Avenida (W); 227910:Paul Gravet:Genève Lions; 108578:Mitchell Paul:None; 128616:Paul Lewis:None; 189891:Gavin Paull:Tennessee; 191867:Paul Dick:None; 226668:Paul McNeil Jr.:NC State; 231525:Paul Otieno:Saint Louis; 234194:Paul Greene:UMBC; 245991:Paulo Barbosa:None
P007533,"PAVELKA, TOMAS",Tomas Pavelka,exact,157718,Tomaš Pavelka,,Center,Center,C,"7' 1""",157718:Tomaš Pavelka:None
PJSE,"PAVIC, IVAN",Ivan Pavic,exact,148840,Ivan Pavicevic,,Center,Center,C,"6' 8""",148840:Ivan Pavicevic:None
P012934,"PAVLOVIC, NOVAK",Novak Pavlovic,exact,228626,Novak Pavlovic,,Guard,Point Guard,PG,"6' 4""",228626:Novak Pavlovic:None
PANE,"PAVLOVIC, SASHA",Sasha Pavlovic,ambiguous,,,,,,,,121836:Dejan Pavlovic:None; 149080:Vladimir Pavlovic:California; 202344:Ozren Pavlović:None; 228626:Novak Pavlovic:None
P008348,"PAYNE, ADREIAN",Adreian Payne,exact,64454,Adreian Payne,,Center,Center,C,"6' 10""",64454:Adreian Payne:None
P014213,"PAYNE, CAMERON",Cameron Payne,exact,64134,Cameron Payne,Philadelphia 76ers,Guard,Point Guard,PG,"6' 1""",64134:Cameron Payne:Philadelphia 76ers
P003673,"PAYNE, MARK",Mark Payne,ambiguous,,,,,,,,64454:Adreian Payne:None; 64134:Cameron Payne:Philadelphia 76ers; 89265:Omar Payne:Peristeri; 108544:Zan Payne:None; 147585:Jack Payne:Idaho; 147697:Pharrel Payne:None; 148164:Fred Payne:Boston College; 200326:Victor Payne:Saint Francis (PA); 222958:JaCori Payne:KB Trepça; 231256:Stephon Payne:Seton Hall
P005438,"PECCHIA, ANDREA",Andrea Pecchia,exact,142535,Andrea Pecchia,Derthona Basket Tortona,Guard,Small Forward,SF,"6' 4""",142535:Andrea Pecchia:Derthona Basket Tortona
P002850,"PECHEROV, OLEKSIY",Oleksiy Pecherov,not_found,,,,,,,,
PLGN,"PECIUKAS, VAIDOTAS",Vaidotas Peciukas,not_found,,,,,,,,
P005922,"PEINERS, ZANIS",Zanis Peiners,exact,64397,Zanis Peiners,,Forward,Small Forward,SF,"6' 8""",64397:Zanis Peiners:None
PARV,"PEKER, KAYA",Kaya Peker,not_found,,,,,,,,
PKNN,"PEKOVIC, NIKOLA",Nikola Pekovic,not_found,,,,,,,,
PACK,"PELEKANOS, MICHALIS",Michalis Pelekanos,not_found,,,,,,,,
P006459,"PELLEGRINO, FRANCESCO",Francesco Pellegrino,exact,71234,Francesco Pellegrino,Treviso Basket,Center,Center,C,"6' 11""",71234:Francesco Pellegrino:Treviso Basket
PTEX,"PELLIN, MARC-ANTOINE",Marc-Antoine Pellin,not_found,,,,,,,,
P005415,"PENAVA, AJDIN",Ajdin Penava,exact,64431,Ajdin Penava,Slask Wroclaw,Forward,Power Forward,PF,"6' 9""",64431:Ajdin Penava:Slask Wroclaw
P003327,"PENNINCK, BORIS",Boris Penninck,not_found,,,,,,,,
PBXD,"PENN, SCOONIE",Scoonie Penn,ambiguous,,,,,,,,89202:Roman Penn:None; 128643:Dylan Penn:None; 89586:Franklyn Penn Jr.:Cleveland State; 230956:Fernando Penna:Mogi das Cruzes; 233465:Jordan Pennick:Navy; 223235:Eral Penn:Energa Czarni
P004588,"PENO, STEFAN",Stefan Peno,exact,104319,Stefan Peno,,Guard,Point Guard,PG,"6' 4""",104319:Stefan Peno:None
P009752,"PEREZ, ALEX",Alex Perez,ambiguous,,,,,,,,70943:Alex Perez:Konyaspor; 148376:Alex Perez:Tofas
P001198,"PEREZ, JAVIER",Javier Perez,ambiguous,,,,,,,,70845:Tyson Perez:Unicaja Málaga; 70943:Alex Perez:Konyaspor; 149001:Lucas Perez:San Lorenzo; 71037:Dani Pérez:Baxi Manresa; 158169:Jassel Perez:CB Granada; 104849:Gerardo Perez:None; 149444:Santiago Perez:Ciclista Olímpico; 136302:Christian Perez:None; 148376:Alex Perez:Tofas; 149268:Agustin Perez:Penarol; 70856:Ibon Navarro:Unicaja Málaga; 158166:Andy Perez:Real Estelí; 173412:Mariah Pérez:None; 234390:Dylan Perez:Argentino Junín; 125711:Tyson Perez:Real Betis Energía Plus; 149191:Marcelo Perez:Zarate; 149474:Mateo Perez:La Unión de Formosa; 112763:Raina Perez:None; 199581:Agustin Perez:Malvin; 230984:Thiago Perez:Cruzeiro; 124275:Jose Perez:None; 149099:Victor Perez:None; 137585:Anthony Perez:Gladiadores de Anzoátegui; 217152:Jared Perez:Dorados De Chihuahua; 231573:Maikcol Perez:Baylor
P003205,"PEREZ, JOSEP",Josep Perez,ambiguous,,,,,,,,70845:Tyson Perez:Unicaja Málaga; 70943:Alex Perez:Konyaspor; 149001:Lucas Perez:San Lorenzo; 71037:Dani Pérez:Baxi Manresa; 158169:Jassel Perez:CB Granada; 104849:Gerardo Perez:None; 149444:Santiago Perez:Ciclista Olímpico; 136302:Christian Perez:None; 148376:Alex Perez:Tofas; 149268:Agustin Perez:Penarol; 70856:Ibon Navarro:Unicaja Málaga; 158166:Andy Perez:Real Estelí; 173412:Mariah Pérez:None; 234390:Dylan Perez:Argentino Junín; 125711:Tyson Perez:Real Betis Energía Plus; 149191:Marcelo Perez:Zarate; 149474:Mateo Perez:La Unión de Formosa; 112763:Raina Perez:None; 199581:Agustin Perez:Malvin; 230984:Thiago Perez:Cruzeiro; 124275:Jose Perez:None; 149099:Victor Perez:None; 137585:Anthony Perez:Gladiadores de Anzoátegui; 217152:Jared Perez:Dorados De Chihuahua; 231573:Maikcol Perez:Baylor
P005238,"PEREZ, PABLO",Pablo Perez,ambiguous,,,,,,,,70845:Tyson Perez:Unicaja Málaga; 70943:Alex Perez:Konyaspor; 149001:Lucas Perez:San Lorenzo; 71037:Dani Pérez:Baxi Manresa; 158169:Jassel Perez:CB Granada; 104849:Gerardo Perez:None; 149444:Santiago Perez:Ciclista Olímpico; 136302:Christian Perez:None; 148376:Alex Perez:Tofas; 149268:Agustin Perez:Penarol; 70856:Ibon Navarro:Unicaja Málaga; 158166:Andy Perez:Real Estelí; 173412:Mariah Pérez:None; 234390:Dylan Perez:Argentino Junín; 125711:Tyson Perez:Real Betis Energía Plus; 149191:Marcelo Perez:Zarate; 149474:Mateo Perez:La Unión de Formosa; 112763:Raina Perez:None; 199581:Agustin Perez:Malvin; 230984:Thiago Perez:Cruzeiro; 124275:Jose Perez:None; 149099:Victor Perez:None; 137585:Anthony Perez:Gladiadores de Anzoátegui; 217152:Jared Perez:Dorados De Chihuahua; 231573:Maikcol Perez:Baylor
PCJF,"PERIC, HRVOJE",Hrvoje Peric,not_found,,,,,,,,
P001920,"PERKINS, DORON",Doron Perkins,ambiguous,,,,,,,,109539:Jordan Perkins:None; 87251:Nick Perkins:ČEZ Nymburk; 121020:Josh Perkins:Dorados De Chihuahua; 89927:Tony Perkins:ČEZ Nymburk; 123425:Javonte Perkins:None; 155808:Elijah Perkins:Saint Peter's; 231240:Tyler Perkins:Villanova; 231583:Tai Perkins:Akron
PBQK,"PERKOVIC, JASMIN",Jasmin Perkovic,ambiguous,,,,,,,,117870:Toni Perkovic:Orleans; 238050:Vito Perkovic:Portland
PBFG,"PEROVIC, KOSTA",Kosta Perovic,not_found,,,,,,,,
PKRH,"PERPEROGLOU, STRATOS",Stratos Perperoglou,exact,70917,"Perperoglou, Stratos",,Forward,Small Forward,SF,"6' 8""","70917:Perperoglou, Stratos:None"
P010413,"PERRY, KENDRICK",Kendrick Perry,exact,81650,Kendrick Perry,Unicaja Málaga,Guard,Shooting Guard,SG,"6' 0""",81650:Kendrick Perry:Unicaja Málaga
PXBB,"PERRY, MARQUE",Marque Perry,ambiguous,,,,,,,,95430:Chelsey Perry:None; 81650:Kendrick Perry:Unicaja Málaga; 86136:Reggie Perry:Beijing Royal Fighters; 145214:Darius Perry:None; 108701:Gavin Perryman:None; 89337:Tim Perry Jr.:Drexel; 156369:Chris Perry:Astros De Jalisco; 108528:Kaden Perry:None; 82076:Perry Jones:None; 109160:Tylor Perry:Raptors 905; 172333:Brody Perry:Franklin Bulls; 172334:Corey Perry:Franklin Bulls; 189687:Travis Perry:Ole Miss; 189908:Trent Perry:UCLA; 200036:Sebastian Perry:Omaha; 89825:Jack Perry:Eastern Washington; 218966:Scott Perry:Sacramento Kings; 128647:Perry Smith Jr.:Kennesaw State; 230634:KJ Perry:BYU; 231343:Trey Perry:Miami (OH); 231493:Elijah Perryman:Utah State; 231570:Drew Perry:Baylor; 235941:Rob Perry:Cordon
P010387,"PERSIDIS, NIKOLAOS",Nikolaos Persidis,exact,143620,Nikos Persidis,PAOK,Forward,Power Forward,PF,"6' 7""",143620:Nikos Persidis:PAOK
P008829,"PETERS, ALEC",Alec Peters,exact,53596,Alec Peters,Olimpia Milano,Forward,Small Forward,SF,"6' 9""",53596:Alec Peters:Olimpia Milano
P010683,"PETERS, LAMAR",Lamar Peters,exact,86948,Lamar Peters,,Guard,Point Guard,PG,"6' 0""",86948:Lamar Peters:None
PJZN,"PETRAVICIUS, MARIUS",Marius Petravicius,not_found,,,,,,,,
P011194,"PETRUSEV, FILIP",Filip Petrusev,exact,100276,Filip Petrusev,BC Dubai,Forward,Center,C,"6' 11""",100276:Filip Petrusev:BC Dubai
P005162,"PETWAY, BRENT",Brent Petway,not_found,,,,,,,,
P010560,"PIERRE, DYSHAWN",Dyshawn Pierre,exact,72342,Dyshawn Pierre,UNICS Kazan,Forward,Small Forward,SF,"6' 6""",72342:Dyshawn Pierre:UNICS Kazan
PAZK,"PIETRUS, FLORENT",Florent Pietrus,exact,121672,Illan Pietrus,,Guard,Point Guard,PG,"6' 0""",121672:Illan Pietrus:None
P004316,"PILEPIC, FRAN",Fran Pilepic,not_found,,,,,,,,
P003439,"PINDA, KINGSLEY",Kingsley Pinda,not_found,,,,,,,,
P002063,"PINKNEY, KEVINN",Kevinn Pinkney,not_found,,,,,,,,
P006300,"PISKIN, SUACAN",Suacan Piskin,not_found,,,,,,,,
P002017,"PLAISTED, TRENT",Trent Plaisted,not_found,,,,,,,,
P004575,"PLANINIC, DARKO",Darko Planinic,exact,181939,Jure Planinic,Mitteldeutscher,Forward,Power Forward,PF,"6' 10""",181939:Jure Planinic:Mitteldeutscher
PAFP,"PLANINIC, ZORAN",Zoran Planinic,exact,181939,Jure Planinic,Mitteldeutscher,Forward,Power Forward,PF,"6' 10""",181939:Jure Planinic:Mitteldeutscher
P006240,"PLAVSIC, UROS",Uros Plavsic,exact,89471,Uros Plavsic,,Center,Center,C,"7' 1""",89471:Uros Plavsic:None
PLHK,"PLEISS, TIBOR",Tibor Pleiss,exact,53140,Tibor Pleiss,SC Rasta Vechta,Center,Center,C,"7' 3""",53140:Tibor Pleiss:SC Rasta Vechta
P004438,"PLOTNIKOV, GLEB",Gleb Plotnikov,exact,235622,German Plotnikov,Hofstra,Guard,Shooting Guard,SG,"6' 5""",235622:German Plotnikov:Hofstra
PLKX,"PNINI, GUY",Guy Pnini,exact,64746,Guy Pnini,,Forward,Small Forward,SF,"6' 7""",64746:Guy Pnini:None
P001878,"POCIUS, MARTYNAS",Martynas Pocius,not_found,,,,,,,,
P002083,"POETA, GIUSEPPE",Giuseppe Poeta,exact,228264,Giuseppe Poeta,Olimpia Milano,Management,Coach,,,228264:Giuseppe Poeta:Olimpia Milano
P004887,"POIRIER, VINCENT",Vincent Poirier,exact,53302,Vincent Poirier,,Center,Center,C,"7' 0""",53302:Vincent Poirier:None
P008232,"POKUSEVSKI, ALEKSEJ",Aleksej Pokusevski,exact,64468,Aleksej Pokusevski,,Center,Center,C,"7' 0""",64468:Aleksej Pokusevski:None
P011937,"POLITE, ANTHONY",Anthony Polite,exact,89785,Anthony Polite,,Guard,Shooting Guard,SG,"6' 6""",89785:Anthony Polite:None
P002084,"POLONARA, ACHILLE",Achille Polonara,exact,70768,Achile Polonara,,Forward,Power Forward,PF,"6' 9""",70768:Achile Polonara:None
P012088,"POMMIER, MATYS",Matys Pommier,exact,124614,Matys Pommier,,Forward,Small Forward,SF,"6' 5""",124614:Matys Pommier:None
P005292,"PONITKA, MARCEL",Marcel Ponitka,exact,120630,Marcel Ponitka,,Forward,Small Forward,SF,"6' 4""",120630:Marcel Ponitka:None
P004172,"PONITKA, MATEUSZ",Mateusz Ponitka,exact,69932,Mateusz Ponitka,Bahçeşehir Koleji,Forward,Small Forward,SF,"6' 6""",69932:Mateusz Ponitka:Bahçeşehir Koleji
PJAN,"PONKRASHOV, ANTON",Anton Ponkrashov,exact,70964,Anton Ponkrashov,,Forward,Small Forward,SF,"6' 7""",70964:Anton Ponkrashov:None
P006832,"PONS, YVES",Yves Pons,exact,89472,Yves Pons,MoraBanc Andorra,Forward,Small Forward,SF,"6' 6""",89472:Yves Pons:MoraBanc Andorra
PBOV,"POPOVIC, BOJAN",Bojan Popovic,ambiguous,,,,,,,,86943:Gregg Popovich:None; 64407:Petar Popovic:KK Igokea; 125480:Nikola Popovic:KK Igokea; 224889:Aleksa Popovic:Fortaleza B.C.; 70014:Aleksa Popovic:None; 223661:Matija Popovic:Hradec Kralove; 224672:Nemanja Popovic:Wilki Morskie Szczecin
PATP,"POPOVIC, MARKO",Marko Popovic,ambiguous,,,,,,,,86943:Gregg Popovich:None; 64407:Petar Popovic:KK Igokea; 125480:Nikola Popovic:KK Igokea; 224889:Aleksa Popovic:Fortaleza B.C.; 70014:Aleksa Popovic:None; 223661:Matija Popovic:Hradec Kralove; 224672:Nemanja Popovic:Wilki Morskie Szczecin
P007398,"POPOVIC, PETAR",Petar Popovic,exact,64407,Petar Popovic,KK Igokea,Guard,Shooting Guard,SG,"6' 4""",64407:Petar Popovic:KK Igokea
P004426,"POPOV, ILYA",Ilya Popov,exact,147048,Ilya Popov,Lokomotiv Kuban,Center,Center,C,"6' 8""",147048:Ilya Popov:Lokomotiv Kuban
P001172,"PORTA, ANTONIO",Antonio Porta,not_found,,,,,,,,
PTFC,"POUPET, PIERRIC",Pierric Poupet,exact,184318,Pierric Poupet,,Management,Coach,,,184318:Pierric Poupet:None
P002541,"POURCHOT, VINCENT",Vincent Pourchot,not_found,,,,,,,,
P004422,"POWELL, JOSH",Josh Powell,ambiguous,,,,,,,,53398:Norman Powell:Chicago Bulls; 53613:Dwight Powell:Dallas Mavericks; 189129:Drake Powell:Brooklyn Nets; 85967:Myles Powell:Qingdao Eagles; 89578:Kiyron Powell:None; 193353:Jonathan Powell:North Carolina; 108666:Justin Powell:None; 109175:Tyler Powell:None; 109364:Isaiah Powell:None; 147197:Jakel Powell:Florida Atlantic; 194000:Gyasi Powell:Lipscomb; 231569:Caden Powell:Baylor; 233914:BJ Powell:Howard
P009960,"POYTHRESS, ALEX",Alex Poythress,exact,53459,Alex Poythress,Zenit,Forward,Small Forward,SF,"6' 7""",53459:Alex Poythress:Zenit
P001626,"POZAS, JOSE",Jose Pozas,exact,71078,Pepe Pozas,Real Betis Energía Plus,Guard,Point Guard,PG,"6' 0""",71078:Pepe Pozas:Real Betis Energía Plus
P010393,"PRADILLA, JAIME",Jaime Pradilla,exact,78405,Jaime Pradilla,Real Madrid,Center,Center,C,"6' 8""",78405:Jaime Pradilla:Real Madrid
PTFH,"PRELDZIC, EMIR",Emir Preldzic,not_found,,,,,,,,
P002661,"PREPELIC, KLEMEN",Klemen Prepelic,exact,64390,Klemen Prepelič,BC Dubai,Guard,Shooting Guard,SG,"6' 3""",64390:Klemen Prepelič:BC Dubai
P007997,"PRESSEY, PHIL",Phil Pressey,exact,53116,Phil Pressey,Movistar Estudiantes,Guard,Point Guard,PG,"5' 11""",53116:Phil Pressey:Movistar Estudiantes
P000002,"PRESTES, PAULO",Paulo Prestes,not_found,,,,,,,,
PCOH,"PRICE, HOLLIS",Hollis Price,ambiguous,,,,,,,,91023:Austin Price:None; 89526:Josh Price:None; 149668:Elijah Price:None; 155584:Osei Price:Oakland; 196731:Liam Price:Merrimack; 223624:Ethan Price:London Lions; 186347:Norberto Price:None; 245937:Julius Price:Stanford
PCBX,"PRIGIONI, PABLO",Pablo Prigioni,not_found,,,,,,,,
P000092,"PRINC, VEDRAN",Vedran Princ,ambiguous,,,,,,,,53425:Taurean Prince:Detroit Pistons; 95004:Epiphanny Prince:None; 120636:Prince Ali:None; 149480:Prince Onwas:Caledonia Gladiators; 147287:Jackson Prince:None; 148159:Prince Aligbe:Boston College; 156669:Prince Ibeh:None; 202374:Sedona Prince:None; 203504:Alexis Prince:None; 225272:Tyrese Prince:Union Atletica; 145195:Prince Oduro:Brampton Honey Badgers
PAMM,"PRINTEZIS, GEORGIOS",Georgios Printezis,exact,53237,Georgios Printezis,,Forward,Power Forward,PF,"6' 9""",53237:Georgios Printezis:None
PAFQ,"PRKACIN, NIKOLA",Nikola Prkacin,exact,117871,Roko Prkacin,Nanterre,Forward,Power Forward,PF,"6' 7""",117871:Roko Prkacin:Nanterre
P008384,"PROCIDA, GABRIELE",Gabriele Procida,exact,121127,Gabriele Procida,Real Madrid,Guard,Shooting Guard,SG,"6' 6""",121127:Gabriele Procida:Real Madrid
P000048,"PROSTRAN, TONI",Toni Prostran,not_found,,,,,,,,
P006643,"PUERTO, JOSEP",Josep Puerto,exact,53138,Josep Puerto,Valencia Basket,Forward,Small Forward,SF,"6' 8""",53138:Josep Puerto:Valencia Basket
P004355,"PULLEN, JACOB",Jacob Pullen,exact,53416,Jacob Pullen,Dinamo Sassari,Guard,Point Guard,PG,"6' 1""",53416:Jacob Pullen:Dinamo Sassari
P009862,"PUNTER, KEVIN  XAVIER",Kevin  Xavier Punter,exact,70975,Kevin Punter,Barcelona,Guard,Shooting Guard,SG,"6' 2""",70975:Kevin Punter:Barcelona
P003370,"PUSHKOV, ANTON",Anton Pushkov,exact,71150,Anton Pushkov,,Center,Center,C,"6' 10""",71150:Anton Pushkov:None
P004834,"PUSTOVYI, ARTEM",Artem Pustovyi,exact,64374,Artem Pustovyi,MoraBanc Andorra,Center,Center,C,"7' 1""",64374:Artem Pustovyi:MoraBanc Andorra
P010788,"QUEREJETA, JOSEBA",Joseba Querejeta,exact,143136,Joseba Querejeta,CB Clavijo,Guard,Point Guard,PG,"6' 3""",143136:Joseba Querejeta:CB Clavijo
PLEV,"RABASEDA, XAVIER",Xavier Rabaseda,exact,64425,Xavier Rabaseda,,Guard,Shooting Guard,SG,"6' 5""",64425:Xavier Rabaseda:None
P005683,"RADANOV, ALEKSA",Aleksa Radanov,exact,81634,Aleksa Radanov,KK Partizan,Forward,Power Forward,PF,"6' 7""",81634:Aleksa Radanov:KK Partizan
P011972,"RADEBAUGH, JONAH",Jonah Radebaugh,exact,121053,Jonah Radebaugh,UCAM Murcia,Guard,Shooting Guard,SG,"6' 3""",121053:Jonah Radebaugh:UCAM Murcia
PBFF,"RADENOVIC, IVAN",Ivan Radenovic,not_found,,,,,,,,
P002561,"RADICEVIC, NIKOLA",Nikola Radicevic,exact,203218,Nikola Radicevic,Lietkabelis,Guard,Shooting Guard,SG,"6' 6""",203218:Nikola Radicevic:Lietkabelis
PLDH,"RADOJEVIC, DEJAN",Dejan Radojevic,not_found,,,,,,,,
P006543,"RADONCIC, DINO",Dino Radoncic,exact,53879,Dino Radoncic ,Real Betis Energía Plus,Forward,Small Forward,SF,"6' 8""",53879:Dino Radoncic :Real Betis Energía Plus
P003501,"RADOSAVLJEVIC, BOGDAN",Bogdan Radosavljevic,exact,72970,Bogdan Radosavljevic,Crailsheim  Merlins,Center,Center,C,"7' 0""",72970:Bogdan Radosavljevic:Crailsheim  Merlins
PLEM,"RADOSEVIC, LEON",Leon Radosevic,exact,53172,Leon Radosevic,Treviso Basket,Center,Center,C,"6' 10""",53172:Leon Radosevic:Treviso Basket
P011686,"RADOSIC, OGNJEN",Ognjen Radosic,exact,121835,Ognjen Radosic,Crvena Zvezda,Guard,Shooting Guard,SG,"6' 5""",121835:Ognjen Radosic:Crvena Zvezda
PJDU,"RADULJICA, MIROSLAV",Miroslav Raduljica,exact,69913,Miroslav Raduljica,,Center,Center,C,"7' 0""",69913:Miroslav Raduljica:None
PAQE,"RADULOVIC, NIKOLA",Nikola Radulovic,not_found,,,,,,,,
P014190,"RADZEVICIUS, GYTIS",Gytis Radzevicius,exact,83807,Gytis Radzevicius,Rytas Vilnius,Forward,Small Forward,SF,"6' 6""",83807:Gytis Radzevicius:Rytas Vilnius
P005181,"RAGLAND, JOE",Joe Ragland,exact,84209,Joe Ragland,Treviso Basket,Guard,Point Guard,PG,"6' 0""",84209:Joe Ragland:Treviso Basket
PKPM,"RAICEVIC, MIROSLAV",Miroslav Raicevic,not_found,,,,,,,,
P008850,"RAIESTE, SANDER",Sander Raieste,exact,64452,Sander Raieste,UCAM Murcia,Forward,Small Forward,SF,"6' 8""",64452:Sander Raieste:UCAM Murcia
P007395,"RAKICEVIC, PETAR",Petar Rakicevic,exact,224694,Petar Rakićević,Stelmet Zielona Gora,Forward,Power Forward,PF,"6' 8""",224694:Petar Rakićević:Stelmet Zielona Gora
PANB,"RAKOCEVIC, IGOR",Igor Rakocevic,exact,149898,Nick Rakocevic,ADELAIDE 36ers,Forward,Power Forward,PF,"6' 11""",149898:Nick Rakocevic:ADELAIDE 36ers
PBGI,"RAKOCEVIC, ZARKO",Zarko Rakocevic,exact,149898,Nick Rakocevic,ADELAIDE 36ers,Forward,Power Forward,PF,"6' 11""",149898:Nick Rakocevic:ADELAIDE 36ers
P002031,"RAKOVIC, MILOVAN",Milovan Rakovic,not_found,,,,,,,,
P004917,"RAMLJAK, IVAN",Ivan Ramljak,exact,104267,Ivan Ramljak,,Forward,,,"6' 8""",104267:Ivan Ramljak:None
PCIZ,"RANCIC, DAMIR",Damir Rancic,not_found,,,,,,,,
PCWH,"RANCIK, MARTIN",Martin Rancik,not_found,,,,,,,,
P002911,"RANDLE, BRIAN",Brian Randle,ambiguous,,,,,,,,53558:Julius Randle:Brooklyn Nets; 225118:Chasson Randle:Kolossos Rhodes; 86682:Jerome Randle:None; 147614:Bryant Randleman:James Madison
P008038,"RANDLE, CHASSON",Chasson Randle,exact,225118,Chasson Randle,Kolossos Rhodes,Guard,Point Guard,PG,"6' 2""",225118:Chasson Randle:Kolossos Rhodes
P007019,"RANDLE, JEROME",Jerome Randle,exact,86682,Jerome Randle,,Guard,Point Guard,PG,"5' 9""",86682:Jerome Randle:None
P005757,"RANDOLPH, ANTHONY",Anthony Randolph,exact,53111,Anthony Randolph,,Forward,Power Forward,PF,"6' 11""",53111:Anthony Randolph:None
P013382,"RANDOLPH, LEVI",Levi Randolph,exact,73058,Levi Randolph,,Guard,Shooting Guard,SG,"6' 6""",73058:Levi Randolph:None
PBPB,"RANNIKKO, TEEMU",Teemu Rannikko,not_found,,,,,,,,
P011631,"RAPIEQUE, ELIAS",Elias Rapieque,exact,122636,Elias Rapieque,Loyola Chicago,Guard,Shooting Guard,SG,"6' 8""",122636:Elias Rapieque:Loyola Chicago
PKGH,"RASIC, ALEKSANDAR",Aleksandar Rasic,not_found,,,,,,,,
P013378,"RATHAN-MAYES, XAVIER",Xavier Rathan-Mayes,exact,147057,Xavier Rathan-Mayes,,Guard,Shooting Guard,SG,"6' 4""",147057:Xavier Rathan-Mayes:None
P010150,"RAUTINS, ANDY",Andy Rautins,exact,73205,Andrew Rautins,,Guard,Shooting Guard,SG,"6' 4""",73205:Andrew Rautins:None
PTFR,"RAY, ALLAN",Allan Ray,ambiguous,,,,,,,,72997:Rayjon Tucker:Zhejiang Lions; 102892:Will Rayman:Maccabi Tel Aviv; 149072:Maxime Raynaud:Sacramento Kings; 133070:Rayan Rupert:Philadelphia 76ers; 121706:Raymundo:Corinthians; 109425:RayJ Dennis:Atlanta Hawks; 128721:Rayshon Harrison:Long Island Nets; 53141:Ray Mccallum:None; 64433:Kendrick Ray:Mykonos; 90151:Reggie Raynor:UNC Greensboro; 150156:Braylon Rayson:None; 185612:Ray Spalding:Aek Larnaca; 202355:Rayah Marshall:Connecticut Sun; 71239:Raymar Morgan:None; 109791:Donovan Ray:None; 147561:Jordan Rayford:Indiana; 148974:Raymon Bastardo:Quimsa; 149611:Chen Ying-Chun:Beijing Ducks; 196056:Ray Gonzales:San Diego State; 202045:Rayshawn Mart:None; 217122:Roger Ray:Abejas de León; 121750:Raymond Cowels:Trefl Sopot; 146970:Jace Rayl:Purdue; 200020:Ray'Sean Taylor:SIU Edwardsville; 89790:RayQuan Evans:None; 149116:Rayvon Griffith:None; 178924:Raymond Miller:None; 194732:Rayvonte Rice:Guangdong Southern Tigers; 200026:Raynard Horry:SIU Edwardsville; 232731:Rayner Torres:Caimanes; 237625:Justin Ray:Wake Forest
P009003,"RAY, KENDRICK",Kendrick Ray,exact,64433,Kendrick Ray,Mykonos,Guard,Point Guard,PG,"6' 2""",64433:Kendrick Ray:Mykonos
P013381,"RAYMAN, WILLIAM",William Rayman,exact,102892,Will Rayman,Maccabi Tel Aviv,Forward,Power Forward,PF,"6' 8""",102892:Will Rayman:Maccabi Tel Aviv
P010603,"REATH, DUOP",Duop Reath,exact,81632,Duop Reath,,Center,Center,C,"6' 11""",81632:Duop Reath:None
P003269,"REBIC, NIKOLA",Nikola Rebic,exact,86950,Nikola Rebic,Kk Spartak Subotica,Guard,Point Guard,PG,"6' 2""",86950:Nikola Rebic:Kk Spartak Subotica
P004844,"REDDING, REGGIE",Reggie Redding,exact,72829,Reggie Redding,,Guard,Shooting Guard,SG,"6' 4""",72829:Reggie Redding:None
P001604,"REDIKAS, DOVYDAS",Dovydas Redikas,not_found,,,,,,,,
P009946,"REED, WILLIE",Willie Reed,exact,53681,Willie Reed,Bigua,Center,Center,C,"6' 11""",53681:Willie Reed:Bigua
P005945,"RENFROE, ALEX",Alex Renfroe,exact,70966,Alex Renfroe,Real Betis Energía Plus,Guard,Point Guard,PG,"6' 3""",70966:Alex Renfroe:Real Betis Energía Plus
PJHL,"RESS, TOMAS",Tomas Ress,not_found,,,,,,,,
P012738,"REUVERS, NATHAN",Nathan Reuvers,exact,89554,Nate Reuvers,Valencia Basket,Forward,Center,C,"6' 11""",89554:Nate Reuvers:Valencia Basket
PAAX,"REYES, FELIPE",Felipe Reyes,exact,53113,Felipe Reyes,,Forward,Power Forward,PF,"6' 9""",53113:Felipe Reyes:None
P007942,"REYNOLDS, JALEN",Jalen Reynolds,exact,73012,Jalen Reynolds,UNICS Kazan,Forward,Power Forward,PF,"6' 10""",73012:Jalen Reynolds:UNICS Kazan
P001257,"REYNOLDS, J.R.",J.R. Reynolds,ambiguous,,,,,,,,73012:Jalen Reynolds:UNICS Kazan; 71329:Cameron Reynolds:Maroussi Honda; 72666:Scottie Reynolds:None; 182590:Shavar Reynolds:London Lions; 155857:William Reynolds:Grambling State; 109188:Noah Reynolds:Wyoming; 128091:Brayden Reynolds:Fairleigh Dickinson; 149112:Jamille Reynolds:None; 149796:Erik Reynolds:Saint Joseph's; 199832:Jay Reynolds:Southeast Missouri State; 235285:Ja'Meer Reynolds:Tianjin Gold Lions
PJJH,"REY, XAVI",Xavi Rey,ambiguous,,,,,,,,53113:Felipe Reyes:None; 73012:Jalen Reynolds:UNICS Kazan; 85943:Reynan:Franca; 71329:Cameron Reynolds:Maroussi Honda; 83544:Alex Reyes:Baxi Manresa; 136378:Alejandro Reyna:Gambusinos De Fresnillo; 149199:Angel Reyes:Estudiantes de Tucuman; 149325:Nicolas Reynoso:None; 156370:Xavier Reyes:Argentino Junín; 187225:Anthony Reyes:São Paulo; 198708:Rey Abad:None; 224394:Jose Reyes:Mineros de Zacatecas; 72666:Scottie Reynolds:None; 182590:Shavar Reynolds:London Lions; 81762:Theo Rey:None; 137155:Justin Reyes:None; 155857:William Reynolds:Grambling State; 178860:Sebastian Reynoso:Diablos Rojos del Mexico; 217132:Brayan Reynaga:Correcaminos UAT; 72995:Reyvonte Rice:None; 124386:Reyne Smith:Cairns Taipans; 136357:Juan Reyna:Santa Clara; 109188:Noah Reynolds:Wyoming; 128091:Brayden Reynolds:Fairleigh Dickinson; 137656:Chot Reyes:None; 149796:Erik Reynolds:Saint Joseph's; 199832:Jay Reynolds:Southeast Missouri State; 235285:Ja'Meer Reynolds:Tianjin Gold Lions
P014178,"RHODEN, JARED",Jared Rhoden,exact,109178,Jared Rhoden,Paris Basketball,Guard,Shooting Guard,SG,"6' 6""",109178:Jared Rhoden:Paris Basketball
PJUG,"RIBAS, PAU",Pau Ribas,exact,53124,Pau Ribas,,Guard,Shooting Guard,SG,"6' 5""",53124:Pau Ribas:None
P001518,"RICCI, GIAMPAOLO",Giampaolo Ricci,exact,71280,Giampaolo Ricci,Olimpia Milano,Forward,Power Forward,PF,"6' 7""",71280:Giampaolo Ricci:Olimpia Milano
PTFJ,"RICCI, PHILIP",Philip Ricci,exact,71280,Giampaolo Ricci,Olimpia Milano,Forward,Power Forward,PF,"6' 7""",71280:Giampaolo Ricci:Olimpia Milano
P003367,"RICE, TYRESE",Tyrese Rice,exact,70916,Tyrese Rice,,Guard,Point Guard,PG,"6' 1""",70916:Tyrese Rice:None
P001865,"RICHARDSON, JEREMY",Jeremy Richardson,ambiguous,,,,,,,,53520:Josh Richardson:None; 190994:Jase Richardson:Orlando Magic; 90341:Jameson Richardson:Abilene Christian; 53670:Malachi Richardson:None; 226221:Jed Richardson:Cairns Taipans; 89303:Tucker Richardson:None; 90069:Will Richardson:None; 202503:Reigan Richardson:None
P000799,"RICHARDS, RYAN",Ryan Richards,ambiguous,,,,,,,,53520:Josh Richardson:None; 86044:Nick Richards:Miami Heat; 94980:Didi Richards:None; 190994:Jase Richardson:Orlando Magic; 90341:Jameson Richardson:Abilene Christian; 53670:Malachi Richardson:None; 226198:Jacob Richards:Tasmania Jackjumpers; 226221:Jed Richardson:Cairns Taipans; 89303:Tucker Richardson:None; 90069:Will Richardson:None; 200078:Cannon Richards:Wofford; 224167:Richards Vanags:VEF Riga; 128120:Isaiah Richards:Hapoel Beer Sheva/Dimona; 155515:Emanuel Richards:Longwood; 155672:DJ Richards:McNeese State; 172367:Lukah Richards:Manawatu Jets; 202503:Reigan Richardson:None
P004182,"RICHTER, JOHANNES",Johannes Richter,exact,145378,Jonas Richter,,Guard,Shooting Guard,SG,"6' 9""",145378:Jonas Richter:None
PBMK,"RIDDICK, ANDRE",Andre Riddick,not_found,,,,,,,,
P010718,"RISACHER, ZACCHARIE",Zaccharie Risacher,exact,105176,Zaccharie Risacher,Atlanta Hawks,Forward,Small Forward,SF,"6' 7""",105176:Zaccharie Risacher:Atlanta Hawks
P003273,"RISTIC, DUSAN",Dusan Ristic,exact,81667,Dusan Ristic,Brave Thunders,Center,Center,C,"7' 0""",81667:Dusan Ristic:Brave Thunders
P011214,"RIVERO, JASIEL",Jasiel Rivero,exact,72324,Jasiel Rivero,,Center,Center,C,"6' 9""",72324:Jasiel Rivero:None
P002429,"RIVERS, KELVIN",Kelvin Rivers,ambiguous,,,,,,,,53677:Austin Rivers:None; 70893:KC Rivers:None; 86939:Doc Rivers:None; 142484:Demetre Rivers:Maxima Roma; 202362:Saniya Rivers:Connecticut Sun
P000013,"RIZNIC, BOGDAN",Bogdan Riznic,not_found,,,,,,,,
PJYE,"RIZVIC, HASAN",Hasan Rizvic,not_found,,,,,,,,
P013405,"ROBERSON, ANDRE",Andre Roberson,exact,53719,André Roberson,Zenit,Guard,Shooting Guard,SG,"6' 7""",53719:André Roberson:Zenit
P002091,"ROBERTS, BRIAN",Brian Roberts,exact,53872,Brian Roberts,,Guard,Point Guard,PG,"6' 2""",53872:Brian Roberts:None
PTFU,"ROBERTS, LAWRENCE",Lawrence Roberts,ambiguous,,,,,,,,70024:Ronald Roberts:None; 83592:Kassius Robertson:Gran Canaria; 89566:J'Wan Roberts:Alba Berlin; 203279:Lynne Roberts:Los Angeles Sparks; 72646:Roberts Stumbris:None; 53872:Brian Roberts:None; 109558:Justin Roberts:Georgia State; 109784:Jordan Roberts:Texas A&M-Corpus Christi; 142611:Roberts Blumbergs:Petkim Spor; 72632:Roberts Freimanis:None; 89819:Tyler Robertson:Sydney Kings; 142673:Roberts Blums:None; 145996:Josh Roberts:Merkezefendi Belediyesi; 122092:Roberts Berzins:None; 155666:Roberts Berze:None; 156512:Lee Roberts:None; 128085:Demetre Roberts:Fairleigh Dickinson; 142617:Anthony Roberts:Wilki Morskie Szczecin; 142635:Roberts Stelmahers:None; 147878:Desmond Roberts:Virginia; 148786:JaQualon Roberts:None; 149670:Ethan Roberts:None; 155810:Stephon Roberts:Saint Peter's; 193516:Jackson Roberts:None; 233037:Jaxson Roberts:Utah Valley; 235604:Ethan Roberts:Pennsylvania; 235626:Jaeden Roberts:Hofstra; 236533:Terry Roberts:Long Island Nets
P012740,"ROBERTSON, KASSIUS",Kassius Robertson,exact,83592,Kassius Robertson,Gran Canaria,Guard,Shooting Guard,SG,"6' 3""",83592:Kassius Robertson:Gran Canaria
P000702,"ROBINSON, ANTYWANE",Antywane Robinson,ambiguous,,,,,,,,64178:Duncan Robinson:Detroit Pistons; 64194:Mitchell Robinson:Boston Celtics; 64166:Jerome Robinson:Galatasaray; 113448:Orlando Robinson:Orlando Magic; 89723:Jeremiah Robinson-Earl:Dallas Mavericks; 104345:Brandon Robinson:Quimsa; 64728:James Robinson:None; 71770:Justin Robinson:Barcelona; 184736:John Meeks:Galatasaray; 95033:Danielle Robinson:None; 89781:Jaden Robinson:None; 108762:Jaxson Robinson:Cleveland Charge; 149081:Wrenn Robinson:California; 64149:Glenn Robinson III:None; 71878:Gerald Robinson:None; 73399:Tracy Robinson:None; 89888:Robinson Idehen:None; 109356:Jakai Robinson:Bryant; 128039:Demond Robinson:None; 156606:Donald Robinson:Racing Club Chivilcoy; 156608:Jordan Robinson:Larre Borges; 217554:Tyree Robinson:Gambusinos De Fresnillo; 89293:Khalen Robinson:None; 89518:Shiloh Robinson:None; 124392:Pat Robinson III:None; 128407:Trey Robinson:Northern Kentucky; 128771:Khalil Robinson:None; 147689:Anthony Robinson:Missouri; 147841:Justin Robinson:None; 147874:Anthony Robinson:None; 149308:Amire Robinson:Nevada; 156717:Jervae Robinson:None; 186382:Alex Robinson:Nelson Giants; 89614:Mykell Robinson:None; 109648:Luc Robinson:None; 155674:Royce Robinson:Montana State; 201978:Kendall Robinson:KK Krka Novo Mesto; 235614:Micah Robinson:TCU; 237620:Azavier Robinson:UCLA; 238089:Cornelius Robinson III:Hampton
P001354,"ROBINSON, FRANK",Frank Robinson,ambiguous,,,,,,,,64178:Duncan Robinson:Detroit Pistons; 64194:Mitchell Robinson:Boston Celtics; 64166:Jerome Robinson:Galatasaray; 113448:Orlando Robinson:Orlando Magic; 89723:Jeremiah Robinson-Earl:Dallas Mavericks; 104345:Brandon Robinson:Quimsa; 64728:James Robinson:None; 71770:Justin Robinson:Barcelona; 184736:John Meeks:Galatasaray; 95033:Danielle Robinson:None; 89781:Jaden Robinson:None; 108762:Jaxson Robinson:Cleveland Charge; 149081:Wrenn Robinson:California; 64149:Glenn Robinson III:None; 71878:Gerald Robinson:None; 73399:Tracy Robinson:None; 89888:Robinson Idehen:None; 109356:Jakai Robinson:Bryant; 128039:Demond Robinson:None; 156606:Donald Robinson:Racing Club Chivilcoy; 156608:Jordan Robinson:Larre Borges; 217554:Tyree Robinson:Gambusinos De Fresnillo; 89293:Khalen Robinson:None; 89518:Shiloh Robinson:None; 124392:Pat Robinson III:None; 128407:Trey Robinson:Northern Kentucky; 128771:Khalil Robinson:None; 147689:Anthony Robinson:Missouri; 147841:Justin Robinson:None; 147874:Anthony Robinson:None; 149308:Amire Robinson:Nevada; 156717:Jervae Robinson:None; 186382:Alex Robinson:Nelson Giants; 89614:Mykell Robinson:None; 109648:Luc Robinson:None; 155674:Royce Robinson:Montana State; 201978:Kendall Robinson:KK Krka Novo Mesto; 235614:Micah Robinson:TCU; 237620:Azavier Robinson:UCLA; 238089:Cornelius Robinson III:Hampton
P014008,"ROBINSON, JUSTIN",Justin Robinson,ambiguous,,,,,,,,71770:Justin Robinson:Barcelona; 147841:Justin Robinson:None
P008003,"ROBINSON, THOMAS",Thomas Robinson,ambiguous,,,,,,,,64178:Duncan Robinson:Detroit Pistons; 64194:Mitchell Robinson:Boston Celtics; 64166:Jerome Robinson:Galatasaray; 113448:Orlando Robinson:Orlando Magic; 89723:Jeremiah Robinson-Earl:Dallas Mavericks; 104345:Brandon Robinson:Quimsa; 64728:James Robinson:None; 71770:Justin Robinson:Barcelona; 184736:John Meeks:Galatasaray; 95033:Danielle Robinson:None; 89781:Jaden Robinson:None; 108762:Jaxson Robinson:Cleveland Charge; 149081:Wrenn Robinson:California; 64149:Glenn Robinson III:None; 71878:Gerald Robinson:None; 73399:Tracy Robinson:None; 89888:Robinson Idehen:None; 109356:Jakai Robinson:Bryant; 128039:Demond Robinson:None; 156606:Donald Robinson:Racing Club Chivilcoy; 156608:Jordan Robinson:Larre Borges; 217554:Tyree Robinson:Gambusinos De Fresnillo; 89293:Khalen Robinson:None; 89518:Shiloh Robinson:None; 124392:Pat Robinson III:None; 128407:Trey Robinson:Northern Kentucky; 128771:Khalil Robinson:None; 147689:Anthony Robinson:Missouri; 147841:Justin Robinson:None; 147874:Anthony Robinson:None; 149308:Amire Robinson:Nevada; 156717:Jervae Robinson:None; 186382:Alex Robinson:Nelson Giants; 89614:Mykell Robinson:None; 109648:Luc Robinson:None; 155674:Royce Robinson:Montana State; 201978:Kendall Robinson:KK Krka Novo Mesto; 235614:Micah Robinson:TCU; 237620:Azavier Robinson:UCLA; 238089:Cornelius Robinson III:Hampton
PJQS,"ROCCA, RICHARD",Richard Rocca,not_found,,,,,,,,
P002972,"ROCHESTIE, TAYLOR",Taylor Rochestie,exact,53288,Taylor Rochestie,,Guard,Shooting Guard,SG,"6' 1""",53288:Taylor Rochestie:None
P001720,"ROCKMANN, MANUEL",Manuel Rockmann,not_found,,,,,,,,
PAWS,"RODRIGUEZ, BERNI",Berni Rodriguez,ambiguous,,,,,,,,53245:Sergio Rodriguez:None; 183516:Joaquin Rodriguez:Ca Penarol; 143185:Miguel Rodríguez:Minas; 64359:Paulo Rodriguez:None; 71136:Desi Rodriguez:Ironi Ness Ziona; 149251:Felipe Rodriguez:Ferro Carril Oeste; 156616:Joaquin Rodriguez:Aguada; 149274:Camilo Rodriguez:Ferro Carril Oeste; 229014:Claudio Rodríguez:San Lorenzo; 70819:Sergio Rodríguez:Panteras De Aguascalientes; 178897:Jared Rodriguez:None; 219643:Luis Rodriguez Jr:Franca; 123661:Jordi Rodriguez:Cincinnati; 148984:Manuel Rodriguez:Racing Club Chivilcoy; 156418:Thiago Rodriguez:Bigua; 171670:Leonor Rodríguez:None; 172656:Karim Rodriguez:Astros De Jalisco; 186920:Juan Rodriguez:Riachuelo; 187878:Martín Rodríguez:Urunday Universitario; 230012:Ramiro Rodríguez:San Pablo Burgos; 182809:Kevin Rodriguez:None; 191558:Wilfredo Rodriguez:Caribbean Storm Islands; 218377:Jonathan Rodriguez:Santos De San Luis; 139307:Manuel Rodriguez:Palencia Baloncesto; 156630:Nahuel Rodriguez:Malvin; 206681:Rafael Rodriguez:Colonias Gold Basketball; 156593:Natanel Rodriguez:None; 237220:Adria Rodriguez:ICG Forca Lleida; 128090:Daniel Rodriguez:Fairleigh Dickinson; 190623:Iker Rodríguez:None; 234059:C.J. Rodriguez:None; 246022:Anthony Rodriguez:None
PCVM,"RODRIGUEZ, SERGIO",Sergio Rodriguez,ambiguous,,,,,,,,53245:Sergio Rodriguez:None; 70819:Sergio Rodríguez:Panteras De Aguascalientes
P002947,"ROGIC, ROKO",Roko Rogic,exact,72599,Roko Rogic,KK Cibona Zagreb,Guard,Point Guard,PG,"6' 2""",72599:Roko Rogic:KK Cibona Zagreb
P011085,"ROGKAVOPOULOS, NIKOLAOS",Nikolaos Rogkavopoulos,exact,136345,Nikos Rogkavopoulos,Panathinaikos,Forward,Shooting Guard,SG,"6' 8""",136345:Nikos Rogkavopoulos:Panathinaikos
P004974,"ROLL, MICHAEL",Michael Roll,exact,53187,Michael Roll,,Forward,Small Forward,SF,"6' 6""",53187:Michael Roll:None
P000717,"ROMERO, HECTOR",Hector Romero,ambiguous,,,,,,,,137156:Ismael Romero:Al Ahli Tripoli; 156535:Eric Romero:Ca Penarol; 171667:Leticia Romero:Valencia Basket (W); 150507:Manuel Romero:Malvin; 181499:Alex Romero:Libertad Asuncion; 186748:Gonzalo Romero:None
P006737,"ROSA, IGNACIO",Ignacio Rosa,exact,53870,Ignacio Rosa,,Center,Center,C,"6' 7""",53870:Ignacio Rosa:None
PTFZ,"ROSZYK, KRZYSZTOF",Krzysztof Roszyk,not_found,,,,,,,,
P003451,"ROTHBART, ROBERT",Robert Rothbart,not_found,,,,,,,,
P004158,"ROTH, MORAN",Moran Roth,ambiguous,,,,,,,,231427:Scott Roth:Tasmania Jackjumpers; 224153:Lukas Roth:Wurzburg Baskets
P000498,"ROWLAND, EARL",Earl Rowland,exact,71048,Earl Rowland,,Guard,Point Guard,PG,"6' 3""",71048:Earl Rowland:None
P012779,"ROZAKEAS, ANASTASIOS",Anastasios Rozakeas,exact,146691,Anastasios Rozakeas,Florida State,Forward,Power Forward,PF,"6' 7""",146691:Anastasios Rozakeas:Florida State
PJJV,"ROZIC, MARIN",Marin Rozic,not_found,,,,,,,,
P001900,"RUBIO, GUILLEM",Guillem Rubio,ambiguous,,,,,,,,53570:Ricky Rubio:Joventut de Badalona; 150971:Kevin Rubio:Universidad De Concepcion; 139424:Juan Rubio:San Pablo Burgos; 192631:Geronimo Rubio De La Rosa:Mexico City Capitanes
PLFW,"RUBIO, RICKY",Ricky Rubio,exact,53570,Ricky Rubio,Joventut de Badalona,Guard,Point Guard,PG,"6' 3""",53570:Ricky Rubio:Joventut de Badalona
P006477,"RUBIT, AUGUSTINE",Augustine Rubit,exact,53176,Augustine Rubit,Unicaja Málaga,Center,Center,C,"6' 8""",53176:Augustine Rubit:Unicaja Málaga
P009299,"RUBSTAVICIUS, MANTAS",Mantas Rubstavicius,exact,91022,Mantas Rubstavicius,,Guard,Point Guard,PG,"6' 6""",91022:Mantas Rubstavicius:None
P007645,"RUDAN, MATEJ",Matej Rudan,exact,139374,Matej Rudan,,Forward,Small Forward,SF,"6' 9""",139374:Matej Rudan:None
P006536,"RUDD, VICTOR",Victor Rudd,exact,156523,Victor Rudd,Defensor Sporting,Forward,Power Forward,PF,"6' 9""",156523:Victor Rudd:Defensor Sporting
PJZH,"RUDEZ, DAMJAN",Damjan Rudez,exact,53901,Damjan Rudez,Donar Groningen,Forward,Power Forward,PF,"6' 8""",53901:Damjan Rudez:Donar Groningen
P011630,"RUF, LINUS",Linus Ruf,exact,145109,Linus Ruf,SC Rasta Vechta,Center,Center,C,"6' 9""",145109:Linus Ruf:SC Rasta Vechta
P003283,"RUPNIK, LUKA",Luka Rupnik,ambiguous,,,,,,,,97399:Luka Rupnik:Poitiers; 72331:Luka Rupnik:None
PTEZ,"RUSH, BRION",Brion Rush,exact,193846,Brandon Rush,Komarno,Guard,Power Forward,PF,"6' 3""",193846:Brandon Rush:Komarno
P014177,"RYAN, MATT",Matt Ryan,exact,102923,Matt Ryan,,Forward,Small Forward,SF,"6' 7""",102923:Matt Ryan:None
000000,"SABBATINO, NUNZIO",Nunzio Sabbatino,not_found,,,,,,,,
P008856,"SABECKIS, DONATAS",Donatas Sabeckis,exact,142630,Donatas Sabeckis,Juventus,Forward,Power Forward,PF,"6' 6""",142630:Donatas Sabeckis:Juventus
P004485,"SABONIS, DOMANTAS",Domantas Sabonis,exact,53454,Domantas Sabonis,Sacramento Kings,Center,Center,C,"6' 11""",53454:Domantas Sabonis:Sacramento Kings
P004380,"SACCHETTI, BRIAN",Brian Sacchetti,exact,71219,Brian Sacchetti,Blu Basket 1971 Treviglio,Forward,Small Forward,SF,"6' 7""",71219:Brian Sacchetti:Blu Basket 1971 Treviglio
PBGO,"SADA, VICTOR",Victor Sada,not_found,,,,,,,,
P001839,"SADIKU, ELIO",Elio Sadiku,exact,128716,Sadiku Ibine Ayo,St. John's,Forward,Small Forward,SF,"6' 7""",128716:Sadiku Ibine Ayo:St. John's
P007679,"SAHAR, DORI",Dori Sahar,exact,71105,Dori Sahar,Elizur Ironi Netanya‏,Guard,Shooting Guard,SG,"6' 5""",71105:Dori Sahar:Elizur Ironi Netanya‏
P005519,"SAJUS, MARTYNAS",Martynas Sajus,exact,53899,Martynas Sajus,Petkim Spor,Center,Center,C,"6' 10""",53899:Martynas Sajus:Petkim Spor
P008854,"SAKELLARIOU, EVANGELOS",Evangelos Sakellariou,not_found,,,,,,,,
P010545,"SAKO, NEAL",Neal Sako,exact,81699,Neal Sako,Valencia Basket,Forward,Power Forward,PF,"6' 11""",81699:Neal Sako:Valencia Basket
PJAB,"SAKOTA, DUSAN",Dusan Sakota,exact,70834,Dusan Sakota,,Forward,Power Forward,PF,"6' 11""",70834:Dusan Sakota:None
PANY,"SALENGA, DAINIUS",Dainius Salenga,not_found,,,,,,,,
P003712,"SALIC, DJOKO",Djoko Salic,not_found,,,,,,,,
P002820,"SALIN, SASU",Sasu Salin,exact,70865,Sasu Salin,,Guard,Shooting Guard,SG,"6' 3""",70865:Sasu Salin:None
PTEU,"SALYERS, MARC",Marc Salyers,not_found,,,,,,,,
P007579,"SAMANIC, LUKA",Luka Samanic,exact,79352,Luka Samanic,Zenit,Forward,Power Forward,PF,"6' 10""",79352:Luka Samanic:Zenit
PAZW,"SAMARDZISKI, PREDRAG",Predrag Samardziski,not_found,,,,,,,,
P007550,"SAMAR, ZIGA",Ziga Samar,exact,83556,Ziga Samar,Gran Canaria,Guard,Point Guard,PG,"6' 4""",83556:Ziga Samar:Gran Canaria
P001998,"SAMB, CHEICK",Cheick Samb,not_found,,,,,,,,
PLEZ,"SAMB, MAMADOU",Mamadou Samb,not_found,,,,,,,,
P002825,"SAMHAN, OMAR",Omar Samhan,not_found,,,,,,,,
PLNY,"SAMNICK, VICTOR",Victor Samnick,not_found,,,,,,,,
P011442,"SAMONTOUROV, ALEXANDROS",Alexandros Samontourov,not_found,,,,,,,,
PKVK,"SAMOYLENKO, PETR",Petr Samoylenko,exact,150589,Ivan Samoylenko,Lokomotiv Kuban,Guard,Point Guard,PG,"6' 3""",150589:Ivan Samoylenko:Lokomotiv Kuban
P005269,"SAMUELS, SAMARDO",Samardo Samuels,ambiguous,,,,,,,,95002:Katie Lou Samuelson:Seattle Storm; 113042:Karlie Samuelson:Portland Fire; 89732:Jermaine Samuels:San Pablo Burgos; 128618:Adrian Samuels:American University; 149460:Corey Samuels:Bristol Flyers
P008177,"SANCAKLI, EKREM",Ekrem Sancakli,exact,72267,"Sancakli, Ekrem",,Guard,Shooting Guard,SG,"6' 4""","72267:Sancakli, Ekrem:None"
P001937,"SANCHEZ, JEROME",Jerome Sanchez,exact,182446,Jerome Sanchez,,Forward,Power Forward,PF,"6' 6""",182446:Jerome Sanchez:None
PAZU,"SANCHEZ, PEPE",Pepe Sanchez,ambiguous,,,,,,,,74607:Pablo Sanchez:None; 89585:Jeremy Sanchez:None; 149526:Amilcar Sanchez:Toros de Chiriqui; 150293:Rodrigo Sanchez:La Unión de Formosa; 161407:Ramon Sanchez:Deportivo San Jose; 182446:Jerome Sanchez:None; 189895:Melo Sanchez:None; 202008:Alba Sanchez:Universitario Ferrol (W); 224684:Alejo Sanchez:San Lorenzo; 70879:Javier García Sánchez:None; 223507:Lucas Sanchez:Baxi Manresa; 234057:Javier Sanchez:None
PLTZ,"SANDERS, MELVIN",Melvin Sanders,ambiguous,,,,,,,,192272:Kobe Sanders:Los Angeles Clippers; 72329:Victor Sanders:Parma; 178899:Corey Sanders:None; 121671:Jamarr Sanders:None; 142626:Nakye Sanders:None; 109806:Tony Sanders Jr.:Notre Dame; 123643:Nick Sanders:Michigan State; 233952:Caleb Sanders:South Florida
P005001,"SANDERS, RAKIM",Rakim Sanders,ambiguous,,,,,,,,192272:Kobe Sanders:Los Angeles Clippers; 72329:Victor Sanders:Parma; 178899:Corey Sanders:None; 121671:Jamarr Sanders:None; 142626:Nakye Sanders:None; 109806:Tony Sanders Jr.:Notre Dame; 123643:Nick Sanders:Michigan State; 233952:Caleb Sanders:South Florida
P000518,"SAN EMETERIO, FERNANDO",Fernando San Emeterio,exact,53902,Fernando San Emeterio,,Forward,Small Forward,SF,"6' 6""",53902:Fernando San Emeterio:None
PJJN,"SANGARE, YOHANN",Yohann Sangare,exact,159317,Mohamed Sangare,La Laguna Tenerife,Center,Center,C,"6' 8""",159317:Mohamed Sangare:La Laguna Tenerife
P004164,"SANIKIDZE, VIKTOR",Viktor Sanikidze,not_found,,,,,,,,
P003097,"SANLI, MEHMET",Mehmet Sanli,exact,64429,Sertac Sanli,Fenerbahçe,Forward,Center,C,"7' 0""",64429:Sertac Sanli:Fenerbahçe
P002968,"SANLI, SERTAC",Sertac Sanli,exact,64429,Sertac Sanli,Fenerbahçe,Forward,Center,C,"7' 0""",64429:Sertac Sanli:Fenerbahçe
P001197,"SANTANA, JORGE",Jorge Santana,ambiguous,,,,,,,,71020:Fabio Santana:None; 85522:Juanjo Santana:None; 111053:Santana:None; 143706:Tarek:Basket Osasco; 224856:Jonathan Santana:Vasco da Gama; 172131:Gustavo:Bauru Basket; 141829:Nico Santana Mojica:None; 172419:Gustavo:Mogi Basquete LDB; 184130:Saul Santana:None
PKML,"SANTIAGO, DANIEL",Daniel Santiago,ambiguous,,,,,,,,89481:Santiago Vescovi:Ca Penarol; 104450:Santiago Scala:None; 73379:Pepo Vidal:Aguada; 137680:Nelson Colon:None; 149294:Santiago Bilbao:Argentino Junín; 144762:Santiago Ferreyra:Atenas; 152510:Santiago Calimares:Ca Penarol; 149351:Santiago Barrales:Obera TC; 219647:Santiago Trouet:Arizona State; 149286:Santiago Capelli:None; 233005:Ramiro Santiago:Flamengo; 149444:Santiago Perez:Ciclista Olímpico; 156511:Santiago Fernandez:Malvin; 197429:Santiago Wohlwend:Hebraica y Macabi; 202264:Santiago Borges:Remeros Mercedes; 128831:Giovanni Santiago:Kent State; 156518:Santiago Tucuna:Trouville; 156551:Santiago Massa:Urunday Universitario; 187893:Santiago Garcia:Cordon; 195852:Santiago Serna:None; 194643:Santiago Ballarena:Independiente De Oliva; 146065:Santiago:None; 149058:Santiago Assum:Racing Club Chivilcoy; 149211:Santiago Arese:Comunicaciones Mercedes; 161444:Santiago Ochipinti:Ca Ciudad Nueva; 161453:Santiago Peralta:None; 178857:Benito Santiago:Toros del Valle; 185003:Santiago Marconetti:None; 187861:Santiago Moglia:Club Atletico Welcome; 193978:Santiago Chanes:Hebraica y Macabi; 194854:Santiago Granda:Leyma Coruña; 200881:Santiago Guasco:Instituto; 202263:Santiago Ruiz:Remeros Mercedes; 224640:Santiago Tricot:Defensor Sporting; 222838:Santiago Silva:FC Porto; 225241:Santiago Martinez:Club Atletico Welcome; 229013:Santiago Tallade:San Lorenzo
P013289,"SANTOS, MARCIO",Marcio Santos,exact,182455,Marcio Santos,Maccabi Tel Aviv,Center,Center,C,"6' 9""",182455:Marcio Santos:Maccabi Tel Aviv
P010657,"SANTOS, RAFA",Rafa Santos,exact,83548,Rafa Santos,,Guard,Point Guard,PG,"6' 0""",83548:Rafa Santos:None
P007869,"SANT-ROOS, HOWARD",Howard Sant-Roos,exact,72523,Howard Sant-Roos,UCAM Murcia,Forward,Small Forward,SF,"6' 7""",72523:Howard Sant-Roos:UCAM Murcia
P002392,"SANZ, JORGE",Jorge Sanz,ambiguous,,,,,,,,149323:Matias Sanz Pierlorenzi:None; 232061:Facundo Sanz:El Talar; 202224:Mikel Sanz:ICG Forca Lleida
P000919,"SARAJLIJA, MIRZA",Mirza Sarajlija,not_found,,,,,,,,
P002013,"SARAKAUSKAS, VYTAUTAS",Vytautas Sarakauskas,not_found,,,,,,,,
P010327,"SARANOVIC, NIKOLA",Nikola Saranovic,exact,184354,Nikola Saranovic,FMP Belgrade,Forward,Power Forward,PF,"6' 7""",184354:Nikola Saranovic:FMP Belgrade
P010182,"SARGIUNAS, TITAS",Titas Sargiunas,exact,106325,Titas Sargiunas,,Guard,Point Guard,PG,"6' 3""",106325:Titas Sargiunas:None
P003112,"SARIC, DARIO",Dario Saric,exact,53403,Dario Saric,Anadolu Efes,Forward,Power Forward,PF,"6' 10""",53403:Dario Saric:Anadolu Efes
P011666,"SARR, DAME",Dame Sarr,exact,145741,Dame Sarr,Duke,Forward,Power Forward,PF,"6' 5""",145741:Dame Sarr:Duke
P002936,"SASTRE, JOAN",Joan Sastre,exact,53135,Joan Sastre,La Laguna Tenerife,Forward,Small Forward,SF,"6' 7""",53135:Joan Sastre:La Laguna Tenerife
P002939,"SATORANSKY, TOMAS",Tomas Satoransky,exact,53383,Tomas Satoransky,Hapoel Tel Aviv,Guard,Shooting Guard,SG,"6' 7""",53383:Tomas Satoransky:Hapoel Tel Aviv
PLMO,"SATO, ROMAIN",Romain Sato,ambiguous,,,,,,,,53383:Tomas Satoransky:Hapoel Tel Aviv; 95117:Satou Sabally:New York Liberty; 171654:Satona Uchio:None
PKOD,"SAVANOVIC, DUSKO",Dusko Savanovic,not_found,,,,,,,,
PJPF,"SAVAS, OGUZ",Oguz Savas,exact,64395,Oguz Savas,,Center,Center,C,"7' 0""",64395:Oguz Savas:None
P004946,"SAVELYEV, IVAN",Ivan Savelyev,not_found,,,,,,,,
P010784,"SAVKOV, PAVEL",Pavel Savkov,exact,120638,Pavel Savkov,MBA Moscow,Guard,Shooting Guard,SG,"6' 7""",120638:Pavel Savkov:MBA Moscow
PJMR,"SAVOVIC, BORIS",Boris Savovic,not_found,,,,,,,,
PALR,"SAVRASENKO, ALEKSEY",Aleksey Savrasenko,not_found,,,,,,,,
P006693,"SAYBIR, YIGITCAN",Yigitcan Saybir,exact,53884,Yigitcan Saybir,Tofas,Forward,Power Forward,PF,"6' 7""",53884:Yigitcan Saybir:Tofas
P000540,"SCEKIC, MARKO",Marko Scekic,not_found,,,,,,,,
PBGQ,"SCHAFFARTZIK, HEIKO",Heiko Schaffartzik,not_found,,,,,,,,
PTET,"SCHENSCHER, LUKE",Luke Schenscher,not_found,,,,,,,,
P000357,"SCHILB, BLAKE",Blake Schilb,exact,69987,Blake Schilb,USK Praha,Forward,Small Forward,SF,"6' 6""",69987:Blake Schilb:USK Praha
P008823,"SCHILLING, GAVIN",Gavin Schilling,exact,71402,Gavin Schilling,N.R. Ludwigsburg,Forward,Small Forward,SF,"6' 9""",71402:Gavin Schilling:N.R. Ludwigsburg
P001468,"SCHMIDT, DANIEL",Daniel Schmidt,ambiguous,,,,,,,,237615:Oscar Schmidt:None; 182115:Marian Schmidt:CSM Oradea
P006251,"SCHNEIDER, TIM",Tim Schneider,exact,70954,Tim Schneider,,Forward,Power Forward,PF,"6' 10""",70954:Tim Schneider:None
P013372,"SCHOFIELD, ADMIRAL",Admiral Schofield,exact,71571,Admiral Schofield,Cairns Taipans,Forward,Small Forward,SF,"6' 5""",71571:Admiral Schofield:Cairns Taipans
PJXX,"SCHORTSANITIS, SOFOKLIS",Sofoklis Schortsanitis,not_found,,,,,,,,
P011234,"SCHULTE, RIKUS",Rikus Schulte,exact,105587,Rikus Schulte,,Forward,,,"6' 9""",105587:Rikus Schulte:None
PAQX,"SCHULTZE, SVEN",Sven Schultze,not_found,,,,,,,,
P003424,"SCHYER, JONATHAN",Jonathan Schyer,not_found,,,,,,,,
PKFH,"SCIARRA, LAURENT",Laurent Sciarra,not_found,,,,,,,,
PAJG,"SCOLA, LUIS",Luis Scola,exact,69947,Luis Scola,,Forward,Power Forward,PF,,69947:Luis Scola:None
P012729,"SCOTT, MIKE",Mike Scott,ambiguous,,,,,,,,53371:Mike Scott:None; 160424:Mike Scott:None
P007230,"SEDEKERSKIS, TADAS",Tadas Sedekerskis,exact,64467,Tadas Sedekerskis,Baskonia Vitoria,Forward,Small Forward,SF,"6' 7""",64467:Tadas Sedekerskis:Baskonia Vitoria
P004862,"SEELEY, D.J.",D.J. Seeley,exact,70877,D.J Seeley,,Guard,Point Guard,PG,"6' 4""",70877:D.J Seeley:None
PBIX,"SEFOLOSHA, THABO",Thabo Sefolosha,exact,53576,Thabo Sefolosha,,Forward,Small Forward,SF,"6' 7""",53576:Thabo Sefolosha:None
P004161,"SEGEV, ITAY",Itay Segev,exact,64809,Itay Segev,Hapoel Tel Aviv,Center,Center,C,"6' 8""",64809:Itay Segev:Hapoel Tel Aviv
P000532,"SEHOVIC, SEAD",Sead Sehovic,exact,64458,Sead Sehovic,KK Mornar,Forward,Small Forward,SF,"6' 5""",64458:Sead Sehovic:KK Mornar
P000202,"SEHOVIC, SUAD",Suad Sehovic,exact,64402,Suad Sehovic,,Guard,Shooting Guard,SG,"6' 6""",64402:Suad Sehovic:None
PKNO,"SEIBUTIS, RENALDAS",Renaldas Seibutis,exact,67487,Renaldas Seibutis,,Guard,Shooting Guard,SG,"6' 5""",67487:Renaldas Seibutis:None
P001171,"SEIFERTH, ANDREAS",Andreas Seiferth,not_found,,,,,,,,
P005756,"SEIFERTH, MARTIN",Martin Seiferth,not_found,,,,,,,,
PAFB,"SEKULIC, BLAGOTA",Blagota Sekulic,exact,136402,Aleksander Sekulić,Zenit,Management,Coach,,,136402:Aleksander Sekulić:Zenit
P014088,"SELJAAS, ZACHARY",Zachary Seljaas,exact,145209,Zac Seljaas,Napoli Basket,Forward,Small Forward,SF,"6' 7""",145209:Zac Seljaas:Napoli Basket
P005681,"SENA, WESLEY",Wesley Sena,exact,73550,Wesley Sena,Cruzeiro,Center,Center,C,"6' 11""",73550:Wesley Sena:Cruzeiro
PBTO,"SENTURK, SONER",Soner Senturk,not_found,,,,,,,,
P001948,"SERAPHIN, KEVIN",Kevin Seraphin,exact,53120,Kevin Seraphin,,Center,Center,C,"6' 10""",53120:Kevin Seraphin:None
PBAO,"SERAPINAS, SIMONAS",Simonas Serapinas,not_found,,,,,,,,
P001901,"SERVERA, MIKI",Miki Servera,not_found,,,,,,,,
PLGS,"SESAY, ANSU",Ansu Sesay,not_found,,,,,,,,
P002807,"SESKUS, EDVINAS",Edvinas Seskus,exact,157709,Edvinas Šeškus,,Forward,Small Forward,SF,"6' 4""",157709:Edvinas Šeškus:None
P009030,"SESSIONS, RAMON",Ramon Sessions,not_found,,,,,,,,
P011980,"SESTINA, NATHAN",Nathan Sestina,exact,122432,Nathan Sestina,Olimpia Milano,Forward,Power Forward,PF,"6' 9""",122432:Nathan Sestina:Olimpia Milano
P001885,"SEWERYN, LUKASZ",Lukasz Seweryn,not_found,,,,,,,,
P012612,"SHAHRVIN, ENZO",Enzo Shahrvin,exact,143720,Enzo Shahrvin,Paris Basketball,Center,Center,C,"6' 7""",143720:Enzo Shahrvin:Paris Basketball
P000668,"SHAKUR, MUSTAFA",Mustafa Shakur,exact,122097,Shakur Juiston,,Forward,Power Forward,PF,"6' 7""",122097:Shakur Juiston:None
P005165,"SHANG, PING",Ping Shang,not_found,,,,,,,,
P010653,"SHARAPOV, VLADISLAV",Vladislav Sharapov,exact,82252,Vladislav Sharapov,,Center,Center,C,"6' 8""",82252:Vladislav Sharapov:None
PAOU,"SHARP, DERRICK",Derrick Sharp,ambiguous,,,,,,,,109134:Shaedon Sharpe:Portland Trail Blazers; 122948:Emanuel Sharp:Sacramento Kings; 89538:Day'Ron Sharpe:Brooklyn Nets; 78461:D.J Sharp:None; 148172:Jamarion Sharp:Los Angeles Clippers
P010771,"SHASHKOV, ALEXANDER",Alexander Shashkov,exact,87302,Alexander Shashkov,Parma,Center,Center,C,"6' 11""",87302:Alexander Shashkov:Parma
PCUG,"SHAW, JOSEPH CASEY",Joseph Casey Shaw,ambiguous,,,,,,,,81761:Shawn Dawson:None; 64742:Shawn Jones:KB Trepça; 149784:Shawn Simmons:Saint Joseph's; 105834:Shaw:None; 117849:Shawn Huff:Helsinki Seagulls; 89849:Jalen Shaw:Ubsc Graz; 124181:Shawn Jones Jr.:Mississippi State; 124407:Aidan Shaw:None; 128723:Isaiah Shaw:None; 137218:Shawn Hopkins:CSU Craiova; 148905:Shawn Phillips Jr.:Missouri; 149800:Caleb Shaw:Grand Canyon; 160721:Shawn Maranan:Winnipeg Sea Bears; 179033:Shawndale Jones:None; 200565:Shawn Fulcher:Alabama State; 186533:PJ Pipes:Demir Insaat Buyukcekmece; 223403:Shawn Tanner:Limoges; 231535:Dillan Shaw:Saint Mary's; 232730:Shawn Foxbrennen:Caimanes; 236870:Sydney Shaw:None; 237337:Shawn Long:KCC Egis
P011202,"SHAYOK, MARIAL",Marial Shayok,exact,79373,Marial Shayok,,Guard,Power Forward,PF,"6' 6""",79373:Marial Shayok:None
PKLN,"SHELEKETO, MAXIM",Maxim Sheleketo,not_found,,,,,,,,
P001133,"SHENGELIA, TORNIKE",Tornike Shengelia,exact,53301,Tornike Shengelia,BC Dubai,Forward,Power Forward,PF,"6' 9""",53301:Tornike Shengelia:BC Dubai
P001386,"SHERMADINI, GIORGI",Giorgi Shermadini,exact,53151,Giorgi Shermadini,La Laguna Tenerife,Center,Center,C,"7' 1""",53151:Giorgi Shermadini:La Laguna Tenerife
P006713,"SHEVCHUK, KONSTANTIN",Konstantin Shevchuk,exact,71321,Konstantin Shevchuk,,Guard,Shooting Guard,SG,"6' 3""",71321:Konstantin Shevchuk:None
P007831,"SHIELDS, SHAVON",Shavon Shields,exact,64418,Shavon Shields,Fenerbahçe,Forward,Small Forward,SF,"6' 7""",64418:Shavon Shields:Fenerbahçe
P002973,"SHIPP, JOSHUA",Joshua Shipp,exact,109222,Michael Shipp,,Guard,,,"6' 3""",109222:Michael Shipp:None
PBUA,"SHIRLEY, PAUL",Paul Shirley,not_found,,,,,,,,
P012608,"SHORTS, TJ",Tj Shorts,exact,121388,TJ Shorts,Valencia Basket,Guard,Point Guard,PG,"5' 9""",121388:TJ Shorts:Valencia Basket
PLKZ,"SHUKHOVTCOV, GRIGORY",Grigory Shukhovtcov,not_found,,,,,,,,
P003437,"SHULER, JAMAL",Jamal Shuler,exact,184663,Devontae Shuler,,Guard,Shooting Guard,SG,"6' 2""",184663:Devontae Shuler:None
PKNH,"SHUMPERT, PRESTON",Preston Shumpert,exact,53363,Iman Shumpert,,Guard,Shooting Guard,SG,"6' 5""",53363:Iman Shumpert:None
PKVZ,"SHVED, ALEXEY",Alexey Shved,exact,53259,Alexey Shved,UNICS Kazan,Guard,Shooting Guard,SG,"6' 6""",53259:Alexey Shved:UNICS Kazan
P006589,"SIKMA, LUKE",Luke Sikma,exact,70962,Luke Sikma,,Forward,Power Forward,PF,"6' 8""",70962:Luke Sikma:None
P001211,"SIKORA, SLAWOMIR",Slawomir Sikora,not_found,,,,,,,,
P002007,"SIKSNIUS, ARVYDAS",Arvydas Siksnius,not_found,,,,,,,,
P014220,"SILVA, CHRIS",Chris Silva,exact,71651,Chris Silva,Fenerbahçe,Center,Center,C,"6' 8""",71651:Chris Silva:Fenerbahçe
P005618,"SIMANIC, BORISA",Borisa Simanic,exact,71152,Borisa Simanic,KK Igokea,Forward,Power Forward,PF,"6' 11""",71152:Borisa Simanic:KK Igokea
P005596,"SIMA, YANKUBA",Yankuba Sima,exact,71041,Yankuba Sima,Valencia Basket,Center,Center,C,"6' 11""",71041:Yankuba Sima:Valencia Basket
P001129,"SIMEON, JOSE",Jose Simeon,ambiguous,,,,,,,,191898:Simeon Lepinchev:Club Melilla Baloncesto; 128041:Simeon Cottle:Kennesaw State; 142544:Simeon Kalemba:None; 189923:Simeon Wilcher:Texas; 109783:Simeon Fryer:Texas A&M-Corpus Christi; 117721:Aleks Simeonov:Rilski Sportist
P005163,"SIMMONS, CEDRIC",Cedric Simmons,ambiguous,,,,,,,,53412:Ben Simmons:None; 53702:Kobi Simmons:Baskonia Vitoria; 149784:Shawn Simmons:Saint Joseph's; 121818:Gerel Simmons:None; 83942:Jeremy Simmons:Esenler Erokspor; 90338:Airion Simmons:Abilene Christian; 89618:Jahmiah Simmons:North Texas; 89619:Zachary Simmons:None; 155934:Casey Simmons:Yale; 226675:Tae Simmons:San Diego State; 235615:Ashton Simmons:TCU
PLOL,"SIMMONS, CHESTER",Chester Simmons,ambiguous,,,,,,,,53412:Ben Simmons:None; 53702:Kobi Simmons:Baskonia Vitoria; 149784:Shawn Simmons:Saint Joseph's; 121818:Gerel Simmons:None; 83942:Jeremy Simmons:Esenler Erokspor; 90338:Airion Simmons:Abilene Christian; 89618:Jahmiah Simmons:North Texas; 89619:Zachary Simmons:None; 155934:Casey Simmons:Yale; 226675:Tae Simmons:San Diego State; 235615:Ashton Simmons:TCU
P014152,"SIMMONS, KOBI",Kobi Simmons,exact,53702,Kobi Simmons,Baskonia Vitoria,Guard,Shooting Guard,SG,"6' 4""",53702:Kobi Simmons:Baskonia Vitoria
PCPR,"SIMON, KRUNOSLAV",Krunoslav Simon,exact,53201,Krunoslav Simon,,Forward,Small Forward,SF,"6' 6""",53201:Krunoslav Simon:None
PLRU,"SIMONOVIC, MARKO",Marko Simonovic,ambiguous,,,,,,,,69912:Marko Simonovic:Turk Telekom; 104020:Marko Simonovic:None
P012711,"SIMONOVIC, MARKO",Marko Simonovic,ambiguous,,,,,,,,69912:Marko Simonovic:Turk Telekom; 104020:Marko Simonovic:None
P007765,"SIMPSON, DIAMON",Diamon Simpson,exact,64802,Diamon Simpson,,Forward,Power Forward,PF,"6' 8""",64802:Diamon Simpson:None
P002455,"SIMS, COURTNEY",Courtney Sims,ambiguous,,,,,,,,90050:Jericho Sims:Milwaukee Bucks; 156522:Donald Sims:Aguada; 94948:Odyssey Sims:Dallas Wings; 120818:Jaylen Sims:Greensboro Swarm
PCRM,"SINANOVIC, NEDZAD",Nedzad Sinanovic,not_found,,,,,,,,
P003822,"SINGLER, KYLE",Kyle Singler,exact,54186,Kyle Singler,,,,,"6' 8""",54186:Kyle Singler:None
P002079,"SINGLETARY, SEAN",Sean Singletary,not_found,,,,,,,,
P006614,"SINGLETON, CHRIS",Chris Singleton,exact,53229,Chris Singleton,,Forward,Power Forward,PF,"6' 9""",53229:Chris Singleton:None
PTGD,"SINGLETON, JAMES",James Singleton,ambiguous,,,,,,,,53229:Chris Singleton:None; 128088:Grant Singleton:None; 89247:David Singleton:None; 178923:Antonio Singleton:None; 237323:Tre Singleton:Iowa State
P001271,"SINICA, JUSTAS",Justas Sinica,not_found,,,,,,,,
P001930,"SINOVEC, STEFAN",Stefan Sinovec,not_found,,,,,,,,
P005275,"SIPAHI, KENAN",Kenan Sipahi,exact,70898,Kenan Sipahi,Bahçeşehir Koleji,Guard,Point Guard,PG,"6' 6""",70898:Kenan Sipahi:Bahçeşehir Koleji
P003522,"SIRIN, OSMAN",Osman Sirin,exact,69988,Jakub Sirina,BK Opava,Guard,Point Guard,PG,"6' 1""",69988:Jakub Sirina:BK Opava
P000924,"SIRNIK, MATIC",Matic Sirnik,not_found,,,,,,,,
P007029,"SIRVYDIS, DEIVIDAS",Deividas Sirvydis,exact,70805,Deividas Sirvydis,Zalgiris Kaunas,Guard,Shooting Guard,SG,"6' 8""",70805:Deividas Sirvydis:Zalgiris Kaunas
PJMM,"SISKAUSKAS, RAMUNAS",Ramunas Siskauskas,not_found,,,,,,,,
P004571,"SISKO, ZAN MARK",Zan Mark Sisko,exact,73735,Zan Sisko,,Guard,Point Guard,PG,"6' 2""",73735:Zan Sisko:None
P012263,"SISSOKO, YOHANN",Yohann Sissoko,exact,184319,Yohann Sissoko,,Guard,Point Guard,PG,"6' 2""",184319:Yohann Sissoko:None
P007125,"SIVA, PEYTON",Peyton Siva,exact,71148,Peyton Siva,,Guard,Point Guard,PG,"6' 0""",71148:Peyton Siva:None
PLJT,"SKORDILIS, GAIOS",Gaios Skordilis,exact,72614,Gaios Skordilis,AEK,Center,Center,C,"6' 10""",72614:Gaios Skordilis:AEK
PLVJ,"SKVERER, EZEQUIEL",Ezequiel Skverer,not_found,,,,,,,,
PACY,"SLANINA, DONATAS",Donatas Slanina,not_found,,,,,,,,
P003637,"SLAUGHTER, A.J.",A.J. Slaughter,exact,69931,A.J. Slaughter,Anwil Wlocl,Guard,Shooting Guard,SG,"6' 3""",69931:A.J. Slaughter:Anwil Wlocl
P000659,"SLAUGHTER, MARCUS",Marcus Slaughter,exact,72525,Marcus Slaughter,,Center,Center,C,"6' 11""",72525:Marcus Slaughter:None
PKQI,"SLAY, TAMAR",Tamar Slay,not_found,,,,,,,,
P011927,"SLEVA, DUSTIN",Dustin Sleva,exact,121979,Dustin Sleva,Zalgiris Kaunas,Forward,Power Forward,PF,"6' 8""",121979:Dustin Sleva:Zalgiris Kaunas
PBUX,"SLEZAS, ANDRIUS",Andrius Slezas,not_found,,,,,,,,
PBWY,"SLOKAR, UROS",Uros Slokar,not_found,,,,,,,,
P001926,"SLOUKAS, KOSTAS",Kostas Sloukas,exact,53217,Kostas Sloukas,Panathinaikos,Guard,Point Guard,PG,"6' 3""",53217:Kostas Sloukas:Panathinaikos
P011051,"SMAILAGIC, ALEN",Alen Smailagic,exact,71477,Alen Smailagic,,Forward,Power Forward,PF,"6' 10""",71477:Alen Smailagic:None
PLVC,"SMAJLAGIC, SVEN",Sven Smajlagic,exact,204136,Sven Smajlagić,KK Cibona Zagreb,Guard,Point Guard,PG,"6' 5""",204136:Sven Smajlagić:KK Cibona Zagreb
P012801,"SMART, JAVONTE",Javonte Smart,exact,89834,Javonte Smart,Orlando Magic,Guard,Point Guard,PG,"6' 4""",89834:Javonte Smart:Orlando Magic
PCTN,"SMITH, CHARLES",Charles Smith,ambiguous,,,,,,,,53622:Dennis Smith Jr.:None; 53616:Dorian Finney-Smith:Charlotte Hornets; 53334:Ish Smith:None; 108593:Jabari Smith Jr.:Houston Rockets; 86129:Jalen Smith:Chicago Bulls; 78430:Speedy Smith:Rytas Vilnius; 123123:Nick Smith Jr.:Los Angeles Lakers; 89286:Justin Smith:Hapoel Jerusalem; 111161:NaLyssa Smith:Las Vegas Aces; 95456:Alanna Smith:Dallas Wings; 102986:Jaleen Smith:Turk Telekom; 123421:Braden Smith:Indiana Pacers; 89239:Chris Smith:Iraklis; 125113:Michael Smith:None; 90031:Dru Smith:Miami Heat; 72790:Adam Smith:None; 124176:Tolu Smith:Detroit Pistons; 160925:Tyler Smith:Dallas Mavericks; 126043:Terquavion Smith:Shenzhen Leopards; 72983:Chris Smithh:None; 109547:Malachi Smith:Brooklyn Nets; 89356:Tyreek Smith:None; 84199:Donta Smith:None; 86722:Jamaal Thaddius Smith:None; 89236:Davis Smith:None; 113856:Kianna Smith:None; 147850:Andrew Smith:New Basket Brindisi; 196469:Marvin Smith:Elizor Kiryat Ata; 121189:Russ Smith:None; 182497:Stef Smith:N.R. Ludwigsburg; 89968:Galin Smith:BC Astana; 128617:Colin Smith:Northwestern; 136320:Tohi Smith-Milner:Brisbane Bullets; 147534:Kendall Smith:Qingdao Eagles; 192609:PJay Smith:None; 201989:Samuel Smith:Canterbury Rams; 224648:Dylan Smith:Argentino Junín; 234312:Carson Smith:North Dakota State; 102389:Sean Smith:Movistar Estudiantes; 124311:Malachi Smith:UConn; 64765:Alex Smith:None; 64861:Lenzel Smith:None; 71546:Zhaire Smith:None; 72527:Jaime Smith:Bandirma; 72611:Scoochie Smith:Manisa Bb; 90180:Mike Smith:Bursaspor Durmazlar; 109282:Jalen Smith:None; 112764:Kiara Smith:None; 126861:Blake Smith:Oral Roberts; 147609:Hollman Smith:None; 148422:Deivon Smith:None; 160092:Jeremy Smith:Ubsc Graz; 172608:Kentwan Smith:None; 192613:Mason Smith:Furman; 194699:C.J. Smith:Oklahoma State; 71245:Jamar Smith:None; 71444:Taylor Smith:KK Mornar; 90032:Mitchell Smith:None; 90033:Mark Smith:Ratiopharm Ulm; 109106:Naje Smith:None; 122892:Cooper Smith:None; 124386:Reyne Smith:Cairns Taipans; 149640:Jaxon Smith:None; 155532:Josh Smith:Liberty; 173411:Ahlana Smith:None; 194177:Pistol Smith:Handlova; 89548:K.J. Smith:None; 89942:Rashad Smith:None; 108751:DaQuan Smith:Murray State; 109554:Ashton Smith:Chattanooga; 109779:Myles Smith:None; 109940:Ashton Smith:None; 109979:Matt Smith:Murray State; 125986:Burke Smith:None; 128382:Braeden Smith:Gonzaga; 128647:Perry Smith Jr.:Kennesaw State; 145626:Chris Smith:None; 147870:RJ Smith:Colorado; 148139:Kyree Smith:None; 148332:Zach Smith:BC Tomski Minsk; 149463:Leslee Smith:Bristol Flyers; 155846:Jourdan Smith:Grambling State; 156605:Laron Smith:Larre Borges; 157739:Dayshon Smith:KK Vojvodina; 158350:Jamari Smith:BC Kolin; 189177:Ike Smith:Górnik Wałbrzych; 189911:Max Smith:Ole Miss; 193814:Daishon Smith:Astros De Jalisco; 193985:Darin Smith:Central Connecticut; 200160:Makel Smith:UNC Wilmington; 200171:DJ Smith:Robert Morris; 224759:Arik Smith:Polski C. Torun; 225954:Evan Smith:North Carolina; 232732:Jamahl Smith:Caimanes; 233919:River Smith:Howard; 234315:Tay Smith:North Dakota State; 235004:Tristan Smith:Northern Iowa; 236546:Cameron Smith:San Diego Clippers; 237650:Jaden Smith:Saint Joseph's
P001274,"SMITH, DEVIN",Devin Smith,ambiguous,,,,,,,,53622:Dennis Smith Jr.:None; 53616:Dorian Finney-Smith:Charlotte Hornets; 53334:Ish Smith:None; 108593:Jabari Smith Jr.:Houston Rockets; 86129:Jalen Smith:Chicago Bulls; 78430:Speedy Smith:Rytas Vilnius; 123123:Nick Smith Jr.:Los Angeles Lakers; 89286:Justin Smith:Hapoel Jerusalem; 111161:NaLyssa Smith:Las Vegas Aces; 95456:Alanna Smith:Dallas Wings; 102986:Jaleen Smith:Turk Telekom; 123421:Braden Smith:Indiana Pacers; 89239:Chris Smith:Iraklis; 125113:Michael Smith:None; 90031:Dru Smith:Miami Heat; 72790:Adam Smith:None; 124176:Tolu Smith:Detroit Pistons; 160925:Tyler Smith:Dallas Mavericks; 126043:Terquavion Smith:Shenzhen Leopards; 72983:Chris Smithh:None; 109547:Malachi Smith:Brooklyn Nets; 89356:Tyreek Smith:None; 84199:Donta Smith:None; 86722:Jamaal Thaddius Smith:None; 89236:Davis Smith:None; 113856:Kianna Smith:None; 147850:Andrew Smith:New Basket Brindisi; 196469:Marvin Smith:Elizor Kiryat Ata; 121189:Russ Smith:None; 182497:Stef Smith:N.R. Ludwigsburg; 89968:Galin Smith:BC Astana; 128617:Colin Smith:Northwestern; 136320:Tohi Smith-Milner:Brisbane Bullets; 147534:Kendall Smith:Qingdao Eagles; 192609:PJay Smith:None; 201989:Samuel Smith:Canterbury Rams; 224648:Dylan Smith:Argentino Junín; 234312:Carson Smith:North Dakota State; 102389:Sean Smith:Movistar Estudiantes; 124311:Malachi Smith:UConn; 64765:Alex Smith:None; 64861:Lenzel Smith:None; 71546:Zhaire Smith:None; 72527:Jaime Smith:Bandirma; 72611:Scoochie Smith:Manisa Bb; 90180:Mike Smith:Bursaspor Durmazlar; 109282:Jalen Smith:None; 112764:Kiara Smith:None; 126861:Blake Smith:Oral Roberts; 147609:Hollman Smith:None; 148422:Deivon Smith:None; 160092:Jeremy Smith:Ubsc Graz; 172608:Kentwan Smith:None; 192613:Mason Smith:Furman; 194699:C.J. Smith:Oklahoma State; 71245:Jamar Smith:None; 71444:Taylor Smith:KK Mornar; 90032:Mitchell Smith:None; 90033:Mark Smith:Ratiopharm Ulm; 109106:Naje Smith:None; 122892:Cooper Smith:None; 124386:Reyne Smith:Cairns Taipans; 149640:Jaxon Smith:None; 155532:Josh Smith:Liberty; 173411:Ahlana Smith:None; 194177:Pistol Smith:Handlova; 89548:K.J. Smith:None; 89942:Rashad Smith:None; 108751:DaQuan Smith:Murray State; 109554:Ashton Smith:Chattanooga; 109779:Myles Smith:None; 109940:Ashton Smith:None; 109979:Matt Smith:Murray State; 125986:Burke Smith:None; 128382:Braeden Smith:Gonzaga; 128647:Perry Smith Jr.:Kennesaw State; 145626:Chris Smith:None; 147870:RJ Smith:Colorado; 148139:Kyree Smith:None; 148332:Zach Smith:BC Tomski Minsk; 149463:Leslee Smith:Bristol Flyers; 155846:Jourdan Smith:Grambling State; 156605:Laron Smith:Larre Borges; 157739:Dayshon Smith:KK Vojvodina; 158350:Jamari Smith:BC Kolin; 189177:Ike Smith:Górnik Wałbrzych; 189911:Max Smith:Ole Miss; 193814:Daishon Smith:Astros De Jalisco; 193985:Darin Smith:Central Connecticut; 200160:Makel Smith:UNC Wilmington; 200171:DJ Smith:Robert Morris; 224759:Arik Smith:Polski C. Torun; 225954:Evan Smith:North Carolina; 232732:Jamahl Smith:Caimanes; 233919:River Smith:Howard; 234315:Tay Smith:North Dakota State; 235004:Tristan Smith:Northern Iowa; 236546:Cameron Smith:San Diego Clippers; 237650:Jaden Smith:Saint Joseph's
P001355,"SMITH, JA JUAN",Ja Juan Smith,ambiguous,,,,,,,,53622:Dennis Smith Jr.:None; 53616:Dorian Finney-Smith:Charlotte Hornets; 53334:Ish Smith:None; 108593:Jabari Smith Jr.:Houston Rockets; 86129:Jalen Smith:Chicago Bulls; 78430:Speedy Smith:Rytas Vilnius; 123123:Nick Smith Jr.:Los Angeles Lakers; 89286:Justin Smith:Hapoel Jerusalem; 111161:NaLyssa Smith:Las Vegas Aces; 95456:Alanna Smith:Dallas Wings; 102986:Jaleen Smith:Turk Telekom; 123421:Braden Smith:Indiana Pacers; 89239:Chris Smith:Iraklis; 125113:Michael Smith:None; 90031:Dru Smith:Miami Heat; 72790:Adam Smith:None; 124176:Tolu Smith:Detroit Pistons; 160925:Tyler Smith:Dallas Mavericks; 126043:Terquavion Smith:Shenzhen Leopards; 72983:Chris Smithh:None; 109547:Malachi Smith:Brooklyn Nets; 89356:Tyreek Smith:None; 84199:Donta Smith:None; 86722:Jamaal Thaddius Smith:None; 89236:Davis Smith:None; 113856:Kianna Smith:None; 147850:Andrew Smith:New Basket Brindisi; 196469:Marvin Smith:Elizor Kiryat Ata; 121189:Russ Smith:None; 182497:Stef Smith:N.R. Ludwigsburg; 89968:Galin Smith:BC Astana; 128617:Colin Smith:Northwestern; 136320:Tohi Smith-Milner:Brisbane Bullets; 147534:Kendall Smith:Qingdao Eagles; 192609:PJay Smith:None; 201989:Samuel Smith:Canterbury Rams; 224648:Dylan Smith:Argentino Junín; 234312:Carson Smith:North Dakota State; 102389:Sean Smith:Movistar Estudiantes; 124311:Malachi Smith:UConn; 64765:Alex Smith:None; 64861:Lenzel Smith:None; 71546:Zhaire Smith:None; 72527:Jaime Smith:Bandirma; 72611:Scoochie Smith:Manisa Bb; 90180:Mike Smith:Bursaspor Durmazlar; 109282:Jalen Smith:None; 112764:Kiara Smith:None; 126861:Blake Smith:Oral Roberts; 147609:Hollman Smith:None; 148422:Deivon Smith:None; 160092:Jeremy Smith:Ubsc Graz; 172608:Kentwan Smith:None; 192613:Mason Smith:Furman; 194699:C.J. Smith:Oklahoma State; 71245:Jamar Smith:None; 71444:Taylor Smith:KK Mornar; 90032:Mitchell Smith:None; 90033:Mark Smith:Ratiopharm Ulm; 109106:Naje Smith:None; 122892:Cooper Smith:None; 124386:Reyne Smith:Cairns Taipans; 149640:Jaxon Smith:None; 155532:Josh Smith:Liberty; 173411:Ahlana Smith:None; 194177:Pistol Smith:Handlova; 89548:K.J. Smith:None; 89942:Rashad Smith:None; 108751:DaQuan Smith:Murray State; 109554:Ashton Smith:Chattanooga; 109779:Myles Smith:None; 109940:Ashton Smith:None; 109979:Matt Smith:Murray State; 125986:Burke Smith:None; 128382:Braeden Smith:Gonzaga; 128647:Perry Smith Jr.:Kennesaw State; 145626:Chris Smith:None; 147870:RJ Smith:Colorado; 148139:Kyree Smith:None; 148332:Zach Smith:BC Tomski Minsk; 149463:Leslee Smith:Bristol Flyers; 155846:Jourdan Smith:Grambling State; 156605:Laron Smith:Larre Borges; 157739:Dayshon Smith:KK Vojvodina; 158350:Jamari Smith:BC Kolin; 189177:Ike Smith:Górnik Wałbrzych; 189911:Max Smith:Ole Miss; 193814:Daishon Smith:Astros De Jalisco; 193985:Darin Smith:Central Connecticut; 200160:Makel Smith:UNC Wilmington; 200171:DJ Smith:Robert Morris; 224759:Arik Smith:Polski C. Torun; 225954:Evan Smith:North Carolina; 232732:Jamahl Smith:Caimanes; 233919:River Smith:Howard; 234315:Tay Smith:North Dakota State; 235004:Tristan Smith:Northern Iowa; 236546:Cameron Smith:San Diego Clippers; 237650:Jaden Smith:Saint Joseph's
P011192,"SMITH, JALEEN",Jaleen Smith,exact,102986,Jaleen Smith,Turk Telekom,Guard,Shooting Guard,SG,"6' 4""",102986:Jaleen Smith:Turk Telekom
P005002,"SMITH, JAMAR",Jamar Smith,exact,71245,Jamar Smith,,Guard,Shooting Guard,SG,"6' 3""",71245:Jamar Smith:None
P004118,"SMITH, JERRY",Jerry Smith,ambiguous,,,,,,,,53622:Dennis Smith Jr.:None; 53616:Dorian Finney-Smith:Charlotte Hornets; 53334:Ish Smith:None; 108593:Jabari Smith Jr.:Houston Rockets; 86129:Jalen Smith:Chicago Bulls; 78430:Speedy Smith:Rytas Vilnius; 123123:Nick Smith Jr.:Los Angeles Lakers; 89286:Justin Smith:Hapoel Jerusalem; 111161:NaLyssa Smith:Las Vegas Aces; 95456:Alanna Smith:Dallas Wings; 102986:Jaleen Smith:Turk Telekom; 123421:Braden Smith:Indiana Pacers; 89239:Chris Smith:Iraklis; 125113:Michael Smith:None; 90031:Dru Smith:Miami Heat; 72790:Adam Smith:None; 124176:Tolu Smith:Detroit Pistons; 160925:Tyler Smith:Dallas Mavericks; 126043:Terquavion Smith:Shenzhen Leopards; 72983:Chris Smithh:None; 109547:Malachi Smith:Brooklyn Nets; 89356:Tyreek Smith:None; 84199:Donta Smith:None; 86722:Jamaal Thaddius Smith:None; 89236:Davis Smith:None; 113856:Kianna Smith:None; 147850:Andrew Smith:New Basket Brindisi; 196469:Marvin Smith:Elizor Kiryat Ata; 121189:Russ Smith:None; 182497:Stef Smith:N.R. Ludwigsburg; 89968:Galin Smith:BC Astana; 128617:Colin Smith:Northwestern; 136320:Tohi Smith-Milner:Brisbane Bullets; 147534:Kendall Smith:Qingdao Eagles; 192609:PJay Smith:None; 201989:Samuel Smith:Canterbury Rams; 224648:Dylan Smith:Argentino Junín; 234312:Carson Smith:North Dakota State; 102389:Sean Smith:Movistar Estudiantes; 124311:Malachi Smith:UConn; 64765:Alex Smith:None; 64861:Lenzel Smith:None; 71546:Zhaire Smith:None; 72527:Jaime Smith:Bandirma; 72611:Scoochie Smith:Manisa Bb; 90180:Mike Smith:Bursaspor Durmazlar; 109282:Jalen Smith:None; 112764:Kiara Smith:None; 126861:Blake Smith:Oral Roberts; 147609:Hollman Smith:None; 148422:Deivon Smith:None; 160092:Jeremy Smith:Ubsc Graz; 172608:Kentwan Smith:None; 192613:Mason Smith:Furman; 194699:C.J. Smith:Oklahoma State; 71245:Jamar Smith:None; 71444:Taylor Smith:KK Mornar; 90032:Mitchell Smith:None; 90033:Mark Smith:Ratiopharm Ulm; 109106:Naje Smith:None; 122892:Cooper Smith:None; 124386:Reyne Smith:Cairns Taipans; 149640:Jaxon Smith:None; 155532:Josh Smith:Liberty; 173411:Ahlana Smith:None; 194177:Pistol Smith:Handlova; 89548:K.J. Smith:None; 89942:Rashad Smith:None; 108751:DaQuan Smith:Murray State; 109554:Ashton Smith:Chattanooga; 109779:Myles Smith:None; 109940:Ashton Smith:None; 109979:Matt Smith:Murray State; 125986:Burke Smith:None; 128382:Braeden Smith:Gonzaga; 128647:Perry Smith Jr.:Kennesaw State; 145626:Chris Smith:None; 147870:RJ Smith:Colorado; 148139:Kyree Smith:None; 148332:Zach Smith:BC Tomski Minsk; 149463:Leslee Smith:Bristol Flyers; 155846:Jourdan Smith:Grambling State; 156605:Laron Smith:Larre Borges; 157739:Dayshon Smith:KK Vojvodina; 158350:Jamari Smith:BC Kolin; 189177:Ike Smith:Górnik Wałbrzych; 189911:Max Smith:Ole Miss; 193814:Daishon Smith:Astros De Jalisco; 193985:Darin Smith:Central Connecticut; 200160:Makel Smith:UNC Wilmington; 200171:DJ Smith:Robert Morris; 224759:Arik Smith:Polski C. Torun; 225954:Evan Smith:North Carolina; 232732:Jamahl Smith:Caimanes; 233919:River Smith:Howard; 234315:Tay Smith:North Dakota State; 235004:Tristan Smith:Northern Iowa; 236546:Cameron Smith:San Diego Clippers; 237650:Jaden Smith:Saint Joseph's
P013666,"SMITH JR, DENNIS",Dennis Smith Jr,exact,53622,Dennis Smith Jr.,,Guard,Point Guard,PG,"6' 2""",53622:Dennis Smith Jr.:None
P004918,"SMITH, NOLAN",Nolan Smith,ambiguous,,,,,,,,53622:Dennis Smith Jr.:None; 53616:Dorian Finney-Smith:Charlotte Hornets; 53334:Ish Smith:None; 108593:Jabari Smith Jr.:Houston Rockets; 86129:Jalen Smith:Chicago Bulls; 78430:Speedy Smith:Rytas Vilnius; 123123:Nick Smith Jr.:Los Angeles Lakers; 89286:Justin Smith:Hapoel Jerusalem; 111161:NaLyssa Smith:Las Vegas Aces; 95456:Alanna Smith:Dallas Wings; 102986:Jaleen Smith:Turk Telekom; 123421:Braden Smith:Indiana Pacers; 89239:Chris Smith:Iraklis; 125113:Michael Smith:None; 90031:Dru Smith:Miami Heat; 72790:Adam Smith:None; 124176:Tolu Smith:Detroit Pistons; 160925:Tyler Smith:Dallas Mavericks; 126043:Terquavion Smith:Shenzhen Leopards; 72983:Chris Smithh:None; 109547:Malachi Smith:Brooklyn Nets; 89356:Tyreek Smith:None; 84199:Donta Smith:None; 86722:Jamaal Thaddius Smith:None; 89236:Davis Smith:None; 113856:Kianna Smith:None; 147850:Andrew Smith:New Basket Brindisi; 196469:Marvin Smith:Elizor Kiryat Ata; 121189:Russ Smith:None; 182497:Stef Smith:N.R. Ludwigsburg; 89968:Galin Smith:BC Astana; 128617:Colin Smith:Northwestern; 136320:Tohi Smith-Milner:Brisbane Bullets; 147534:Kendall Smith:Qingdao Eagles; 192609:PJay Smith:None; 201989:Samuel Smith:Canterbury Rams; 224648:Dylan Smith:Argentino Junín; 234312:Carson Smith:North Dakota State; 102389:Sean Smith:Movistar Estudiantes; 124311:Malachi Smith:UConn; 64765:Alex Smith:None; 64861:Lenzel Smith:None; 71546:Zhaire Smith:None; 72527:Jaime Smith:Bandirma; 72611:Scoochie Smith:Manisa Bb; 90180:Mike Smith:Bursaspor Durmazlar; 109282:Jalen Smith:None; 112764:Kiara Smith:None; 126861:Blake Smith:Oral Roberts; 147609:Hollman Smith:None; 148422:Deivon Smith:None; 160092:Jeremy Smith:Ubsc Graz; 172608:Kentwan Smith:None; 192613:Mason Smith:Furman; 194699:C.J. Smith:Oklahoma State; 71245:Jamar Smith:None; 71444:Taylor Smith:KK Mornar; 90032:Mitchell Smith:None; 90033:Mark Smith:Ratiopharm Ulm; 109106:Naje Smith:None; 122892:Cooper Smith:None; 124386:Reyne Smith:Cairns Taipans; 149640:Jaxon Smith:None; 155532:Josh Smith:Liberty; 173411:Ahlana Smith:None; 194177:Pistol Smith:Handlova; 89548:K.J. Smith:None; 89942:Rashad Smith:None; 108751:DaQuan Smith:Murray State; 109554:Ashton Smith:Chattanooga; 109779:Myles Smith:None; 109940:Ashton Smith:None; 109979:Matt Smith:Murray State; 125986:Burke Smith:None; 128382:Braeden Smith:Gonzaga; 128647:Perry Smith Jr.:Kennesaw State; 145626:Chris Smith:None; 147870:RJ Smith:Colorado; 148139:Kyree Smith:None; 148332:Zach Smith:BC Tomski Minsk; 149463:Leslee Smith:Bristol Flyers; 155846:Jourdan Smith:Grambling State; 156605:Laron Smith:Larre Borges; 157739:Dayshon Smith:KK Vojvodina; 158350:Jamari Smith:BC Kolin; 189177:Ike Smith:Górnik Wałbrzych; 189911:Max Smith:Ole Miss; 193814:Daishon Smith:Astros De Jalisco; 193985:Darin Smith:Central Connecticut; 200160:Makel Smith:UNC Wilmington; 200171:DJ Smith:Robert Morris; 224759:Arik Smith:Polski C. Torun; 225954:Evan Smith:North Carolina; 232732:Jamahl Smith:Caimanes; 233919:River Smith:Howard; 234315:Tay Smith:North Dakota State; 235004:Tristan Smith:Northern Iowa; 236546:Cameron Smith:San Diego Clippers; 237650:Jaden Smith:Saint Joseph's
P007356,"SMITH, RUSS",Russ Smith,exact,121189,Russ Smith,,Guard,Point Guard,PG,"6' 0""",121189:Russ Smith:None
P002901,"SMITH, STEVEN",Steven Smith,ambiguous,,,,,,,,53622:Dennis Smith Jr.:None; 53616:Dorian Finney-Smith:Charlotte Hornets; 53334:Ish Smith:None; 108593:Jabari Smith Jr.:Houston Rockets; 86129:Jalen Smith:Chicago Bulls; 78430:Speedy Smith:Rytas Vilnius; 123123:Nick Smith Jr.:Los Angeles Lakers; 89286:Justin Smith:Hapoel Jerusalem; 111161:NaLyssa Smith:Las Vegas Aces; 95456:Alanna Smith:Dallas Wings; 102986:Jaleen Smith:Turk Telekom; 123421:Braden Smith:Indiana Pacers; 89239:Chris Smith:Iraklis; 125113:Michael Smith:None; 90031:Dru Smith:Miami Heat; 72790:Adam Smith:None; 124176:Tolu Smith:Detroit Pistons; 160925:Tyler Smith:Dallas Mavericks; 126043:Terquavion Smith:Shenzhen Leopards; 72983:Chris Smithh:None; 109547:Malachi Smith:Brooklyn Nets; 89356:Tyreek Smith:None; 84199:Donta Smith:None; 86722:Jamaal Thaddius Smith:None; 89236:Davis Smith:None; 113856:Kianna Smith:None; 147850:Andrew Smith:New Basket Brindisi; 196469:Marvin Smith:Elizor Kiryat Ata; 121189:Russ Smith:None; 182497:Stef Smith:N.R. Ludwigsburg; 89968:Galin Smith:BC Astana; 128617:Colin Smith:Northwestern; 136320:Tohi Smith-Milner:Brisbane Bullets; 147534:Kendall Smith:Qingdao Eagles; 192609:PJay Smith:None; 201989:Samuel Smith:Canterbury Rams; 224648:Dylan Smith:Argentino Junín; 234312:Carson Smith:North Dakota State; 102389:Sean Smith:Movistar Estudiantes; 124311:Malachi Smith:UConn; 64765:Alex Smith:None; 64861:Lenzel Smith:None; 71546:Zhaire Smith:None; 72527:Jaime Smith:Bandirma; 72611:Scoochie Smith:Manisa Bb; 90180:Mike Smith:Bursaspor Durmazlar; 109282:Jalen Smith:None; 112764:Kiara Smith:None; 126861:Blake Smith:Oral Roberts; 147609:Hollman Smith:None; 148422:Deivon Smith:None; 160092:Jeremy Smith:Ubsc Graz; 172608:Kentwan Smith:None; 192613:Mason Smith:Furman; 194699:C.J. Smith:Oklahoma State; 71245:Jamar Smith:None; 71444:Taylor Smith:KK Mornar; 90032:Mitchell Smith:None; 90033:Mark Smith:Ratiopharm Ulm; 109106:Naje Smith:None; 122892:Cooper Smith:None; 124386:Reyne Smith:Cairns Taipans; 149640:Jaxon Smith:None; 155532:Josh Smith:Liberty; 173411:Ahlana Smith:None; 194177:Pistol Smith:Handlova; 89548:K.J. Smith:None; 89942:Rashad Smith:None; 108751:DaQuan Smith:Murray State; 109554:Ashton Smith:Chattanooga; 109779:Myles Smith:None; 109940:Ashton Smith:None; 109979:Matt Smith:Murray State; 125986:Burke Smith:None; 128382:Braeden Smith:Gonzaga; 128647:Perry Smith Jr.:Kennesaw State; 145626:Chris Smith:None; 147870:RJ Smith:Colorado; 148139:Kyree Smith:None; 148332:Zach Smith:BC Tomski Minsk; 149463:Leslee Smith:Bristol Flyers; 155846:Jourdan Smith:Grambling State; 156605:Laron Smith:Larre Borges; 157739:Dayshon Smith:KK Vojvodina; 158350:Jamari Smith:BC Kolin; 189177:Ike Smith:Górnik Wałbrzych; 189911:Max Smith:Ole Miss; 193814:Daishon Smith:Astros De Jalisco; 193985:Darin Smith:Central Connecticut; 200160:Makel Smith:UNC Wilmington; 200171:DJ Smith:Robert Morris; 224759:Arik Smith:Polski C. Torun; 225954:Evan Smith:North Carolina; 232732:Jamahl Smith:Caimanes; 233919:River Smith:Howard; 234315:Tay Smith:North Dakota State; 235004:Tristan Smith:Northern Iowa; 236546:Cameron Smith:San Diego Clippers; 237650:Jaden Smith:Saint Joseph's
P007109,"SMITS, ROLANDS",Rolands Smits,exact,64373,Rolands Smits,,Forward,Power Forward,PF,"6' 9""",64373:Rolands Smits:None
PALC,"SMODIS, MATJAZ",Matjaz Smodis,not_found,,,,,,,,
PKLP,"SMYGIN, IGOR",Igor Smygin,not_found,,,,,,,,
P004176,"SNIEG, TOMASZ",Tomasz Snieg,not_found,,,,,,,,
PLTF,"SOKOLOV, DMITRY",Dmitry Sokolov,ambiguous,,,,,,,,226086:Clemens Sokolov:Indiana; 193836:Dmytro Sokolovskyi:Spisski Rytieri
PTFB,"SOLIMAN, WILLIAMS",Williams Soliman,not_found,,,,,,,,
PCOS,"SOLOMON, WILLIE",Willie Solomon,ambiguous,,,,,,,,64188:Solomon Hill:None; 120479:Ran Solomon:None; 147029:Solomon Ball:UConn; 72563:Richard Solomon:Beijing Ducks; 123402:Solomon Washington:None; 155577:Evan Solomon:Oakland; 231994:Solomon Davis:Virginia Tech; 235218:Solomon Callaghan:Wright State
P004479,"SOLUADE, MORAYONINUOLUWA",Morayoninuoluwa Soluade,ambiguous,,,,,,,,122129:Mo Soluade:London Lions; 53869:Mo Soluade:None
PBCP,"SONGAILA, DARIUS",Darius Songaila,exact,230915,Darius Songaila,Siauliai,Management,Coach,,,230915:Darius Songaila:Siauliai
P002970,"SONMEZ, DOGUKAN",Dogukan Sonmez,exact,185970,Sugranur Sonmez,Çukurova BK (W),Forward,Small Forward,SF,"6' 0""",185970:Sugranur Sonmez:Çukurova BK (W)
P011219,"SORKIN, ROMAN",Roman Sorkin,exact,71186,Roman Sorkin,Maccabi Tel Aviv,Center,Center,C,"6' 10""",71186:Roman Sorkin:Maccabi Tel Aviv
P005242,"SOSA, EDGAR",Edgar Sosa,exact,71159,Edgar Sosa,,Guard,Point Guard,PG,"6' 2""",71159:Edgar Sosa:None
P005955,"SOUTHERLAND, JAMES",James Southerland,not_found,,,,,,,,
P000747,"SOW, PAPE",Pape Sow,ambiguous,,,,,,,,237997:Miela Sowah:Golden State Valkyries; 71053:Khadim Sow:Movistar Estudiantes; 89887:Amadou Sow:ASVEL Villeurbanne; 83532:Pape Ablaye Sow:None; 109967:Mouhamed Sow:Saint Peter's; 143625:Moulaye Sow:Saint Chamond Basket; 186388:Paweł Sowiński:Polski C. Torun
P008173,"SPAGNOLO, MATTEO",Matteo Spagnolo,exact,113228,Matteo Spagnolo,Baskonia Vitoria,Guard,Point Guard,PG,"6' 4""",113228:Matteo Spagnolo:Baskonia Vitoria
P002626,"SPAN, JAN",Jan Span,exact,83593,Jan Span,KK Krka Novo Mesto,Guard,Point Guard,PG,"6' 2""",83593:Jan Span:KK Krka Novo Mesto
PJUO,"SPANOULIS, VASSILIS",Vassilis Spanoulis,club_match,220012,Vassilis Spanoulis,AS Monaco,Management,Coach,,,64361:Vassilis Spanoulis:None; 220012:Vassilis Spanoulis:AS Monaco
P012294,"SPARTALIS, STEFANOS",Stefanos Spartalis,exact,184287,Stefanos Spartalis,,Forward,Power Forward,PF,"6' 9""",184287:Stefanos Spartalis:None
PTGM,"SPENCER, DEWARICK",Dewarick Spencer,ambiguous,,,,,,,,53435:Spencer Dinwiddie:None; 120790:Pat Spencer:Phoenix Suns; 125965:Cam Spencer:Memphis Grizzlies; 64814:Spencer Weisz:Ironi Ness Ziona; 149068:Spencer Jones:Denver Nuggets; 145269:Spencer Reaves:Mitteldeutscher; 108683:Spencer Hubbard:None; 128036:Spencer Rodgers:None; 89697:Spencer Macke:None; 124399:Spencer Legg:Louisville; 137245:Patrick Spencer:None; 148869:Spencer Mahoney:Washington State; 158412:Spencer Svejcar:Pardubice; 71460:Spencer Butterfield:None; 90096:Spencer Johnson:None; 108707:Spencer Mays:None; 108823:Spencer Cody:None; 109440:Pierce Spencer:Nicholls; 123655:Owen Spencer:None; 147663:Spencer Hutchison:None; 148628:Skylar Spencer:Amici Pallacanestro Udinese; 149445:Scott Spencer:Newcastle Eagles; 149552:Spencer Levi:Plymouth City Patriots; 202468:Samara Spencer:None
P004381,"SPISSU, MARCO",Marco Spissu,exact,72339,Marco Spissu,Casademont Zaragoza,Guard,Point Guard,PG,"5' 11""",72339:Marco Spissu:Casademont Zaragoza
PCBY,"SPLITTER, TIAGO",Tiago Splitter,exact,188357,Tiago Splitter,Chicago Bulls,Management,Coach,,,188357:Tiago Splitter:Chicago Bulls
PKPW,"SROKA, MARCIN",Marcin Sroka,not_found,,,,,,,,
P002506,"STAIGER, LUCCA",Lucca Staiger,not_found,,,,,,,,
PAUL,"STANOJEVIC, JOVO",Jovo Stanojevic,exact,187197,Aleksa Stanojevic,FMP Belgrade,Forward,Power Forward,PF,,187197:Aleksa Stanojevic:FMP Belgrade
P011317,"STARKS, MARKEL",Markel Starks,exact,109230,Markel Starks,Manisa Bb,Guard,Point Guard,PG,"6' 2""",109230:Markel Starks:Manisa Bb
P008000,"STAROVLAH, MILIC",Milic Starovlah,exact,64440,"Starovlah, Milic",,Guard,Shooting Guard,SG,"6' 5""","64440:Starovlah, Milic:None"
P009836,"STAUSKAS, NIKOLAS",Nikolas Stauskas,exact,53410,Nik Stauskas,,Guard,Shooting Guard,SG,"6' 6""",53410:Nik Stauskas:None
PLUK,"STEFANSSON, JON",Jon Stefansson,exact,198125,Hjalmar Stefansson,,Forward,Power Forward,PF,"6' 7""",198125:Hjalmar Stefansson:None
P000070,"STELMACH, PIOTR",Piotr Stelmach,not_found,,,,,,,,
PAWI,"STELMAHERS, ROBERTS",Roberts Stelmahers,exact,142635,Roberts Stelmahers,,Management,Coach,,,142635:Roberts Stelmahers:None
P014009,"STEVENS, LAMAR",Lamar Stevens,exact,86035,Lamar Stevens,KK Partizan,Forward,Small Forward,SF,"6' 7""",86035:Lamar Stevens:KK Partizan
P000564,"STEVIC, OLIVER",Oliver Stevic,exact,72637,Oliver Stevic,Monbus Obradoiro,Forward,Power Forward,PF,"6' 9""",72637:Oliver Stevic:Monbus Obradoiro
PLBJ,"STIMAC, VLADIMIR",Vladimir Stimac,exact,53195,Vladimir Stimac,,Center,Center,C,"6' 11""",53195:Vladimir Stimac:None
PDGX,"STIPCEVIC, ROK",Rok Stipcevic,not_found,,,,,,,,
P003934,"STOJANOVSKI, VOJDAN",Vojdan Stojanovski,exact,73173,Vojdan Stojanovski,Pau-orthez,Guard,Shooting Guard,SG,"6' 4""",73173:Vojdan Stojanovski:Pau-orthez
P013013,"STOJKOVIC, LAZAR",Lazar Stojkovic,exact,222001,Lazar Stojkovic,Crvena Zvezda,Center,Center,C,,222001:Lazar Stojkovic:Crvena Zvezda
P000688,"STOJKOV, STEVAN",Stevan Stojkov,exact,222001,Lazar Stojkovic,Crvena Zvezda,Center,Center,C,,222001:Lazar Stojkovic:Crvena Zvezda
P006668,"STOLL, PAUL",Paul Stoll,exact,64816,Paul Stoll,Astros De Jalisco,Guard,Point Guard,PG,"5' 11""",64816:Paul Stoll:Astros De Jalisco
PJOC,"STONEROOK, SHAUN",Shaun Stonerook,not_found,,,,,,,,
P007069,"STOUDEMIRE, AMAR'E",Amar'E Stoudemire,exact,67284,Amar'e Stoudemire,,Center,Center,C,"6' 10""",67284:Amar'e Stoudemire:None
P001906,"STRAUCH, DANIEL",Daniel Strauch,not_found,,,,,,,,
P001433,"STRAWBERRY, DJ",Dj Strawberry,exact,64426,D.J. Strawberry,,Guard,Shooting Guard,SG,"6' 5""",64426:D.J. Strawberry:None
P008099,"STRAZEL, MATTHEW",Matthew Strazel,ambiguous,,,,,,,,71294:Matthew Strazel:Anadolu Efes; 71730:Jaylen Hoard:Maccabi Tel Aviv
PLWP,"STREBKOV, IVAN",Ivan Strebkov,exact,72653,Ivan Strebkov,,Guard,Shooting Guard,SG,"6' 3""",72653:Ivan Strebkov:None
P000046,"STRELNIEKS, JANIS",Janis Strelnieks,exact,53236,Janis Strelnieks,Monbus Obradoiro,Guard,Shooting Guard,SG,"6' 3""",53236:Janis Strelnieks:Monbus Obradoiro
P002092,"STUCKEY, MAURICE",Maurice Stuckey,exact,72626,Maurice Stuckey,Crailsheim  Merlins,Guard,Point Guard,PG,"6' 2""",72626:Maurice Stuckey:Crailsheim  Merlins
P002358,"SUAREZ, ALEX",Alex Suarez,ambiguous,,,,,,,,53153:Carlos Suarez:Fuenlabrada; 188311:Manuel Suarez:None; 236831:Marta Suarez:Phoenix Mercury; 70871:Alejandro Suarez:Monbus Obradoiro; 149283:Francisco Suarez:Argentino Junín; 188319:Ana Suarez:BLMA Lattes Montpellier (W); 178930:Carlos Suárez:Santos De San Luis; 234033:Sebastian Suarez:None
PJJS,"SUAREZ, CARLOS",Carlos Suarez,ambiguous,,,,,,,,53153:Carlos Suarez:Fuenlabrada; 178930:Carlos Suárez:Santos De San Luis
P012116,"SUIGO, LUIGI",Luigi Suigo,exact,151432,Luigi Suigo,,Center,Center,C,"6' 11""",151432:Luigi Suigo:None
P003992,"SULEJMANOVIC, EMIR",Emir Sulejmanovic,exact,70823,Emir Sulejmanovic,Unicaja Málaga,Forward,Power Forward,PF,"6' 9""",70823:Emir Sulejmanovic:Unicaja Málaga
P003529,"SUMMERS, DAJUAN",Dajuan Summers,exact,150058,Dajuan Summers,,Forward,Power Forward,PF,"6' 8""",150058:Dajuan Summers:None
P012787,"SUMNER, EDMOND",Edmond Sumner,exact,64163,Edmond Sumner,Guangdong Southern Tigers,Guard,Point Guard,PG,"6' 4""",64163:Edmond Sumner:Guangdong Southern Tigers
PDIJ,"SUNDOV, BRUNO",Bruno Sundov,not_found,,,,,,,,
PJJZ,"SUPUT, PREDRAG",Predrag Suput,not_found,,,,,,,,
P002106,"SUTON, GORAN",Goran Suton,not_found,,,,,,,,
P001432,"SUTULOVIC, MILORAD",Milorad Sutulovic,not_found,,,,,,,,
P014025,"SWIDER, COLE",Cole Swider,exact,89728,Cole Swider,Anadolu Efes,Forward,Power Forward,PF,"6' 9""",89728:Cole Swider:Anadolu Efes
PCLW,"SWIETONSKI, TOMASZ",Tomasz Swietonski,not_found,,,,,,,,
P005793,"SY, BANDJA",Bandja Sy,exact,70846,Bandja Sy,CSM Oradea,Forward,Small Forward,SF,"6' 9""",70846:Bandja Sy:CSM Oradea
P010093,"SYKES, KEIFER",Keifer Sykes,exact,73018,Keifer Sykes,Guangzhou Loong Lions,Guard,Point Guard,PG,"5' 11""",73018:Keifer Sykes:Guangzhou Loong Lions
P001965,"SYLLA, ABDEL KADER",Abdel Kader Sylla,ambiguous,,,,,,,,72389:Amar Sylla:Gimnasia y Esgrima (CR); 125983:Mohamed Sylla:Boise State; 204072:Almami Sylla:None; 148931:Thierno Sylla:None; 160751:Cole Syllas:Iraklis; 128057:Amadou Sylla:UNC Asheville; 193857:Sekou Sylla:Komarno; 224340:Moussa Sylla:BC Oostende
P001209,"SZCZOTKA, PIOTR",Piotr Szczotka,not_found,,,,,,,,
PCCH,"SZEWCZYK, SZYMON",Szymon Szewczyk,exact,72547,Szymon Szewczyk,,Forward,Power Forward,PF,"6' 10""",72547:Szymon Szewczyk:None
PJPJ,"TABU, JONATHAN",Jonathan Tabu,exact,83581,Jonathan Tabu,Limburg United,Guard,Point Guard,PG,"6' 3""",83581:Jonathan Tabu:Limburg United
P000118,"TADDA, KARSTEN",Karsten Tadda,exact,71407,Karsten Tadda,,Guard,Shooting Guard,SG,"6' 3""",71407:Karsten Tadda:None
P010631,"TANOULIS, GEORGIOS",Georgios Tanoulis,exact,81692,Georgios Tanoulis,Aris Bsa,Center,Center,C,"6' 8""",81692:Georgios Tanoulis:Aris Bsa
P008004,"TARCZEWSKI, KALEB",Kaleb Tarczewski,exact,53162,Kaleb Tarczewski,,Center,Center,C,"7' 0""",53162:Kaleb Tarczewski:None
P005860,"TAROLIS, DONATAS",Donatas Tarolis,exact,105541,Donatas Tarolis,Neptūnas,Forward,Power Forward,PF,"6' 8""",105541:Donatas Tarolis:Neptūnas
P012515,"TARPEY, TERRY",Terry Tarpey,exact,117723,Terry Tarpey,Paris Basketball,Forward,Small Forward,SF,"6' 5""",117723:Terry Tarpey:Paris Basketball
PKSP,"TATAROUNIS, ARIS",Aris Tatarounis,not_found,,,,,,,,
P005791,"TAVARES, WALTER",Walter Tavares,exact,53880,Edy Tavares,Real Madrid,Center,Center,C,"7' 3""",53880:Edy Tavares:Real Madrid
P014004,"TAYLOR, BRANDON",Brandon Taylor,ambiguous,,,,,,,,139643:Brandon Taylor:Panionios Idrogios; 232208:Brandon Taylor:Texas
P001988,"TAYLOR, BRYCE",Bryce Taylor,exact,53166,Bryce Taylor,,Guard,Shooting Guard,SG,"6' 5""",53166:Bryce Taylor:None
P012068,"TAYLOR, ISAIAH",Isaiah Taylor,exact,84216,Isaiah Taylor,,Guard,Point Guard,PG,"6' 2""",84216:Isaiah Taylor:None
P006546,"TAYLOR, JEFFERY",Jeffery Taylor,exact,53110,Jeffery Taylor,Cluj Napoca,Forward,Small Forward,SF,"6' 7""",53110:Jeffery Taylor:Cluj Napoca
P005247,"TAYLOR, JORDAN",Jordan Taylor,exact,70958,Jordan Taylor,,Guard,Point Guard,PG,"6' 2""",70958:Jordan Taylor:None
P011217,"TAYLOR, KAMERON",Kameron Taylor,exact,72625,Kameron Taylor,Valencia Basket,Guard,Shooting Guard,SG,"6' 6""",72625:Kameron Taylor:Valencia Basket
P001794,"TAYLOR, MAURICE",Maurice Taylor,ambiguous,,,,,,,,102959:Terry Taylor:Brisbane Bullets; 133057:Taylor Hendricks:Memphis Grizzlies; 72625:Kameron Taylor:Valencia Basket; 53110:Jeffery Taylor:Cluj Napoca; 86930:Taylor Jenkins:Milwaukee Bucks; 53166:Bryce Taylor:None; 237989:Sydney Taylor:Chicago Sky; 73571:Larry Taylor:None; 70958:Jordan Taylor:None; 148399:JJ Taylor:None; 64875:Taylor Braun:Maccabi Haifa; 84216:Isaiah Taylor:None; 109242:Lucas Taylor:None; 111175:Sparkle Taylor:None; 83818:Tony Taylor:Trabzonspor Medical Park; 139643:Brandon Taylor:Panionios Idrogios; 109927:Wade Taylor IV:Mexico City Capitanes; 133132:Taylor Soule:None; 147602:Andrew Taylor:None; 157118:Celeste Taylor:None; 53288:Taylor Rochestie:None; 86134:Marlon Taylor:None; 159084:Camryn Taylor:None; 136312:Taylor Britt:New Zealand Breakers; 202674:Taylor Thierry:Seattle Storm; 71444:Taylor Smith:KK Mornar; 109810:Elijah Taylor:None; 110007:Johnny Taylor Jr.:Chattanooga; 124952:Ryan Taylor:Górnik Wałbrzych; 125995:Taylor Funk:San Diego Clippers; 133130:Taylor Mikesell:None; 148318:Jayden Taylor:None; 148447:Justin Taylor:Syracuse; 148464:Taylor Bol Bowen:Alabama; 148794:Evan Taylor:None; 155592:Rob Taylor:Wagner; 182431:Travis Taylor:Keravnos; 188345:Taylor Murray:None; 190411:Deshon Taylor:None; 193120:Glenn Taylor:None; 200019:Brian Taylor:SIU Edwardsville; 200020:Ray'Sean Taylor:SIU Edwardsville; 202494:Taylor Jones:None; 217562:Taylor Johns:Santos De San Luis; 218368:Taylor Johnson:Correcaminos UAT; 237674:Kevin Taylor:Hapoel Holon; 224391:Steve Taylor Jr:Panteras De Aguascalientes; 232208:Brandon Taylor:Texas; 233930:Cedric Taylor III:Howard; 235008:RJ Taylor:Northern Iowa; 235519:Amir Taylor:Kennesaw State; 236542:Terry Taylor:Iowa Wolves; 236545:Ethan Taylor:South Bay Lakers; 237419:Taylor Bigby:None
PTGG,"TAYLOR, RONELL",Ronell Taylor,ambiguous,,,,,,,,102959:Terry Taylor:Brisbane Bullets; 133057:Taylor Hendricks:Memphis Grizzlies; 72625:Kameron Taylor:Valencia Basket; 53110:Jeffery Taylor:Cluj Napoca; 86930:Taylor Jenkins:Milwaukee Bucks; 53166:Bryce Taylor:None; 237989:Sydney Taylor:Chicago Sky; 73571:Larry Taylor:None; 70958:Jordan Taylor:None; 148399:JJ Taylor:None; 64875:Taylor Braun:Maccabi Haifa; 84216:Isaiah Taylor:None; 109242:Lucas Taylor:None; 111175:Sparkle Taylor:None; 83818:Tony Taylor:Trabzonspor Medical Park; 139643:Brandon Taylor:Panionios Idrogios; 109927:Wade Taylor IV:Mexico City Capitanes; 133132:Taylor Soule:None; 147602:Andrew Taylor:None; 157118:Celeste Taylor:None; 53288:Taylor Rochestie:None; 86134:Marlon Taylor:None; 159084:Camryn Taylor:None; 136312:Taylor Britt:New Zealand Breakers; 202674:Taylor Thierry:Seattle Storm; 71444:Taylor Smith:KK Mornar; 109810:Elijah Taylor:None; 110007:Johnny Taylor Jr.:Chattanooga; 124952:Ryan Taylor:Górnik Wałbrzych; 125995:Taylor Funk:San Diego Clippers; 133130:Taylor Mikesell:None; 148318:Jayden Taylor:None; 148447:Justin Taylor:Syracuse; 148464:Taylor Bol Bowen:Alabama; 148794:Evan Taylor:None; 155592:Rob Taylor:Wagner; 182431:Travis Taylor:Keravnos; 188345:Taylor Murray:None; 190411:Deshon Taylor:None; 193120:Glenn Taylor:None; 200019:Brian Taylor:SIU Edwardsville; 200020:Ray'Sean Taylor:SIU Edwardsville; 202494:Taylor Jones:None; 217562:Taylor Johns:Santos De San Luis; 218368:Taylor Johnson:Correcaminos UAT; 237674:Kevin Taylor:Hapoel Holon; 224391:Steve Taylor Jr:Panteras De Aguascalientes; 232208:Brandon Taylor:Texas; 233930:Cedric Taylor III:Howard; 235008:RJ Taylor:Northern Iowa; 235519:Amir Taylor:Kennesaw State; 236542:Terry Taylor:Iowa Wolves; 236545:Ethan Taylor:South Bay Lakers; 237419:Taylor Bigby:None
P005850,"TAYLOR, TONY",Tony Taylor,exact,83818,Tony Taylor,Trabzonspor Medical Park,Guard,Point Guard,PG,"6' 0""",83818:Tony Taylor:Trabzonspor Medical Park
P001157,"TCHICAMBOUD, STEED",Steed Tchicamboud,exact,72374,Jayson Tchicamboud,,Guard,Point Guard,PG,"6' 3""",72374:Jayson Tchicamboud:None
P004008,"TEJIC, MARKO",Marko Tejic,not_found,,,,,,,,
PJZJ,"TELETOVIC, MIRZA",Mirza Teletovic,not_found,,,,,,,,
PJDR,"TEODOSIC, MILOS",Milos Teodosic,exact,53679,Milos Teodosic,,Guard,Point Guard,PG,"6' 5""",53679:Milos Teodosic:None
PLGH,"TEPIC, MILENKO",Milenko Tepic,not_found,,,,,,,,
P010652,"TERRY, EMANUEL",Emanuel Terry,exact,72537,Emanuel Terry,,Forward,Power Forward,PF,"6' 9""",72537:Emanuel Terry:None
PTEO,"TERRY, REYSHAWN",Reyshawn Terry,ambiguous,,,,,,,,53317:Terry Rozier:Miami Heat; 108530:Dalen Terry:Philadelphia 76ers; 102959:Terry Taylor:Brisbane Bullets; 86266:Tyrell Terry:None; 72537:Emanuel Terry:None; 117723:Terry Tarpey:Paris Basketball; 86941:Terry Stotts:None; 89591:Demetrius Terry:Cleveland State; 89645:Aiden Terry:None; 90063:Jalen Terry:None; 149605:Terry Li:Shanghai Sharks; 172434:Terry Henderson:Wellington Saints; 148308:Lance Terry:Georgia Tech; 184120:Terry Larrier:Santos De San Luis; 194359:Terry Anderson:High Point; 199835:Brendan Terry:Southeast Missouri State; 236533:Terry Roberts:Long Island Nets; 236542:Terry Taylor:Iowa Wolves
P003435,"THALIEN, KEVIN",Kevin Thalien,not_found,,,,,,,,
P004132,"THEIS, DANIEL",Daniel Theis,exact,53320,Daniel Theis,Maccabi Tel Aviv,Center,Center,C,"6' 8""",53320:Daniel Theis:Maccabi Tel Aviv
P007946,"THEODORE, JORDAN",Jordan Theodore,exact,53155,Jordan Theodore,,Guard,Point Guard,PG,"6' 0""",53155:Jordan Theodore:None
P003958,"THIEMANN, JOHANNES",Johannes Thiemann,exact,69979,Johannes Thiemann,Bayern Munich,Center,Center,C,"6' 9""",69979:Johannes Thiemann:Bayern Munich
P005094,"THOMAS, DESHAUN",Deshaun Thomas,exact,53182,Deshaun Thomas,,Forward,Small Forward,SF,"6' 7""",53182:Deshaun Thomas:None
P001234,"THOMAS, JOBEY",Jobey Thomas,ambiguous,,,,,,,,53758:Isaiah Thomas:None; 73206:Thomas Bray:None; 71553:Matt Thomas:Besiktas; 53125:Thomas Heurtel:ASVEL Villeurbanne; 53182:Deshaun Thomas:None; 64415:Thomas Walkup:Olympiacos; 53267:Malcolm Thomas:None; 89840:Cam Thomas:None; 64231:Thomas Bryant:Cleveland Cavaliers; 95185:Alyssa Thomas:Phoenix Mercury; 78472:Joe Thomasson:Panionios Idrogios; 85984:Brodric Thomas:None; 64150:Khyri Thomas:Mitteldeutscher; 121695:Davaunta Thomas:None; 204169:Thomas Sorber:Oklahoma City Thunder; 144091:Thomas Cooper:Racing Club Chivilcoy; 226259:Meleek Thomas:Cleveland Cavaliers; 64754:TaShawn Thomas:Le Mans; 108829:Malik Thomas:Virginia; 53133:Will Thomas:None; 142648:Thomas Hieu-Courtois:ADA Blois Basket 41; 70033:Thomas Scrubb:La Laguna Tenerife; 148742:Thomas Haugh:Florida; 160378:Angel Nunez:Leyma Coruña; 95186:Jasmine Thomas:None; 150294:Charles Thomas:None; 120629:Thomas Bropleh:None; 196942:Thomas Segui:Club Atletico Welcome; 71199:Rashawn Thomas:Dinamo Sassari; 184488:Khyri Thomas:None; 108834:Saint Thomas:None; 111181:Sam Thomas:None; 149037:Marcus Thomas:None; 150207:Quintrell Thomas:None; 157685:Thomas Rutherford:BC Kalev/Cramo; 234039:Romaine Thomas:None; 72658:Alec Brown:Movistar Estudiantes; 87590:Elijah Thomas:None; 95597:Shakayla Thomas:None; 108755:Rod Thomas:Murray State; 142240:Thomas Kennedy:KK Cedevita Olimpija; 142662:Thomas Cornely:None; 148661:Thomas Hattan:Notre Dame; 155669:Dionjahe Thomas:None; 72379:Thomas Hanquiez:None; 81683:Thomas Akyazili:Esenler Erokspor; 82986:Thomas Klepeisz:Ratiopharm Ulm; 87979:Thomas:None; 89150:Deandre Thomas:None; 89203:Noah Thomas:None; 89227:Thomas Kithier:Valparaiso; 89434:Thomas Webley:Hartford; 109559:Jalen Thomas:Butler; 109920:Trey Thomas:None; 126044:LJ Thomas:None; 127205:Anthony Thomas:None; 128119:Michael Thomas:Louisiana; 128769:Thomas Weaver:None; 128828:Miryne Thomas:Leicester Riders; 141839:Thomas Kottas:None; 147159:Shane Thomas:Creighton; 147543:Adonis Thomas:None; 148187:Noah Thomasson:Polski C. Torun; 148660:Thomas Crowe:Notre Dame; 149045:Thomas Ndong:California Baptist; 149106:Day Day Thomas:Cincinnati; 149461:Raphell Thomas-Edwards:Bristol Flyers; 152195:Thomas Waldron:None; 155492:Kalil Thomas:Morehead State; 155562:Thomas Kizer:Samford; 156600:Thomas Araujo:Cordon; 172330:Thomas Ingham:Nelson Giants; 172352:Thomas Gold:Manawatu Jets; 182807:Erik Thomas:Nacional; 192042:Thomas Tumba:None; 192044:Vansdell Thomas:Real Estelí; 192607:Thomas Tillman:Furman; 192636:Justin Thomas:Florida State; 193079:Bryant Thomas:Inter Bratislava; 193273:Thomas Gerovich:Perth; 193514:Dallas Thomas:Clemson; 193561:David Thomas:DePaul; 193681:Sebastian Thomas:Rhode Island; 196662:Corey Thomas:Bradley; 196725:Thomas Hall:Merrimack; 200024:Kyle Thomas:SIU Edwardsville; 200041:Kamryn Thomas:Omaha; 200055:Thomas Dowd:Troy; 201829:Thomas Acunzo:None; 204685:Thomas Leguay:None; 70820:Thomas Schreiner:None; 89623:Thomas Bell:None; 109085:Dischon Thomas:Ciclista Olímpico; 109355:Thomas Oosterbroek:None; 142680:Thomas Ville:Boulazac; 147485:Asa Thomas:Furman; 172251:Thomas Vodanovich:None; 196273:Daniel Thomas:None; 223646:Thomas Stanko:ČEZ Nymburk; 224076:Thomas Zevgaras:As Karditsas; 232174:Myles Thomas:Basket Osasco; 232438:Jamarii Thomas:MKS D. Gornicza; 234795:Thomas Geneste:Cholet; 235271:Caleb Thomas:Lehigh; 235506:Jannoy Thomas:Prairie View A&M; 235523:Nigel Thomas:Kennesaw State; 237324:Dedan Thomas Jr.:Houston; 237656:MJ Thomas:UNLV; 238086:DJ Thomas:TCU
P011313,"THOMAS, KHYRI",Khyri Thomas,exact,64150,Khyri Thomas,Mitteldeutscher,Guard,Shooting Guard,SG,"6' 3""",64150:Khyri Thomas:Mitteldeutscher
P004251,"THOMAS, MALCOM",Malcom Thomas,ambiguous,,,,,,,,53758:Isaiah Thomas:None; 73206:Thomas Bray:None; 71553:Matt Thomas:Besiktas; 53125:Thomas Heurtel:ASVEL Villeurbanne; 53182:Deshaun Thomas:None; 64415:Thomas Walkup:Olympiacos; 53267:Malcolm Thomas:None; 89840:Cam Thomas:None; 64231:Thomas Bryant:Cleveland Cavaliers; 95185:Alyssa Thomas:Phoenix Mercury; 78472:Joe Thomasson:Panionios Idrogios; 85984:Brodric Thomas:None; 64150:Khyri Thomas:Mitteldeutscher; 121695:Davaunta Thomas:None; 204169:Thomas Sorber:Oklahoma City Thunder; 144091:Thomas Cooper:Racing Club Chivilcoy; 226259:Meleek Thomas:Cleveland Cavaliers; 64754:TaShawn Thomas:Le Mans; 108829:Malik Thomas:Virginia; 53133:Will Thomas:None; 142648:Thomas Hieu-Courtois:ADA Blois Basket 41; 70033:Thomas Scrubb:La Laguna Tenerife; 148742:Thomas Haugh:Florida; 160378:Angel Nunez:Leyma Coruña; 95186:Jasmine Thomas:None; 150294:Charles Thomas:None; 120629:Thomas Bropleh:None; 196942:Thomas Segui:Club Atletico Welcome; 71199:Rashawn Thomas:Dinamo Sassari; 184488:Khyri Thomas:None; 108834:Saint Thomas:None; 111181:Sam Thomas:None; 149037:Marcus Thomas:None; 150207:Quintrell Thomas:None; 157685:Thomas Rutherford:BC Kalev/Cramo; 234039:Romaine Thomas:None; 72658:Alec Brown:Movistar Estudiantes; 87590:Elijah Thomas:None; 95597:Shakayla Thomas:None; 108755:Rod Thomas:Murray State; 142240:Thomas Kennedy:KK Cedevita Olimpija; 142662:Thomas Cornely:None; 148661:Thomas Hattan:Notre Dame; 155669:Dionjahe Thomas:None; 72379:Thomas Hanquiez:None; 81683:Thomas Akyazili:Esenler Erokspor; 82986:Thomas Klepeisz:Ratiopharm Ulm; 87979:Thomas:None; 89150:Deandre Thomas:None; 89203:Noah Thomas:None; 89227:Thomas Kithier:Valparaiso; 89434:Thomas Webley:Hartford; 109559:Jalen Thomas:Butler; 109920:Trey Thomas:None; 126044:LJ Thomas:None; 127205:Anthony Thomas:None; 128119:Michael Thomas:Louisiana; 128769:Thomas Weaver:None; 128828:Miryne Thomas:Leicester Riders; 141839:Thomas Kottas:None; 147159:Shane Thomas:Creighton; 147543:Adonis Thomas:None; 148187:Noah Thomasson:Polski C. Torun; 148660:Thomas Crowe:Notre Dame; 149045:Thomas Ndong:California Baptist; 149106:Day Day Thomas:Cincinnati; 149461:Raphell Thomas-Edwards:Bristol Flyers; 152195:Thomas Waldron:None; 155492:Kalil Thomas:Morehead State; 155562:Thomas Kizer:Samford; 156600:Thomas Araujo:Cordon; 172330:Thomas Ingham:Nelson Giants; 172352:Thomas Gold:Manawatu Jets; 182807:Erik Thomas:Nacional; 192042:Thomas Tumba:None; 192044:Vansdell Thomas:Real Estelí; 192607:Thomas Tillman:Furman; 192636:Justin Thomas:Florida State; 193079:Bryant Thomas:Inter Bratislava; 193273:Thomas Gerovich:Perth; 193514:Dallas Thomas:Clemson; 193561:David Thomas:DePaul; 193681:Sebastian Thomas:Rhode Island; 196662:Corey Thomas:Bradley; 196725:Thomas Hall:Merrimack; 200024:Kyle Thomas:SIU Edwardsville; 200041:Kamryn Thomas:Omaha; 200055:Thomas Dowd:Troy; 201829:Thomas Acunzo:None; 204685:Thomas Leguay:None; 70820:Thomas Schreiner:None; 89623:Thomas Bell:None; 109085:Dischon Thomas:Ciclista Olímpico; 109355:Thomas Oosterbroek:None; 142680:Thomas Ville:Boulazac; 147485:Asa Thomas:Furman; 172251:Thomas Vodanovich:None; 196273:Daniel Thomas:None; 223646:Thomas Stanko:ČEZ Nymburk; 224076:Thomas Zevgaras:As Karditsas; 232174:Myles Thomas:Basket Osasco; 232438:Jamarii Thomas:MKS D. Gornicza; 234795:Thomas Geneste:Cholet; 235271:Caleb Thomas:Lehigh; 235506:Jannoy Thomas:Prairie View A&M; 235523:Nigel Thomas:Kennesaw State; 237324:Dedan Thomas Jr.:Houston; 237656:MJ Thomas:UNLV; 238086:DJ Thomas:TCU
P008967,"THOMAS, MATT",Matt Thomas,exact,71553,Matt Thomas,Besiktas,Guard,Shooting Guard,SG,"6' 5""",71553:Matt Thomas:Besiktas
P012095,"THOMASSON, JOE",Joe Thomasson,exact,78472,Joe Thomasson,Panionios Idrogios,Guard,Shooting Guard,SG,"6' 4""",78472:Joe Thomasson:Panionios Idrogios
P004231,"THOMAS, TOREY",Torey Thomas,ambiguous,,,,,,,,53758:Isaiah Thomas:None; 73206:Thomas Bray:None; 71553:Matt Thomas:Besiktas; 53125:Thomas Heurtel:ASVEL Villeurbanne; 53182:Deshaun Thomas:None; 64415:Thomas Walkup:Olympiacos; 53267:Malcolm Thomas:None; 89840:Cam Thomas:None; 64231:Thomas Bryant:Cleveland Cavaliers; 95185:Alyssa Thomas:Phoenix Mercury; 78472:Joe Thomasson:Panionios Idrogios; 85984:Brodric Thomas:None; 64150:Khyri Thomas:Mitteldeutscher; 121695:Davaunta Thomas:None; 204169:Thomas Sorber:Oklahoma City Thunder; 144091:Thomas Cooper:Racing Club Chivilcoy; 226259:Meleek Thomas:Cleveland Cavaliers; 64754:TaShawn Thomas:Le Mans; 108829:Malik Thomas:Virginia; 53133:Will Thomas:None; 142648:Thomas Hieu-Courtois:ADA Blois Basket 41; 70033:Thomas Scrubb:La Laguna Tenerife; 148742:Thomas Haugh:Florida; 160378:Angel Nunez:Leyma Coruña; 95186:Jasmine Thomas:None; 150294:Charles Thomas:None; 120629:Thomas Bropleh:None; 196942:Thomas Segui:Club Atletico Welcome; 71199:Rashawn Thomas:Dinamo Sassari; 184488:Khyri Thomas:None; 108834:Saint Thomas:None; 111181:Sam Thomas:None; 149037:Marcus Thomas:None; 150207:Quintrell Thomas:None; 157685:Thomas Rutherford:BC Kalev/Cramo; 234039:Romaine Thomas:None; 72658:Alec Brown:Movistar Estudiantes; 87590:Elijah Thomas:None; 95597:Shakayla Thomas:None; 108755:Rod Thomas:Murray State; 142240:Thomas Kennedy:KK Cedevita Olimpija; 142662:Thomas Cornely:None; 148661:Thomas Hattan:Notre Dame; 155669:Dionjahe Thomas:None; 72379:Thomas Hanquiez:None; 81683:Thomas Akyazili:Esenler Erokspor; 82986:Thomas Klepeisz:Ratiopharm Ulm; 87979:Thomas:None; 89150:Deandre Thomas:None; 89203:Noah Thomas:None; 89227:Thomas Kithier:Valparaiso; 89434:Thomas Webley:Hartford; 109559:Jalen Thomas:Butler; 109920:Trey Thomas:None; 126044:LJ Thomas:None; 127205:Anthony Thomas:None; 128119:Michael Thomas:Louisiana; 128769:Thomas Weaver:None; 128828:Miryne Thomas:Leicester Riders; 141839:Thomas Kottas:None; 147159:Shane Thomas:Creighton; 147543:Adonis Thomas:None; 148187:Noah Thomasson:Polski C. Torun; 148660:Thomas Crowe:Notre Dame; 149045:Thomas Ndong:California Baptist; 149106:Day Day Thomas:Cincinnati; 149461:Raphell Thomas-Edwards:Bristol Flyers; 152195:Thomas Waldron:None; 155492:Kalil Thomas:Morehead State; 155562:Thomas Kizer:Samford; 156600:Thomas Araujo:Cordon; 172330:Thomas Ingham:Nelson Giants; 172352:Thomas Gold:Manawatu Jets; 182807:Erik Thomas:Nacional; 192042:Thomas Tumba:None; 192044:Vansdell Thomas:Real Estelí; 192607:Thomas Tillman:Furman; 192636:Justin Thomas:Florida State; 193079:Bryant Thomas:Inter Bratislava; 193273:Thomas Gerovich:Perth; 193514:Dallas Thomas:Clemson; 193561:David Thomas:DePaul; 193681:Sebastian Thomas:Rhode Island; 196662:Corey Thomas:Bradley; 196725:Thomas Hall:Merrimack; 200024:Kyle Thomas:SIU Edwardsville; 200041:Kamryn Thomas:Omaha; 200055:Thomas Dowd:Troy; 201829:Thomas Acunzo:None; 204685:Thomas Leguay:None; 70820:Thomas Schreiner:None; 89623:Thomas Bell:None; 109085:Dischon Thomas:Ciclista Olímpico; 109355:Thomas Oosterbroek:None; 142680:Thomas Ville:Boulazac; 147485:Asa Thomas:Furman; 172251:Thomas Vodanovich:None; 196273:Daniel Thomas:None; 223646:Thomas Stanko:ČEZ Nymburk; 224076:Thomas Zevgaras:As Karditsas; 232174:Myles Thomas:Basket Osasco; 232438:Jamarii Thomas:MKS D. Gornicza; 234795:Thomas Geneste:Cholet; 235271:Caleb Thomas:Lehigh; 235506:Jannoy Thomas:Prairie View A&M; 235523:Nigel Thomas:Kennesaw State; 237324:Dedan Thomas Jr.:Houston; 237656:MJ Thomas:UNLV; 238086:DJ Thomas:TCU
P005856,"THOMAS, WILL",Will Thomas,exact,53133,Will Thomas,,Forward,Power Forward,PF,"6' 8""",53133:Will Thomas:None
P005836,"THOMPKINS, TREY",Trey Thompkins,exact,53882,Trey Thompkins,Leyma Coruña,Forward,Power Forward,PF,"6' 10""",53882:Trey Thompkins:Leyma Coruña
P011078,"THOMPSON, DARIUS",Darius Thompson,exact,72758,Darius Thompson,Valencia Basket,Guard,Shooting Guard,SG,"6' 4""",72758:Darius Thompson:Valencia Basket
P003453,"THOMPSON, DEON",Deon Thompson,exact,64451,Deon Thompson,,Forward,Power Forward,PF,"6' 8""",64451:Deon Thompson:None
P000134,"THOMPSON, DIJON",Dijon Thompson,ambiguous,,,,,,,,53626:Klay Thompson:Miami Heat; 53357:Tristan Thompson:None; 133962:Amen Thompson:Houston Rockets; 133961:Ausar Thompson:Detroit Pistons; 72758:Darius Thompson:Valencia Basket; 89498:Ethan Thompson:Indiana Pacers; 70019:Sadiel Rojas:None; 155833:Messiah Thompson:Long Beach State; 102890:James Thompson IV:KK Budućnost; 123598:Stephen Thompson Jr:Vaqueros De Bayamon; 72388:Shevon Thompson:Kk Spartak Subotica; 89816:Bryce Thompson:Oklahoma State; 64451:Deon Thompson:None; 141895:Trevor Thompson:Shenzhen Leopards; 225045:Tradavis Thompson:Pato Basquete; 71131:Ryan Thompson:None; 89401:Kareem Thompson:Oral Roberts; 109187:Hunter Thompson:Wyoming; 109215:Race Thompson:Legia Warszawa; 149069:Jaylen Thompson:Stanford; 192616:Blair Thompson:Columbia; 223459:Charles Thompson:Wurzburg Baskets; 71157:Eric Thompson:None; 136308:Scottie Thompson:None; 158532:Alex Thompson:None; 89607:Isaiah Thompson:None; 90148:Khyre Thompson:UNC Greensboro; 155540:Treyton Thompson:Stetson; 172459:Jett Thompson:None; 194289:Duane Thompson:St. Bonaventure; 200023:Myles Thompson:SIU Edwardsville; 200362:Tyler Thompson:Montana; 230651:Trey Thompson:Iowa; 231502:Chase Thompson:Clemson
P008014,"THOMPSON, HOLLIS",Hollis Thompson,ambiguous,,,,,,,,53626:Klay Thompson:Miami Heat; 53357:Tristan Thompson:None; 133962:Amen Thompson:Houston Rockets; 133961:Ausar Thompson:Detroit Pistons; 72758:Darius Thompson:Valencia Basket; 89498:Ethan Thompson:Indiana Pacers; 70019:Sadiel Rojas:None; 155833:Messiah Thompson:Long Beach State; 102890:James Thompson IV:KK Budućnost; 123598:Stephen Thompson Jr:Vaqueros De Bayamon; 72388:Shevon Thompson:Kk Spartak Subotica; 89816:Bryce Thompson:Oklahoma State; 64451:Deon Thompson:None; 141895:Trevor Thompson:Shenzhen Leopards; 225045:Tradavis Thompson:Pato Basquete; 71131:Ryan Thompson:None; 89401:Kareem Thompson:Oral Roberts; 109187:Hunter Thompson:Wyoming; 109215:Race Thompson:Legia Warszawa; 149069:Jaylen Thompson:Stanford; 192616:Blair Thompson:Columbia; 223459:Charles Thompson:Wurzburg Baskets; 71157:Eric Thompson:None; 136308:Scottie Thompson:None; 158532:Alex Thompson:None; 89607:Isaiah Thompson:None; 90148:Khyre Thompson:UNC Greensboro; 155540:Treyton Thompson:Stetson; 172459:Jett Thompson:None; 194289:Duane Thompson:St. Bonaventure; 200023:Myles Thompson:SIU Edwardsville; 200362:Tyler Thompson:Montana; 230651:Trey Thompson:Iowa; 231502:Chase Thompson:Clemson
P007998,"THOMPSON, JASON",Jason Thompson,ambiguous,,,,,,,,53626:Klay Thompson:Miami Heat; 53357:Tristan Thompson:None; 133962:Amen Thompson:Houston Rockets; 133961:Ausar Thompson:Detroit Pistons; 72758:Darius Thompson:Valencia Basket; 89498:Ethan Thompson:Indiana Pacers; 70019:Sadiel Rojas:None; 155833:Messiah Thompson:Long Beach State; 102890:James Thompson IV:KK Budućnost; 123598:Stephen Thompson Jr:Vaqueros De Bayamon; 72388:Shevon Thompson:Kk Spartak Subotica; 89816:Bryce Thompson:Oklahoma State; 64451:Deon Thompson:None; 141895:Trevor Thompson:Shenzhen Leopards; 225045:Tradavis Thompson:Pato Basquete; 71131:Ryan Thompson:None; 89401:Kareem Thompson:Oral Roberts; 109187:Hunter Thompson:Wyoming; 109215:Race Thompson:Legia Warszawa; 149069:Jaylen Thompson:Stanford; 192616:Blair Thompson:Columbia; 223459:Charles Thompson:Wurzburg Baskets; 71157:Eric Thompson:None; 136308:Scottie Thompson:None; 158532:Alex Thompson:None; 89607:Isaiah Thompson:None; 90148:Khyre Thompson:UNC Greensboro; 155540:Treyton Thompson:Stetson; 172459:Jett Thompson:None; 194289:Duane Thompson:St. Bonaventure; 200023:Myles Thompson:SIU Edwardsville; 200362:Tyler Thompson:Montana; 230651:Trey Thompson:Iowa; 231502:Chase Thompson:Clemson
P004957,"THOMPSON, RYAN",Ryan Thompson,exact,71131,Ryan Thompson,,Forward,Small Forward,SF,"6' 6""",71131:Ryan Thompson:None
PCCA,"THORNTON, BOOTSY",Bootsy Thornton,ambiguous,,,,,,,,95105:Kayla Thornton:Golden State Valkyries; 73526:Isaac Thornton:Cruzeiro; 148941:Al Thornton:Penarol; 123651:Bruce Thornton:Houston Rockets; 203156:Raynere Thornton:Argentino Junín; 155819:Kaleb Thornton:None; 143641:Marcus Thornton:Lavrio
P002744,"TILLIE, KIM",Kim Tillie,exact,53241,Kim Tillie,,Forward,Power Forward,PF,"6' 11""",53241:Kim Tillie:None
P005718,"TIMMA, JANIS",Janis Timma,exact,53299,Janis Timma,Monbus Obradoiro,Forward,Small Forward,SF,"6' 7""",53299:Janis Timma:Monbus Obradoiro
P004846,"TIMOR, BAR",Bar Timor,exact,64752,Bar Timor,Hapoel Tel Aviv,Guard,Point Guard,PG,"6' 3""",64752:Bar Timor:Hapoel Tel Aviv
P007497,"TIRPANCI, ERGI",Ergi Tirpanci,exact,147479,Efe Tirpanci,Mersin Buyuksehir,Forward,Power Forward,PF,"6' 6""",147479:Efe Tirpanci:Mersin Buyuksehir
P005173,"TISHCHENKO, OLEKSANDR",Oleksandr Tishchenko,not_found,,,,,,,,
P008275,"TISMA, BORIS",Boris Tisma,exact,83550,Boris Tisma,Split,Forward,Power Forward,PF,"6' 8""",83550:Boris Tisma:Split
P008966,"TOBEY, MIKE",Mike Tobey,exact,67477,Mike Tobey,Gran Canaria,Center,Center,C,"7' 0""",67477:Mike Tobey:Gran Canaria
PJPE,"TODIC, MIROSLAV",Miroslav Todic,not_found,,,,,,,,
P004214,"TODOROVIC, DEJAN",Dejan Todorovic,exact,70849,Dejan Todorovic,Calor de Cancun,Forward,Small Forward,SF,"6' 5""",70849:Dejan Todorovic:Calor de Cancun
P001612,"TODOROVIC, MARKO",Marko Todorovic,exact,53260,Marko Todorovic,,Center,Center,C,"6' 11""",53260:Marko Todorovic:None
P004292,"TOLIOPOULOS, VASSILIS",Vassilis Toliopoulos,exact,53232,Vassilis Toliopoulos,Panathinaikos,Guard,Point Guard,PG,"6' 2""",53232:Vassilis Toliopoulos:Panathinaikos
PAFC,"TOMASEVIC, DEJAN",Dejan Tomasevic,ambiguous,,,,,,,,194219:Mateo Tomašević:None; 184365:Bojan Tomasevic:FMP Belgrade
P001184,"TOMAS, JOAN",Joan Tomas,ambiguous,,,,,,,,53383:Tomas Satoransky:Hapoel Tel Aviv; 148944:Tomas Monacchi:Boca Juniors; 160535:Tomás Chapero:Mexico City Capitanes; 72398:Tomas Dimsa:PAOK; 69989:Tomas Vyoral:Usti nad Labem; 81889:Tomas Masiulis:Zalgiris Kaunas; 122062:Tomas Barroso:None; 71047:Tomás Bellas:None; 187867:Tomas Barragan:Aguada; 70946:Lautaro Tomas Lopez:None; 70866:Tomasz Gielo:Wilki Morskie Szczecin; 83597:Pere Tomas:CB Granada; 148999:Tomas Sonnaillon:None; 149242:Tomas Spano:La Unión de Formosa; 149447:Tomas Zanzottera:None; 150270:Tomas Rossi:Csd Colo Colo; 178169:Tomas Nuno:La Unión de Formosa; 186747:Tomas Allende:None; 219640:Tomas Diaz:None; 223341:Tomas Delia:Racing Club Chivilcoy; 89996:Tomas Woldetensae:Pallacanestro Reggiana; 125711:Tyson Perez:Real Betis Energía Plus; 158367:Tomáš Palas:USK Praha; 186644:Tomas Botta:None; 72765:Tomas Delininkaitis:None; 117874:Tomas Kyzlink:Jilin Northeast Tigers; 158419:Tomáš Pomikálek:BK Decin; 194219:Mateo Tomašević:None; 196407:Tomas Jansa:None; 203082:Tomasz Pływaczyk:None; 72400:Tomas Lekunas:Pieno Zvaigdes; 149056:Tomas Pereyra:Comunicaciones Mercedes; 149517:Tomas Nally:San Lorenzo; 157718:Tomaš Pavelka:None; 198126:Tomas Thrastarson:None; 202286:Tomas Ronchetti:None; 157710:Tomas Stankevičius:None; 158342:Tomáš Merta:Hradec Kralove; 158416:Tomas Houzar:Basketball Brno; 158430:Tomáš Randýsek:BK Decin; 158436:Tomas Grepl:BK Decin; 182056:Tomas Murphy:BC Nokia; 182785:Tomas Zdanavicius:Mazeikiai; 184248:Tomas Mikyska:None; 184365:Bojan Tomasevic:FMP Belgrade; 186389:Wojciech Tomaszewski:Legia Warszawa; 186497:Tomas Pacesas:None; 188121:Tomáš Bohuslav:Usti nad Labem; 193820:Tomas Mrvis:Spisski Rytieri; 193854:Tomaš Sekereš:MBK Lucenec; 196405:Tomas Valentiny:None; 200389:Tomas Charbonnier:Cordon; 223327:Tomas Cavallero:Atenas; 223596:Tomas Bjarkason:Hamburg Towers; 225275:Tomas Abdala:Union Atletica; 245943:Tomas Talcis:None
PCPS,"TOMAS, MARKO",Marko Tomas,ambiguous,,,,,,,,53383:Tomas Satoransky:Hapoel Tel Aviv; 148944:Tomas Monacchi:Boca Juniors; 160535:Tomás Chapero:Mexico City Capitanes; 72398:Tomas Dimsa:PAOK; 69989:Tomas Vyoral:Usti nad Labem; 81889:Tomas Masiulis:Zalgiris Kaunas; 122062:Tomas Barroso:None; 71047:Tomás Bellas:None; 187867:Tomas Barragan:Aguada; 70946:Lautaro Tomas Lopez:None; 70866:Tomasz Gielo:Wilki Morskie Szczecin; 83597:Pere Tomas:CB Granada; 148999:Tomas Sonnaillon:None; 149242:Tomas Spano:La Unión de Formosa; 149447:Tomas Zanzottera:None; 150270:Tomas Rossi:Csd Colo Colo; 178169:Tomas Nuno:La Unión de Formosa; 186747:Tomas Allende:None; 219640:Tomas Diaz:None; 223341:Tomas Delia:Racing Club Chivilcoy; 89996:Tomas Woldetensae:Pallacanestro Reggiana; 125711:Tyson Perez:Real Betis Energía Plus; 158367:Tomáš Palas:USK Praha; 186644:Tomas Botta:None; 72765:Tomas Delininkaitis:None; 117874:Tomas Kyzlink:Jilin Northeast Tigers; 158419:Tomáš Pomikálek:BK Decin; 194219:Mateo Tomašević:None; 196407:Tomas Jansa:None; 203082:Tomasz Pływaczyk:None; 72400:Tomas Lekunas:Pieno Zvaigdes; 149056:Tomas Pereyra:Comunicaciones Mercedes; 149517:Tomas Nally:San Lorenzo; 157718:Tomaš Pavelka:None; 198126:Tomas Thrastarson:None; 202286:Tomas Ronchetti:None; 157710:Tomas Stankevičius:None; 158342:Tomáš Merta:Hradec Kralove; 158416:Tomas Houzar:Basketball Brno; 158430:Tomáš Randýsek:BK Decin; 158436:Tomas Grepl:BK Decin; 182056:Tomas Murphy:BC Nokia; 182785:Tomas Zdanavicius:Mazeikiai; 184248:Tomas Mikyska:None; 184365:Bojan Tomasevic:FMP Belgrade; 186389:Wojciech Tomaszewski:Legia Warszawa; 186497:Tomas Pacesas:None; 188121:Tomáš Bohuslav:Usti nad Labem; 193820:Tomas Mrvis:Spisski Rytieri; 193854:Tomaš Sekereš:MBK Lucenec; 196405:Tomas Valentiny:None; 200389:Tomas Charbonnier:Cordon; 223327:Tomas Cavallero:Atenas; 223596:Tomas Bjarkason:Hamburg Towers; 225275:Tomas Abdala:Union Atletica; 245943:Tomas Talcis:None
PLJB,"TOMAS, PERE",Pere Tomas,exact,83597,Pere Tomas,CB Granada,Forward,Small Forward,SF,"6' 8""",83597:Pere Tomas:CB Granada
P002507,"TOMIC, ANTE",Ante Tomic,exact,53121,Ante Tomic,Joventut de Badalona,Center,Center,C,"7' 2""",53121:Ante Tomic:Joventut de Badalona
PCCI,"TONOLLI, ALESSANDRO",Alessandro Tonolli,not_found,,,,,,,,
P006509,"TONUT, STEFANO",Stefano Tonut,exact,71232,Stefano Tonut,Olimpia Milano,Guard,Shooting Guard,SG,"6' 4""",71232:Stefano Tonut:Olimpia Milano
P002893,"TOOLSON, RYAN",Ryan Toolson,exact,71065,Ryan Toolson,,Guard,Shooting Guard,SG,"6' 4""",71065:Ryan Toolson:None
PBGD,"TOPALOGLU, CANER",Caner Topaloglu,not_found,,,,,,,,
P010985,"TOPIC, NIKOLA",Nikola Topic,exact,110390,Nikola Topic,Oklahoma City Thunder,Guard,Point Guard,PG,"6' 5""",110390:Nikola Topic:Oklahoma City Thunder
PKVM,"TOPOROV, SERGEY",Sergey Toporov,exact,147085,Sergey Toporov,,Forward,Small Forward,SF,"6' 5""",147085:Sergey Toporov:None
P011238,"TOPTUNOV, ANDREI",Andrei Toptunov,exact,105382,Andrei Toptunov,,Guard,Point Guard,PG,"5' 10""",105382:Andrei Toptunov:None
P006277,"TOTE, LEONARDO",Leonardo Tote,exact,83829,Leonardo Tote,Napoli Basket,Center,Center,C,"6' 11""",83829:Leonardo Tote:Napoli Basket
P002582,"TOUPANE, AXEL",Axel Toupane,exact,53271,Axel Toupane,FC Porto,Forward,Small Forward,SF,"6' 7""",53271:Axel Toupane:FC Porto
P012739,"TOURE, BOUBACAR",Boubacar Toure,exact,121759,Boubacar Toure,,Center,Center,C,"6' 11""",121759:Boubacar Toure:None
PBAP,"TOURE, HERVE",Herve Toure,ambiguous,,,,,,,,121759:Boubacar Toure:None; 89885:Sekou Toure:None; 203506:Mamignan Touré:None; 226408:Killyan Toure:Iowa State; 228320:Papis Toure:Maxima Roma
P005018,"TOURE, MOHAMED",Mohamed Toure,ambiguous,,,,,,,,121759:Boubacar Toure:None; 89885:Sekou Toure:None; 203506:Mamignan Touré:None; 226408:Killyan Toure:Iowa State; 228320:Papis Toure:Maxima Roma
PBBE,"TRAORE, ALI",Ali Traore,exact,72376,Ali Traoré,,Center,Center,C,"6' 10""",72376:Ali Traoré:None
P010319,"TRAORE, ARMEL",Armel Traore,exact,104439,Armel Traore,ASVEL Villeurbanne,Forward,Small Forward,SF,"6' 9""",104439:Armel Traore:ASVEL Villeurbanne
P004840,"TRAVIS, ROMEO",Romeo Travis,exact,87680,Romeo Travis,,Forward,,,"6' 7""",87680:Romeo Travis:None
PJJF,"TRIAS, JORDI",Jordi Trias,not_found,,,,,,,,
P007673,"TRIFUNOVIC, UROS",Uros Trifunovic,exact,72131,Uros Trifunovic,Turk Telekom,Guard,Shooting Guard,SG,"6' 6""",72131:Uros Trifunovic:Turk Telekom
PBFB,"TRIPKOVIC, UROS",Uros Tripkovic,not_found,,,,,,,,
PJYF,"TROHA, ROBERT",Robert Troha,not_found,,,,,,,,
P000227,"TROUTMAN, CHEVON",Chevon Troutman,not_found,,,,,,,,
P007851,"TRUSHKIN, VLADISLAV",Vladislav Trushkin,exact,70967,Vladislav Trushkin,MBA Moscow,Forward,Power Forward,PF,"6' 7""",70967:Vladislav Trushkin:MBA Moscow
PTEN,"TSAIRELIS, MICHALIS",Michalis Tsairelis,exact,121940,Michalis Tsairelis,Aris Bsa,Forward,Power Forward,PF,"6' 10""",121940:Michalis Tsairelis:Aris Bsa
PTFW,"TSAKALIDIS, JAKE",Jake Tsakalidis,not_found,,,,,,,,
PLGM,"TSALDARIS, DIMITRIOS",Dimitrios Tsaldaris,not_found,,,,,,,,
P010057,"TSAMIS, PANAGIOTIS",Panagiotis Tsamis,exact,125891,Panagiotis Tsamis,Mykonos,Center,Center,C,"6' 8""",125891:Panagiotis Tsamis:Mykonos
PACN,"TSARTSARIS, KOSTAS",Kostas Tsartsaris,not_found,,,,,,,,
P001165,"TSONGA, ENZO",Enzo Tsonga,not_found,,,,,,,,
P008192,"TUBELIS, AZUOLAS",Azuolas Tubelis,exact,73323,Azuolas Tubelis,Zalgiris Kaunas,Forward,Power Forward,PF,"6' 10""",73323:Azuolas Tubelis:Zalgiris Kaunas
P002908,"TUCKER, ANTHONY",Anthony Tucker,ambiguous,,,,,,,,53593:P.J. Tucker:None; 72997:Rayjon Tucker:Zhejiang Lions; 104349:Dar Tucker:None; 149777:Dakarai Tucker:Baskets Oldenburg; 89303:Tucker Richardson:None; 89491:Dearon Tucker:Oregon State; 128032:Tucker DeVries:Indiana; 108824:Elijah Tucker:Longwood; 142677:Jordan Tucker:ASP Promitheas Patras; 200034:Tucker Mills:Omaha; 189288:Bryson Tucker:Washington; 192260:Tucker Anderson:Utah State; 202063:Tyson Tucker:Bakken Bears; 237622:Tucker Tornatta:Bellarmine
P000749,"TUCKER, CLAY",Clay Tucker,ambiguous,,,,,,,,53593:P.J. Tucker:None; 72997:Rayjon Tucker:Zhejiang Lions; 104349:Dar Tucker:None; 149777:Dakarai Tucker:Baskets Oldenburg; 89303:Tucker Richardson:None; 89491:Dearon Tucker:Oregon State; 128032:Tucker DeVries:Indiana; 108824:Elijah Tucker:Longwood; 142677:Jordan Tucker:ASP Promitheas Patras; 200034:Tucker Mills:Omaha; 189288:Bryson Tucker:Washington; 192260:Tucker Anderson:Utah State; 202063:Tyson Tucker:Bakken Bears; 237622:Tucker Tornatta:Bellarmine
P012591,"TUCKER, RAYJON",Rayjon Tucker,exact,72997,Rayjon Tucker,Zhejiang Lions,Guard,Shooting Guard,SG,"6' 3""",72997:Rayjon Tucker:Zhejiang Lions
P007051,"TUKMAKOV, AZAT",Azat Tukmakov,not_found,,,,,,,,
P012415,"TUNCA, MELIH",Melih Tunca,exact,143113,Melih Tunca,,Guard,Point Guard,PG,"6' 5""",143113:Melih Tunca:None
P002925,"TUNCER, BUGRAHAN",Bugrahan Tuncer,exact,64388,Bugrahan Tuncer,Galatasaray,Guard,Point Guard,PG,"6' 4""",64388:Bugrahan Tuncer:Galatasaray
PARR,"TUNCERI, KEREM",Kerem Tunceri,not_found,,,,,,,,
P006641,"TUREN, METIN",Metin Turen,exact,72361,Metin Turen,Demir Insaat Buyukcekmece,Forward,Small Forward,SF,"6' 10""",72361:Metin Turen:Demir Insaat Buyukcekmece
PAYR,"TURKCAN, MIRSAD",Mirsad Turkcan,not_found,,,,,,,,
P002728,"TURKYILMAZ, IZZET",Izzet Turkyilmaz,not_found,,,,,,,,
PAVJ,"TUSEK, MARKO",Marko Tusek,not_found,,,,,,,,
P004119,"TYUS-CECCHINI, ALEXANDER",Alexander Tyus-Cecchini,not_found,,,,,,,,
P010062,"UBAL, AGUSTIN",Agustin Ubal,exact,105007,Agustin Ubal,Barcelona,Guard,Point Guard,PG,"6' 6""",105007:Agustin Ubal:Barcelona
P006503,"UDOH, EKPE",Ekpe Udoh,exact,53572,Ekpe Udoh,,Center,Center,C,"6' 10""",53572:Ekpe Udoh:None
P001479,"UDOM, MATTIA",Mattia Udom,exact,87305,Mattia Udom,BC Roma SPQR,Guard,Shooting Guard,SG,"6' 7""",87305:Mattia Udom:BC Roma SPQR
PAGP,"UDRIH, BENO",Beno Udrih,not_found,,,,,,,,
PBDF,"UDRIH, SAMO",Samo Udrih,not_found,,,,,,,,
P003783,"UGURLU, BERK",Berk Ugurlu,exact,71355,Berk Ugurlu,Besiktas,Guard,Shooting Guard,SG,"6' 3""",71355:Berk Ugurlu:Besiktas
P008995,"UKHOV, IVAN",Ivan Ukhov,exact,64372,Ivan Ukhov,CSKA Moscow,Guard,Point Guard,PG,"6' 4""",64372:Ivan Ukhov:CSKA Moscow
PCJA,"UKIC, ROKO-LENI",Roko-Leni Ukic,exact,81651,Roko Ukić,,Guard,Point Guard,PG,"6' 5""",81651:Roko Ukić:None
P002329,"ULANOVAS, EDGARAS",Edgaras Ulanovas,exact,53281,Edgaras Ulanovas,Zalgiris Kaunas,Forward,Small Forward,SF,"6' 6""",53281:Edgaras Ulanovas:Zalgiris Kaunas
P006900,"ULECKAS, LUKAS",Lukas Uleckas,not_found,,,,,,,,
P005000,"ULUBAY, OKBEN",Okben Ulubay,exact,142592,Okben Ulubay,Trabzonspor Medical Park,Forward,Small Forward,SF,"6' 7""",142592:Okben Ulubay:Trabzonspor Medical Park
P007491,"UMRIKHIN, YURY",Yury Umrikhin,exact,147026,Yury Umrikhin,,Guard,Point Guard,PG,"6' 3""",147026:Yury Umrikhin:None
P005814,"URAL, GOKTURK",Gokturk Ural,exact,202051,Urald King,TBB Trier,Forward,Power Forward,PF,"6' 6""",202051:Urald King:TBB Trier
P001997,"URIARTE, JON IRKUS",Jon Irkus Uriarte,not_found,,,,,,,,
P002938,"URTASUN, TXEMI",Txemi Urtasun,ambiguous,,,,,,,,125712:Txemi Urtasun:None; 139448:Txemi Urtasun:None
P006985,"USKOKOVIC, ALEKSA",Aleksa Uskokovic,exact,84895,Aleksa Uskokovic,,Guard,Point Guard,PG,,84895:Aleksa Uskokovic:None
P005367,"UTA, RARES",Rares Uta,exact,227903,Rares Uta,Rm Valcea,Center,Center,C,"6' 11""",227903:Rares Uta:Rm Valcea
P007338,"UZINSKII, DMITRII",Dmitrii Uzinskii,exact,147043,Dimitri Uzinskiy,Zenit,Forward,Power Forward,PF,"6' 7""",147043:Dimitri Uzinskiy:Zenit
P000898,"VALANCIUNAS, JONAS",Jonas Valanciunas,exact,53757,Jonas Valanciunas,Zalgiris Kaunas,Center,Center,C,"6' 11""",53757:Jonas Valanciunas:Zalgiris Kaunas
P000274,"VALERIANI, ALESSIO",Alessio Valeriani,not_found,,,,,,,,
P001954,"VALIEV, EVGENY",Evgeny Valiev,exact,69923,Evgeny Valiev,,Forward,Power Forward,PF,"6' 9""",69923:Evgeny Valiev:None
P004664,"VALINSKAS, PAULIUS",Paulius Valinskas,exact,53282,Paulius Valinskas,Juventus,Guard,Point Guard,PG,"6' 3""",53282:Paulius Valinskas:Juventus
PLOZ,"VALTERS, KRISTAPS",Kristaps Valters,not_found,,,,,,,,
PASG,"VAN DEN SPIEGEL, TOMAS",Tomas Van Den Spiegel,not_found,,,,,,,,
P001971,"VAN OOSTRUM, DEVON",Devon Van Oostrum,exact,117993,Devon Van Oostrum,,Guard,,,"6' 3""",117993:Devon Van Oostrum:None
PLRQ,"VAN ROSSOM, SAM",Sam Van Rossom,exact,53137,Sam Van Rossom,,Guard,Point Guard,PG,"6' 2""",53137:Sam Van Rossom:None
PCKZ,"VANUZZO, MANUEL",Manuel Vanuzzo,not_found,,,,,,,,
PBTS,"VARDA, RATKO",Ratko Varda,not_found,,,,,,,,
P004845,"VARGAS, AKEEM",Akeem Vargas,exact,145218,Akeem Vargas,Mitteldeutscher,Guard,Point Guard,PG,"6' 4""",145218:Akeem Vargas:Mitteldeutscher
P003496,"VARNADO, JARVIS",Jarvis Varnado,exact,142473,Jordon Varnado,Bnei Hertzliya,Forward,Small Forward,SF,"6' 6""",142473:Jordon Varnado:Bnei Hertzliya
PALG,"VASILIADIS, KOSTAS",Kostas Vasiliadis,not_found,,,,,,,,
PLCR,"VASILIAUSKAS, SARUNAS",Sarunas Vasiliauskas,exact,72717,Sarunas Vasiliauskas,Gaziantep Basketbol,Guard,Point Guard,PG,"6' 2""",72717:Sarunas Vasiliauskas:Gaziantep Basketbol
PJRF,"VASILOPOULOS, PANAGIOTIS",Panagiotis Vasilopoulos,exact,69969,Panagiotis Vasilopoulos,,Forward,Small Forward,SF,"6' 8""",69969:Panagiotis Vasilopoulos:None
P008198,"VASTURIA, STEVE",Steve Vasturia,exact,72514,Steve Vasturia,,Guard,Shooting Guard,SG,"6' 6""",72514:Steve Vasturia:None
P000553,"VASYLIUS, VALDAS",Valdas Vasylius,not_found,,,,,,,,
PLHG,"VATY, LUDOVIC",Ludovic Vaty,not_found,,,,,,,,
P014014,"VAUTIER, BASTIEN",Bastien Vautier,exact,142623,Bastien Vautier,Bilbao Basket,Forward,Power Forward,PF,"6' 11""",142623:Bastien Vautier:Bilbao Basket
PAXC,"VAZQUEZ, FRAN",Fran Vazquez,exact,67490,Fran Vázquez,,Forward,Power Forward,PF,"6' 10""",67490:Fran Vázquez:None
PBJB,"VEBOBE, LUC-ARTHUR",Luc-Arthur Vebobe,not_found,,,,,,,,
P002431,"VECVAGARS, KASPARS",Kaspars Vecvagars,exact,139442,Kaspars Vecvagars,,Guard,Point Guard,PG,"6' 3""",139442:Kaspars Vecvagars:None
PJNN,"VELICKOVIC, NOVICA",Novica Velickovic,exact,71197,Novica Velickovic,,Forward,Power Forward,PF,"6' 9""",71197:Novica Velickovic:None
PLXL,"VENE, SIIM-SANDER",Siim-Sander Vene,exact,64446,Siim-Sander Vene,Siauliai,Forward,Power Forward,PF,"6' 8""",64446:Siim-Sander Vene:Siauliai
P007524,"VENSKUS, ERIKAS",Erikas Venskus,exact,64445,Erikas Venskus,Juventus,Forward,Small Forward,SF,"6' 9""",64445:Erikas Venskus:Juventus
PLLM,"VEREMEENKO, VLADIMIR",Vladimir Veremeenko,exact,83961,Vladimir Veremeenko,,Forward,,,,83961:Vladimir Veremeenko:None
PLRE,"VERGINIS, DIMITRIOS",Dimitrios Verginis,not_found,,,,,,,,
P000925,"VESELY, JAN",Jan Vesely,exact,53207,Jan Vesely,,Center,Center,C,"7' 0""",53207:Jan Vesely:None
P003469,"VEZENKOV, SASHA",Sasha Vezenkov,exact,53123,Aleksandar Vezenkov,Olympiacos,Forward,Power Forward,PF,"6' 9""",53123:Aleksandar Vezenkov:Olympiacos
PAJK,"VIDAL, SERGI",Sergi Vidal,exact,71057,Sergi Vidal,,Guard,Shooting Guard,SG,"6' 6""",71057:Sergi Vidal:None
PCIW,"VIDENOV, FILIP",Filip Videnov,not_found,,,,,,,,
PTFI,"VIDMAR, GASPER",Gasper Vidmar,exact,71228,Gasper Vidmar,,Center,Center,C,"6' 11""",71228:Gasper Vidmar:None
P001895,"VIGGIANO, JEFFREY",Jeffrey Viggiano,not_found,,,,,,,,
P005837,"VIKTOROV, IVAN",Ivan Viktorov,exact,147027,Ivan Viktorov,,Forward,Small Forward,SF,"6' 4""",147027:Ivan Viktorov:None
P007947,"VILDOZA, LUCA",Luca Vildoza,exact,53298,Luca Vildoza,Virtus Bologna,Guard,Point Guard,PG,"6' 3""",53298:Luca Vildoza:Virtus Bologna
P010035,"VILLAR, RAFA",Rafa Villar,exact,105182,Rafa Villar,Baxi Manresa,Guard,Point Guard,PG,"6' 2""",105182:Rafa Villar:Baxi Manresa
P012317,"VILLAR, RAUL",Raul Villar,exact,193037,Raul Villar,,Guard,Point Guard,PG,"6' 3""",193037:Raul Villar:None
P006273,"VISCONTI, RICCARDO",Riccardo Visconti,exact,142579,Riccardo Visconti,Dinamo Sassari,Guard,Shooting Guard,SG,"6' 6""",142579:Riccardo Visconti:Dinamo Sassari
PBHF,"VITALI, LUCA",Luca Vitali,exact,69926,Luca Vitali,,Guard,Shooting Guard,SG,"6' 7""",69926:Luca Vitali:None
PBXO,"VITKOVAC, CEDOMIR",Cedomir Vitkovac,not_found,,,,,,,,
P002361,"VIVES, GUILLEM",Guillem Vives,exact,53130,Guillem Vives,Joventut de Badalona,Guard,Point Guard,PG,"6' 4""",53130:Guillem Vives:Joventut de Badalona
P014209,"VOGOGNA, JACOPO",Jacopo Vogogna,exact,229140,Jacopo Vogogna,,Guard,Point Guard,PG,"6' 3""",229140:Jacopo Vogogna:None
P007201,"VOIGTMANN, JOHANNES",Johannes Voigtmann,exact,53888,Johannes Voigtmann,Bayern Munich,Center,Center,C,"6' 11""",53888:Johannes Voigtmann:Bayern Munich
P012126,"VOLF, IVAN",Ivan Volf,exact,192774,Ivan Volf,,Forward,Small Forward,SF,"6' 6""",192774:Ivan Volf:None
P010628,"VOLKHIN, IGOR",Igor Volkhin,exact,81888,Igor Volkhin,Zenit,Forward,Power Forward,PF,"6' 6""",81888:Igor Volkhin:Zenit
P001389,"VORONOV, EVGENY",Evgeny Voronov,exact,70968,Evgeny Voronov,MBA Moscow,Guard,Shooting Guard,SG,"6' 4""",70968:Evgeny Voronov:MBA Moscow
PLHI,"VORONTSEVICH, ANDREY",Andrey Vorontsevich,exact,53251,Andrey Vorontsevich,Zenit,Forward,Power Forward,PF,"6' 9""",53251:Andrey Vorontsevich:Zenit
PTFX,"VOUGIOUKAS, IAN",Ian Vougioukas,exact,53218,Ian Vougioukas,,Center,Center,C,"6' 11""",53218:Ian Vougioukas:None
P002841,"VRAGOVIC, KARLO",Karlo Vragovic,exact,188013,Karlo Vragović,KK Dubrava,Guard,Shooting Guard,SG,"6' 3""",188013:Karlo Vragović:KK Dubrava
PBGJ,"VRANES, SLAVKO",Slavko Vranes,exact,157750,Ivan Vranes,Juventus,Center,Center,C,"6' 9""",157750:Ivan Vranes:Juventus
PLGK,"VRBANC, GORAN",Goran Vrbanc,not_found,,,,,,,,
P002869,"VRKIC, ZORAN",Zoran Vrkic,not_found,,,,,,,,
PLOK,"VROMAN, JACKSON",Jackson Vroman,not_found,,,,,,,,
P010988,"VUDRAGOVIC, LUKA",Luka Vudragovic,exact,110165,Luka Vudragovic,,Guard,Point Guard,PG,"6' 4""",110165:Luka Vudragovic:None
PBRB,"VUJACIC, SASHA",Sasha Vujacic,not_found,,,,,,,,
PAUP,"VUJANIC, MILOS",Milos Vujanic,not_found,,,,,,,,
PAPB,"VUJCIC, NIKOLA",Nikola Vujcic,exact,204139,Marin Vujcic,Kvarner,Guard,Shooting Guard,SG,"6' 3""",204139:Marin Vujcic:Kvarner
P010782,"VUJICIC, MILUTIN",Milutin Vujicic,not_found,,,,,,,,
PAUT,"VUKCEVIC, DUSAN",Dusan Vukcevic,not_found,,,,,,,,
P009212,"VUKCEVIC, TRISTAN",Tristan Vukcevic,not_found,,,,,,,,
PTFD,"VUKUSIC, VEDRAN",Vedran Vukusic,not_found,,,,,,,,
PBGV,"VYALTSEV, EGOR",Egor Vyaltsev,exact,53266,Egor Vyaltsev,BC Khimki,Guard,Shooting Guard,SG,"6' 4""",53266:Egor Vyaltsev:BC Khimki
PLDX,"WACZYNSKI, ADAM",Adam Waczynski,ambiguous,,,,,,,,53143:Adam Waczynski:None; 69933:Adam Waczynski:None
P013016,"WADE, MARVYN",Marvyn Wade,exact,223563,Marvyn Wade,ASVEL Villeurbanne,Guard,Point Guard,PG,"6' 2""",223563:Marvyn Wade:ASVEL Villeurbanne
P001924,"WAFER, VON",Von Wafer,not_found,,,,,,,,
PTGA,"WAGNER, DAJUAN",Dajuan Wagner,exact,146408,D.J. Wagner,Maryland,Guard,,,"6' 4""",146408:D.J. Wagner:Maryland
P005758,"WAGNER, MORITZ",Moritz Wagner,exact,64170,Moritz Wagner,Brooklyn Nets,Forward,Power Forward,PF,"6' 11""",64170:Moritz Wagner:Brooklyn Nets
P013284,"WAINRIGHT, ISH",Ish Wainright,exact,83903,Ishmail Wainright,Hapoel Tel Aviv,Forward,Power Forward,PF,"6' 5""",83903:Ishmail Wainright:Hapoel Tel Aviv
P009866,"WALDEN, TORRIAN",Torrian Walden,exact,64741,Corey Walden,ICG Forca Lleida,Guard,Point Guard,PG,"6' 2""",64741:Corey Walden:ICG Forca Lleida
P005288,"WALKER, ERVING",Erving Walker,ambiguous,,,,,,,,53483:Kemba Walker:None; 64223:Lonnie Walker IV:Denver Nuggets; 89537:Walker Kessler:Los Angeles Lakers; 122945:Jarace Walker:Indiana Pacers; 89761:Jabari Walker:Philadelphia 76ers; 109455:Jordan Walker:Maroussi Honda; 95190:Shatori Walker-Kimbrough:Atlanta Dream; 109137:Tyson Walker:Melbourne United; 95432:Jasmine Walker:None; 70851:David Walker:None; 89514:Rondel Walker:None; 147875:Bryce Walker:None; 104214:Jordan Walker:Breogán; 193834:Dibaji Walker:Spisski Rytieri; 89486:Corey Walker Jr.:None; 95014:Megan Walker:None; 89161:John Walker III:Texas Southern; 89544:Walker Miller:Monmouth; 89787:M.J. Walker:None; 108555:Ramon Walker Jr.:Houston; 109130:Jaden Walker:None; 109359:Anthony Walker:None; 109555:Jamaal Walker:Chattanooga; 109935:Zach Walker:None; 142537:Caleb Walker:None; 148918:C.J. Walker:None; 149546:Mo Walker:Leicester Riders; 160703:Kyree Walker:Scarborough Shooting Stars; 160747:David Walker:Brampton Honey Badgers; 178853:Anthony Walker:None; 178912:Jojo Walker:Santos De San Luis; 200563:Jasteven Walker:Alabama State; 89386:CJ Walker:None; 122953:Walker Horn:Kentucky; 155678:Brandon Walker:Montana State; 226451:Simon Walker:Auburn; 236864:Sakima Walker:None
P006667,"WALKER, HENRY",Henry Walker,ambiguous,,,,,,,,53483:Kemba Walker:None; 64223:Lonnie Walker IV:Denver Nuggets; 89537:Walker Kessler:Los Angeles Lakers; 122945:Jarace Walker:Indiana Pacers; 89761:Jabari Walker:Philadelphia 76ers; 109455:Jordan Walker:Maroussi Honda; 95190:Shatori Walker-Kimbrough:Atlanta Dream; 109137:Tyson Walker:Melbourne United; 95432:Jasmine Walker:None; 70851:David Walker:None; 89514:Rondel Walker:None; 147875:Bryce Walker:None; 104214:Jordan Walker:Breogán; 193834:Dibaji Walker:Spisski Rytieri; 89486:Corey Walker Jr.:None; 95014:Megan Walker:None; 89161:John Walker III:Texas Southern; 89544:Walker Miller:Monmouth; 89787:M.J. Walker:None; 108555:Ramon Walker Jr.:Houston; 109130:Jaden Walker:None; 109359:Anthony Walker:None; 109555:Jamaal Walker:Chattanooga; 109935:Zach Walker:None; 142537:Caleb Walker:None; 148918:C.J. Walker:None; 149546:Mo Walker:Leicester Riders; 160703:Kyree Walker:Scarborough Shooting Stars; 160747:David Walker:Brampton Honey Badgers; 178853:Anthony Walker:None; 178912:Jojo Walker:Santos De San Luis; 200563:Jasteven Walker:Alabama State; 89386:CJ Walker:None; 122953:Walker Horn:Kentucky; 155678:Brandon Walker:Montana State; 226451:Simon Walker:Auburn; 236864:Sakima Walker:None
P013403,"WALKER IV, LONNIE",Lonnie Walker Iv,exact,64223,Lonnie Walker IV,Denver Nuggets,Guard,Shooting Guard,SG,"6' 5""",64223:Lonnie Walker IV:Denver Nuggets
P012709,"WALKER, KEMBA",Kemba Walker,exact,53483,Kemba Walker,,Guard,Point Guard,PG,"6' 0""",53483:Kemba Walker:None
P008855,"WALKUP, THOMAS",Thomas Walkup,exact,64415,Thomas Walkup,Olympiacos,Forward,Small Forward,SF,"6' 4""",64415:Thomas Walkup:Olympiacos
P001326,"WALLACE, C.J.",C.J. Wallace,ambiguous,,,,,,,,64167:Tyrone Wallace:None; 122951:Cason Wallace:Oklahoma City Thunder; 127298:Keaton Wallace:Maccabi Tel Aviv; 111259:Kristy Wallace:None; 185928:Devante Wallace:Gambusinos De Fresnillo; 232147:Courtney Wallace:Yale
P001237,"WALLACE, JONATHAN",Jonathan Wallace,ambiguous,,,,,,,,64167:Tyrone Wallace:None; 122951:Cason Wallace:Oklahoma City Thunder; 127298:Keaton Wallace:Maccabi Tel Aviv; 111259:Kristy Wallace:None; 185928:Devante Wallace:Gambusinos De Fresnillo; 232147:Courtney Wallace:Yale
P011925,"WALLACE, TYRONE",Tyrone Wallace,exact,64167,Tyrone Wallace,,Guard,Shooting Guard,SG,"6' 5""",64167:Tyrone Wallace:None
P001446,"WALSH, MATT",Matt Walsh,ambiguous,,,,,,,,123122:Jordan Walsh:Boston Celtics; 149506:Evan Walshe:Manchester Giants
P009022,"WALTON JR, DERRICK",Derrick Walton Jr,exact,64435,Derrick Walton Jr.,,Guard,Point Guard,PG,"6' 1""",64435:Derrick Walton Jr.:None
P005838,"WANAMAKER, BRADLEY",Bradley Wanamaker,exact,53209,Brad Wanamaker,,Guard,Point Guard,PG,"6' 3""",53209:Brad Wanamaker:None
P012610,"WARD, TYSON",Tyson Ward,exact,121392,Tyson Ward,Olympiacos,Guard,Shooting Guard,SG,"6' 6""",121392:Tyson Ward:Olympiacos
PLCC,"WARREN, CHRIS",Chris Warren,exact,81649,Chris Warren,Cagdas Bodrum Spor,Guard,Point Guard,PG,"5' 10""",81649:Chris Warren:Cagdas Bodrum Spor
P007020,"WARRICK, HAKIM",Hakim Warrick,exact,128400,Marques Warrick,,Guard,,,"6' 2""",128400:Marques Warrick:None
P013370,"WASHINGTON, DUANE",Duane Washington,exact,89376,Duane Washington Jr.,Bayern Munich,Guard,Point Guard,PG,"6' 2""",89376:Duane Washington Jr.:Bayern Munich
PLSZ,"WASHINGTON JR, DARIUS MYRON",Darius Myron Washington Jr,not_found,,,,,,,,
P004223,"WATERS, DOMINIC",Dominic Waters,exact,71155,Dominic Waters,,Guard,Point Guard,PG,"6' 1""",71155:Dominic Waters:None
P014013,"WATSON, GLYNN",Glynn Watson,exact,142236,Glynn Watson,Reyer Venezia,Guard,Point Guard,PG,"6' 0""",142236:Glynn Watson:Reyer Venezia
PKNZ,"WATSON, TRAVIS",Travis Watson,ambiguous,,,,,,,,108685:Peyton Watson:Cleveland Cavaliers; 90077:Anton Watson:None; 73091:Paul Watson:None; 104043:Ibi Watson:Ottawa Blackjacks; 182617:Ibrahim Watson-Boye:Brose Bamberg; 108842:Nate Watson:Panionios Idrogios; 142236:Glynn Watson:Reyer Venezia; 105304:Maurice Watson:Kk Krosno; 123420:Christian Watson:Southern Miss; 73979:Paul Watson:None; 90036:Torrence Watson:None; 109269:Des Watson:Loyola Chicago; 148904:Akil Watson:Massachusetts; 157741:Jordan Watson:None; 219652:David Watson:None; 109530:Zac Watson:None; 124403:Demarion Watson:None; 188118:Jelani Watson-Gayle:Bristol Flyers; 193350:Earl Watson:Trouville; 237353:Desmond Watson:Skyliners Frankfurt
P011971,"WEBB III, JAMES",James Webb Iii,exact,87965,James Webb,Unicaja Málaga,Forward,Power Forward,PF,"6' 9""",87965:James Webb:Unicaja Málaga
P009449,"WEBER, BRIANTE",Briante Weber,exact,122740,Briante Weber,Treviso Basket,Guard,Shooting Guard,SG,"6' 2""",122740:Briante Weber:Treviso Basket
P008961,"WEBSTER, TAI",Tai Webster,exact,71398,Tai Webster,New Zealand Breakers,Guard,Point Guard,PG,"6' 4""",71398:Tai Webster:New Zealand Breakers
P006592,"WEEMS, KYLE",Kyle Weems,exact,71395,Kyle Weems,,Forward,Small Forward,SF,"6' 6""",71395:Kyle Weems:None
P003443,"WEEMS, SONNY",Sonny Weems,exact,149681,Sonny Weems,Shenzhen Leopards,Guard,Power Forward,PF,"6' 6""",149681:Sonny Weems:Shenzhen Leopards
P006245,"WEIDEMANN, NELSON",Nelson Weidemann,exact,64434,Nelson Weidemann,Ratiopharm Ulm,Guard,Point Guard,PG,"6' 3""",64434:Nelson Weidemann:Ratiopharm Ulm
P010391,"WEILER-BABB, NICK",Nick Weiler-Babb,exact,81571,Nick Weiler-Babb,ASVEL Villeurbanne,Guard,Shooting Guard,SG,"6' 5""",81571:Nick Weiler-Babb:ASVEL Villeurbanne
PAGQ,"WELSCH, JIRI",Jiri Welsch,not_found,,,,,,,,
P009553,"WEMBANYAMA, VICTOR",Victor Wembanyama,exact,85798,Victor Wembanyama,San Antonio Spurs,Center,Center,C,"7' 5""",85798:Victor Wembanyama:San Antonio Spurs
P002543,"WESTERMANN, LEO",Leo Westermann,exact,53249,Leo Westermann,Crailsheim  Merlins,Forward,Small Forward,SF,"6' 6""",53249:Leo Westermann:Crailsheim  Merlins
P011934,"WETZELL, YANNI",Yanni Wetzell,exact,112997,Yanni Wetzell,,Forward,Center,C,"6' 10""",112997:Yanni Wetzell:None
P006505,"WHITE, AARON",Aaron White,exact,53279,Aaron White,,Forward,Power Forward,PF,"6' 9""",53279:Aaron White:None
P005935,"WHITE, D.J.",D.J. White,ambiguous,,,,,,,,53525:Hassan Whiteside:Shanghai Sharks; 71324:Coby White:Charlotte Hornets; 53552:Derrick White:Boston Celtics; 123116:Dariq Whitehead:Memphis Grizzlies; 120858:Jack White:Mersin Buyuksehir; 134844:Stephanie White:Indiana Fever; 53279:Aaron White:None; 102627:Romello White:None; 71140:Jeff Whitey:None; 73721:Isaiah Whitehead:Ironi Ness Ziona; 89568:Fabian White Jr.:Galatasaray; 150205:Tyrone White:Panteras De Aguascalientes; 145627:Isaac White:ADELAIDE 36ers; 155947:James White:UAB; 190410:Kobe McDowell White:Illawarra Hawks; 90055:Drayton Whiteside:None; 145574:William McDowell-White:JL Bourg; 194800:Maliek White:Pardubice; 90002:Jalen White:Nicholls; 128118:Chancellor White:Louisiana; 147258:Brandon White:Western Carolina; 149567:Will White:Plymouth City Patriots; 189916:Colin White:Ohio State; 194005:Miles White:Lipscomb; 71361:DJ White:None; 90113:Isaiah White:None; 109146:Jason Whitens:None; 109785:Ethan White:None; 149394:Skyler White:Cheshire Phoenix; 128791:Tre White:Kansas; 146053:Harvey White:None; 196341:Jacari White:Virginia; 200037:JJ White:Baylor; 230885:Billy White III:SMU; 236532:Jahlil White:Long Island Nets; 237422:Lani White:None
PTHC,"WHITE, JAMES",James White,exact,155947,James White,UAB,Forward,,,"6' 5""",155947:James White:UAB
P006336,"WHITE, OKARO",Okaro White,ambiguous,,,,,,,,53525:Hassan Whiteside:Shanghai Sharks; 71324:Coby White:Charlotte Hornets; 53552:Derrick White:Boston Celtics; 123116:Dariq Whitehead:Memphis Grizzlies; 120858:Jack White:Mersin Buyuksehir; 134844:Stephanie White:Indiana Fever; 53279:Aaron White:None; 102627:Romello White:None; 71140:Jeff Whitey:None; 73721:Isaiah Whitehead:Ironi Ness Ziona; 89568:Fabian White Jr.:Galatasaray; 150205:Tyrone White:Panteras De Aguascalientes; 145627:Isaac White:ADELAIDE 36ers; 155947:James White:UAB; 190410:Kobe McDowell White:Illawarra Hawks; 90055:Drayton Whiteside:None; 145574:William McDowell-White:JL Bourg; 194800:Maliek White:Pardubice; 90002:Jalen White:Nicholls; 128118:Chancellor White:Louisiana; 147258:Brandon White:Western Carolina; 149567:Will White:Plymouth City Patriots; 189916:Colin White:Ohio State; 194005:Miles White:Lipscomb; 71361:DJ White:None; 90113:Isaiah White:None; 109146:Jason Whitens:None; 109785:Ethan White:None; 149394:Skyler White:Cheshire Phoenix; 128791:Tre White:Kansas; 146053:Harvey White:None; 196341:Jacari White:Virginia; 200037:JJ White:Baylor; 230885:Billy White III:SMU; 236532:Jahlil White:Long Island Nets; 237422:Lani White:None
P001194,"WHITE, RODNEY",Rodney White,ambiguous,,,,,,,,53525:Hassan Whiteside:Shanghai Sharks; 71324:Coby White:Charlotte Hornets; 53552:Derrick White:Boston Celtics; 123116:Dariq Whitehead:Memphis Grizzlies; 120858:Jack White:Mersin Buyuksehir; 134844:Stephanie White:Indiana Fever; 53279:Aaron White:None; 102627:Romello White:None; 71140:Jeff Whitey:None; 73721:Isaiah Whitehead:Ironi Ness Ziona; 89568:Fabian White Jr.:Galatasaray; 150205:Tyrone White:Panteras De Aguascalientes; 145627:Isaac White:ADELAIDE 36ers; 155947:James White:UAB; 190410:Kobe McDowell White:Illawarra Hawks; 90055:Drayton Whiteside:None; 145574:William McDowell-White:JL Bourg; 194800:Maliek White:Pardubice; 90002:Jalen White:Nicholls; 128118:Chancellor White:Louisiana; 147258:Brandon White:Western Carolina; 149567:Will White:Plymouth City Patriots; 189916:Colin White:Ohio State; 194005:Miles White:Lipscomb; 71361:DJ White:None; 90113:Isaiah White:None; 109146:Jason Whitens:None; 109785:Ethan White:None; 149394:Skyler White:Cheshire Phoenix; 128791:Tre White:Kansas; 146053:Harvey White:None; 196341:Jacari White:Virginia; 200037:JJ White:Baylor; 230885:Billy White III:SMU; 236532:Jahlil White:Long Island Nets; 237422:Lani White:None
P006661,"WILBEKIN, SCOTTIE",Scottie Wilbekin,exact,64362,Scottie Wilbekin,Besiktas,Guard,Shooting Guard,SG,"6' 2""",64362:Scottie Wilbekin:Besiktas
P009472,"WILEY, JACOB",Jacob Wiley,ambiguous,,,,,,,,70922:Jacob Wiley:Santeros de Aguada; 149551:Jacob Wiley:Plymouth City Patriots
P000072,"WILKINS, JOHN-WALTER",John-Walter Wilkins,ambiguous,,,,,,,,155648:Damon Wilkinson:South Dakota State; 226125:Sebastian Wilkins:Duke; 230632:Jeremiah Wilkinson:Arkansas; 82985:Isaiah Wilkins:None; 89198:D.J. Wilkins:None; 89843:Mwani Wilkinson:None; 109527:Isaiah Wilkins:None; 226666:Zymicah Wilkins:NC State; 230638:Jake Wilkins:California; 235021:Alex Wilkins:Furman
PKWY,"WILKINSON, MIKE",Mike Wilkinson,ambiguous,,,,,,,,155648:Damon Wilkinson:South Dakota State; 230632:Jeremiah Wilkinson:Arkansas; 89843:Mwani Wilkinson:None
P002837,"WILKS, MIKE",Mike Wilks,not_found,,,,,,,,
P009006,"WILLIAMS, DERRICK",Derrick Williams,exact,64428,Derrick Williams,,Forward,Power Forward,PF,"6' 8""",64428:Derrick Williams:None
P009465,"WILLIAMS, DEVIN",Devin Williams,ambiguous,,,,,,,,71360:Devin Williams:G League United; 148006:Devin Williams:None
P007013,"WILLIAMS, ELLIOT",Elliot Williams,ambiguous,,,,,,,,71128:Zion Williamson:New Orleans Pelicans; 53689:Lou Williams:None; 71446:Grant Williams:Charlotte Hornets; 64121:Robert Williams III:Portland Trail Blazers; 64428:Derrick Williams:None; 64413:Nigel Williams-Goss:Zalgiris Kaunas; 113172:Jalen Williams:Oklahoma City Thunder; 108670:Mark Williams:Phoenix Suns; 85977:Patrick Williams:Chicago Bulls; 108806:Jaylin Williams:Oklahoma City Thunder; 100291:Ziaire Williams:Los Angeles Lakers; 111179:Gabby Williams:Golden State Valkyries; 105812:Brandon Williams:None; 94950:Courtney Williams:Minnesota Lynx; 64190:Kenrich Williams:Oklahoma City Thunder; 89135:Vince Williams Jr.:Utah Jazz; 89605:Trevion Williams:Bahçeşehir Koleji; 148401:Mikey Williams:None; 147871:Cody Williams:Minnesota Timberwolves; 86940:Monty Williams:None; 150482:Jordan Williams:Minas; 121384:Nate Williams:Golden State Warriors; 73568:JaCorey Williams:Maccabi Ironi Raanana; 89335:Amari Williams:Boston Celtics; 139645:Travante Williams:Le Mans; 94951:Elizabeth Williams:Chicago Sky; 89438:Lucas Williamson:Memphis Grizzlies; 90045:Donovan Williams:Shanghai Sharks; 89422:Austin Williams:None; 90016:Alondes Williams:Washington Wizards; 157241:Malik Williams:South Bay Lakers; 95048:Riquna Williams:None; 64171:Jonathan Williams:London Lions; 109930:Marcus Williams:None; 53903:Latavious Williams:None; 128115:Greg Williams Jr.:Louisiana; 231572:Isaac Williams:Baylor; 89515:Bryce Williams:None; 90183:Terrance Williams II:None; 95001:Kiana Williams:Toronto Tempo; 108586:Bryson Williams:Pallacanestro Reggiana; 121391:Deane Williams:London Lions; 53478:Marvin Williams:None; 72771:Andre Williamson:Keravnos; 90150:Dericko Williams:UNC Greensboro; 117939:Leon Williams:None; 117988:Kavell-Bigby-Williams:Jilin Northeast Tigers; 129182:Jeremiah Williams:Georgetown; 148753:Mike Williams III:Seton Hall; 158369:Walter Williams:USK Praha; 236817:Serah Williams:Portland Fire; 70801:Alan Williams:None; 109643:Benny Williams:None; 149984:Leon Williams:SK Knights; 71161:T.J. Williams:None; 89275:Gill Williamson:None; 89295:Jaylin Williams:Stockton Kings; 89328:Da'Monte Williams:None; 89512:Donovan Williams:None; 90072:Eric Williams Jr.:Correcaminos UAT; 91707:Kenny Williams:None; 108748:KJ Williams:Boulazac; 109236:Daivien Williamson:Bc Jonava; 109532:C.J. Williams:None; 109557:Kane Williams:Georgia State; 109741:Levar Williams:New Mexico State; 123210:C.J. Williams:Auburn; 123211:D'Maurian Williams:None; 123404:Jordan Williams:None; 125286:Williams:None; 125977:Darrion Williams:NC State; 126391:Quion Williams:None; 128367:Demari Williams:Oral Roberts; 128763:Jelani Williams:None; 137839:Macee Williams:None; 138174:Madi Williams:None; 139231:Christyn Williams:Dallas Wings; 141915:Williams Narace:Dijon; 147630:Max Williams:None; 148004:Brandon Williams:UCLA; 148644:Curtis Williams:None; 155597:Zaire Williams:Wagner; 155803:Elijah Williams:None; 155938:Tre Williams:Duquesne; 158160:Emmitt Williams:Real Estelí; 158389:Elyjah David Williams:NH Ostrava; 181961:Samuell Williamson:USC Heidelberg; 186462:Gerald Williams:Soles De Mexicali; 192279:Jordan Williams:Arizona State; 194001:Charlie Williams:Lipscomb; 194233:George Williams:Toros de Chiriqui; 194304:Makaih Williams:Grand Canyon; 194925:Jonathan Williams:Södertälje BBK; 196105:Khalil Williams:Bryant; 196111:Devean Williams:Bryant; 196119:Deaquan Williams:Komarno; 200155:Greedy Williams:UNC Wilmington; 200354:Money Williams:Montana; 200378:Cobe Williams:Brose Bamberg; 200576:Keshawn Williams:Colorado State; 202078:Zay Williams:Team Fog Næstved; 202499:Ja’Leah Williams:None; 236504:Jalen Williams:Raptors 905; 71360:Devin Williams:G League United; 108706:Justice Williams:Robert Morris; 109251:DeAndre Williams:Elizor Kiryat Ata; 121763:Cecil Williams:None; 122109:Jarvis Williams:Slask Wroclaw; 123187:Tyrone Williams:None; 125709:Xeyrius Williams:FC Porto; 128110:Alex Williams:None; 128394:Ross Williams:Hamburg Towers; 142638:Dirk Williams:None; 147728:Brice Williams:Motor City Cruise; 148006:Devin Williams:None; 183870:Tyrese Williams:None; 191450:Jayson Williams-Johnson:None; 220854:Alex Williams:Santos De San Luis; 226120:Kam Williams:Kentucky; 226197:Kobe Williamson:Tasmania Jackjumpers; 226266:Noah Williamson:Alabama; 226417:Mason Williams:Iowa State; 226450:Sebastian Williams-Adams:Auburn; 227296:Terrance Williams II:USC; 227566:Caleb Williams:Georgetown; 235176:Carlous Williams:Tennessee State; 235221:Isaiah Williams:Wright State; 235501:Lance Williams:Prairie View A&M; 235572:Martel Williams:California Baptist; 235603:Dylan Williams:Pennsylvania; 235625:Amir Williams:Hofstra; 238154:Peyton Williams:Phoenix Mercury
P001177,"WILLIAMS, ERIC",Eric Williams,exact,90072,Eric Williams Jr.,Correcaminos UAT,Forward,Center,C,"6' 6""",90072:Eric Williams Jr.:Correcaminos UAT
P007982,"WILLIAMS-GOSS, NIGEL",Nigel Williams-Goss,exact,64413,Nigel Williams-Goss,Zalgiris Kaunas,Guard,Point Guard,PG,"6' 4""",64413:Nigel Williams-Goss:Zalgiris Kaunas
P001193,"WILLIAMS, JASON",Jason Williams,ambiguous,,,,,,,,71128:Zion Williamson:New Orleans Pelicans; 53689:Lou Williams:None; 71446:Grant Williams:Charlotte Hornets; 64121:Robert Williams III:Portland Trail Blazers; 64428:Derrick Williams:None; 64413:Nigel Williams-Goss:Zalgiris Kaunas; 113172:Jalen Williams:Oklahoma City Thunder; 108670:Mark Williams:Phoenix Suns; 85977:Patrick Williams:Chicago Bulls; 108806:Jaylin Williams:Oklahoma City Thunder; 100291:Ziaire Williams:Los Angeles Lakers; 111179:Gabby Williams:Golden State Valkyries; 105812:Brandon Williams:None; 94950:Courtney Williams:Minnesota Lynx; 64190:Kenrich Williams:Oklahoma City Thunder; 89135:Vince Williams Jr.:Utah Jazz; 89605:Trevion Williams:Bahçeşehir Koleji; 148401:Mikey Williams:None; 147871:Cody Williams:Minnesota Timberwolves; 86940:Monty Williams:None; 150482:Jordan Williams:Minas; 121384:Nate Williams:Golden State Warriors; 73568:JaCorey Williams:Maccabi Ironi Raanana; 89335:Amari Williams:Boston Celtics; 139645:Travante Williams:Le Mans; 94951:Elizabeth Williams:Chicago Sky; 89438:Lucas Williamson:Memphis Grizzlies; 90045:Donovan Williams:Shanghai Sharks; 89422:Austin Williams:None; 90016:Alondes Williams:Washington Wizards; 157241:Malik Williams:South Bay Lakers; 95048:Riquna Williams:None; 64171:Jonathan Williams:London Lions; 109930:Marcus Williams:None; 53903:Latavious Williams:None; 128115:Greg Williams Jr.:Louisiana; 231572:Isaac Williams:Baylor; 89515:Bryce Williams:None; 90183:Terrance Williams II:None; 95001:Kiana Williams:Toronto Tempo; 108586:Bryson Williams:Pallacanestro Reggiana; 121391:Deane Williams:London Lions; 53478:Marvin Williams:None; 72771:Andre Williamson:Keravnos; 90150:Dericko Williams:UNC Greensboro; 117939:Leon Williams:None; 117988:Kavell-Bigby-Williams:Jilin Northeast Tigers; 129182:Jeremiah Williams:Georgetown; 148753:Mike Williams III:Seton Hall; 158369:Walter Williams:USK Praha; 236817:Serah Williams:Portland Fire; 70801:Alan Williams:None; 109643:Benny Williams:None; 149984:Leon Williams:SK Knights; 71161:T.J. Williams:None; 89275:Gill Williamson:None; 89295:Jaylin Williams:Stockton Kings; 89328:Da'Monte Williams:None; 89512:Donovan Williams:None; 90072:Eric Williams Jr.:Correcaminos UAT; 91707:Kenny Williams:None; 108748:KJ Williams:Boulazac; 109236:Daivien Williamson:Bc Jonava; 109532:C.J. Williams:None; 109557:Kane Williams:Georgia State; 109741:Levar Williams:New Mexico State; 123210:C.J. Williams:Auburn; 123211:D'Maurian Williams:None; 123404:Jordan Williams:None; 125286:Williams:None; 125977:Darrion Williams:NC State; 126391:Quion Williams:None; 128367:Demari Williams:Oral Roberts; 128763:Jelani Williams:None; 137839:Macee Williams:None; 138174:Madi Williams:None; 139231:Christyn Williams:Dallas Wings; 141915:Williams Narace:Dijon; 147630:Max Williams:None; 148004:Brandon Williams:UCLA; 148644:Curtis Williams:None; 155597:Zaire Williams:Wagner; 155803:Elijah Williams:None; 155938:Tre Williams:Duquesne; 158160:Emmitt Williams:Real Estelí; 158389:Elyjah David Williams:NH Ostrava; 181961:Samuell Williamson:USC Heidelberg; 186462:Gerald Williams:Soles De Mexicali; 192279:Jordan Williams:Arizona State; 194001:Charlie Williams:Lipscomb; 194233:George Williams:Toros de Chiriqui; 194304:Makaih Williams:Grand Canyon; 194925:Jonathan Williams:Södertälje BBK; 196105:Khalil Williams:Bryant; 196111:Devean Williams:Bryant; 196119:Deaquan Williams:Komarno; 200155:Greedy Williams:UNC Wilmington; 200354:Money Williams:Montana; 200378:Cobe Williams:Brose Bamberg; 200576:Keshawn Williams:Colorado State; 202078:Zay Williams:Team Fog Næstved; 202499:Ja’Leah Williams:None; 236504:Jalen Williams:Raptors 905; 71360:Devin Williams:G League United; 108706:Justice Williams:Robert Morris; 109251:DeAndre Williams:Elizor Kiryat Ata; 121763:Cecil Williams:None; 122109:Jarvis Williams:Slask Wroclaw; 123187:Tyrone Williams:None; 125709:Xeyrius Williams:FC Porto; 128110:Alex Williams:None; 128394:Ross Williams:Hamburg Towers; 142638:Dirk Williams:None; 147728:Brice Williams:Motor City Cruise; 148006:Devin Williams:None; 183870:Tyrese Williams:None; 191450:Jayson Williams-Johnson:None; 220854:Alex Williams:Santos De San Luis; 226120:Kam Williams:Kentucky; 226197:Kobe Williamson:Tasmania Jackjumpers; 226266:Noah Williamson:Alabama; 226417:Mason Williams:Iowa State; 226450:Sebastian Williams-Adams:Auburn; 227296:Terrance Williams II:USC; 227566:Caleb Williams:Georgetown; 235176:Carlous Williams:Tennessee State; 235221:Isaiah Williams:Wright State; 235501:Lance Williams:Prairie View A&M; 235572:Martel Williams:California Baptist; 235603:Dylan Williams:Pennsylvania; 235625:Amir Williams:Hofstra; 238154:Peyton Williams:Phoenix Mercury
P004259,"WILLIAMS, LATAVIOUS",Latavious Williams,exact,53903,Latavious Williams,,Forward,Power Forward,PF,"6' 8""",53903:Latavious Williams:None
P004212,"WILLIAMS, MARCUS",Marcus Williams,exact,109930,Marcus Williams,,Guard,Shooting Guard,SG,"6' 2""",109930:Marcus Williams:None
P003394,"WILLIAMS, REGGIE",Reggie Williams,ambiguous,,,,,,,,71128:Zion Williamson:New Orleans Pelicans; 53689:Lou Williams:None; 71446:Grant Williams:Charlotte Hornets; 64121:Robert Williams III:Portland Trail Blazers; 64428:Derrick Williams:None; 64413:Nigel Williams-Goss:Zalgiris Kaunas; 113172:Jalen Williams:Oklahoma City Thunder; 108670:Mark Williams:Phoenix Suns; 85977:Patrick Williams:Chicago Bulls; 108806:Jaylin Williams:Oklahoma City Thunder; 100291:Ziaire Williams:Los Angeles Lakers; 111179:Gabby Williams:Golden State Valkyries; 105812:Brandon Williams:None; 94950:Courtney Williams:Minnesota Lynx; 64190:Kenrich Williams:Oklahoma City Thunder; 89135:Vince Williams Jr.:Utah Jazz; 89605:Trevion Williams:Bahçeşehir Koleji; 148401:Mikey Williams:None; 147871:Cody Williams:Minnesota Timberwolves; 86940:Monty Williams:None; 150482:Jordan Williams:Minas; 121384:Nate Williams:Golden State Warriors; 73568:JaCorey Williams:Maccabi Ironi Raanana; 89335:Amari Williams:Boston Celtics; 139645:Travante Williams:Le Mans; 94951:Elizabeth Williams:Chicago Sky; 89438:Lucas Williamson:Memphis Grizzlies; 90045:Donovan Williams:Shanghai Sharks; 89422:Austin Williams:None; 90016:Alondes Williams:Washington Wizards; 157241:Malik Williams:South Bay Lakers; 95048:Riquna Williams:None; 64171:Jonathan Williams:London Lions; 109930:Marcus Williams:None; 53903:Latavious Williams:None; 128115:Greg Williams Jr.:Louisiana; 231572:Isaac Williams:Baylor; 89515:Bryce Williams:None; 90183:Terrance Williams II:None; 95001:Kiana Williams:Toronto Tempo; 108586:Bryson Williams:Pallacanestro Reggiana; 121391:Deane Williams:London Lions; 53478:Marvin Williams:None; 72771:Andre Williamson:Keravnos; 90150:Dericko Williams:UNC Greensboro; 117939:Leon Williams:None; 117988:Kavell-Bigby-Williams:Jilin Northeast Tigers; 129182:Jeremiah Williams:Georgetown; 148753:Mike Williams III:Seton Hall; 158369:Walter Williams:USK Praha; 236817:Serah Williams:Portland Fire; 70801:Alan Williams:None; 109643:Benny Williams:None; 149984:Leon Williams:SK Knights; 71161:T.J. Williams:None; 89275:Gill Williamson:None; 89295:Jaylin Williams:Stockton Kings; 89328:Da'Monte Williams:None; 89512:Donovan Williams:None; 90072:Eric Williams Jr.:Correcaminos UAT; 91707:Kenny Williams:None; 108748:KJ Williams:Boulazac; 109236:Daivien Williamson:Bc Jonava; 109532:C.J. Williams:None; 109557:Kane Williams:Georgia State; 109741:Levar Williams:New Mexico State; 123210:C.J. Williams:Auburn; 123211:D'Maurian Williams:None; 123404:Jordan Williams:None; 125286:Williams:None; 125977:Darrion Williams:NC State; 126391:Quion Williams:None; 128367:Demari Williams:Oral Roberts; 128763:Jelani Williams:None; 137839:Macee Williams:None; 138174:Madi Williams:None; 139231:Christyn Williams:Dallas Wings; 141915:Williams Narace:Dijon; 147630:Max Williams:None; 148004:Brandon Williams:UCLA; 148644:Curtis Williams:None; 155597:Zaire Williams:Wagner; 155803:Elijah Williams:None; 155938:Tre Williams:Duquesne; 158160:Emmitt Williams:Real Estelí; 158389:Elyjah David Williams:NH Ostrava; 181961:Samuell Williamson:USC Heidelberg; 186462:Gerald Williams:Soles De Mexicali; 192279:Jordan Williams:Arizona State; 194001:Charlie Williams:Lipscomb; 194233:George Williams:Toros de Chiriqui; 194304:Makaih Williams:Grand Canyon; 194925:Jonathan Williams:Södertälje BBK; 196105:Khalil Williams:Bryant; 196111:Devean Williams:Bryant; 196119:Deaquan Williams:Komarno; 200155:Greedy Williams:UNC Wilmington; 200354:Money Williams:Montana; 200378:Cobe Williams:Brose Bamberg; 200576:Keshawn Williams:Colorado State; 202078:Zay Williams:Team Fog Næstved; 202499:Ja’Leah Williams:None; 236504:Jalen Williams:Raptors 905; 71360:Devin Williams:G League United; 108706:Justice Williams:Robert Morris; 109251:DeAndre Williams:Elizor Kiryat Ata; 121763:Cecil Williams:None; 122109:Jarvis Williams:Slask Wroclaw; 123187:Tyrone Williams:None; 125709:Xeyrius Williams:FC Porto; 128110:Alex Williams:None; 128394:Ross Williams:Hamburg Towers; 142638:Dirk Williams:None; 147728:Brice Williams:Motor City Cruise; 148006:Devin Williams:None; 183870:Tyrese Williams:None; 191450:Jayson Williams-Johnson:None; 220854:Alex Williams:Santos De San Luis; 226120:Kam Williams:Kentucky; 226197:Kobe Williamson:Tasmania Jackjumpers; 226266:Noah Williamson:Alabama; 226417:Mason Williams:Iowa State; 226450:Sebastian Williams-Adams:Auburn; 227296:Terrance Williams II:USC; 227566:Caleb Williams:Georgetown; 235176:Carlous Williams:Tennessee State; 235221:Isaiah Williams:Wright State; 235501:Lance Williams:Prairie View A&M; 235572:Martel Williams:California Baptist; 235603:Dylan Williams:Pennsylvania; 235625:Amir Williams:Hofstra; 238154:Peyton Williams:Phoenix Mercury
PKMG,"WILLIAMS, SHAMMOND",Shammond Williams,ambiguous,,,,,,,,71128:Zion Williamson:New Orleans Pelicans; 53689:Lou Williams:None; 71446:Grant Williams:Charlotte Hornets; 64121:Robert Williams III:Portland Trail Blazers; 64428:Derrick Williams:None; 64413:Nigel Williams-Goss:Zalgiris Kaunas; 113172:Jalen Williams:Oklahoma City Thunder; 108670:Mark Williams:Phoenix Suns; 85977:Patrick Williams:Chicago Bulls; 108806:Jaylin Williams:Oklahoma City Thunder; 100291:Ziaire Williams:Los Angeles Lakers; 111179:Gabby Williams:Golden State Valkyries; 105812:Brandon Williams:None; 94950:Courtney Williams:Minnesota Lynx; 64190:Kenrich Williams:Oklahoma City Thunder; 89135:Vince Williams Jr.:Utah Jazz; 89605:Trevion Williams:Bahçeşehir Koleji; 148401:Mikey Williams:None; 147871:Cody Williams:Minnesota Timberwolves; 86940:Monty Williams:None; 150482:Jordan Williams:Minas; 121384:Nate Williams:Golden State Warriors; 73568:JaCorey Williams:Maccabi Ironi Raanana; 89335:Amari Williams:Boston Celtics; 139645:Travante Williams:Le Mans; 94951:Elizabeth Williams:Chicago Sky; 89438:Lucas Williamson:Memphis Grizzlies; 90045:Donovan Williams:Shanghai Sharks; 89422:Austin Williams:None; 90016:Alondes Williams:Washington Wizards; 157241:Malik Williams:South Bay Lakers; 95048:Riquna Williams:None; 64171:Jonathan Williams:London Lions; 109930:Marcus Williams:None; 53903:Latavious Williams:None; 128115:Greg Williams Jr.:Louisiana; 231572:Isaac Williams:Baylor; 89515:Bryce Williams:None; 90183:Terrance Williams II:None; 95001:Kiana Williams:Toronto Tempo; 108586:Bryson Williams:Pallacanestro Reggiana; 121391:Deane Williams:London Lions; 53478:Marvin Williams:None; 72771:Andre Williamson:Keravnos; 90150:Dericko Williams:UNC Greensboro; 117939:Leon Williams:None; 117988:Kavell-Bigby-Williams:Jilin Northeast Tigers; 129182:Jeremiah Williams:Georgetown; 148753:Mike Williams III:Seton Hall; 158369:Walter Williams:USK Praha; 236817:Serah Williams:Portland Fire; 70801:Alan Williams:None; 109643:Benny Williams:None; 149984:Leon Williams:SK Knights; 71161:T.J. Williams:None; 89275:Gill Williamson:None; 89295:Jaylin Williams:Stockton Kings; 89328:Da'Monte Williams:None; 89512:Donovan Williams:None; 90072:Eric Williams Jr.:Correcaminos UAT; 91707:Kenny Williams:None; 108748:KJ Williams:Boulazac; 109236:Daivien Williamson:Bc Jonava; 109532:C.J. Williams:None; 109557:Kane Williams:Georgia State; 109741:Levar Williams:New Mexico State; 123210:C.J. Williams:Auburn; 123211:D'Maurian Williams:None; 123404:Jordan Williams:None; 125286:Williams:None; 125977:Darrion Williams:NC State; 126391:Quion Williams:None; 128367:Demari Williams:Oral Roberts; 128763:Jelani Williams:None; 137839:Macee Williams:None; 138174:Madi Williams:None; 139231:Christyn Williams:Dallas Wings; 141915:Williams Narace:Dijon; 147630:Max Williams:None; 148004:Brandon Williams:UCLA; 148644:Curtis Williams:None; 155597:Zaire Williams:Wagner; 155803:Elijah Williams:None; 155938:Tre Williams:Duquesne; 158160:Emmitt Williams:Real Estelí; 158389:Elyjah David Williams:NH Ostrava; 181961:Samuell Williamson:USC Heidelberg; 186462:Gerald Williams:Soles De Mexicali; 192279:Jordan Williams:Arizona State; 194001:Charlie Williams:Lipscomb; 194233:George Williams:Toros de Chiriqui; 194304:Makaih Williams:Grand Canyon; 194925:Jonathan Williams:Södertälje BBK; 196105:Khalil Williams:Bryant; 196111:Devean Williams:Bryant; 196119:Deaquan Williams:Komarno; 200155:Greedy Williams:UNC Wilmington; 200354:Money Williams:Montana; 200378:Cobe Williams:Brose Bamberg; 200576:Keshawn Williams:Colorado State; 202078:Zay Williams:Team Fog Næstved; 202499:Ja’Leah Williams:None; 236504:Jalen Williams:Raptors 905; 71360:Devin Williams:G League United; 108706:Justice Williams:Robert Morris; 109251:DeAndre Williams:Elizor Kiryat Ata; 121763:Cecil Williams:None; 122109:Jarvis Williams:Slask Wroclaw; 123187:Tyrone Williams:None; 125709:Xeyrius Williams:FC Porto; 128110:Alex Williams:None; 128394:Ross Williams:Hamburg Towers; 142638:Dirk Williams:None; 147728:Brice Williams:Motor City Cruise; 148006:Devin Williams:None; 183870:Tyrese Williams:None; 191450:Jayson Williams-Johnson:None; 220854:Alex Williams:Santos De San Luis; 226120:Kam Williams:Kentucky; 226197:Kobe Williamson:Tasmania Jackjumpers; 226266:Noah Williamson:Alabama; 226417:Mason Williams:Iowa State; 226450:Sebastian Williams-Adams:Auburn; 227296:Terrance Williams II:USC; 227566:Caleb Williams:Georgetown; 235176:Carlous Williams:Tennessee State; 235221:Isaiah Williams:Wright State; 235501:Lance Williams:Prairie View A&M; 235572:Martel Williams:California Baptist; 235603:Dylan Williams:Pennsylvania; 235625:Amir Williams:Hofstra; 238154:Peyton Williams:Phoenix Mercury
P004198,"WILLIAMS, SHELDEN",Shelden Williams,ambiguous,,,,,,,,71128:Zion Williamson:New Orleans Pelicans; 53689:Lou Williams:None; 71446:Grant Williams:Charlotte Hornets; 64121:Robert Williams III:Portland Trail Blazers; 64428:Derrick Williams:None; 64413:Nigel Williams-Goss:Zalgiris Kaunas; 113172:Jalen Williams:Oklahoma City Thunder; 108670:Mark Williams:Phoenix Suns; 85977:Patrick Williams:Chicago Bulls; 108806:Jaylin Williams:Oklahoma City Thunder; 100291:Ziaire Williams:Los Angeles Lakers; 111179:Gabby Williams:Golden State Valkyries; 105812:Brandon Williams:None; 94950:Courtney Williams:Minnesota Lynx; 64190:Kenrich Williams:Oklahoma City Thunder; 89135:Vince Williams Jr.:Utah Jazz; 89605:Trevion Williams:Bahçeşehir Koleji; 148401:Mikey Williams:None; 147871:Cody Williams:Minnesota Timberwolves; 86940:Monty Williams:None; 150482:Jordan Williams:Minas; 121384:Nate Williams:Golden State Warriors; 73568:JaCorey Williams:Maccabi Ironi Raanana; 89335:Amari Williams:Boston Celtics; 139645:Travante Williams:Le Mans; 94951:Elizabeth Williams:Chicago Sky; 89438:Lucas Williamson:Memphis Grizzlies; 90045:Donovan Williams:Shanghai Sharks; 89422:Austin Williams:None; 90016:Alondes Williams:Washington Wizards; 157241:Malik Williams:South Bay Lakers; 95048:Riquna Williams:None; 64171:Jonathan Williams:London Lions; 109930:Marcus Williams:None; 53903:Latavious Williams:None; 128115:Greg Williams Jr.:Louisiana; 231572:Isaac Williams:Baylor; 89515:Bryce Williams:None; 90183:Terrance Williams II:None; 95001:Kiana Williams:Toronto Tempo; 108586:Bryson Williams:Pallacanestro Reggiana; 121391:Deane Williams:London Lions; 53478:Marvin Williams:None; 72771:Andre Williamson:Keravnos; 90150:Dericko Williams:UNC Greensboro; 117939:Leon Williams:None; 117988:Kavell-Bigby-Williams:Jilin Northeast Tigers; 129182:Jeremiah Williams:Georgetown; 148753:Mike Williams III:Seton Hall; 158369:Walter Williams:USK Praha; 236817:Serah Williams:Portland Fire; 70801:Alan Williams:None; 109643:Benny Williams:None; 149984:Leon Williams:SK Knights; 71161:T.J. Williams:None; 89275:Gill Williamson:None; 89295:Jaylin Williams:Stockton Kings; 89328:Da'Monte Williams:None; 89512:Donovan Williams:None; 90072:Eric Williams Jr.:Correcaminos UAT; 91707:Kenny Williams:None; 108748:KJ Williams:Boulazac; 109236:Daivien Williamson:Bc Jonava; 109532:C.J. Williams:None; 109557:Kane Williams:Georgia State; 109741:Levar Williams:New Mexico State; 123210:C.J. Williams:Auburn; 123211:D'Maurian Williams:None; 123404:Jordan Williams:None; 125286:Williams:None; 125977:Darrion Williams:NC State; 126391:Quion Williams:None; 128367:Demari Williams:Oral Roberts; 128763:Jelani Williams:None; 137839:Macee Williams:None; 138174:Madi Williams:None; 139231:Christyn Williams:Dallas Wings; 141915:Williams Narace:Dijon; 147630:Max Williams:None; 148004:Brandon Williams:UCLA; 148644:Curtis Williams:None; 155597:Zaire Williams:Wagner; 155803:Elijah Williams:None; 155938:Tre Williams:Duquesne; 158160:Emmitt Williams:Real Estelí; 158389:Elyjah David Williams:NH Ostrava; 181961:Samuell Williamson:USC Heidelberg; 186462:Gerald Williams:Soles De Mexicali; 192279:Jordan Williams:Arizona State; 194001:Charlie Williams:Lipscomb; 194233:George Williams:Toros de Chiriqui; 194304:Makaih Williams:Grand Canyon; 194925:Jonathan Williams:Södertälje BBK; 196105:Khalil Williams:Bryant; 196111:Devean Williams:Bryant; 196119:Deaquan Williams:Komarno; 200155:Greedy Williams:UNC Wilmington; 200354:Money Williams:Montana; 200378:Cobe Williams:Brose Bamberg; 200576:Keshawn Williams:Colorado State; 202078:Zay Williams:Team Fog Næstved; 202499:Ja’Leah Williams:None; 236504:Jalen Williams:Raptors 905; 71360:Devin Williams:G League United; 108706:Justice Williams:Robert Morris; 109251:DeAndre Williams:Elizor Kiryat Ata; 121763:Cecil Williams:None; 122109:Jarvis Williams:Slask Wroclaw; 123187:Tyrone Williams:None; 125709:Xeyrius Williams:FC Porto; 128110:Alex Williams:None; 128394:Ross Williams:Hamburg Towers; 142638:Dirk Williams:None; 147728:Brice Williams:Motor City Cruise; 148006:Devin Williams:None; 183870:Tyrese Williams:None; 191450:Jayson Williams-Johnson:None; 220854:Alex Williams:Santos De San Luis; 226120:Kam Williams:Kentucky; 226197:Kobe Williamson:Tasmania Jackjumpers; 226266:Noah Williamson:Alabama; 226417:Mason Williams:Iowa State; 226450:Sebastian Williams-Adams:Auburn; 227296:Terrance Williams II:USC; 227566:Caleb Williams:Georgetown; 235176:Carlous Williams:Tennessee State; 235221:Isaiah Williams:Wright State; 235501:Lance Williams:Prairie View A&M; 235572:Martel Williams:California Baptist; 235603:Dylan Williams:Pennsylvania; 235625:Amir Williams:Hofstra; 238154:Peyton Williams:Phoenix Mercury
P012604,"WILLIAMS, TREVION",Trevion Williams,exact,89605,Trevion Williams,Bahçeşehir Koleji,Center,Center,C,"6' 10""",89605:Trevion Williams:Bahçeşehir Koleji
P009664,"WILLIS, DEREK",Derek Willis,exact,71392,Derek Willis,KK Partizan,Forward,Power Forward,PF,"6' 9""",71392:Derek Willis:KK Partizan
P000228,"WILSON, LAMAYNE",Lamayne Wilson,ambiguous,,,,,,,,53489:D.J. Wilson:Jilin Northeast Tigers; 53643:Wilson Chandler:None; 95045:A'ja Wilson:Las Vegas Aces; 225955:Caleb Wilson:Chicago Bulls; 89807:Jalen Wilson:Atlanta Hawks; 71875:Jamil Wilson:Diablos Rojos del Mexico; 95042:Aaliyah Wilson:None; 90013:Dwight Wilson III:Stelmet Zielona Gora; 225271:Quatarrius Wilson:Union Atletica; 226183:Tom Wilson:Melbourne United; 89215:R.J. Wilson:Appalachian State; 90175:Luke Wilson:None; 108588:Mylik Wilson:None; 109763:Evan Wilson:None; 109970:Max Wilson:None; 124267:Seth Wilson:None; 147690:Jack Wilson:Minnesota; 200589:Trey Wilson:Mount St. Mary's; 235010:Jalen Wilson:Northern Iowa; 89776:Malcolm Wilson:None; 136236:Wilson Ambrosio:None; 109306:Douglas Wilson:None; 109432:Elijah Wilson:Toledo; 109820:Isaiah Wilson:Richmond; 183250:Wilson Jacques:None; 203274:Alex Wilson:Washington Mystics; 224639:Duane Wilson:Defensor Sporting; 227011:Exavier Wilson:Kansas State; 234049:Wilson Batista:None; 234938:Seamus Wilson:Queens University
PTGW,"WILSON, RAPHAEL",Raphael Wilson,ambiguous,,,,,,,,53489:D.J. Wilson:Jilin Northeast Tigers; 53643:Wilson Chandler:None; 95045:A'ja Wilson:Las Vegas Aces; 225955:Caleb Wilson:Chicago Bulls; 89807:Jalen Wilson:Atlanta Hawks; 71875:Jamil Wilson:Diablos Rojos del Mexico; 95042:Aaliyah Wilson:None; 90013:Dwight Wilson III:Stelmet Zielona Gora; 225271:Quatarrius Wilson:Union Atletica; 226183:Tom Wilson:Melbourne United; 89215:R.J. Wilson:Appalachian State; 90175:Luke Wilson:None; 108588:Mylik Wilson:None; 109763:Evan Wilson:None; 109970:Max Wilson:None; 124267:Seth Wilson:None; 147690:Jack Wilson:Minnesota; 200589:Trey Wilson:Mount St. Mary's; 235010:Jalen Wilson:Northern Iowa; 89776:Malcolm Wilson:None; 136236:Wilson Ambrosio:None; 109306:Douglas Wilson:None; 109432:Elijah Wilson:Toledo; 109820:Isaiah Wilson:Richmond; 183250:Wilson Jacques:None; 203274:Alex Wilson:Washington Mystics; 224639:Duane Wilson:Defensor Sporting; 227011:Exavier Wilson:Kansas State; 234049:Wilson Batista:None; 234938:Seamus Wilson:Queens University
P008052,"WILTJER, KYLE",Kyle Wiltjer,exact,53873,Kyle Wiltjer,Reyer Venezia,Center,Center,C,"6' 10""",53873:Kyle Wiltjer:Reyer Venezia
P005478,"WIMBERG, NIKLAS",Niklas Wimberg,exact,97391,Jan Niklas Wimberg,Hamburg Towers,Forward,Power Forward,PF,"6' 10""",97391:Jan Niklas Wimberg:Hamburg Towers
P011940,"WINSTON, CASSIUS",Cassius Winston,exact,86135,Cassius Winston,Hapoel Jerusalem,Guard,Point Guard,PG,"6' 1""",86135:Cassius Winston:Hapoel Jerusalem
PTFY,"WINSTON, KENNEDY",Kennedy Winston,ambiguous,,,,,,,,86135:Cassius Winston:Hapoel Jerusalem; 89159:Winston Moore:None
PJQE,"WISNIEWSKI, ANDREW",Andrew Wisniewski,exact,122140,Aleksander Wisniewski,Slask Wroclaw,Guard,Point Guard,PG,"6' 4""",122140:Aleksander Wisniewski:Slask Wroclaw
P005851,"WISNIEWSKI, LUKASZ",Lukasz Wisniewski,exact,122140,Aleksander Wisniewski,Slask Wroclaw,Guard,Point Guard,PG,"6' 4""",122140:Aleksander Wisniewski:Slask Wroclaw
PKPQ,"WITKA, ROBERT",Robert Witka,not_found,,,,,,,,
P001990,"WOHLFARTH, JONAS",Jonas Wohlfarth,exact,117724,Jonas Wohlfarth-Bottermann,N.R. Ludwigsburg,Center,Center,C,"6' 10""",117724:Jonas Wohlfarth-Bottermann:N.R. Ludwigsburg
P004691,"WOHLRATH, KEVIN",Kevin Wohlrath,exact,145122,Kevin Wohlrath,,Guard,Point Guard,PG,"6' 5""",145122:Kevin Wohlrath:None
P003389,"WOJCIECHOWSKI, MATHIEU",Mathieu Wojciechowski,exact,122070,Mathieu Wojciechowski,Fos-sur-Mer,Forward,Power Forward,PF,"6' 7""",122070:Mathieu Wojciechowski:Fos-sur-Mer
PBCE,"WOLKOWYSKY, RUBEN",Ruben Wolkowysky,not_found,,,,,,,,
P006555,"WOLTERS, NATE",Nate Wolters,exact,53579,Nate Wolters,,Guard,Point Guard,PG,"6' 4""",53579:Nate Wolters:None
P013775,"WONG, ISAIAH",Isaiah Wong,exact,109353,Isaiah Wong,Gran Canaria,Guard,Point Guard,PG,"6' 3""",109353:Isaiah Wong:Gran Canaria
P001459,"WOOD, DASHAUN",Dashaun Wood,club_match,148883,Moses Wood,Alba Berlin,Forward,Small Forward,SF,"6' 8""",64182:Christian Wood:None; 85993:Robert Woodard II:Platense; 89678:Woody Newton:None; 122460:James Woodard:Baskets Oldenburg; 161384:Jeremiah Wood:Olimpia; 72872:Scott Wood:None; 89593:Jayson Woodrich:Cleveland State; 128760:Jordan Wood:None; 141870:Darryl Woodson:Nelson Giants; 147617:Julien Wooden:James Madison; 150980:Derrick Woods:Platense; 145123:Trey Woodbury:Cluj Napoca; 148883:Moses Wood:Alba Berlin; 181662:Archie Woodhill:Tasmania Jackjumpers; 89310:Jeff Woodward:Colgate; 109401:Dana Woodley:None; 148320:Kam Woods:USC; 155812:Elijah Wood:Saint Peter's; 233468:Mike Woods:Navy; 234402:Trey Woodyard:Vermont; 235231:Logan Woods:Wright State
P003455,"WOODSIDE, BEN",Ben Woodside,not_found,,,,,,,,
PTFG,"WOODS, LOREN",Loren Woods,ambiguous,,,,,,,,141870:Darryl Woodson:Nelson Giants; 150980:Derrick Woods:Platense; 148320:Kam Woods:USC; 233468:Mike Woods:Navy; 235231:Logan Woods:Wright State
PTFV,"WOODS, QYNTEL",Qyntel Woods,ambiguous,,,,,,,,141870:Darryl Woodson:Nelson Giants; 150980:Derrick Woods:Platense; 148320:Kam Woods:USC; 233468:Mike Woods:Navy; 235231:Logan Woods:Wright State
PTEM,"WRIGHT, BRACEY",Bracey Wright,ambiguous,,,,,,,,53392:Delon Wright:None; 89463:Moses Wright:None; 89754:McKinley Wright IV:BC Dubai; 189703:Robert Wright III:BYU; 193677:Always Wright:Rhode Island; 218967:Brian Wright:San Antonio Spurs; 126388:John-Michael Wright:Olomouc; 134850:Tanisha Wright:None; 148754:Jordan Wright:None; 191471:Michaell Wright:Toros del Valle; 195288:Dion Wright:Defensor Sporting; 71741:Justin Wright-Foreman:Casademont Zaragoza; 72407:Chris Wright:None; 109910:Jordan Wright:Hapoel Holon; 149047:Christian Wright:Oregon State; 155684:Cooper Wright:Colgate; 187226:Austin Wrighten:None; 81764:Zackary Wright:None; 109161:Hameir Wright:Borås Basket; 109843:Latrell Wrightsell Jr.:Alabama; 125939:Zach Wrightsil:None; 128792:Kijani Wright:None; 148145:Keon Wright:None; 148728:Jacobi Wright:South Carolina; 149662:Atin Wright:None; 155683:Sam Wright:Colgate; 231347:Ethan Wright:Miami (OH)
PJXK,"WRIGHT, BRENT",Brent Wright,ambiguous,,,,,,,,53392:Delon Wright:None; 89463:Moses Wright:None; 89754:McKinley Wright IV:BC Dubai; 189703:Robert Wright III:BYU; 193677:Always Wright:Rhode Island; 218967:Brian Wright:San Antonio Spurs; 126388:John-Michael Wright:Olomouc; 134850:Tanisha Wright:None; 148754:Jordan Wright:None; 191471:Michaell Wright:Toros del Valle; 195288:Dion Wright:Defensor Sporting; 71741:Justin Wright-Foreman:Casademont Zaragoza; 72407:Chris Wright:None; 109910:Jordan Wright:Hapoel Holon; 149047:Christian Wright:Oregon State; 155684:Cooper Wright:Colgate; 187226:Austin Wrighten:None; 81764:Zackary Wright:None; 109161:Hameir Wright:Borås Basket; 109843:Latrell Wrightsell Jr.:Alabama; 125939:Zach Wrightsil:None; 128792:Kijani Wright:None; 148145:Keon Wright:None; 148728:Jacobi Wright:South Carolina; 149662:Atin Wright:None; 155683:Sam Wright:Colgate; 231347:Ethan Wright:Miami (OH)
P005968,"WRIGHT, CHRIS",Chris Wright,exact,72407,Chris Wright,,Guard,Point Guard,PG,"6' 1""",72407:Chris Wright:None
P008049,"WRIGHT, DORELL",Dorell Wright,ambiguous,,,,,,,,53392:Delon Wright:None; 89463:Moses Wright:None; 89754:McKinley Wright IV:BC Dubai; 189703:Robert Wright III:BYU; 193677:Always Wright:Rhode Island; 218967:Brian Wright:San Antonio Spurs; 126388:John-Michael Wright:Olomouc; 134850:Tanisha Wright:None; 148754:Jordan Wright:None; 191471:Michaell Wright:Toros del Valle; 195288:Dion Wright:Defensor Sporting; 71741:Justin Wright-Foreman:Casademont Zaragoza; 72407:Chris Wright:None; 109910:Jordan Wright:Hapoel Holon; 149047:Christian Wright:Oregon State; 155684:Cooper Wright:Colgate; 187226:Austin Wrighten:None; 81764:Zackary Wright:None; 109161:Hameir Wright:Borås Basket; 109843:Latrell Wrightsell Jr.:Alabama; 125939:Zach Wrightsil:None; 128792:Kijani Wright:None; 148145:Keon Wright:None; 148728:Jacobi Wright:South Carolina; 149662:Atin Wright:None; 155683:Sam Wright:Colgate; 231347:Ethan Wright:Miami (OH)
P012606,"WRIGHT IV, MCKINLEY",Mckinley Wright Iv,exact,89754,McKinley Wright IV,BC Dubai,Guard,Point Guard,PG,"5' 11""",89754:McKinley Wright IV:BC Dubai
P005954,"WRIGHT, JULIAN",Julian Wright,ambiguous,,,,,,,,53392:Delon Wright:None; 89463:Moses Wright:None; 89754:McKinley Wright IV:BC Dubai; 189703:Robert Wright III:BYU; 193677:Always Wright:Rhode Island; 218967:Brian Wright:San Antonio Spurs; 126388:John-Michael Wright:Olomouc; 134850:Tanisha Wright:None; 148754:Jordan Wright:None; 191471:Michaell Wright:Toros del Valle; 195288:Dion Wright:Defensor Sporting; 71741:Justin Wright-Foreman:Casademont Zaragoza; 72407:Chris Wright:None; 109910:Jordan Wright:Hapoel Holon; 149047:Christian Wright:Oregon State; 155684:Cooper Wright:Colgate; 187226:Austin Wrighten:None; 81764:Zackary Wright:None; 109161:Hameir Wright:Borås Basket; 109843:Latrell Wrightsell Jr.:Alabama; 125939:Zach Wrightsil:None; 128792:Kijani Wright:None; 148145:Keon Wright:None; 148728:Jacobi Wright:South Carolina; 149662:Atin Wright:None; 155683:Sam Wright:Colgate; 231347:Ethan Wright:Miami (OH)
P012878,"WRIGHT, MOSES",Moses Wright,exact,89463,Moses Wright,,Forward,Power Forward,PF,"6' 9""",89463:Moses Wright:None
PKSU,"WRIGHT, RASHAD",Rashad Wright,ambiguous,,,,,,,,53392:Delon Wright:None; 89463:Moses Wright:None; 89754:McKinley Wright IV:BC Dubai; 189703:Robert Wright III:BYU; 193677:Always Wright:Rhode Island; 218967:Brian Wright:San Antonio Spurs; 126388:John-Michael Wright:Olomouc; 134850:Tanisha Wright:None; 148754:Jordan Wright:None; 191471:Michaell Wright:Toros del Valle; 195288:Dion Wright:Defensor Sporting; 71741:Justin Wright-Foreman:Casademont Zaragoza; 72407:Chris Wright:None; 109910:Jordan Wright:Hapoel Holon; 149047:Christian Wright:Oregon State; 155684:Cooper Wright:Colgate; 187226:Austin Wrighten:None; 81764:Zackary Wright:None; 109161:Hameir Wright:Borås Basket; 109843:Latrell Wrightsell Jr.:Alabama; 125939:Zach Wrightsil:None; 128792:Kijani Wright:None; 148145:Keon Wright:None; 148728:Jacobi Wright:South Carolina; 149662:Atin Wright:None; 155683:Sam Wright:Colgate; 231347:Ethan Wright:Miami (OH)
P001820,"WRIGHT, ZACH",Zach Wright,exact,125939,Zach Wrightsil,,Forward,,,"6' 7""",125939:Zach Wrightsil:None
PJLA,"XANTHOPOULOS, VASILIS",Vasilis Xanthopoulos,exact,72613,Vassilis Xanthopoulos,Peristeri,Management,Coach,,"6' 2""",72613:Vassilis Xanthopoulos:Peristeri
P011386,"YAACOV, NOAM",Noam Yaacov,exact,121051,Noam Yaacov,Utah,Guard,Point Guard,PG,"6' 1""",121051:Noam Yaacov:Utah
P010357,"YABUSELE, GUERSCHON",Guerschon Yabusele,exact,53325,Guerschon Yabusele,Panathinaikos,Forward,Power Forward,PF,"6' 8""",53325:Guerschon Yabusele:Panathinaikos
P000497,"YAGMUR, MEHMET",Mehmet Yagmur,exact,122434,Mehmet Yagmur,,Guard,Point Guard,PG,"6' 1""",122434:Mehmet Yagmur:None
P004628,"YAKUSHIN, TIMOFEY",Timofey Yakushin,exact,64365,Timofey Yakushin,Parma,Guard,Point Guard,PG,"6' 4""",64365:Timofey Yakushin:Parma
P004180,"YATAGAN, MEHMETALI",Mehmetali Yatagan,not_found,,,,,,,,
P013368,"YEBO, KEVIN",Kevin Yebo,exact,145395,Kevin Yebo,La Laguna Tenerife,Center,Center,C,"6' 8""",145395:Kevin Yebo:La Laguna Tenerife
PAWP,"YILDIRIM, HALUK",Haluk Yildirim,ambiguous,,,,,,,,83820:Nusret Yildirim:None; 230312:Ali Yildirim:Gaziantep Basketbol
P004093,"YILDIZLI, BURAKCAN",Burakcan Yildizli,exact,146692,Burakcan Yildizli,Anadolu Efes,Forward,Power Forward,PF,"6' 8""",146692:Burakcan Yildizli:Anadolu Efes
P006372,"YILMAZ, ERKAN",Erkan Yilmaz,exact,72532,Erkan Yilmaz,Anadolu Efes,Guard,Point Guard,PG,"6' 6""",72532:Erkan Yilmaz:Anadolu Efes
P002753,"YIVZORI, DAGAN",Dagan Yivzori,not_found,,,,,,,,
P005984,"YOUNG, PATRIC CASEY",Patric Casey Young,ambiguous,,,,,,,,64118:Trae Young:Washington Wizards; 95047:Jackie Young:Las Vegas Aces; 53457:Thaddeus Young:None; 71187:James Young:None; 128038:Chris Youngblood:Portland Trail Blazers; 89383:Kyle Young:None; 53381:Michael Young:None; 95610:Tamera Young:None; 149702:Joe Young:Qingdao Eagles; 123108:Ryan Young:None; 125981:Kobe Young:Boise State; 124163:Jahmir Young:Miami Heat; 149208:Anthony Young:Riachuelo; 147050:Cameron Young:Pinar Karsiyaka; 191890:Brandon Young:None; 148755:Trace Young:LSU; 72505:Josh Young:None; 78481:Jammar Young:None; 89654:Jacob Young:None; 109288:Jahmar Young Jr.:None; 109343:Harrison Young:None; 149742:Ma Yong:Ningbo Rockets; 149977:An Se Young:None; 123190:Evan Young:None; 142013:Mike Young:None; 148404:Jay Young:Maryland; 148667:Jaydon Young:North Carolina; 149982:Choi Joo Young:None; 150003:Shin Ju Young:None; 150223:Lee Young Woo:None; 157939:Desi-Rae Young:None; 182127:Kalif Young:CSM Oradea; 193553:Brayden Young:Loyola Chicago; 194244:Jackson Young:None; 196683:Sharron Young:Akron; 237340:Jung Ho-Young:Dongbu Promy
P005353,"YURTSEVEN, OMER",Omer Yurtseven,exact,94861,Omer Yurtseven,Real Madrid,Center,Center,C,"7' 0""",94861:Omer Yurtseven:Real Madrid
P005983,"YURTSEVEN, OMER FARUK",Omer Faruk Yurtseven,exact,94861,Omer Yurtseven,Real Madrid,Center,Center,C,"7' 0""",94861:Omer Yurtseven:Real Madrid
P005368,"YUSTA, SANTI",Santi Yusta,exact,53114,Santi Yusta,Anadolu Efes,Forward,Power Forward,PF,"6' 7""",53114:Santi Yusta:Anadolu Efes
PTFF,"ZABELIN, ARTEM",Artem Zabelin,exact,149233,Artem Zabelin,Hapoel Ironi Eilat,Center,Center,C,"7' 1""",149233:Artem Zabelin:Hapoel Ironi Eilat
P008104,"ZAGARS, ARTURS",Arturs Zagars,exact,70888,Arturs Zagars,,Guard,Point Guard,PG,"6' 3""",70888:Arturs Zagars:None
P007186,"ZAKHAROV, DENIS",Denis Zakharov,exact,81516,Denis Zakharov,UNICS Kazan,Guard,Shooting Guard,SG,"6' 4""",81516:Denis Zakharov:UNICS Kazan
P003533,"ZALMANSON, IDAN",Idan Zalmanson,exact,64862,Idan Zalmanson,Hapoel Holon,Center,Center,C,"6' 9""",64862:Idan Zalmanson:Hapoel Holon
P006013,"ZALMANSON, TOMER",Tomer Zalmanson,exact,64862,Idan Zalmanson,Hapoel Holon,Center,Center,C,"6' 9""",64862:Idan Zalmanson:Hapoel Holon
P000039,"ZAMANSKIY, IGOR",Igor Zamanskiy,not_found,,,,,,,,
PLPY,"ZAMOJSKI, PRZEMYSLAW",Przemyslaw Zamojski,not_found,,,,,,,,
PKPV,"ZAVACKAS, DONATAS",Donatas Zavackas,not_found,,,,,,,,
P001792,"ZAYTSEV, VYACHESLAV",Vyacheslav Zaytsev,exact,53269,Vyacheslav Zaytsev,MBA Moscow,Guard,Point Guard,PG,"6' 3""",53269:Vyacheslav Zaytsev:MBA Moscow
P001401,"ZERBO, FREJUS",Frejus Zerbo,not_found,,,,,,,,
P004551,"ZGANEC, KARLO",Karlo Zganec,exact,202073,Karlo Žganec,Zadar,Forward,Power Forward,PF,"6' 9""",202073:Karlo Žganec:Zadar
P007339,"ZHBANOV, GEORGY",Georgy Zhbanov,exact,72652,Georgy Zhbanov,Zenit,Guard,Shooting Guard,SG,"6' 5""",72652:Georgy Zhbanov:Zenit
PKVO,"ZHUKANENKO, ALEXEY",Alexey Zhukanenko,not_found,,,,,,,,
PLLE,"ZIGERANOVIC, IVAN",Ivan Zigeranovic,not_found,,,,,,,,
P005056,"ZIPSER, PAUL",Paul Zipser,exact,53464,Paul Zipser,USC Heidelberg,Forward,Small Forward,SF,"6' 8""",53464:Paul Zipser:USC Heidelberg
P004183,"ZIRBES, MAIK",Maik Zirbes,exact,71422,Maik Zirbes,TBB Trier,Center,Center,C,"6' 10""",71422:Maik Zirbes:TBB Trier
PABN,"ZISIS, NIKOS",Nikos Zisis,exact,70887,Nikos Zisis,,Guard,Shooting Guard,SG,"6' 6""",70887:Nikos Zisis:None
P011220,"ZIV, IFTAH",Iftah Ziv,exact,64773,Iftah Ziv,Hapoel Tel Aviv,Guard,Point Guard,PG,"6' 3""",64773:Iftah Ziv:Hapoel Tel Aviv
PBXE,"ZIZIC, ANDRIJA",Andrija Zizic,exact,53370,Ante Zizic,Besiktas,Center,Center,C,"6' 11""",53370:Ante Zizic:Besiktas
P004554,"ZIZIC, ANTE",Ante Zizic,exact,53370,Ante Zizic,Besiktas,Center,Center,C,"6' 11""",53370:Ante Zizic:Besiktas
P006625,"ZOOSMAN, YOVEL",Yovel Zoosman,exact,53874,Yovel Zoosman,Hapoel Jerusalem,Guard,Shooting Guard,SG,"6' 7""",53874:Yovel Zoosman:Hapoel Jerusalem
PBCB,"ZORIC, LUKA",Luka Zoric,not_found,,,,,,,,
PBOX,"ZOROSKI, IVAN",Ivan Zoroski,not_found,,,,,,,,
P003070,"ZOUMPOS, FOTIOS",Fotios Zoumpos,not_found,,,,,,,,
P002025,"ZOZULIN, ALEKSEY",Aleksey Zozulin,not_found,,,,,,,,
PLJP,"ZUBCIC, TOMISLAV",Tomislav Zubcic,exact,88855,Tomislav Zubčić,Baskets Oldenburg,Center,Center,C,"6' 11""",88855:Tomislav Zubčić:Baskets Oldenburg
P003573,"ZUBKOV, ANDREY",Andrey Zubkov,exact,53264,Andrey Zubkov,MBA Moscow,Forward,Small Forward,SF,"6' 9""",53264:Andrey Zubkov:MBA Moscow
P009033,"ZUGIC, FEDOR",Fedor Zugic,exact,64460,Fedor Zugic,Creighton,Guard,Point Guard,PG,"6' 5""",64460:Fedor Zugic:Creighton
PADX,"ZUKAUSKAS, EURELJUS",Eureljus Zukauskas,ambiguous,,,,,,,,117685:Eigirdas Zukauskas:None; 157722:Deividas Žukauskas:None
PLHD,"ZUPAN, MIHA",Miha Zupan,not_found,,,,,,,,
PKON,"ZWIENER, PHILLIP",Phillip Zwiener,not_found,,,,,,,,
P005701,"ZYWERT, KAMIL",Kamil Zywert,not_found,,,,,,,,
