player_id,code,slug_used,competition_path,profile_url,first_name,last_name,height_cm,position,nationality,born,club_code,club_name,fetch_status
P003733,003733,alberto-abalde,euroleague,https://www.euroleaguebasketball.net/en/euroleague/players/alberto-abalde/profile/003733/,ALBERTO,ABALDE,202,Forward,Spain,1995-12-15T00:00:00,MAD,Real Madrid,ok
P003527,003527,awudu-abass,euroleague,https://www.euroleaguebasketball.net/en/euroleague/players/awudu-abass/profile/003527/,AWUDU,ABASS,200,Forward,Italy,1993-01-27T00:00:00,DUB,Dubai Basketball,ok
P002414,002414,larry-abia,euroleague,https://www.euroleaguebasketball.net/en/euroleague/players/larry-abia/profile/002414/,LARRY,ABIA,195,Forward,Spain,1993-08-08T00:00:00,PAM,Power Electronics Valencia,ok
PAWH,AWH,mustafa-abi,euroleague,https://www.euroleaguebasketball.net/en/euroleague/players/mustafa-abi/profile/AWH/,MUSTAFA,ABI,197,Forward,Turkiye,1979-01-02T00:00:00,IST,Efes Pilsen,ok
P012298,012298,veniamin-abosi,euroleague,https://www.euroleaguebasketball.net/en/euroleague/players/veniamin-abosi/profile/012298/,VENIAMIN,ABOSI,200,Forward,Greece,2006-01-15T00:00:00,OLY,Olympiacos Piraeus,ok
PLNW,LNW,amadou-aboubakar-zaki,euroleague,https://www.euroleaguebasketball.net/en/euroleague/players/amadou-aboubakar-zaki/profile/LNW/,AMADOU,ABOUBAKAR ZAKI,214,Center,Niger,1988-02-10T00:00:00,NAN,SLUC Nancy,ok
P004191,004191,jordan-aboudou,euroleague,https://www.euroleaguebasketball.net/en/euroleague/players/jordan-aboudou/profile/004191/,JORDAN,ABOUDOU,203,Forward,France,1991-01-30T00:00:00,CHL,Elan Chalon-Sur-Saone,ok
P003478,003478,alex-abrines,euroleague,https://www.euroleaguebasketball.net/en/euroleague/players/alex-abrines/profile/003478/,ALEX,ABRINES,198,Forward,Spain,1993-08-01T00:00:00,BAR,FC Barcelona,ok
P005199,005199,tim-abromaitis,euroleague,https://www.euroleaguebasketball.net/en/euroleague/players/tim-abromaitis/profile/005199/,TIM,ABROMAITIS,203,Forward,United States of America,1989-09-17T00:00:00,DYR,Zenit St Petersburg,ok
P013027,013027,matteo-accorsi,euroleague,https://www.euroleaguebasketball.net/en/euroleague/players/matteo-accorsi/profile/013027/,MATTEO,ACCORSI,191,Guard,Italy,2007-05-13T00:00:00,VIR,Virtus Bologna,ok
PAWM,AWM,tutku-acik,euroleague,https://www.euroleaguebasketball.net/en/euroleague/players/tutku-acik/profile/AWM/,TUTKU,ACIK,,Guard,Turkiye,1980-09-01T00:00:00,BES,Besiktas JK Istanbul,ok
PLGC,LGC,alex-acker,euroleague,https://www.euroleaguebasketball.net/en/euroleague/players/alex-acker/profile/LGC/,ALEX,ACKER,195,Guard,United States of America,1983-01-21T00:00:00,SOP,Asseco Prokom Gdynia,ok
P009847,009847,quincy-acy,euroleague,https://www.euroleaguebasketball.net/en/euroleague/players/quincy-acy/profile/009847/,QUINCY,ACY,201,Forward,United States of America,1990-10-06T00:00:00,OLY,Olympiacos Piraeus,ok
P005795,005795,darius-adams,euroleague,https://www.euroleaguebasketball.net/en/euroleague/players/darius-adams/profile/005795/,DARIUS,ADAMS,189,Guard,United States of America,1989-04-17T00:00:00,BAS,Laboral Kutxa Vitoria Gasteiz,ok
P012056,012056,jalen-adams,euroleague,https://www.euroleaguebasketball.net/en/euroleague/players/jalen-adams/profile/012056/,JALEN,ADAMS,191,Guard,United States of America,1995-12-11T00:00:00,TEL,Maccabi Playtika Tel Aviv,ok
P011963,011963,jaylen-adams,euroleague,https://www.euroleaguebasketball.net/en/euroleague/players/jaylen-adams/profile/011963/,JAYLEN,ADAMS,188,Guard,United States of America,1996-05-04T00:00:00,RED,Crvena Zvezda Meridianbet Belgrade,ok
P007872,007872,josh-adams,euroleague,https://www.euroleaguebasketball.net/en/euroleague/players/josh-adams/profile/007872/,JOSH,ADAMS,188,Guard,United States of America,1993-11-16T00:00:00,IST,Anadolu Efes Istanbul,ok
P002532,002532,ulysse-adjagba,euroleague,https://www.euroleaguebasketball.net/en/euroleague/players/ulysse-adjagba/profile/002532/,ULYSSE,ADJAGBA,184,Guard,France,1993-03-27T00:00:00,CHL,Elan Chalon-Sur-Saone,ok
PJIX,JIX,lazaros-agadakos,euroleague,https://www.euroleaguebasketball.net/en/euroleague/players/lazaros-agadakos/profile/JIX/,LAZAROS,AGADAKOS,207,Center,Greece,1980-01-01T00:00:00,ARI,Aris TT Bank,ok
P004429,004429,dimitris-agravanis,euroleague,https://www.euroleaguebasketball.net/en/euroleague/players/dimitris-agravanis/profile/004429/,DIMITRIS,AGRAVANIS,208,Forward,Greece,1994-12-20T00:00:00,PAN,Panathinaikos Athens,ok
PKSF,KSF,pablo-aguilar,euroleague,https://www.euroleaguebasketball.net/en/euroleague/players/pablo-aguilar/profile/KSF/,PABLO,AGUILAR,205,Forward,Spain,1989-02-09T00:00:00,PAM,Valencia Basket,ok
P005171,005171,blake-ahearn,euroleague,https://www.euroleaguebasketball.net/en/euroleague/players/blake-ahearn/profile/005171/,BLAKE,AHEARN,188,Guard,United States of America,1984-05-27T00:00:00,NIK,Budivelnik Kiev,ok
PLHF,LHF,alexis-ajinca,euroleague,https://www.euroleaguebasketball.net/en/euroleague/players/alexis-ajinca/profile/LHF/,ALEXIS,AJINCA,215,Center,France,1988-05-06T00:00:00,STR,Strasbourg,ok
P010316,010316,melvin-ajinca,euroleague,https://www.euroleaguebasketball.net/en/euroleague/players/melvin-ajinca/profile/010316/,MELVIN,AJINCA,203,Forward,France,2004-06-26T00:00:00,ASV,LDLC ASVEL Villeurbanne,ok
P007647,007647,mert-akay,euroleague,https://www.euroleaguebasketball.net/en/euroleague/players/mert-akay/profile/007647/,MERT,AKAY,196,Guard,Turkiye,2000-07-12T00:00:00,DAR,Darussafaka Tekfen Istanbul,ok
P011816,011816,nicola-akele,euroleague,https://www.euroleaguebasketball.net/en/euroleague/players/nicola-akele/profile/011816/,NICOLA,AKELE,203,Forward,Italy,1995-11-07T00:00:00,VIR,Virtus Bologna,ok
P000728,000728,jeleel-akindele,euroleague,https://www.euroleaguebasketball.net/en/euroleague/players/jeleel-akindele/profile/000728/,JELEEL,AKINDELE,216,Center,Nigeria,1983-04-02T00:00:00,SIE,Montepaschi Siena,ok
PJVE,JVE,fikret-can-akin,euroleague,https://www.euroleaguebasketball.net/en/euroleague/players/fikret-can-akin/profile/JVE/,CAN,AKIN,0,Guard,Turkiye,1983-01-30T00:00:00,BES,Besiktas JK Istanbul,ok
P000645,000645,akin-akingbala,euroleague,https://www.euroleaguebasketball.net/en/euroleague/players/akin-akingbala/profile/000645/,AKIN,AKINGBALA,209,Center,Nigeria,1983-03-25T00:00:00,NAN,SLUC Nancy,ok
P007394,007394,josh-akognon,euroleague,https://www.euroleaguebasketball.net/en/euroleague/players/josh-akognon/profile/007394/,JOSH,AKOGNON,180,Guard,United States of America,1986-02-10T00:00:00,BAS,Baskonia Vitoria Gasteiz,ok
P004056,004056,ismet-akpinar,euroleague,https://www.euroleaguebasketball.net/en/euroleague/players/ismet-akpinar/profile/004056/,ISMET,AKPINAR,193,Guard,Germany,1995-05-22T00:00:00,ULK,Fenerbahce Beko Istanbul,ok
PBXK,BXK,cenk-akyol,euroleague,https://www.euroleaguebasketball.net/en/euroleague/players/cenk-akyol/profile/BXK/,CENK,AKYOL,0,Forward,Turkiye,1987-04-16T00:00:00,GAL,Galatasaray Liv Hospital Istanbul,ok
P006785,006785,eidan-alber,euroleague,https://www.euroleaguebasketball.net/en/euroleague/players/eidan-alber/profile/006785/,EIDAN,ALBER,194,Guard,Israel,2000-01-25T00:00:00,TEL,Maccabi Playtika Tel Aviv,ok
P003425,003425,andrew-albicy,euroleague,https://www.euroleaguebasketball.net/en/euroleague/players/andrew-albicy/profile/003425/,ANDREW,ALBICY,178,Guard,France,1990-03-21T00:00:00,DYR,Zenit St Petersburg,ok
P003328,003328,furkan-aldemir,euroleague,https://www.euroleaguebasketball.net/en/euroleague/players/furkan-aldemir/profile/003328/,FURKAN,ALDEMIR,207,Center,Turkiye,1991-08-09T00:00:00,DAR,Darussafaka Dogus Istanbul,ok
PCIT,CIT,nemanja-aleksandrov,euroleague,https://www.euroleaguebasketball.net/en/euroleague/players/nemanja-aleksandrov/profile/CIT/,NEMANJA,ALEKSANDROV,210,Center,Serbia,1987-04-10T00:00:00,LJU,Union Olimpija,ok
P001206,001206,vukasin-aleksic,euroleague,https://www.euroleaguebasketball.net/en/euroleague/players/vukasin-aleksic/profile/001206/,VUKASIN,ALEKSIC,185,Guard,Serbia,1985-01-10T00:00:00,PAR,Partizan,ok
P006195,006195,joe-alexander,euroleague,https://www.euroleaguebasketball.net/en/euroleague/players/joe-alexander/profile/006195/,JOE,ALEXANDER,203,Forward,Israel,1986-12-26T00:00:00,TEL,Maccabi FOX Tel Aviv,ok
P011973,011973,kyle-alexander,euroleague,https://www.euroleaguebasketball.net/en/euroleague/players/kyle-alexander/profile/011973/,KYLE,ALEXANDER,208,Forward,Canada,1996-10-21T00:00:00,PAM,Valencia Basket,ok
PJCF,JCF,rolandas-alijevas,euroleague,https://www.euroleaguebasketball.net/en/euroleague/players/rolandas-alijevas/profile/JCF/,ROLANDAS,ALIJEVAS,192,Guard,Lithuania,1985-01-20T00:00:00,ZAL,Zalgiris,ok
PLII,LII,clement-allerme,euroleague,https://www.euroleaguebasketball.net/en/euroleague/players/clement-allerme/profile/LII/,CLEMENT,ALLERME,185,Guard,France,1989-06-24T00:00:00,LEM,Le Mans,ok
P010105,010105,izan-almansa,euroleague,https://www.euroleaguebasketball.net/en/euroleague/players/izan-almansa/profile/010105/,IZAN,ALMANSA,208,Forward,Spain,2005-06-07T00:00:00,MAD,Real Madrid,ok
P002810,002810,pablo-almazan,euroleague,https://www.euroleaguebasketball.net/en/euroleague/players/pablo-almazan/profile/002810/,PABLO,ALMAZAN,200,Forward,Spain,1990-10-21T00:00:00,MAL,Unicaja Malaga,ok
P010623,010623,carlos-alocen,euroleague,https://www.euroleaguebasketball.net/en/euroleague/players/carlos-alocen/profile/010623/,CARLOS,ALOCEN,194,Guard,Spain,2000-12-30T00:00:00,MAD,Real Madrid,ok
P014005,014005,derrick-alston-jr,euroleague,https://www.euroleaguebasketball.net/en/euroleague/players/derrick-alston-jr/profile/014005/,DERRICK,ALSTON JR. ,207,Forward,United States of America,1997-09-17T00:00:00,VIR,Virtus Bologna,ok
P004992,004992,can-altintig,euroleague,https://www.euroleaguebasketball.net/en/euroleague/players/can-altintig/profile/004992/,CAN,ALTINTIG,195,Guard,Turkiye,1987-01-01T00:00:00,KSK,Pinar Karsiyaka,ok
P002875,002875,ben-avi-albert-altit,euroleague,https://www.euroleaguebasketball.net/en/euroleague/players/ben-avi-albert-altit/profile/002875/,BEN,ALTIT,208,Forward,Romania,1993-04-04T00:00:00,TEL,Maccabi Electra Tel Aviv,ok
P012417,012417,salih-altuntas,euroleague,https://www.euroleaguebasketball.net/en/euroleague/players/salih-altuntas/profile/012417/,SALIH,ALTUNTAS,209,Center,Turkiye,2006-02-27T00:00:00,IST,Anadolu Efes Istanbul,ok
PAPH,APH,fragiskos-alvertis,euroleague,https://www.euroleaguebasketball.net/en/euroleague/players/fragiskos-alvertis/profile/APH/,FRAGISKOS,ALVERTIS,,,Greece,1974-06-11T00:00:00,PAN,Panathinaikos OPAP Athens,ok
P005059,005059,davide-alviti,euroleague,https://www.euroleaguebasketball.net/en/euroleague/players/davide-alviti/profile/005059/,DAVIDE,ALVITI,197,Guard,Italy,1996-11-05T00:00:00,MIL,EA7 Emporio Armani Milan,ok
PCNZ,CNZ,pape-philippe-amagou,euroleague,https://www.euroleaguebasketball.net/en/euroleague/players/pape-philippe-amagou/profile/CNZ/,PAPE-PHILIPPE,AMAGOU,184,Guard,France,1985-02-27T00:00:00,LMG,Limoges CSP,ok
P008977,008977,robin-amaize,euroleague,https://www.euroleaguebasketball.net/en/euroleague/players/robin-amaize/profile/008977/,ROBIN,AMAIZE,188,Forward,Germany,1994-01-31T00:00:00,MUN,FC Bayern Munich,ok
P002851,002851,andrea-amato,euroleague,https://www.euroleaguebasketball.net/en/euroleague/players/andrea-amato/profile/002851/,ANDREA,AMATO,190,Guard,Italy,1994-03-12T00:00:00,MIL,EA7 Emporio Armani Milan,ok
P012378,012378,mohammad-amini,euroleague,https://www.euroleaguebasketball.net/en/euroleague/players/mohammad-amini/profile/012378/,MOHAMMAD,AMINI,200,Forward,Iran,2005-04-26T00:00:00,MCO,AS Monaco,ok
PBZO,BZO,aloysius-anagonye,euroleague,https://www.euroleaguebasketball.net/en/euroleague/players/aloysius-anagonye/profile/BZO/,ALOYSIUS,ANAGONYE,203,Forward,United States of America,1981-02-10T00:00:00,LJU,Union Olimpija Ljubljana,ok
PAKT,AKT,david-andersen,euroleague,https://www.euroleaguebasketball.net/en/euroleague/players/david-andersen/profile/AKT/,DAVID,ANDERSEN,212,Center,Denmark,1980-06-23T00:00:00,ULK,Fenerbahce Ulker Istanbul,ok
PTGV,TGV,alan-anderson,euroleague,https://www.euroleaguebasketball.net/en/euroleague/players/alan-anderson/profile/TGV/,ALAN,ANDERSON,198,Forward,United States of America,1982-10-16T00:00:00,BAR,Regal Barcelona,ok
P005938,005938,james-anderson,euroleague,https://www.euroleaguebasketball.net/en/euroleague/players/james-anderson/profile/005938/,JAMES,ANDERSON,198,Forward,United States of America,1989-03-25T00:00:00,IST,Anadolu Efes Istanbul,ok
P012795,012795,justin-anderson,euroleague,https://www.euroleaguebasketball.net/en/euroleague/players/justin-anderson/profile/012795/,JUSTIN,ANDERSON,198,Forward,United States of America,1993-11-19T00:00:00,DUB,Dubai Basketball,ok
P000183,000183,luke-burkett-anderson,euroleague,https://www.euroleaguebasketball.net/en/euroleague/players/luke-burkett-anderson/profile/000183/,LUKE,ANDERSON,195,Forward,United States of America,1982-10-01T00:00:00,LJU,Union Olimpija,ok
P011248,011248,andrew-andrews,euroleague,https://www.euroleaguebasketball.net/en/euroleague/players/andrew-andrews/profile/011248/,ANDREW,ANDREWS,188,Guard,United States of America,1993-05-25T00:00:00,PAN,Panathinaikos Athens,ok
PJDQ,JDQ,luksa-andric,euroleague,https://www.euroleaguebasketball.net/en/euroleague/players/luksa-andric/profile/JDQ/,LUKSA,ANDRIC,210,Center,Croatia,1985-01-29T00:00:00,CED,Cedevita Zagreb,ok
P002574,002574,mihajilo-andric,euroleague,https://www.euroleaguebasketball.net/en/euroleague/players/mihajilo-andric/profile/002574/,MIHAJLO,ANDRIC,202,Forward,Serbia,1994-01-04T00:00:00,PAR,Partizan NIS Belgrade,ok
P000956,000956,danilo-andusic,euroleague,https://www.euroleaguebasketball.net/en/euroleague/players/danilo-andusic/profile/000956/,DANILO,ANDJUSIC,196,Guard,Serbia,1991-04-22T00:00:00,DUB,Dubai Basketball,ok
P010465,010465,braian-angola,euroleague,https://www.euroleaguebasketball.net/en/euroleague/players/braian-angola/profile/010465/,BRAIAN,ANGOLA,198,Forward,Colombia,1994-04-06T00:00:00,ASV,LDLC ASVEL Villeurbanne,ok
P004327,004327,kostiantyn-anikiienko,euroleague,https://www.euroleaguebasketball.net/en/euroleague/players/kostiantyn-anikiienko/profile/004327/,KOSTIANTYN,ANIKIIENKO,218,Center,Ukraine,1992-11-09T00:00:00,NIK,Budivelnik Kiev,ok
PTFN,TFN,michailis-anisimov,euroleague,https://www.euroleaguebasketball.net/en/euroleague/players/michailis-anisimov/profile/TFN/,MICHAILIS,ANISIMOV,216,Center,Lithuania,1984-10-11T00:00:00,KLA,Neptunas Klaipeda,ok
P011221,011221,kostas-antetokounmpo,euroleague,https://www.euroleaguebasketball.net/en/euroleague/players/kostas-antetokounmpo/profile/011221/,KOSTAS,ANTETOKOUNMPO,208,Center,Greece,1997-11-20T00:00:00,OLY,Olympiacos Piraeus,ok
P007865,007865,thanasis-antetokounmpo,euroleague,https://www.euroleaguebasketball.net/en/euroleague/players/thanasis-antetokounmpo/profile/007865/,THANASIS,ANTETOKOUNMPO,200,Forward,Greece,1992-07-18T00:00:00,PAN,Panathinaikos OPAP Athens,ok
PBAE,BAE,pero-antic,euroleague,https://www.euroleaguebasketball.net/en/euroleague/players/pero-antic/profile/BAE/,PERO,ANTIC,211,Center,Serbia,1982-07-29T00:00:00,RED,Crvena Zvezda mts Belgrade,ok
P002026,002026,pavel-antipov,euroleague,https://www.euroleaguebasketball.net/en/euroleague/players/pavel-antipov/profile/002026/,PAVEL,ANTIPOV,202,Forward,Russian Federation,1991-09-19T00:00:00,UNK,Unics Kazan,ok
P004941,004941,semen-antonov,euroleague,https://www.euroleaguebasketball.net/en/euroleague/players/semen-antonov/profile/004941/,SEMEN,ANTONOV,202,Forward,Russian Federation,1989-07-18T00:00:00,CSK,CSKA Moscow,ok
P000781,000781,angel-aparicio,euroleague,https://www.euroleaguebasketball.net/en/euroleague/players/angel-aparicio/profile/000781/,ANGEL,APARICIO,197,Forward,Spain,1992-08-14T00:00:00,BAR,Regal Barcelona,ok
P003945,003945,dragan-apic,euroleague,https://www.euroleaguebasketball.net/en/euroleague/players/dragan-apic/profile/003945/,DRAGAN,APIC,205,Forward,Serbia,1995-10-03T00:00:00,RED,Crvena Zvezda mts Belgrade,ok
PAOC,AOC,georgios-apostolidis,euroleague,https://www.euroleaguebasketball.net/en/euroleague/players/georgios-apostolidis/profile/AOC/,GEORGIOS,APOSTOLIDIS,197,Forward,Greece,1984-01-01T00:00:00,PAN,Panathinaikos Athens,ok
PTEQ,TEQ,pietro-aradori,euroleague,https://www.euroleaguebasketball.net/en/euroleague/players/pietro-aradori/profile/TEQ/,PIETRO,ARADORI,194,Guard,Italy,1988-12-09T00:00:00,GAL,Galatasaray Liv Hospital Istanbul,ok
P003263,003263,petar-aranitovic,euroleague,https://www.euroleaguebasketball.net/en/euroleague/players/petar-aranitovic/profile/003263/,PETAR,ARANITOVIC,188,Guard,Serbia,1994-09-20T00:00:00,PAR,Partizan NIS Belgrade,ok
P004402,004402,marko-arapovic,euroleague,https://www.euroleaguebasketball.net/en/euroleague/players/marko-arapovic/profile/004402/,MARKO,ARAPOVIC,206,Center,Croatia,1996-07-20T00:00:00,CED,Cedevita Zagreb,ok
P005813,005813,ege-arar,euroleague,https://www.euroleaguebasketball.net/en/euroleague/players/ege-arar/profile/005813/,EGE,ARAR,208,Forward,Turkiye,1996-09-02T00:00:00,GAL,Galatasaray Odeabank Istanbul,ok
PKBD,KBD,robert-archibald,euroleague,https://www.euroleaguebasketball.net/en/euroleague/players/robert-archibald/profile/KBD/,ROBERT,ARCHIBALD,209,Center,United Kingdom,1980-03-29T00:00:00,MAL,Unicaja Malaga,ok
PDBE,DBE,koko-archibong,euroleague,https://www.euroleaguebasketball.net/en/euroleague/players/koko-archibong/profile/DBE/,KOKO,ARCHIBONG,205,Forward,Nigeria,1981-05-10T00:00:00,SOP,Asseco Prokom,ok
PBKY,BKY,stephen-arigbabu,euroleague,https://www.euroleaguebasketball.net/en/euroleague/players/stephen-arigbabu/profile/BKY/,STEPHEN,ARIGBABU,208,Center,Germany,1972-02-15T00:00:00,MAR,Maroussi,ok
P007516,007516,martynas-arlauskas,euroleague,https://www.euroleaguebasketball.net/en/euroleague/players/martynas-arlauskas/profile/007516/,MARTYNAS,ARLAUSKAS,199,Guard,Lithuania,2000-07-10T00:00:00,ZAL,Zalgiris Kaunas,ok
P003331,003331,hilton-armstrong,euroleague,https://www.euroleaguebasketball.net/en/euroleague/players/hilton-armstrong/profile/003331/,HILTON,ARMSTRONG,208,Center,United States of America,1984-11-23T00:00:00,PAN,Panathinaikos Athens,ok
P014141,014141,taran-armstrong,euroleague,https://www.euroleaguebasketball.net/en/euroleague/players/taran-armstrong/profile/014141/,TARAN,ARMSTRONG,196,Guard,Australia,2002-01-15T00:00:00,DUB,Dubai Basketball,ok
P005348,005348,egehan-arna,euroleague,https://www.euroleaguebasketball.net/en/euroleague/players/egehan-arna/profile/005348/,EGEHAN,ARNA,203,Forward,Turkiye,1997-01-05T00:00:00,IST,Anadolu Efes Istanbul,ok
P002508,002508,victor-arnau,euroleague,https://www.euroleaguebasketball.net/en/euroleague/players/victor-arnau/profile/002508/,VICTOR,ARNAU,184,Guard,Spain,1991-05-11T00:00:00,PAM,Power Electronics Valencia,ok
PBCA,BCA,carlos-arroyo,euroleague,https://www.euroleaguebasketball.net/en/euroleague/players/carlos-arroyo/profile/BCA/,CARLOS,ARROYO,188,Guard,United States of America,1979-07-30T00:00:00,BAR,FC Barcelona Lassa,ok
P008025,008025,nikolaos-arsenopoulos,euroleague,https://www.euroleaguebasketball.net/en/euroleague/players/nikolaos-arsenopoulos/profile/008025/,NIKOLAOS,ARSENOPOULOS,195,Guard,Greece,2000-05-19T00:00:00,OLY,Olympiacos Piraeus,ok
PARN,ARN,ender-arslan,euroleague,https://www.euroleaguebasketball.net/en/euroleague/players/ender-arslan/profile/ARN/,ENDER,ARSLAN,188,Guard,Turkiye,1983-01-13T00:00:00,DAR,Darussafaka Dogus Istanbul,ok
P001589,001589,victor-arteaga,euroleague,https://www.euroleaguebasketball.net/en/euroleague/players/victor-arteaga/profile/001589/,VICTOR,ARTEAGA,213,Center,Spain,1992-07-07T00:00:00,MAD,Real Madrid,ok
P000709,000709,omer-faruk-asik,euroleague,https://www.euroleaguebasketball.net/en/euroleague/players/omer-faruk-asik/profile/000709/,OMER,ASIK,211,Center,Turkiye,1986-07-04T00:00:00,ULK,Fenerbahce Ulker,ok
P005961,005961,anton-astapkovich,euroleague,https://www.euroleaguebasketball.net/en/euroleague/players/anton-astapkovich/profile/005961/,ANTON,ASTAPKOVICH,202,Forward,Russian Federation,1994-01-29T00:00:00,CSK,CSKA Moscow,ok
P012268,012268,adam-atamna,euroleague,https://www.euroleaguebasketball.net/en/euroleague/players/adam-atamna/profile/012268/,ADAM,ATAMNA,195,Guard,France,2007-12-06T00:00:00,ASV,LDLC ASVEL Villeurbanne,ok
P004290,004290,ioannis-athinaiou,euroleague,https://www.euroleaguebasketball.net/en/euroleague/players/ioannis-athinaiou/profile/004290/,IOANNIS,ATHINAIOU,194,Guard,Greece,1988-05-27T00:00:00,PAN,Panathinaikos OPAP Athens,ok
P007674,007674,yonatan-atias,euroleague,https://www.euroleaguebasketball.net/en/euroleague/players/yonatan-atias/profile/007674/,YONATAN,ATIAS,205,Center,Israel,2001-01-26T00:00:00,TEL,Maccabi Playtika Tel Aviv,ok
P000185,000185,engin-atsur,euroleague,https://www.euroleaguebasketball.net/en/euroleague/players/engin-atsur/profile/000185/,ENGIN,ATSUR,189,Guard,Germany,1984-04-02T00:00:00,GAL,Galatasaray Liv Hospital Istanbul,ok
P007948,007948,zach-auguste,euroleague,https://www.euroleaguebasketball.net/en/euroleague/players/zach-auguste/profile/007948/,ZACH,AUGUSTE,208,Center,United States of America,1993-07-08T00:00:00,PAN,Panathinaikos OPAP Athens,ok
P001438,001438,james-augustine,euroleague,https://www.euroleaguebasketball.net/en/euroleague/players/james-augustine/profile/001438/,JAMES,AUGUSTINE,208,Center,United States of America,1984-02-27T00:00:00,MAL,Unicaja Malaga,ok
P010798,010798,neoklis-avdalas,euroleague,https://www.euroleaguebasketball.net/en/euroleague/players/neoklis-avdalas/profile/010798/,NEOKLIS,AVDALAS,196,Guard,Greece,2006-02-04T00:00:00,PAN,Panathinaikos Athens,ok
PAUQ,AUQ,vule-avdalovic,euroleague,https://www.euroleaguebasketball.net/en/euroleague/players/vule-avdalovic/profile/AUQ/,VULE,AVDALOVIC,189,Guard,Serbia,1981-11-24T00:00:00,BER,Alba Berlin,ok
P007675,007675,deni-avdija,euroleague,https://www.euroleaguebasketball.net/en/euroleague/players/deni-avdija/profile/007675/,DENI,AVDIJA,205,Guard,Israel,2001-01-03T00:00:00,TEL,Maccabi FOX Tel Aviv,ok
P003983,003983,aleksa-avramovic,euroleague,https://www.euroleaguebasketball.net/en/euroleague/players/aleksa-avramovic/profile/003983/,ALEKSA,AVRAMOVIC,193,Guard,Serbia,1994-10-25T00:00:00,DUB,Dubai Basketball,ok
P006904,006904,joel-ayayi,euroleague,https://www.euroleaguebasketball.net/en/euroleague/players/joel-ayayi/profile/006904/,JOEL,AYAYI,196,Guard,France,2000-03-05T00:00:00,PRS,Paris Basketball,ok
P007764,007764,serkan-aydin,euroleague,https://www.euroleaguebasketball.net/en/euroleague/players/serkan-aydin/profile/007764/,SERKAN,AYDIN,200,Guard,Turkiye,2000-05-20T00:00:00,GAL,Galatasaray Odeabank Istanbul,ok
P005927,005927,gustavo-ayon,euroleague,https://www.euroleaguebasketball.net/en/euroleague/players/gustavo-ayon/profile/005927/,GUSTAVO,AYON,208,Center,Mexico,1985-04-01T00:00:00,DYR,Zenit St Petersburg,ok
P007148,007148,jeff-ayres,euroleague,https://www.euroleaguebasketball.net/en/euroleague/players/jeff-ayres/profile/007148/,JEFF,AYRES,206,Center,United States of America,1987-04-29T00:00:00,CSK,CSKA Moscow,ok
PKXF,KXF,larry-ayuso,euroleague,https://www.euroleaguebasketball.net/en/euroleague/players/larry-ayuso/profile/KXF/,LARRY,AYUSO,190,Guard,Puerto Rico,1977-03-27T00:00:00,CIB,Cibona,ok
P001761,001761,luka-babic,euroleague,https://www.euroleaguebasketball.net/en/euroleague/players/luka-babic/profile/001761/,LUKA,BABIC,201,Forward,Croatia,1991-09-29T00:00:00,CED,Cedevita Zagreb,ok
P003475,003475,petar-babic,euroleague,https://www.euroleaguebasketball.net/en/euroleague/players/petar-babic/profile/003475/,PETAR,BABIC,190,Guard,Croatia,1985-01-02T00:00:00,ZAG,Zagreb,ok
PBUV,BUV,steponas-babrauskas,euroleague,https://www.euroleaguebasketball.net/en/euroleague/players/steponas-babrauskas/profile/BUV/,STEPONAS,BABRAUSKAS,197,Guard,Lithuania,1984-06-20T00:00:00,LIE,Lietuvos Rytas Vilnius,ok
P004943,004943,evgeny-baburin,euroleague,https://www.euroleaguebasketball.net/en/euroleague/players/evgeny-baburin/profile/004943/,EVGENY,BABURIN,190,Guard,Russian Federation,1987-07-04T00:00:00,NOV,Nizhny Novgorod,ok
P011286,011286,dwayne-bacon,euroleague,https://www.euroleaguebasketball.net/en/euroleague/players/dwayne-bacon/profile/011286/,DWAYNE,BACON,204,Forward,United States of America,1995-08-30T00:00:00,DUB,Dubai Basketball,ok
P014015,014015,armando-bacot-jr,euroleague,https://www.euroleaguebasketball.net/en/euroleague/players/armando-bacot-jr/profile/014015/,ARMANDO,BACOT JR.,208,Center,United States of America,2000-03-06T00:00:00,ULK,Fenerbahce Beko Istanbul,ok
P000064,000064,moussa-badiane,euroleague,https://www.euroleaguebasketball.net/en/euroleague/players/moussa-badiane/profile/000064/,MOUSSA,BADIANE,208,Center,France,1981-10-16T00:00:00,NAN,SLUC Nancy,ok
PTEY,TEY,pape-badiane,euroleague,https://www.euroleaguebasketball.net/en/euroleague/players/pape-badiane/profile/TEY/,PAPE,BADIANE,211,Center,France,1980-02-10T00:00:00,LEM,Le Mans,ok
P007527,007527,brancou-badio,euroleague,https://www.euroleaguebasketball.net/en/euroleague/players/brancou-badio/profile/007527/,BRANCOU,BADIO,191,Guard,Senegal,1999-02-17T00:00:00,PAM,Valencia Basket,ok
P009947,009947,ibou-badji,euroleague,https://www.euroleaguebasketball.net/en/euroleague/players/ibou-badji/profile/009947/,IBOU,BADJI,215,Center,Senegal,2002-10-13T00:00:00,BAR,FC Barcelona,ok
P005788,005788,eulis-baez,euroleague,https://www.euroleaguebasketball.net/en/euroleague/players/eulis-baez/profile/005788/,EULIS,BAEZ,201,Center,Dominican Republic,1982-03-18T00:00:00,CAN,Herbalife Gran Canaria,ok
PAFG,AFG,dalibor-bagaric,euroleague,https://www.euroleaguebasketball.net/en/euroleague/players/dalibor-bagaric/profile/AFG/,DALIBOR,BAGARIC,215,Center,Germany,1980-07-02T00:00:00,CIB,Cibona,ok
PTFP,TFP,simone-bagnoli,euroleague,https://www.euroleaguebasketball.net/en/euroleague/players/simone-bagnoli/profile/TFP/,SIMONE,BAGNOLI,206,Forward,Italy,1987-09-21T00:00:00,ROM,Lottomatica Roma,ok
PBEM,BEM,bryan-bailey,euroleague,https://www.euroleaguebasketball.net/en/euroleague/players/bryan-bailey/profile/BEM/,BRYAN,BAILEY,185,Guard,United States of America,1980-06-15T00:00:00,OLD,EWE Baskets,ok
PTGK,TGK,maurice-bailey,euroleague,https://www.euroleaguebasketball.net/en/euroleague/players/maurice-bailey/profile/TGK/,MAURICE,BAILEY,183,Guard,United States of America,1981-10-30T00:00:00,LJU,Union Olimpija,ok
P013028,013028,matteo-baiocchi,euroleague,https://www.euroleaguebasketball.net/en/euroleague/players/matteo-baiocchi/profile/013028/,MATTEO,BAIOCCHI,196,Guard,Italy,2007-08-02T00:00:00,VIR,Virtus Bologna,ok
PTFL,TFL,kenan-bajramovic,euroleague,https://www.euroleaguebasketball.net/en/euroleague/players/kenan-bajramovic/profile/TFL/,KENAN,BAJRAMOVIC,207,Forward,Bosnia and Herzegovina,1981-05-24T00:00:00,LIE,Lietuvos Rytas Vilnius,ok
P013774,013774,robert-baker-ii,euroleague,https://www.euroleaguebasketball.net/en/euroleague/players/robert-baker-ii/profile/013774/,ROBERT,BAKER II ,208,Forward,United States of America,1998-06-28T00:00:00,BER,ALBA Berlin,ok
P009767,009767,ron-baker,euroleague,https://www.euroleaguebasketball.net/en/euroleague/players/ron-baker/profile/009767/,RON,BAKER,193,Guard,United States of America,1993-03-30T00:00:00,CSK,CSKA Moscow,ok
P004655,004655,ismael-bako,euroleague,https://www.euroleaguebasketball.net/en/euroleague/players/ismael-bako/profile/004655/,ISMAEL,BAKO,208,Center,Belgium,1995-10-10T00:00:00,PRS,Paris Basketball,ok
P004803,004803,nikita-balashov,euroleague,https://www.euroleaguebasketball.net/en/euroleague/players/nikita-balashov/profile/004803/,NIKITA,BALASHOV,207,Forward,Russian Federation,1991-06-19T00:00:00,TIV,Lokomotiv Kuban Krasnodar,ok
P007581,007581,sergei-balashov,euroleague,https://www.euroleaguebasketball.net/en/euroleague/players/sergei-balashov/profile/007581/,SERGEI,BALASHOV,206,Forward,Russian Federation,1996-07-20T00:00:00,DYR,Zenit St Petersburg,ok
P003521,003521,dogus-balbay,euroleague,https://www.euroleaguebasketball.net/en/euroleague/players/dogus-balbay/profile/003521/,DOGUS,BALBAY,0,Guard,Turkiye,1989-01-21T00:00:00,IST,Anadolu Efes Istanbul,ok
P007553,007553,aleksander-balcerowski,euroleague,https://www.euroleaguebasketball.net/en/euroleague/players/aleksander-balcerowski/profile/007553/,ALEKSANDER,BALCEROWSKI,215,Forward,Poland,2000-11-19T00:00:00,PAN,Panathinaikos AKTOR Athens,ok
P006707,006707,tommaso-baldasso,euroleague,https://www.euroleaguebasketball.net/en/euroleague/players/tommaso-baldasso/profile/006707/,TOMMASO,BALDASSO,190,Guard,Italy,1998-01-29T00:00:00,MIL,EA7 Emporio Armani Milan,ok
P009863,009863,wade-baldwin-iv,euroleague,https://www.euroleaguebasketball.net/en/euroleague/players/wade-baldwin-iv/profile/009863/,WADE,BALDWIN IV,193,Guard,United States of America,1996-03-29T00:00:00,ULK,Fenerbahce Beko Istanbul,ok
P012597,012597,kamar-baldwin,euroleague,https://www.euroleaguebasketball.net/en/euroleague/players/kamar-baldwin/profile/012597/,KAMAR,BALDWIN,185,Guard,United States of America,1997-09-15T00:00:00,MUN,FC Bayern Munich,ok
P002644,002644,ondrej-balvin,euroleague,https://www.euroleaguebasketball.net/en/euroleague/players/ondrej-balvin/profile/002644/,ONDREJ,BALVIN,217,Center,Czech Republic,1992-09-20T00:00:00,CAN,Herbalife Gran Canaria,ok
P013696,013696,jilson-bango,euroleague,https://www.euroleaguebasketball.net/en/euroleague/players/jilson-bango/profile/013696/,JILSON,BANGO,208,Center,Angola,1999-01-06T00:00:00,ULK,Fenerbahce Beko Istanbul,ok
PATS,ATS,marko-banic,euroleague,https://www.euroleaguebasketball.net/en/euroleague/players/marko-banic/profile/ATS/,MARKO,BANIC,204,Center,Croatia,1984-08-31T00:00:00,UNK,Unics Kazan,ok
PLNE,LNE,cedrick-banks,euroleague,https://www.euroleaguebasketball.net/en/euroleague/players/cedrick-banks/profile/LNE/,CEDRICK,BANKS,190,Guard,United States of America,1981-12-16T00:00:00,CHL,Elan Chalon-Sur-Saone,ok
P004428,004428,marcus-banks,euroleague,https://www.euroleaguebasketball.net/en/euroleague/players/marcus-banks/profile/004428/,MARCUS,BANKS,188,Guard,United States of America,1981-11-19T00:00:00,PAN,Panathinaikos Athens,ok
P003068,003068,billyf-baptist,euroleague,https://www.euroleaguebasketball.net/en/euroleague/players/billyf-baptist/profile/003068/,BILLY,BAPTIST,190,Guard,United States of America,1987-08-19T00:00:00,MAL,Unicaja Malaga,ok
PTGC,TGC,stanko-barac,euroleague,https://www.euroleaguebasketball.net/en/euroleague/players/stanko-barac/profile/TGC/,STANKO,BARAC,217,Center,Croatia,1986-08-14T00:00:00,MIL,EA7 Emporio Armani Milan,ok
P009923,009923,maksim-barashkov,euroleague,https://www.euroleaguebasketball.net/en/euroleague/players/maksim-barashkov/profile/009923/,MAKSIM,BARASHKOV,201,Forward,Russian Federation,1998-07-10T00:00:00,KHI,Khimki Moscow Region,ok
PBWZ,BWZ,andrea-bargnani,euroleague,https://www.euroleaguebasketball.net/en/euroleague/players/andrea-bargnani/profile/BWZ/,ANDREA,BARGNANI,213,Center,Italy,1985-10-26T00:00:00,BAS,Baskonia Vitoria Gasteiz,ok
P005206,005206,david-barlow,euroleague,https://www.euroleaguebasketball.net/en/euroleague/players/david-barlow/profile/005206/,DAVID,BARLOW,205,Forward,Australia,1983-10-22T00:00:00,GSS,Stelmet Zielona Gora,ok
P005775,005775,billy-baron,euroleague,https://www.euroleaguebasketball.net/en/euroleague/players/billy-baron/profile/005775/,BILLY,BARON,188,Guard,United States of America,1990-12-11T00:00:00,MIL,EA7 Emporio Armani Milan,ok
P002741,002741,filip-barovic,euroleague,https://www.euroleaguebasketball.net/en/euroleague/players/filip-barovic/profile/002741/,FILIP,BAROVIC,207,Center,Montenegro,1990-07-29T00:00:00,BUD,Buducnost VOLI Pogdorica,ok
P004586,004586,jonathan-barreiro,euroleague,https://www.euroleaguebasketball.net/en/euroleague/players/jonathan-barreiro/profile/004586/,JONATHAN,BARREIRO,202,Forward,Spain,1997-01-16T00:00:00,MAD,Real Madrid,ok
P011242,011242,alejandro-barrera,euroleague,https://www.euroleaguebasketball.net/en/euroleague/players/alejandro-barrera/profile/011242/,ALEJANDRO,BARRERA,196,Guard,Spain,1992-04-01T00:00:00,BAS,Bitci Baskonia Vitoria-Gasteiz,ok
PBMV,BMV,panchi-barrera,euroleague,https://www.euroleaguebasketball.net/en/euroleague/players/panchi-barrera/profile/BMV/,PANCHI,BARRERA,193,Guard,Spain,1985-04-06T00:00:00,MAL,Unicaja Malaga,ok
P001170,001170,andre-barrett,euroleague,https://www.euroleaguebasketball.net/en/euroleague/players/andre-barrett/profile/001170/,ANDRE,BARRETT,175,Guard,United States of America,1982-02-21T00:00:00,BAR,Regal FC Barcelona,ok
P003490,003490,danilo-barthel,euroleague,https://www.euroleaguebasketball.net/en/euroleague/players/danilo-barthel/profile/003490/,DANILO,BARTHEL,0,Forward,Germany,1991-10-24T00:00:00,ULK,Fenerbahce Beko Istanbul,ok
P003420,003420,lorenzo-bartoli,euroleague,https://www.euroleaguebasketball.net/en/euroleague/players/lorenzo-bartoli/profile/003420/,LORENZO,BARTOLI,198,Guard,Italy,1994-04-24T00:00:00,MIL,EA7 Emporio Armani Milan,ok
PBCW,BCW,lubos-barton,euroleague,https://www.euroleaguebasketball.net/en/euroleague/players/lubos-barton/profile/BCW/,LUBOS,BARTON,,,Czech Republic,1980-04-07T00:00:00,BAR,FC Barcelona Lassa,ok
PLGR,LGR,rasim-basak,euroleague,https://www.euroleaguebasketball.net/en/euroleague/players/rasim-basak/profile/LGR/,RASIM,BASAK,202,Forward,Turkiye,1980-01-17T00:00:00,ULK,Fenerbahce Ulker,ok
PADS,ADS,gianluca-basile,euroleague,https://www.euroleaguebasketball.net/en/euroleague/players/gianluca-basile/profile/ADS/,GIANLUCA,BASILE,192,Guard,Italy,1975-01-24T00:00:00,MIL,EA7 Emporio Armani Milan,ok
P001868,001868,marios-batis,euroleague,https://www.euroleaguebasketball.net/en/euroleague/players/marios-batis/profile/001868/,MARIOS,BATIS,188,Guard,Greece,1980-06-20T00:00:00,MAR,Maroussi,ok
PDHD,DHD,esteban-batista,euroleague,https://www.euroleaguebasketball.net/en/euroleague/players/esteban-batista/profile/DHD/,ESTEBAN,BATISTA,208,Center,Uruguay,1983-09-02T00:00:00,PAN,Panathinaikos Athens,ok
PLML,LML,jp-batista,euroleague,https://www.euroleaguebasketball.net/en/euroleague/players/jp-batista/profile/LML/,J.P.,BATISTA,206,Center,Brazil,1981-10-29T00:00:00,LMG,Limoges CSP,ok
PAJV,AJV,mike-batiste,euroleague,https://www.euroleaguebasketball.net/en/euroleague/players/mike-batiste/profile/AJV/,MIKE,BATISTE,204,Forward,United States of America,1977-11-21T00:00:00,PAN,Panathinaikos Athens,ok
P004170,004170,birkan-batuk,euroleague,https://www.euroleaguebasketball.net/en/euroleague/players/birkan-batuk/profile/004170/,BIRKAN,BATUK,196,Forward,Turkiye,1990-01-30T00:00:00,IST,Anadolu Efes Istanbul,ok
PKOH,KOH,nicolas-batum,euroleague,https://www.euroleaguebasketball.net/en/euroleague/players/nicolas-batum/profile/KOH/,NICOLAS,BATUM,203,Forward,France,1988-12-14T00:00:00,NAN,SLUC Nancy,ok
P000207,000207,edin-bavcic,euroleague,https://www.euroleaguebasketball.net/en/euroleague/players/edin-bavcic/profile/000207/,EDIN,BAVCIC,210,Forward,Bosnia and Herzegovina,1984-05-06T00:00:00,LJU,Union Olimpija,ok
PKIN,KIN,lonny-baxter,euroleague,https://www.euroleaguebasketball.net/en/euroleague/players/lonny-baxter/profile/KIN/,LONNY,BAXTER,203,Center,United States of America,1979-01-27T00:00:00,NIO,Panionios On Telecoms,ok
P002971,002971,muhammed-baygul,euroleague,https://www.euroleaguebasketball.net/en/euroleague/players/muhammed-baygul/profile/002971/,MUHAMMED,BAYGUL,195,Guard,Turkiye,1992-06-03T00:00:00,DAR,Darussafaka Tekfen Istanbul,ok
P006648,006648,ogulcan-baykan,euroleague,https://www.euroleaguebasketball.net/en/euroleague/players/ogulcan-baykan/profile/006648/,OGULCAN,BAYKAN,196,Guard,Turkiye,1996-01-07T00:00:00,IST,Anadolu Efes Istanbul,ok
P001892,001892,aron-baynes,euroleague,https://www.euroleaguebasketball.net/en/euroleague/players/aron-baynes/profile/001892/,ARON,BAYNES,208,Center,Australia,1986-12-09T00:00:00,LJU,Union Olimpija Ljubljana,ok
P005350,005350,ercan-bayrak,euroleague,https://www.euroleaguebasketball.net/en/euroleague/players/ercan-bayrak/profile/005350/,ERCAN,BAYRAK,208,Forward,Turkiye,1997-07-09T00:00:00,ULK,Fenerbahce Ulker,ok
PBDC,BDC,marino-bazdaric,euroleague,https://www.euroleaguebasketball.net/en/euroleague/players/marino-bazdaric/profile/BDC/,MARINO,BAZDARIC,195,Guard,Croatia,1978-11-25T00:00:00,CED,Cedevita Zagreb,ok
MAD1,MAD1,b-bogdanovic,none,,,,,,,,,,not_found (http_404)
P012721,012721,justin-bean,euroleague,https://www.euroleaguebasketball.net/en/euroleague/players/justin-bean/profile/012721/,JUSTIN,BEAN,201,Forward,United States of America,1996-11-17T00:00:00,BER,ALBA Berlin,ok
PAHS,AHS,joey-beard,euroleague,https://www.euroleaguebasketball.net/en/euroleague/players/joey-beard/profile/AHS/,JOEY,BEARD,210,Center,Italy,1975-02-21T00:00:00,MIL,Armani Jeans Milano,ok
PBTR,BTR,tanoka-beard,euroleague,https://www.euroleaguebasketball.net/en/euroleague/players/tanoka-beard/profile/BTR/,TANOKA,BEARD,206,Center,United States of America,1971-09-29T00:00:00,ZAL,Zalgiris,ok
P006590,006590,rodrigue-beaubois,euroleague,https://www.euroleaguebasketball.net/en/euroleague/players/rodrigue-beaubois/profile/006590/,RODRIGUE,BEAUBOIS,188,Guard,France,1988-02-24T00:00:00,IST,Anadolu Efes Istanbul,ok
PAGG,AGG,sani-becirovic,euroleague,https://www.euroleaguebasketball.net/en/euroleague/players/sani-becirovic/profile/AGG/,SANI,BECIROVIC,195,Guard,Slovenia,1981-05-19T00:00:00,LJU,Union Olimpija,ok
P008161,008161,juhann-begarin,euroleague,https://www.euroleaguebasketball.net/en/euroleague/players/juhann-begarin/profile/008161/,JUHANN,BEGARIN,196,Forward,France,2002-08-07T00:00:00,MCO,AS Monaco,ok
PAVV,AVV,christophe-beghin,euroleague,https://www.euroleaguebasketball.net/en/euroleague/players/christophe-beghin/profile/AVV/,CHRISTOPHE,BEGHIN,,Center,Belgium,1980-01-02T00:00:00,CHA,Belgacom Spirou Charleroi,ok
PJBJ,JBJ,mirza-begic,euroleague,https://www.euroleaguebasketball.net/en/euroleague/players/mirza-begic/profile/JBJ/,MIRZA,BEGIC,216,Center,Slovenia,1985-07-09T00:00:00,BAS,Laboral Kutxa Vitoria,ok
P004491,004491,romaric-belemene,euroleague,https://www.euroleaguebasketball.net/en/euroleague/players/romaric-belemene/profile/004491/,ROMARIC,BELEMENE,202,Forward,Democratic Republic of the Congo,1997-02-19T00:00:00,MAL,Unicaja Malaga,ok
P005826,005826,laurynas-beliauskas,euroleague,https://www.euroleaguebasketball.net/en/euroleague/players/laurynas-beliauskas/profile/005826/,LAURYNAS,BELIAUSKAS,189,Guard,Lithuania,1997-03-02T00:00:00,KLA,Neptunas Klaipeda,ok
PBCN,BCN,marco-belinelli,euroleague,https://www.euroleaguebasketball.net/en/euroleague/players/marco-belinelli/profile/BCN/,MARCO,BELINELLI,195,Guard,Italy,1986-03-25T00:00:00,VIR,Virtus Segafredo Bologna,ok
P006497,006497,james-bell,euroleague,https://www.euroleaguebasketball.net/en/euroleague/players/james-bell/profile/006497/,JAMES,BELL,196,Forward,United States of America,1992-01-07T00:00:00,BUD,Buducnost VOLI Pogdorica,ok
P004549,004549,dragan-bender,euroleague,https://www.euroleaguebasketball.net/en/euroleague/players/dragan-bender/profile/004549/,DRAGAN,BENDER,211,Forward,Croatia,1997-11-17T00:00:00,TEL,Maccabi Playtika Tel Aviv,ok
P004168,004168,eimantas-bendzius,euroleague,https://www.euroleaguebasketball.net/en/euroleague/players/eimantas-bendzius/profile/004168/,EIMANTAS,BENDZIUS,203,Forward,Lithuania,1990-04-23T00:00:00,LIE,Lietuvos Rytas Vilnius,ok
P006781,006781,iddo-ben-harush,euroleague,https://www.euroleaguebasketball.net/en/euroleague/players/iddo-ben-harush/profile/006781/,IDDO,BEN HARUSH,190,Guard,Israel,1998-05-25T00:00:00,TEL,Maccabi FOX Tel Aviv,ok
P007615,007615,anthony-bennett,euroleague,https://www.euroleaguebasketball.net/en/euroleague/players/anthony-bennett/profile/007615/,ANTHONY,BENNETT,203,Forward,Canada,1993-03-14T00:00:00,ULK,Fenerbahce Ulker,ok
P005687,005687,keith-benson,euroleague,https://www.euroleaguebasketball.net/en/euroleague/players/keith-benson/profile/005687/,KEITH,BENSON,211,Center,United States of America,1988-08-13T00:00:00,KLA,Neptunas Klaipeda,ok
P001159,001159,rod-benson,euroleague,https://www.euroleaguebasketball.net/en/euroleague/players/rod-benson/profile/001159/,ROD,BENSON,208,Center,United States of America,1984-10-10T00:00:00,NAN,SLUC Nancy,ok
P009818,009818,benjamin-bentil,euroleague,https://www.euroleaguebasketball.net/en/euroleague/players/benjamin-bentil/profile/009818/,BENJAMIN,BENTIL,204,Forward,Ghana,1995-03-29T00:00:00,ASV,LDLC ASVEL Villeurbanne,ok
P003495,003495,robin-benzing,euroleague,https://www.euroleaguebasketball.net/en/euroleague/players/robin-benzing/profile/003495/,ROBIN,BENZING,208,Forward,Germany,1989-01-25T00:00:00,MUN,FC Bayern Munich,ok
PLVI,LVI,tomer-ber-aven,euroleague,https://www.euroleaguebasketball.net/en/euroleague/players/tomer-ber-aven/profile/LVI/,TOMER,BER AVEN,197,Guard,Israel,1992-01-02T00:00:00,TEL,Maccabi Electra Tel Aviv,ok
P010355,010355,davion-berry,euroleague,https://www.euroleaguebasketball.net/en/euroleague/players/davion-berry/profile/010355/,DAVION,BERRY,192,Guard,United States of America,1991-11-01T00:00:00,ASV,LDLC ASVEL Villeurbanne,ok
P000436,000436,dairis-bertans,euroleague,https://www.euroleaguebasketball.net/en/euroleague/players/dairis-bertans/profile/000436/,DAIRIS,BERTANS,192,Guard,Latvia,1989-09-09T00:00:00,KHI,Khimki Moscow Region,ok
P003458,003458,davis-bertans,euroleague,https://www.euroleaguebasketball.net/en/euroleague/players/davis-bertans/profile/003458/,DAVIS,BERTANS,210,Forward,Latvia,1992-11-12T00:00:00,DUB,Dubai Basketball,ok
PBFR,BFR,simone-berti,euroleague,https://www.euroleaguebasketball.net/en/euroleague/players/simone-berti/profile/BFR/,SIMONE,BERTI,196,Guard,Italy,1985-06-13T00:00:00,SIE,Montepaschi Siena,ok
P001436,001436,nemanja-besovic,euroleague,https://www.euroleaguebasketball.net/en/euroleague/players/nemanja-besovic/profile/001436/,NEMANJA,BESOVIC,221,Center,Serbia,1992-06-08T00:00:00,PAR,Partizan mt:s Belgrade,ok
PKVL,KVL,travis-best,euroleague,https://www.euroleaguebasketball.net/en/euroleague/players/travis-best/profile/KVL/,TRAVIS,BEST,180,Guard,United States of America,1972-07-12T00:00:00,AVE,Air Avellino,ok
P001927,001927,patrick-beverley,euroleague,https://www.euroleaguebasketball.net/en/euroleague/players/patrick-beverley/profile/001927/,PATRICK,BEVERLEY,185,Guard,United States of America,1988-07-12T00:00:00,OLY,Olympiacos Piraeus,ok
P002289,002289,nemanja-bezbradica,euroleague,https://www.euroleaguebasketball.net/en/euroleague/players/nemanja-bezbradica/profile/002289/,NEMANJA,BEZBRADICA,204,Forward,Serbia,1993-05-29T00:00:00,PAR,Partizan NIS Belgrade,ok
P003137,003137,camillo-bianchi,euroleague,https://www.euroleaguebasketball.net/en/euroleague/players/camillo-bianchi/profile/003137/,CAMILLO,BIANCHI,194,Forward,Italy,1990-12-27T00:00:00,SIE,Montepaschi Siena,ok
P006961,006961,tarik-biberovic,euroleague,https://www.euroleaguebasketball.net/en/euroleague/players/tarik-biberovic/profile/006961/,TARIK,BIBEROVIC,201,Forward,Turkiye,2001-01-28T00:00:00,ULK,Fenerbahce Beko Istanbul,ok
P003622,003622,miro-bilan,euroleague,https://www.euroleaguebasketball.net/en/euroleague/players/miro-bilan/profile/003622/,MIRO,BILAN,213,Center,Croatia,1989-07-21T00:00:00,CED,Cedevita Zagreb,ok
P009903,009903,paul-biligha,euroleague,https://www.euroleaguebasketball.net/en/euroleague/players/paul-biligha/profile/009903/,PAUL,BILIGHA,200,Center,Italy,1990-05-31T00:00:00,MIL,EA7 Emporio Armani Milan,ok
P007182,007182,khem-birch,euroleague,https://www.euroleaguebasketball.net/en/euroleague/players/khem-birch/profile/007182/,KHEM,BIRCH,206,Center,Canada,1992-09-28T00:00:00,ULK,Fenerbahce Beko Istanbul,ok
P003091,003091,metecan-birsen,euroleague,https://www.euroleaguebasketball.net/en/euroleague/players/metecan-birsen/profile/003091/,METECAN,BIRSEN,205,Forward,Ireland,1995-04-06T00:00:00,ULK,Fenerbahce Beko Istanbul,ok
P005504,005504,laurynas-birutis,euroleague,https://www.euroleaguebasketball.net/en/euroleague/players/laurynas-birutis/profile/005504/,LAURYNAS,BIRUTIS,213,Center,Lithuania,1997-08-27T00:00:00,ZAL,Zalgiris Kaunas,ok
P006809,006809,goga-bitadze,euroleague,https://www.euroleaguebasketball.net/en/euroleague/players/goga-bitadze/profile/006809/,GOGA,BITADZE,212,Center,Georgia,1999-07-20T00:00:00,BUD,Buducnost VOLI Pogdorica,ok
P007929,007929,onuralp-bitim,euroleague,https://www.euroleaguebasketball.net/en/euroleague/players/onuralp-bitim/profile/007929/,ONURALP,BITIM,196,Forward,Turkiye,1999-03-31T00:00:00,ULK,Fenerbahce Beko Istanbul,ok
PCHX,CHX,milko-bjelica,euroleague,https://www.euroleaguebasketball.net/en/euroleague/players/milko-bjelica/profile/CHX/,MILKO,BJELICA,207,Center,Montenegro,1984-06-04T00:00:00,RED,Crvena Zvezda mts Belgrade,ok
P001413,001413,nemanja-bjelica,euroleague,https://www.euroleaguebasketball.net/en/euroleague/players/nemanja-bjelica/profile/001413/,NEMANJA,BJELICA,209,Forward,Serbia,1988-05-09T00:00:00,ULK,Fenerbahce Beko Istanbul,ok
P008991,008991,tarik-black,euroleague,https://www.euroleaguebasketball.net/en/euroleague/players/tarik-black/profile/008991/,TARIK,BLACK,206,Center,United States of America,1991-11-22T00:00:00,ASV,LDLC ASVEL Villeurbanne,ok
P013402,013402,antonio-blakeney,euroleague,https://www.euroleaguebasketball.net/en/euroleague/players/antonio-blakeney/profile/013402/,ANTONIO,BLAKENEY,193,Guard,United States of America,1996-10-04T00:00:00,HTA,Hapoel IBI Tel Aviv,ok
PBFY,BFY,roderick-blakney,euroleague,https://www.euroleaguebasketball.net/en/euroleague/players/roderick-blakney/profile/BFY/,RODERICK,BLAKNEY,186,Guard,United States of America,1976-08-06T00:00:00,MAL,Unicaja Malaga,ok
P001899,001899,saul-blanco,euroleague,https://www.euroleaguebasketball.net/en/euroleague/players/saul-blanco/profile/001899/,SAUL,BLANCO,194,Guard,Spain,1985-05-16T00:00:00,MAL,Unicaja Malaga,ok
P003391,003391,jerel-blassingame,euroleague,https://www.euroleaguebasketball.net/en/euroleague/players/jerel-blassingame/profile/003391/,JEREL,BLASSINGAME,175,Guard,United States of America,1981-09-12T00:00:00,SOP,Asseco Prokom Gdynia,ok
P011193,011193,tamir-blatt,euroleague,https://www.euroleaguebasketball.net/en/euroleague/players/tamir-blatt/profile/011193/,TAMIR,BLATT,178,Guard,Israel,1997-05-04T00:00:00,TEL,Maccabi Rapyd Tel Aviv,ok
P009877,009877,oz-blayzer,euroleague,https://www.euroleaguebasketball.net/en/euroleague/players/oz-blayzer/profile/009877/,OZ,BLAYZER,200,Forward,Israel,1992-12-29T00:00:00,HTA,Hapoel IBI Tel Aviv,ok
P008186,008186,marek-blazevic,euroleague,https://www.euroleaguebasketball.net/en/euroleague/players/marek-blazevic/profile/008186/,MAREK,BLAZEVIC,209,Center,Lithuania,2001-09-01T00:00:00,ZAL,Zalgiris Kaunas,ok
P003452,003452,jaka-blazic,euroleague,https://www.euroleaguebasketball.net/en/euroleague/players/jaka-blazic/profile/003452/,JAKA,BLAZIC,194,Forward,Slovenia,1990-06-30T00:00:00,BAR,FC Barcelona Lassa,ok
P011231,011231,jaron-blossomgame,euroleague,https://www.euroleaguebasketball.net/en/euroleague/players/jaron-blossomgame/profile/011231/,JARON,BLOSSOMGAME,200,Forward,United States of America,1993-09-16T00:00:00,MCO,AS Monaco,ok
PKAX,KAX,janis-blums,euroleague,https://www.euroleaguebasketball.net/en/euroleague/players/janis-blums/profile/KAX/,JANIS,BLUMS,190,Guard,Latvia,1982-04-20T00:00:00,PAN,Panathinaikos Athens,ok
PBES,BES,david-bluthenthal,euroleague,https://www.euroleaguebasketball.net/en/euroleague/players/david-bluthenthal/profile/BES/,DAVID,BLU,201,Forward,Israel,1980-07-18T00:00:00,TEL,Maccabi Electra Tel Aviv,ok
P003240,003240,eleftherios-bochoridis,euroleague,https://www.euroleaguebasketball.net/en/euroleague/players/eleftherios-bochoridis/profile/003240/,ELEFTHERIOS,BOCHORIDIS,196,Guard,Greece,1994-04-18T00:00:00,PAN,Panathinaikos Athens,ok
PJMH,JMH,nebojsa-bogavac,euroleague,https://www.euroleaguebasketball.net/en/euroleague/players/nebojsa-bogavac/profile/JMH/,NEBOJSA,BOGAVAC,198,Guard,Montenegro,1973-12-14T00:00:00,LEM,Le Mans,ok
P002821,002821,bogdan-bogdanovic,euroleague,https://www.euroleaguebasketball.net/en/euroleague/players/bogdan-bogdanovic/profile/002821/,BOGDAN,BOGDANOVIC,197,Guard,Serbia,1992-08-18T00:00:00,ULK,Fenerbahce Ulker,ok
P000009,000009,bojan-bogdanovic,euroleague,https://www.euroleaguebasketball.net/en/euroleague/players/bojan-bogdanovic/profile/000009/,BOJAN,BOGDANOVIC,200,Forward,Croatia,1989-04-18T00:00:00,ULK,Fenerbahce Ulker Istanbul,ok
PCHZ,CHZ,luka-bogdanovic,euroleague,https://www.euroleaguebasketball.net/en/euroleague/players/luka-bogdanovic/profile/CHZ/,LUKA,BOGDANOVIC,204,Forward,Serbia,1985-02-11T00:00:00,JOV,DKV Joventut,ok
P001933,001933,giorgos-bogris,euroleague,https://www.euroleaguebasketball.net/en/euroleague/players/giorgos-bogris/profile/001933/,GEORGIOS,BOGRIS,210,Center,Greece,1989-02-19T00:00:00,OLY,Olympiacos Piraeus,ok
PAPT,APT,vladimer-boisa,euroleague,https://www.euroleaguebasketball.net/en/euroleague/players/vladimer-boisa/profile/APT/,VLADIMER,BOISA,205,Forward,Georgia,1981-07-04T00:00:00,LJU,Union Olimpija Ljubljana,ok
PCOC,COC,yannick-bokolo,euroleague,https://www.euroleaguebasketball.net/en/euroleague/players/yannick-bokolo/profile/COC/,YANNICK,BOKOLO,189,Guard,France,1985-06-19T00:00:00,LEM,Le Mans,ok
P007988,007988,jonah-bolden,euroleague,https://www.euroleaguebasketball.net/en/euroleague/players/jonah-bolden/profile/007988/,JONAH,BOLDEN,208,Forward,United States of America,1996-01-02T00:00:00,TEL,Maccabi FOX Tel Aviv,ok
P014105,014105,juom-maker-bol,euroleague,https://www.euroleaguebasketball.net/en/euroleague/players/juom-maker-bol/profile/014105/,JUOM MAKER,BOL,208,Center,Spain,2008-11-08T00:00:00,BAS,Kosner Baskonia Vitoria-Gasteiz,ok
P008985,008985,leandro-bolmaro,euroleague,https://www.euroleaguebasketball.net/en/euroleague/players/leandro-bolmaro/profile/008985/,LEANDRO,BOLMARO,200,Guard,Italy,2000-09-11T00:00:00,MIL,EA7 Emporio Armani Milan,ok
P009035,009035,joel-bolomboy,euroleague,https://www.euroleaguebasketball.net/en/euroleague/players/joel-bolomboy/profile/009035/,JOEL,BOLOMBOY,204,Center,United States of America,1994-01-28T00:00:00,RED,Crvena Zvezda Meridianbet Belgrade,ok
PCOI,COI,federico-bolzonella,euroleague,https://www.euroleaguebasketball.net/en/euroleague/players/federico-bolzonella/profile/COI/,FEDERICO,BOLZONELLA,184,Guard,Italy,1984-04-21T00:00:00,CTU,Bennet Cantu,ok
P006760,006760,isaac-bonga,euroleague,https://www.euroleaguebasketball.net/en/euroleague/players/isaac-bonga/profile/006760/,ISAAC,BONGA,203,Forward,Germany,1999-11-08T00:00:00,PAR,Partizan Mozzart Bet Belgrade,ok
P009056,009056,gael-bonilla,euroleague,https://www.euroleaguebasketball.net/en/euroleague/players/gael-bonilla/profile/009056/,GAEL,BONILLA,202,Forward,Mexico,2003-02-26T00:00:00,BAR,FC Barcelona,ok
P000184,000184,chris-booker,euroleague,https://www.euroleaguebasketball.net/en/euroleague/players/chris-booker/profile/000184/,CHRIS,BOOKER,208,Center,United States of America,1981-10-24T00:00:00,LJU,Union Olimpija,ok
P007056,007056,devin-booker,euroleague,https://www.euroleaguebasketball.net/en/euroleague/players/devin-booker/profile/007056/,DEVIN,BOOKER,205,Center,United States of America,1991-02-28T00:00:00,MIL,EA7 Emporio Armani Milan,ok
PAVD,AVD,melvin-booker,euroleague,https://www.euroleaguebasketball.net/en/euroleague/players/melvin-booker/profile/AVD/,MELVIN,BOOKER,185,Guard,United States of America,1972-08-20T00:00:00,MIL,AJ Milano,ok
P002987,002987,jason-boone,euroleague,https://www.euroleaguebasketball.net/en/euroleague/players/jason-boone/profile/002987/,JASON,BOONE,203,Center,United States of America,1985-10-08T00:00:00,LUD,MHP RIESEN Ludwigsburg,ok
P007012,007012,josh-boone,euroleague,https://www.euroleaguebasketball.net/en/euroleague/players/josh-boone/profile/007012/,JOSH,BOONE,208,Forward,United States of America,1984-11-21T00:00:00,KHI,Khimki Moscow Region,ok
P001936,001936,curtis-borchardt,euroleague,https://www.euroleaguebasketball.net/en/euroleague/players/curtis-borchardt/profile/001936/,CURTIS,BORCHARDT,212,Center,United States of America,1980-09-13T00:00:00,ASV,Asvel Basket,ok
PJNL,JNL,dejan-borovnjak,euroleague,https://www.euroleaguebasketball.net/en/euroleague/players/dejan-borovnjak/profile/JNL/,DEJAN,BOROVNJAK,209,Center,Serbia,1986-04-01T00:00:00,GSS,Stelmet Zielona Gora,ok
P006701,006701,giordano-bortolani,euroleague,https://www.euroleaguebasketball.net/en/euroleague/players/giordano-bortolani/profile/006701/,GIORDANO,BORTOLANI,193,Guard,Italy,2000-12-02T00:00:00,MIL,EA7 Emporio Armani Milan,ok
P012167,012167,mitar-bosnjakovic,euroleague,https://www.euroleaguebasketball.net/en/euroleague/players/mitar-bosnjakovic/profile/012167/,MITAR,BOSNJAKOVIC,196,Guard,Serbia,2006-08-24T00:00:00,PAR,Partizan Mozzart Bet Belgrade,ok
P004264,004264,demarquis-bost,euroleague,https://www.euroleaguebasketball.net/en/euroleague/players/demarquis-bost/profile/004264/,DEE,BOST,188,Guard,Bulgaria,1989-10-12T00:00:00,ASV,LDLC ASVEL Villeurbanne,ok
P014016,014016,brandon-boston-jr,euroleague,https://www.euroleaguebasketball.net/en/euroleague/players/brandon-boston-jr/profile/014016/,BRANDON,BOSTON JR.,198,Guard,United States of America,2001-11-28T00:00:00,ULK,Fenerbahce Beko Istanbul,ok
PLLV,LLV,ruben-boumtje-boumtje,euroleague,https://www.euroleaguebasketball.net/en/euroleague/players/ruben-boumtje-boumtje/profile/LLV/,RUBEN,BOUMTJE BOUMTJE,212,Center,Cameroon,1978-05-20T00:00:00,OLD,EWE Baskets,ok
P003650,003650,nobel-boungou-colo,euroleague,https://www.euroleaguebasketball.net/en/euroleague/players/nobel-boungou-colo/profile/003650/,NOBEL,BOUNGOU-COLO,202,Forward,France,1988-04-26T00:00:00,LMG,Limoges CSP,ok
PAQU,AQU,ioannis-bourousis,euroleague,https://www.euroleaguebasketball.net/en/euroleague/players/ioannis-bourousis/profile/AQU/,IOANNIS,BOUROUSIS,215,Center,Greece,1983-11-17T00:00:00,PAN,Panathinaikos Superfoods Athens,ok
P008923,008923,jerry-boutsiele,euroleague,https://www.euroleaguebasketball.net/en/euroleague/players/jerry-boutsiele/profile/008923/,JERRY,BOUTSIELE,208,Center,France,1992-12-16T00:00:00,MCO,AS Monaco,ok
PJJY,JJY,petar-bozic,euroleague,https://www.euroleaguebasketball.net/en/euroleague/players/petar-bozic/profile/JJY/,PETAR,BOZIC,0,Guard,Serbia,1978-12-06T00:00:00,PAR,Partizan mt:s Belgrade,ok
P005284,005284,craig-brackins,euroleague,https://www.euroleaguebasketball.net/en/euroleague/players/craig-brackins/profile/005284/,CRAIG,BRACKINS,208,Forward,United States of America,1987-10-09T00:00:00,GSS,Stelmet Zielona Gora,ok
P000127,000127,michael-bradley,euroleague,https://www.euroleaguebasketball.net/en/euroleague/players/michael-bradley/profile/000127/,MICHAEL,BRADLEY,208,Center,United States of America,1979-04-18T00:00:00,ZAL,Zalgiris,ok
P012203,012203,suleiman-braimoh,euroleague,https://www.euroleaguebasketball.net/en/euroleague/players/suleiman-braimoh/profile/012203/,SULEIMAN,BRAIMOH,203,Center,Nigeria,1989-10-19T00:00:00,TEL,Maccabi Playtika Tel Aviv,ok
P002906,002906,michael-bramos,euroleague,https://www.euroleaguebasketball.net/en/euroleague/players/michael-bramos/profile/002906/,MICHAEL,BRAMOS,196,Guard,United States of America,1987-05-27T00:00:00,PAN,Panathinaikos Athens,ok
P011263,011263,oded-brandwein,euroleague,https://www.euroleaguebasketball.net/en/euroleague/players/oded-brandwein/profile/011263/,ODED,BRANDWEIN,179,Guard,Israel,1988-02-15T00:00:00,TEL,Maccabi Playtika Tel Aviv,ok
P007639,007639,danko-brankovic,euroleague,https://www.euroleaguebasketball.net/en/euroleague/players/danko-brankovic/profile/007639/,DANKO,BRANKOVIC,217,Center,Croatia,2000-11-05T00:00:00,MUN,FC Bayern Munich,ok
P011243,011243,jarrell-brantley,euroleague,https://www.euroleaguebasketball.net/en/euroleague/players/jarrell-brantley/profile/011243/,JARRELL,BRANTLEY,201,Forward,United States of America,1996-06-07T00:00:00,UNK,UNICS Kazan,ok
P009834,009834,tj-bray,euroleague,https://www.euroleaguebasketball.net/en/euroleague/players/tj-bray/profile/009834/,TJ,BRAY,196,Guard,United States of America,1992-06-14T00:00:00,MUN,FC Bayern Munich,ok
PTFM,TFM,lukas-brazdauskis,euroleague,https://www.euroleaguebasketball.net/en/euroleague/players/lukas-brazdauskis/profile/TFM/,LUKAS,BRAZDAUSKIS,203,Forward,Lithuania,1988-10-01T00:00:00,LIE,Lietuvos Rytas,ok
P011983,011983,ignas-brazdeikis,euroleague,https://www.euroleaguebasketball.net/en/euroleague/players/ignas-brazdeikis/profile/011983/,IGNAS,BRAZDEIKIS,201,Forward,Lithuania,1999-01-08T00:00:00,ZAL,Zalgiris Kaunas,ok
P001790,001790,tyrone-brazelton,euroleague,https://www.euroleaguebasketball.net/en/euroleague/players/tyrone-brazelton/profile/001790/,TYRONE,BRAZELTON,183,Guard,United States of America,1986-03-30T00:00:00,SOP,Asseco Prokom,ok
PJKL,JKL,jr-bremer,euroleague,https://www.euroleaguebasketball.net/en/euroleague/players/jr-bremer/profile/JKL/,JR,BREMER,187,Guard,United States of America,1980-09-19T00:00:00,ULK,Fenerbahce Ulker Istanbul,ok
P007566,007566,lorenz-brenneke,euroleague,https://www.euroleaguebasketball.net/en/euroleague/players/lorenz-brenneke/profile/007566/,LORENZ,BRENNEKE,204,Forward,Germany,2000-01-02T00:00:00,BER,ALBA Berlin,ok
PAGH,AGH,primoz-brezec,euroleague,https://www.euroleaguebasketball.net/en/euroleague/players/primoz-brezec/profile/AGH/,PRIMOZ,BREZEC,216,Center,Slovenia,1979-10-02T00:00:00,ROM,Lottomatica Roma,ok
P014127,014127,oshae-j-brissett,euroleague,https://www.euroleaguebasketball.net/en/euroleague/players/oshae-j-brissett/profile/014127/,O'SHAE J,BRISSETT,201,Forward,Canada,1998-01-20T00:00:00,TEL,Maccabi Rapyd Tel Aviv,ok
P009992,009992,dario-brizuela,euroleague,https://www.euroleaguebasketball.net/en/euroleague/players/dario-brizuela/profile/009992/,DARIO,BRIZUELA,188,Guard,Spain,1994-11-08T00:00:00,BAR,FC Barcelona,ok
PLVA,LVA,toni-brnas,euroleague,https://www.euroleaguebasketball.net/en/euroleague/players/toni-brnas/profile/LVA/,TONI,BRNAS,201,Forward,Croatia,1991-07-30T00:00:00,CIB,Cibona Zagreb,ok
P010458,010458,vladimir-brodziansky,euroleague,https://www.euroleaguebasketball.net/en/euroleague/players/vladimir-brodziansky/profile/010458/,VLADIMIR,BRODZIANSKY,211,Center,Slovakia,1994-05-08T00:00:00,PAR,Partizan Mozzart Bet Belgrade,ok
P005195,005195,ryan-broekhoff,euroleague,https://www.euroleaguebasketball.net/en/euroleague/players/ryan-broekhoff/profile/005195/,RYAN,BROEKHOFF,197,Forward,Australia,1990-08-23T00:00:00,TIV,Lokomotiv Kuban Krasnodar,ok
P013384,013384,armoni-brooks,euroleague,https://www.euroleaguebasketball.net/en/euroleague/players/armoni-brooks/profile/013384/,ARMONI,BROOKS,194,Guard,United States of America,1998-06-05T00:00:00,MIL,EA7 Emporio Armani Milan,ok
P004117,004117,jeff-brooks,euroleague,https://www.euroleaguebasketball.net/en/euroleague/players/jeff-brooks/profile/004117/,JEFF,BROOKS,203,Forward,Italy,1989-06-12T00:00:00,MIL,AX Armani Exchange Milan,ok
P005805,005805,marshon-brooks,euroleague,https://www.euroleaguebasketball.net/en/euroleague/players/marshon-brooks/profile/005805/,MARSHON ,BROOKS,196,Guard,United States of America,1989-01-26T00:00:00,MIL,EA7 Emporio Armani Milan,ok
P000129,000129,bobby-brown,euroleague,https://www.euroleaguebasketball.net/en/euroleague/players/bobby-brown/profile/000129/,BOBBY,BROWN,188,Guard,United States of America,1984-09-24T00:00:00,OLY,Olympiacos Piraeus,ok
P000635,000635,dee-brown,euroleague,https://www.euroleaguebasketball.net/en/euroleague/players/dee-brown/profile/000635/,DEE,BROWN,185,Guard,United States of America,1984-08-17T00:00:00,TEL,Maccabi Electra,ok
P004425,004425,derrick-brown,euroleague,https://www.euroleaguebasketball.net/en/euroleague/players/derrick-brown/profile/004425/,DERRICK,BROWN,203,Forward,United States of America,1987-09-08T00:00:00,RED,Crvena Zvezda mts Belgrade,ok
P003532,003532,devin-brown,euroleague,https://www.euroleaguebasketball.net/en/euroleague/players/devin-brown/profile/003532/,DEVIN,BROWN,196,Guard,United States of America,1978-12-30T00:00:00,SOP,Asseco Prokom Gdynia,ok
P001460,001460,elton-brown,euroleague,https://www.euroleaguebasketball.net/en/euroleague/players/elton-brown/profile/001460/,ELTON,BROWN,206,Forward,United States of America,1983-09-15T00:00:00,TEL,Maccabi Electra,ok
P010588,010588,john-brown,euroleague,https://www.euroleaguebasketball.net/en/euroleague/players/john-brown/profile/010588/,JOHN,BROWN III,203,Forward,United States of America,1992-01-28T00:00:00,RED,Crvena Zvezda Meridianbet Belgrade,ok
P009622,009622,lorenzo-brown,euroleague,https://www.euroleaguebasketball.net/en/euroleague/players/lorenzo-brown/profile/009622/,LORENZO,BROWN,196,Guard,United States of America,1990-08-26T00:00:00,MIL,EA7 Emporio Armani Milan,ok
PAHT,AHT,marcus-brown,euroleague,https://www.euroleaguebasketball.net/en/euroleague/players/marcus-brown/profile/AHT/,MARCUS,BROWN,191,Guard,United States of America,1974-04-03T00:00:00,ZAL,Zalgiris Kaunas,ok
P007424,007424,markel-brown,euroleague,https://www.euroleaguebasketball.net/en/euroleague/players/markel-brown/profile/007424/,MARKEL,BROWN,191,Guard,United States of America,1992-01-29T00:00:00,DAR,Darussafaka Tekfen Istanbul,ok
P009817,009817,rion-brown,euroleague,https://www.euroleaguebasketball.net/en/euroleague/players/rion-brown/profile/009817/,RION,BROWN,197,Forward,United States of America,1991-09-03T00:00:00,PAN,Panathinaikos OPAP Athens,ok
P012720,012720,sterling-brown,euroleague,https://www.euroleaguebasketball.net/en/euroleague/players/sterling-brown/profile/012720/,STERLING,BROWN,196,Forward,United States of America,1995-02-10T00:00:00,PAR,Partizan Mozzart Bet Belgrade,ok
P013365,013365,vitto-brown,euroleague,https://www.euroleaguebasketball.net/en/euroleague/players/vitto-brown/profile/013365/,VITTO,BROWN,203,Forward,United States of America,1995-07-13T00:00:00,MCO,AS Monaco,ok
P000430,000430,dwayne-broyles,euroleague,https://www.euroleaguebasketball.net/en/euroleague/players/dwayne-broyles/profile/000430/,DWAYNE,BROYLES,196,Forward,United States of America,1982-07-10T00:00:00,CHA,Belgacom Spirou Charleroi,ok
P000582,000582,greg-brunner,euroleague,https://www.euroleaguebasketball.net/en/euroleague/players/greg-brunner/profile/000582/,GREG,BRUNNER,201,Center,United States of America,1983-06-15T00:00:00,CTU,Bennet Cantu,ok
P009846,009846,elijah-bryant,euroleague,https://www.euroleaguebasketball.net/en/euroleague/players/elijah-bryant/profile/009846/,ELIJAH,BRYANT,196,Guard,United States of America,1995-04-19T00:00:00,HTA,Hapoel IBI Tel Aviv,ok
P004123,004123,john-bryant,euroleague,https://www.euroleaguebasketball.net/en/euroleague/players/john-bryant/profile/004123/,JOHN,BRYANT,211,Center,United States of America,1987-06-13T00:00:00,MUN,FC Bayern Munich,ok
P004221,004221,drazen-bubnic,euroleague,https://www.euroleaguebasketball.net/en/euroleague/players/drazen-bubnic/profile/004221/,DRAZEN,BUBNIC,207,Forward,Slovenia,1986-01-13T00:00:00,LJU,Union Olimpija Ljubljana,ok
P007427,007427,chase-budinger,euroleague,https://www.euroleaguebasketball.net/en/euroleague/players/chase-budinger/profile/007427/,CHASE,BUDINGER,201,Forward,United States of America,1988-05-22T00:00:00,BAS,Baskonia Vitoria Gasteiz,ok
PKQM,KQM,martin-buesa,euroleague,https://www.euroleaguebasketball.net/en/euroleague/players/martin-buesa/profile/KQM/,MARTIN,BUESA,202,Forward,Spain,1988-08-24T00:00:00,BAS,Caja Laboral Vitoria,ok
P011330,011330,dovydas-buika,euroleague,https://www.euroleaguebasketball.net/en/euroleague/players/dovydas-buika/profile/011330/,DOVYDAS,BUIKA,198,Guard,Lithuania,2007-01-03T00:00:00,ZAL,Zalgiris Kaunas,ok
P002001,002001,evren-buker,euroleague,https://www.euroleaguebasketball.net/en/euroleague/players/evren-buker/profile/002001/,EVREN,BUKER,194,Guard,Turkiye,1985-07-06T00:00:00,GAL,Galatasaray Medical Park,ok
P001881,001881,marco-buljevic,euroleague,https://www.euroleaguebasketball.net/en/euroleague/players/marco-buljevic/profile/001881/,MARCO,BULJEVIC,196,Guard,Germany,1987-03-26T00:00:00,OLD,EWE Baskets,ok
PAHU,AHU,massimo-bulleri,euroleague,https://www.euroleaguebasketball.net/en/euroleague/players/massimo-bulleri/profile/AHU/,MASSIMO,BULLERI,0,Guard,Italy,1977-09-10T00:00:00,MIL,Armani Jeans Milano,ok
PAJO,AJO,louis-bullock,euroleague,https://www.euroleaguebasketball.net/en/euroleague/players/louis-bullock/profile/AJO/,LOUIS,BULLOCK,185,Guard,United States of America,1976-05-20T00:00:00,MAD,Real Madrid,ok
PCFN,CFN,patrick-burke,euroleague,https://www.euroleaguebasketball.net/en/euroleague/players/patrick-burke/profile/CFN/,PAT,BURKE,208,Center,Ireland,1973-12-14T00:00:00,SOP,Asseco Prokom,ok
P005692,005692,christian-burns,euroleague,https://www.euroleaguebasketball.net/en/euroleague/players/christian-burns/profile/005692/,CHRISTIAN,BURNS,203,Forward,Italy,1985-09-04T00:00:00,MIL,AX Armani Exchange Milan,ok
PLGW,LGW,ronnie-burrell,euroleague,https://www.euroleaguebasketball.net/en/euroleague/players/ronnie-burrell/profile/LGW/,RONNIE,BURRELL,204,Forward,United States of America,1983-07-21T00:00:00,SOP,Asseco Prokom Gdynia,ok
PAOY,AOY,tal-burstein,euroleague,https://www.euroleaguebasketball.net/en/euroleague/players/tal-burstein/profile/AOY/,TAL,BURSTEIN,198,,Israel,1980-02-19T00:00:00,TEL,Maccabi FOX Tel Aviv,ok
PTFO,TFO,simas-buterlevicius,euroleague,https://www.euroleaguebasketball.net/en/euroleague/players/simas-buterlevicius/profile/TFO/,SIMAS,BUTERLEVICIUS,200,Forward,Lithuania,1989-04-28T00:00:00,LIE,Lietuvos Rytas Vilnius,ok
P010184,010184,dovydas-butka,euroleague,https://www.euroleaguebasketball.net/en/euroleague/players/dovydas-butka/profile/010184/,DOVYDAS,BUTKA,204,Forward,Lithuania,2003-07-24T00:00:00,ZAL,Zalgiris Kaunas,ok
P002676,002676,arnas-butkevicius,euroleague,https://www.euroleaguebasketball.net/en/euroleague/players/arnas-butkevicius/profile/002676/,ARNAS,BUTKEVICIUS,197,Forward,Lithuania,1992-10-22T00:00:00,ZAL,Zalgiris Kaunas,ok
PKKI,KKI,povilas-butkevicius,euroleague,https://www.euroleaguebasketball.net/en/euroleague/players/povilas-butkevicius/profile/KKI/,POVILAS,BUTKEVICIUS,203,Forward,Lithuania,1987-09-26T00:00:00,ZAL,Zalgiris Kaunas,ok
P014163,014163,jared-butler,euroleague,https://www.euroleaguebasketball.net/en/euroleague/players/jared-butler/profile/014163/,JARED,BUTLER,191,Guard,United States of America,2000-08-25T00:00:00,RED,Crvena Zvezda Meridianbet Belgrade,ok
P004187,004187,ivan-buva,euroleague,https://www.euroleaguebasketball.net/en/euroleague/players/ivan-buva/profile/004187/,IVAN,BUVA,208,Forward,Croatia,1991-05-06T00:00:00,CED,Cedevita Zagreb,ok
P005859,005859,dwight-buycks,euroleague,https://www.euroleaguebasketball.net/en/euroleague/players/dwight-buycks/profile/005859/,DWIGHT,BUYCKS,191,Guard,United States of America,1989-03-06T00:00:00,OLY,Olympiacos Piraeus,ok
P000685,000685,derrick-byars,euroleague,https://www.euroleaguebasketball.net/en/euroleague/players/derrick-byars/profile/000685/,DERRICK,BYARS,201,Forward,United States of America,1984-04-25T00:00:00,BER,Alba Berlin,ok
PKOS,KOS,sergey-bykov,euroleague,https://www.euroleaguebasketball.net/en/euroleague/players/sergey-bykov/profile/KOS/,SERGEY,BYKOV,190,Guard,Russian Federation,1983-02-26T00:00:00,TIV,Lokomotiv Kuban Krasnodar,ok
PLFR,LFR,will-bynum,euroleague,https://www.euroleaguebasketball.net/en/euroleague/players/will-bynum/profile/LFR/,WILL,BYNUM,183,Guard,United States of America,1983-01-04T00:00:00,TEL,Maccabi Elite Tel Aviv,ok
PAWX,AWX,carlos-cabezas,euroleague,https://www.euroleaguebasketball.net/en/euroleague/players/carlos-cabezas/profile/AWX/,CARLOS,CABEZAS,186,Guard,Spain,1980-11-14T00:00:00,BAS,Laboral Kutxa Vitoria,ok
P012096,012096,bruno-caboclo,euroleague,https://www.euroleaguebasketball.net/en/euroleague/players/bruno-caboclo/profile/012096/,BRUNO,CABOCLO,208,Center,Brazil,1995-09-21T00:00:00,DUB,Dubai Basketball,ok
P001897,001897,giacomo-cacace,euroleague,https://www.euroleaguebasketball.net/en/euroleague/players/giacomo-cacace/profile/001897/,GIACOMO,CACACE,193,Guard,Italy,1993-06-14T00:00:00,MIL,Armani Jeans Milano,ok
P012714,012714,devontae-cacok,euroleague,https://www.euroleaguebasketball.net/en/euroleague/players/devontae-cacok/profile/012714/,DEVONTAE,CACOK,201,Center,United States of America,1996-10-08T00:00:00,VIR,Virtus Segafredo Bologna,ok
P009132,009132,michael-caicedo,euroleague,https://www.euroleaguebasketball.net/en/euroleague/players/michael-caicedo/profile/009132/,MICHAEL,CAICEDO,199,Guard,Spain,2003-06-21T00:00:00,BAR,FC Barcelona,ok
P000230,000230,marko-cakarevic,euroleague,https://www.euroleaguebasketball.net/en/euroleague/players/marko-cakarevic/profile/000230/,MARKO,CAKAREVIC,201,Forward,Serbia,1988-05-13T00:00:00,PAR,Partizan mt:s Belgrade,ok
P001932,001932,nick-calathes,euroleague,https://www.euroleaguebasketball.net/en/euroleague/players/nick-calathes/profile/001932/,NICK,CALATHES,196,Guard,Greece,1989-02-07T00:00:00,PAR,Partizan Mozzart Bet Belgrade,ok
P001142,001142,pat-calathes,euroleague,https://www.euroleaguebasketball.net/en/euroleague/players/pat-calathes/profile/001142/,PAT,CALATHES,208,Forward,Greece,1985-12-12T00:00:00,PAN,Panathinaikos Superfoods Athens,ok
P003509,003509,unai-calbarro,euroleague,https://www.euroleaguebasketball.net/en/euroleague/players/unai-calbarro/profile/003509/,UNAI,CALBARRO,205,Forward,Spain,1989-07-04T00:00:00,BAS,Laboral Kutxa Vitoria,ok
P013269,013269,myles-cale,euroleague,https://www.euroleaguebasketball.net/en/euroleague/players/myles-cale/profile/013269/,MYLES,CALE,198,Forward,United States of America,1999-03-05T00:00:00,BAR,FC Barcelona,ok
P001150,001150,earl-calloway,euroleague,https://www.euroleaguebasketball.net/en/euroleague/players/earl-calloway/profile/001150/,EARL,CALLOWAY,190,Guard,United States of America,1983-09-30T00:00:00,MAL,Unicaja Malaga,ok
P005771,005771,angelo-caloiaro,euroleague,https://www.euroleaguebasketball.net/en/euroleague/players/angelo-caloiaro/profile/005771/,ANGELO,CALOIARO,203,Forward,United States of America,1989-07-28T00:00:00,TEL,Maccabi Playtika Tel Aviv,ok
P008108,008108,gora-camara,euroleague,https://www.euroleaguebasketball.net/en/euroleague/players/gora-camara/profile/008108/,GORA,CAMARA,214,Center,Senegal,2001-04-12T00:00:00,VIR,Virtus Segafredo Bologna,ok
P004977,004977,ousmane-camara,euroleague,https://www.euroleaguebasketball.net/en/euroleague/players/ousmane-camara/profile/004977/,OUSMANE,CAMARA,202,Forward,France,1989-05-12T00:00:00,LMG,Limoges CSP,ok
P005928,005928,facundo-campazzo,euroleague,https://www.euroleaguebasketball.net/en/euroleague/players/facundo-campazzo/profile/005928/,FACUNDO,CAMPAZZO,181,Guard,Spain,1991-03-23T00:00:00,MAD,Real Madrid,ok
PKOK,KOK,eric-campbell,euroleague,https://www.euroleaguebasketball.net/en/euroleague/players/eric-campbell/profile/KOK/,ERIC,CAMPBELL,194,Forward,United States of America,1977-08-22T00:00:00,ASV,Asvel Basket,ok
P002898,002898,louis-campbell,euroleague,https://www.euroleaguebasketball.net/en/euroleague/players/louis-campbell/profile/002898/,LOUIS,CAMPBELL,191,Guard,United States of America,1979-04-01T00:00:00,STR,Strasbourg,ok
P010612,010612,isaiah-canaan,euroleague,https://www.euroleaguebasketball.net/en/euroleague/players/isaiah-canaan/profile/010612/,ISAIAH,CANAAN,183,Guard,United States of America,1991-05-21T00:00:00,RED,Crvena Zvezda Meridianbet Belgrade,ok
P005379,005379,vlatko-cancar,euroleague,https://www.euroleaguebasketball.net/en/euroleague/players/vlatko-cancar/profile/005379/,VLATKO,CANCAR,203,Forward,Slovenia,1997-04-10T00:00:00,MIL,EA7 Emporio Armani Milan,ok
P000981,000981,berkay-candan,euroleague,https://www.euroleaguebasketball.net/en/euroleague/players/berkay-candan/profile/000981/,BERKAY,CANDAN,205,Forward,Turkiye,1993-05-22T00:00:00,ULK,Fenerbahce Beko Istanbul,ok
P000079,000079,jean-carlos-canelo,euroleague,https://www.euroleaguebasketball.net/en/euroleague/players/jean-carlos-canelo/profile/000079/,JEAN CARLOS,CANELO,185,Guard,Dominican Republic,1989-04-06T00:00:00,VIR,Virtus VidiVici,ok
P000722,000722,nik-caner-medley,euroleague,https://www.euroleaguebasketball.net/en/euroleague/players/nik-caner-medley/profile/000722/,NIK,CANER-MEDLEY,203,Forward,United States of America,1983-10-20T00:00:00,MAL,Unicaja Malaga,ok
P007705,007705,abramo-canka,euroleague,https://www.euroleaguebasketball.net/en/euroleague/players/abramo-canka/profile/007705/,ABRAMO,CANKA,196,Forward,Italy,2002-03-18T00:00:00,VIR,Virtus Bologna,ok
P002256,002256,dusan-cantekin,euroleague,https://www.euroleaguebasketball.net/en/euroleague/players/dusan-cantekin/profile/002256/,DUSAN,CANTEKIN,219,Center,Turkiye,1992-06-21T00:00:00,IST,Efes Pilsen,ok
P003845,003845,clint-capela,euroleague,https://www.euroleaguebasketball.net/en/euroleague/players/clint-capela/profile/003845/,CLINT,CAPELA,208,Forward,Switzerland,1994-05-18T00:00:00,CHL,Elan Chalon-Sur-Saone,ok
PATH,ATH,aleksandar-capin,euroleague,https://www.euroleaguebasketball.net/en/euroleague/players/aleksandar-capin/profile/ATH/,ALEKSANDAR,CAPIN,186,Guard,Slovenia,1982-10-06T00:00:00,LJU,Union Olimpija Ljubljana,ok
P005277,005277,alessandro-cappelletti,euroleague,https://www.euroleaguebasketball.net/en/euroleague/players/alessandro-cappelletti/profile/005277/,ALESSANDRO,CAPPELLETTI,182,Guard,Italy,1995-01-01T00:00:00,SIE,Montepaschi Siena,ok
P005095,005095,miguel-cardoso,euroleague,https://www.euroleaguebasketball.net/en/euroleague/players/miguel-cardoso/profile/005095/,MIGUEL,CARDOSO,188,Guard,Portugal,1993-01-15T00:00:00,NTR,JSF Nanterre,ok
P001810,001810,marko-car,euroleague,https://www.euroleaguebasketball.net/en/euroleague/players/marko-car/profile/001810/,MARKO,CAR,188,Guard,Croatia,1985-10-21T00:00:00,CED,Cedevita Zagreb,ok
PLMK,LMK,marco-carraretto,euroleague,https://www.euroleaguebasketball.net/en/euroleague/players/marco-carraretto/profile/LMK/,MARCO,CARRARETTO,196,Guard,Italy,1977-10-27T00:00:00,SIE,Montepaschi Siena,ok
P001960,001960,jaycee-carroll,euroleague,https://www.euroleaguebasketball.net/en/euroleague/players/jaycee-carroll/profile/001960/,JAYCEE,CARROLL,188,Guard,United States of America,1983-04-16T00:00:00,MAD,Real Madrid,ok
P001910,001910,joshua-carter,euroleague,https://www.euroleaguebasketball.net/en/euroleague/players/joshua-carter/profile/001910/,JOSH,CARTER,200,Forward,United States of America,1986-11-20T00:00:00,KSK,Pinar Karsiyaka,ok
P006196,006196,justin-carter,euroleague,https://www.euroleaguebasketball.net/en/euroleague/players/justin-carter/profile/006196/,JUSTIN,CARTER,193,Forward,United States of America,1987-04-21T00:00:00,KSK,Pinar Karsiyaka,ok
P011305,011305,tyson-carter,euroleague,https://www.euroleaguebasketball.net/en/euroleague/players/tyson-carter/profile/011305/,TYSON,CARTER,193,Guard,United States of America,1998-01-14T00:00:00,RED,Crvena Zvezda Meridianbet Belgrade,ok
P006721,006721,guglielmo-caruso,euroleague,https://www.euroleaguebasketball.net/en/euroleague/players/guglielmo-caruso/profile/006721/,GUGLIELMO,CARUSO,204,Forward,Italy,1999-07-03T00:00:00,MIL,EA7 Emporio Armani Milan,ok
P000273,000273,giulio-casale,euroleague,https://www.euroleaguebasketball.net/en/euroleague/players/giulio-casale/profile/000273/,GIULIO,CASALE,185,Guard,Italy,1990-07-14T00:00:00,ROM,Lottomatica Roma,ok
P004122,004122,andrea-casella,euroleague,https://www.euroleaguebasketball.net/en/euroleague/players/andrea-casella/profile/004122/,ANDREA,CASELLA,196,Forward,Italy,1990-09-20T00:00:00,CTU,Mapooro Cantu,ok
P001835,001835,johwe-casseus,euroleague,https://www.euroleaguebasketball.net/en/euroleague/players/johwe-casseus/profile/001835/,JOHWE,CASSEUS,211,Center,France,1989-04-26T00:00:00,ORL,Entente Orleanaise,ok
PJFO,JFO,omri-casspi,euroleague,https://www.euroleaguebasketball.net/en/euroleague/players/omri-casspi/profile/JFO/,OMRI,CASSPI,205,Forward,Israel,1988-06-22T00:00:00,TEL,Maccabi Playtika Tel Aviv,ok
PJXV,JXV,terrel-castle,euroleague,https://www.euroleaguebasketball.net/en/euroleague/players/terrel-castle/profile/JXV/,TERREL,CASTLE,182,Guard,Bosnia and Herzegovina,1972-09-12T00:00:00,MAL,Unicaja,ok
P001392,001392,fabien-causeur,euroleague,https://www.euroleaguebasketball.net/en/euroleague/players/fabien-causeur/profile/001392/,FABIEN,CAUSEUR,196,Guard,France,1987-06-16T00:00:00,MIL,EA7 Emporio Armani Milan,ok
P013373,013373,leopold-cavaliere,euroleague,https://www.euroleaguebasketball.net/en/euroleague/players/leopold-cavaliere/profile/013373/,LEOPOLD,CAVALIERE,202,Forward,France,1996-04-27T00:00:00,PRS,Paris Basketball,ok
P009601,009601,tyler-cavanaugh,euroleague,https://www.euroleaguebasketball.net/en/euroleague/players/tyler-cavanaugh/profile/009601/,TYLER,CAVANAUGH,206,Forward,United States of America,1994-02-09T00:00:00,ZAL,Zalgiris Kaunas,ok
PTFA,TFA,laurent-cazalon,euroleague,https://www.euroleaguebasketball.net/en/euroleague/players/laurent-cazalon/profile/TFA/,LAURENT,CAZALON,193,Guard,France,1979-10-01T00:00:00,ROA,Chorale Roanne,ok
P012925,012925,mattia-ceccato,euroleague,https://www.euroleaguebasketball.net/en/euroleague/players/mattia-ceccato/profile/012925/,MATTIA,CECCATO,196,Guard,Italy,2007-06-08T00:00:00,MIL,EA7 Emporio Armani Milan,ok
P004248,004248,michal-cekovsky,euroleague,https://www.euroleaguebasketball.net/en/euroleague/players/michal-cekovsky/profile/004248/,MICHAL,CEKOVSKY,206,Forward,Slovakia,1994-06-17T00:00:00,PAR,Partizan mt:s Belgrade,ok
PKBV,KBV,aaron-cel,euroleague,https://www.euroleaguebasketball.net/en/euroleague/players/aaron-cel/profile/KBV/,AARON,CEL,205,Forward,France,1987-03-04T00:00:00,GSS,Stelmet Zielona Gora,ok
P000840,000840,simone-centanni,euroleague,https://www.euroleaguebasketball.net/en/euroleague/players/simone-centanni/profile/000840/,SIMONE,CENTANNI,185,Guard,Italy,1991-01-01T00:00:00,SIE,Montepaschi Siena,ok
PLXK,LXK,rokas-cepanonis,euroleague,https://www.euroleaguebasketball.net/en/euroleague/players/rokas-cepanonis/profile/LXK/,ROKAS,CEPANONIS,204,Center,Lithuania,1989-03-14T00:00:00,ZAL,Zalgiris,ok
P002081,002081,bruno-cerella,euroleague,https://www.euroleaguebasketball.net/en/euroleague/players/bruno-cerella/profile/002081/,BRUNO,CERELLA,194,Guard,Italy,1986-07-30T00:00:00,MIL,EA7 Emporio Armani Milan,ok
PBVG,BVG,mantas-cesnauskis,euroleague,https://www.euroleaguebasketball.net/en/euroleague/players/mantas-cesnauskis/profile/BVG/,MANTAS,CESNAUSKIS,189,Guard,Lithuania,1981-07-22T00:00:00,GSS,Stelmet Zielona Gora,ok
P000109,000109,serhat-cetin,euroleague,https://www.euroleaguebasketball.net/en/euroleague/players/serhat-cetin/profile/000109/,SERHAT,CETIN,0,Guard,Turkiye,1986-02-23T00:00:00,DAR,Darussafaka Dogus Istanbul,ok
PBWM,BWM,kamil-chanas,euroleague,https://www.euroleaguebasketball.net/en/euroleague/players/kamil-chanas/profile/BWM/,KAMIL,CHANAS,188,Guard,Poland,1985-04-20T00:00:00,GSS,Stelmet Zielona Gora,ok
P004218,004218,vasilis-charalampopoulos,euroleague,https://www.euroleaguebasketball.net/en/euroleague/players/vasilis-charalampopoulos/profile/004218/,VASILIS,CHARALAMPOPOULOS,202,Forward,Greece,1997-01-06T00:00:00,OLY,Olympiacos Piraeus,ok
P001162,001162,brian-chase,euroleague,https://www.euroleaguebasketball.net/en/euroleague/players/brian-chase/profile/001162/,BRIAN,CHASE,178,Guard,United States of America,1981-10-08T00:00:00,LEM,Le Mans,ok
P012406,012406,zylan-anthony-cheatham,euroleague,https://www.euroleaguebasketball.net/en/euroleague/players/zylan-anthony-cheatham/profile/012406/,ZYLAN ANTHONY,CHEATHAM,0,Center,United States of America,1995-11-17T00:00:00,MUN,FC Bayern Munich,ok
P006058,006058,will-cherry,euroleague,https://www.euroleaguebasketball.net/en/euroleague/players/will-cherry/profile/006058/,WILL,CHERRY,185,Guard,United States of America,1991-02-08T00:00:00,OLY,Olympiacos Piraeus,ok
P002038,002038,massimo-chessa,euroleague,https://www.euroleaguebasketball.net/en/euroleague/players/massimo-chessa/profile/002038/,MASSIMO,CHESSA,188,Guard,Italy,1988-04-30T00:00:00,SAS,Dinamo Banco di Sardegna Sassari,ok
PBEW,BEW,roberto-chiacig,euroleague,https://www.euroleaguebasketball.net/en/euroleague/players/roberto-chiacig/profile/BEW/,ROBERTO,CHIACIG,208,Center,Italy,1974-12-01T00:00:00,VIR,Virtus VidiVici,ok
P001225,001225,josh-childress,euroleague,https://www.euroleaguebasketball.net/en/euroleague/players/josh-childress/profile/001225/,JOSH,CHILDRESS,203,Forward,United States of America,1983-06-20T00:00:00,OLY,Olympiacos Piraeus,ok
P004203,004203,david-chiotti,euroleague,https://www.euroleaguebasketball.net/en/euroleague/players/david-chiotti/profile/004203/,DAVID,CHIOTTI,205,Forward,United States of America,1984-09-09T00:00:00,MIL,EA7 Emporio Armani Milan,ok
P011396,011396,nikos-chougkaz,euroleague,https://www.euroleaguebasketball.net/en/euroleague/players/nikos-chougkaz/profile/011396/,NIKOS,CHOUGKAZ,204,Forward,Greece,2000-10-04T00:00:00,PAN,Panathinaikos Athens,ok
P012765,012765,chiozza-chris,euroleague,https://www.euroleaguebasketball.net/en/euroleague/players/chiozza-chris/profile/012765/,CHRIS,CHIOZZA,180,Guard,United States of America,1995-11-21T00:00:00,BAS,Baskonia Vitoria-Gasteiz,ok
P010356,010356,vasileios-christidis,euroleague,https://www.euroleaguebasketball.net/en/euroleague/players/vasileios-christidis/profile/010356/,VASILEIOS,CHRISTIDIS,200,Forward,Greece,1998-07-10T00:00:00,OLY,Olympiacos Piraeus,ok
P003297,003297,dionte-christmas,euroleague,https://www.euroleaguebasketball.net/en/euroleague/players/dionte-christmas/profile/003297/,DIONTE,CHRISTMAS,196,Guard,United States of America,1986-09-15T00:00:00,CSK,CSKA Moscow,ok
P004445,004445,antreas-christodoulou,euroleague,https://www.euroleaguebasketball.net/en/euroleague/players/antreas-christodoulou/profile/004445/,ANTREAS,CHRISTODOULOU,197,Guard,Greece,1995-02-22T00:00:00,OLY,Olympiacos Piraeus,ok
P009888,009888,semaj-christon,euroleague,https://www.euroleaguebasketball.net/en/euroleague/players/semaj-christon/profile/009888/,SEMAJ,CHRISTON,191,Guard,United States of America,1992-11-01T00:00:00,BAS,KIROLBET Baskonia Vitoria-Gasteiz,ok
P003834,003834,patrick-christopher,euroleague,https://www.euroleaguebasketball.net/en/euroleague/players/patrick-christopher/profile/003834/,PATRICK,CHRISTOPHER,196,Guard,United States of America,1988-06-03T00:00:00,BES,Besiktas JK Istanbul,ok
P000501,000501,adam-chubb,euroleague,https://www.euroleaguebasketball.net/en/euroleague/players/adam-chubb/profile/000501/,ADAM,CHUBB,207,Center,United States of America,1981-07-05T00:00:00,BER,Alba Berlin,ok
PLFX,LFX,michal-chylinski,euroleague,https://www.euroleaguebasketball.net/en/euroleague/players/michal-chylinski/profile/LFX/,MICHAL,CHYLINSKI,195,Guard,Poland,1986-02-22T00:00:00,ZGO,PGE Turow Zgorzelec,ok
PKIW,KIW,andrea-cinciarini,euroleague,https://www.euroleaguebasketball.net/en/euroleague/players/andrea-cinciarini/profile/KIW/,ANDREA,CINCIARINI,193,Guard,Italy,1986-06-21T00:00:00,MIL,AX Armani Exchange Milan,ok
PLJM,LJM,daniele-cinciarini,euroleague,https://www.euroleaguebasketball.net/en/euroleague/players/daniele-cinciarini/profile/LJM/,DANIELE,CINCIARINI,194,Guard,Italy,1983-06-14T00:00:00,AVE,Air Avellino,ok
P011237,011237,sidy-cissoko,euroleague,https://www.euroleaguebasketball.net/en/euroleague/players/sidy-cissoko/profile/011237/,SIDY,CISSOKO,198,Guard,France,2004-04-02T00:00:00,BAS,Bitci Baskonia Vitoria-Gasteiz,ok
P000996,000996,vytenis-cizauskas,euroleague,https://www.euroleaguebasketball.net/en/euroleague/players/vytenis-cizauskas/profile/000996/,VYTENIS,CIZAUSKAS,188,Guard,Lithuania,1992-09-16T00:00:00,ZAL,Zalgiris Kaunas,ok
PKZD,KZD,samuel-clancy,euroleague,https://www.euroleaguebasketball.net/en/euroleague/players/samuel-clancy/profile/KZD/,SAM,CLANCY,201,Forward,United States of America,1980-05-04T00:00:00,LEM,Le Mans,ok
P008857,008857,earl-clark,euroleague,https://www.euroleaguebasketball.net/en/euroleague/players/earl-clark/profile/008857/,EARL,CLARK,208,Center,United States of America,1988-01-17T00:00:00,BUD,Buducnost VOLI Pogdorica,ok
P007050,007050,coty-clarke,euroleague,https://www.euroleaguebasketball.net/en/euroleague/players/coty-clarke/profile/007050/,COTY,CLARKE,201,Forward,United States of America,1992-07-04T00:00:00,BUD,Buducnost VOLI Pogdorica,ok
P013699,013699,jimmy-clark-iii,euroleague,https://www.euroleaguebasketball.net/en/euroleague/players/jimmy-clark-iii/profile/013699/,JIMMY,CLARK III,190,Guard,United States of America,2001-04-04T00:00:00,TEL,Maccabi Rapyd Tel Aviv,ok
P000556,000556,victor-claver,euroleague,https://www.euroleaguebasketball.net/en/euroleague/players/victor-claver/profile/000556/,VICTOR,CLAVER,208,Forward,Spain,1988-08-30T00:00:00,PAM,Valencia Basket,ok
P001511,001511,oliver-clay,euroleague,https://www.euroleaguebasketball.net/en/euroleague/players/oliver-clay/profile/001511/,OLIVER,CLAY,205,Forward,Germany,1987-08-28T00:00:00,BER,Alba Berlin,ok
P012744,012744,antonius-cleveland,euroleague,https://www.euroleaguebasketball.net/en/euroleague/players/antonius-cleveland/profile/012744/,ANTONIUS,CLEVELAND,196,Guard,United States of America,1994-02-02T00:00:00,TEL,Maccabi Playtika Tel Aviv,ok
P007889,007889,tj-cline,euroleague,https://www.euroleaguebasketball.net/en/euroleague/players/tj-cline/profile/007889/,TJ,CLINE,203,Forward,United States of America,1994-07-22T00:00:00,TEL,Maccabi Playtika Tel Aviv,ok
P004888,004888,will-clyburn,euroleague,https://www.euroleaguebasketball.net/en/euroleague/players/will-clyburn/profile/004888/,WILL,CLYBURN,201,Forward,United States of America,1990-05-17T00:00:00,BAR,FC Barcelona,ok
P002877,002877,carlos-cobos,euroleague,https://www.euroleaguebasketball.net/en/euroleague/players/carlos-cobos/profile/002877/,CARLOS,COBOS,192,Guard,Spain,1988-05-11T00:00:00,MAL,Unicaja Malaga,ok
P005145,005145,jake-cohen,euroleague,https://www.euroleaguebasketball.net/en/euroleague/players/jake-cohen/profile/005145/,JAKE,COHEN,210,Forward,Israel,1990-09-25T00:00:00,TEL,Maccabi Playtika Tel Aviv,ok
P009848,009848,sandy-cohen,euroleague,https://www.euroleaguebasketball.net/en/euroleague/players/sandy-cohen/profile/009848/,SANDY,COHEN,198,Guard,United States of America,1995-09-22T00:00:00,TEL,Maccabi Playtika Tel Aviv,ok
P007989,007989,norris-cole,euroleague,https://www.euroleaguebasketball.net/en/euroleague/players/norris-cole/profile/007989/,NORRIS,COLE,188,Guard,United States of America,1988-10-13T00:00:00,ASV,LDLC ASVEL Villeurbanne,ok
PBDB,BDB,dejuan-collins,euroleague,https://www.euroleaguebasketball.net/en/euroleague/players/dejuan-collins/profile/BDB/,DeJUAN,COLLINS,188,Guard,United States of America,1976-11-20T00:00:00,ZAL,Zalgiris Kaunas,ok
P005463,005463,mardy-collins,euroleague,https://www.euroleaguebasketball.net/en/euroleague/players/mardy-collins/profile/005463/,MARDY,COLLINS,196,Forward,United States of America,1984-08-04T00:00:00,STR,Strasbourg,ok
P006533,006533,quino-colom,euroleague,https://www.euroleaguebasketball.net/en/euroleague/players/quino-colom/profile/006533/,QUINO,COLOM,188,Guard,Spain,1988-11-01T00:00:00,RED,Crvena Zvezda mts Belgrade,ok
P009783,009783,bonzie-colson,euroleague,https://www.euroleaguebasketball.net/en/euroleague/players/bonzie-colson/profile/009783/,BONZIE,COLSON,198,Forward,United States of America,1996-01-12T00:00:00,ULK,Fenerbahce Beko Istanbul,ok
P002403,002403,luis-conde,euroleague,https://www.euroleaguebasketball.net/en/euroleague/players/luis-conde/profile/002403/,LUIS,CONDE,190,Guard,Spain,1993-02-17T00:00:00,MAL,Unicaja Malaga,ok
PTGT,TGT,will-conroy,euroleague,https://www.euroleaguebasketball.net/en/euroleague/players/will-conroy/profile/TGT/,WILL,CONROY,187,Guard,United States of America,1982-12-08T00:00:00,VIR,Virtus VidiVici,ok
P005319,005319,daequan-cook,euroleague,https://www.euroleaguebasketball.net/en/euroleague/players/daequan-cook/profile/005319/,DAEQUAN,COOK,193,Guard,United States of America,1987-04-28T00:00:00,NIK,Budivelnik Kiev,ok
P000152,000152,omar-cook,euroleague,https://www.euroleaguebasketball.net/en/euroleague/players/omar-cook/profile/000152/,OMAR,COOK,186,Guard,United States of America,1982-01-28T00:00:00,LIE,Lietuvos Rytas Vilnius,ok
P006735,006735,jack-cooley,euroleague,https://www.euroleaguebasketball.net/en/euroleague/players/jack-cooley/profile/006735/,JACK,COOLEY,206,Forward,United States of America,1991-04-04T00:00:00,MAL,Unicaja Malaga,ok
P007199,007199,trevor-cooney,euroleague,https://www.euroleaguebasketball.net/en/euroleague/players/trevor-cooney/profile/007199/,TREVOR,COONEY,193,Guard,United States of America,1992-08-01T00:00:00,BAS,Baskonia Vitoria Gasteiz,ok
PCRU,CRU,alberto-corbacho,euroleague,https://www.euroleaguebasketball.net/en/euroleague/players/alberto-corbacho/profile/CRU/,ALBERTO,CORBACHO,200,Forward,Spain,1984-10-01T00:00:00,BAS,Laboral Kutxa Vitoria Gasteiz,ok
P009549,009549,isaia-cordinier,euroleague,https://www.euroleaguebasketball.net/en/euroleague/players/isaia-cordinier/profile/009549/,ISAIA,CORDINIER,196,Guard,France,1996-11-28T00:00:00,IST,Anadolu Efes Istanbul,ok
P004790,004790,petr-cornelie,euroleague,https://www.euroleaguebasketball.net/en/euroleague/players/petr-cornelie/profile/004790/,PETR,CORNELIE,211,Center,France,1995-07-26T00:00:00,MCO,AS Monaco,ok
P000063,000063,xavier-corosine,euroleague,https://www.euroleaguebasketball.net/en/euroleague/players/xavier-corosine/profile/000063/,XAVIER,COROSINE,183,Guard,France,1985-03-12T00:00:00,NTR,JSF Nanterre,ok
PAWR,AWR,jon-cortaberria,euroleague,https://www.euroleaguebasketball.net/en/euroleague/players/jon-cortaberria/profile/AWR/,JON,CORTABERRIA,200,Forward,Spain,1982-05-20T00:00:00,MAL,Unicaja,ok
P004092,004092,efekan-cosar,euroleague,https://www.euroleaguebasketball.net/en/euroleague/players/efekan-cosar/profile/004092/,EFEKAN,COSAR,193,Guard,Turkiye,1994-02-07T00:00:00,IST,Anadolu Efes Istanbul,ok
P010444,010444,matthew-costello,euroleague,https://www.euroleaguebasketball.net/en/euroleague/players/matthew-costello/profile/010444/,MATTHEW,COSTELLO,208,Center,Ivory Coast,1993-08-05T00:00:00,PAM,Valencia Basket,ok
P007121,007121,bryce-cotton,euroleague,https://www.euroleaguebasketball.net/en/euroleague/players/bryce-cotton/profile/007121/,BRYCE,COTTON,185,Guard,United States of America,1992-08-11T00:00:00,IST,Anadolu Efes Istanbul,ok
PLVW,LVW,david-cournooh,euroleague,https://www.euroleaguebasketball.net/en/euroleague/players/david-cournooh/profile/LVW/,DAVID,COURNOOH,187,Guard,Italy,1990-07-28T00:00:00,SIE,Montepaschi Siena,ok
P012017,012017,ambroise-couture,euroleague,https://www.euroleaguebasketball.net/en/euroleague/players/ambroise-couture/profile/012017/,AMBROISE,COUTURE,198,Forward,France,2002-11-08T00:00:00,MCO,AS Monaco,ok
PJDZ,JDZ,filip-covic,euroleague,https://www.euroleaguebasketball.net/en/euroleague/players/filip-covic/profile/JDZ/,FILIP,COVIC,180,Guard,Serbia,1989-06-05T00:00:00,RED,Crvena Zvezda mts Belgrade,ok
P001829,001829,ryvon-covile,euroleague,https://www.euroleaguebasketball.net/en/euroleague/players/ryvon-covile/profile/001829/,RYVON,COVILE,206,Center,United States of America,1984-03-01T00:00:00,ORL,Entente Orleanaise,ok
P001156,001156,john-cox,euroleague,https://www.euroleaguebasketball.net/en/euroleague/players/john-cox/profile/001156/,JOHN,COX,194,Guard,United States of America,1981-07-06T00:00:00,NAN,SLUC Nancy,ok
P006468,006468,aaron-craft,euroleague,https://www.euroleaguebasketball.net/en/euroleague/players/aaron-craft/profile/006468/,AARON,CRAFT,188,Guard,United States of America,1991-02-12T00:00:00,BUD,Buducnost VOLI Pogdorica,ok
P010254,010254,drew-crawford,euroleague,https://www.euroleaguebasketball.net/en/euroleague/players/drew-crawford/profile/010254/,DREW,CRAWFORD,196,Forward,United States of America,1990-10-18T00:00:00,MIL,AX Armani Exchange Milan,ok
P007916,007916,tony-crocker,euroleague,https://www.euroleaguebasketball.net/en/euroleague/players/tony-crocker/profile/007916/,TONY,CROCKER,198,Forward,United States of America,1987-01-17T00:00:00,KHI,Khimki Moscow Region,ok
PTGO,TGO,andrea-crosariol,euroleague,https://www.euroleaguebasketball.net/en/euroleague/players/andrea-crosariol/profile/TGO/,ANDREA,CROSARIOL,0,,Italy,1984-11-11T00:00:00,VIR,Virtus Segafredo Bologna,ok
PLVZ,LVZ,stefano-crotta,euroleague,https://www.euroleaguebasketball.net/en/euroleague/players/stefano-crotta/profile/LVZ/,STEFANO,CROTTA,208,Forward,Italy,1990-10-21T00:00:00,SIE,Montepaschi Siena,ok
P002868,002868,michael-crowell,euroleague,https://www.euroleaguebasketball.net/en/euroleague/players/michael-crowell/profile/002868/,MICHAEL,CROWELL,202,Forward,United States of America,1985-12-09T00:00:00,BAM,Brose Baskets Bamberg,ok
PBUZ,BUZ,povilas-cukinas,euroleague,https://www.euroleaguebasketball.net/en/euroleague/players/povilas-cukinas/profile/BUZ/,POVILAS,CUKINAS,210,Center,Lithuania,1983-04-11T00:00:00,ZAL,Zalgiris Kaunas,ok
P005971,005971,randy-culpepper,euroleague,https://www.euroleaguebasketball.net/en/euroleague/players/randy-culpepper/profile/005971/,RANDY,CULPEPPER,183,Guard,United States of America,1989-05-16T00:00:00,LMG,Limoges CSP,ok
PCQD,CQD,vonteego-cummings,euroleague,https://www.euroleaguebasketball.net/en/euroleague/players/vonteego-cummings/profile/CQD/,VONTEEGO,CUMMINGS,190,Guard,United States of America,1976-02-29T00:00:00,TEL,Maccabi Elite Tel Aviv,ok
P000160,000160,ramel-curry,euroleague,https://www.euroleaguebasketball.net/en/euroleague/players/ramel-curry/profile/000160/,RAMEL,CURRY,191,Guard,United States of America,1980-04-17T00:00:00,LMG,Limoges CSP,ok
P001830,001830,aldo-curti,euroleague,https://www.euroleaguebasketball.net/en/euroleague/players/aldo-curti/profile/001830/,ALDO,CURTI,180,Guard,France,1987-02-27T00:00:00,ORL,Entente Orleanaise,ok
PBTG,BTG,marco-cusin,euroleague,https://www.euroleaguebasketball.net/en/euroleague/players/marco-cusin/profile/BTG/,MARCO,CUSIN,211,Center,Italy,1985-02-28T00:00:00,MIL,AX Armani Exchange Olimpia Milan,ok
P001736,001736,aleksandar-cvetkovic,euroleague,https://www.euroleaguebasketball.net/en/euroleague/players/aleksandar-cvetkovic/profile/001736/,ALEKSANDAR,CVETKOVIC,185,Guard,Serbia,1993-09-12T00:00:00,RED,Crvena Zvezda Telekom Belgrade,ok
PKOE,KOE,branko-cvetkovic,euroleague,https://www.euroleaguebasketball.net/en/euroleague/players/branko-cvetkovic/profile/KOE/,BRANKO,CVETKOVIC,200,Forward,Serbia,1984-03-05T00:00:00,NIO,Panionios On Telecoms,ok
P002524,002524,nikola-cvorovic,euroleague,https://www.euroleaguebasketball.net/en/euroleague/players/nikola-cvorovic/profile/002524/,NIKOLA,CVOROVIC,201,Forward,Serbia,1994-01-30T00:00:00,RED,Crvena Zvezda Telekom Belgrade,ok
P001712,001712,evaldas-dainys,euroleague,https://www.euroleaguebasketball.net/en/euroleague/players/evaldas-dainys/profile/001712/,EVALDAS,DAINYS,180,Guard,Lithuania,1982-09-29T00:00:00,LIE,Lietuvos Rytas,ok
P001938,001938,dario-dalessio,euroleague,https://www.euroleaguebasketball.net/en/euroleague/players/dario-dalessio/profile/001938/,DARIO,D'ALESSIO,182,Guard,Italy,1991-06-20T00:00:00,ROM,Lottomatica Roma,ok
P003274,003274,boris-dallo,euroleague,https://www.euroleaguebasketball.net/en/euroleague/players/boris-dallo/profile/003274/,BORIS,DALLO,193,Forward,France,1994-03-12T00:00:00,ASV,LDLC ASVEL Villeurbanne,ok
P001602,001602,paulius-dambrauskas,euroleague,https://www.euroleaguebasketball.net/en/euroleague/players/paulius-dambrauskas/profile/001602/,PAULIUS,DAMBRAUSKAS,195,Guard,Lithuania,1991-12-16T00:00:00,LIE,Lietuvos Rytas Vilnius,ok
P005942,005942,nemanja-dangubic,euroleague,https://www.euroleaguebasketball.net/en/euroleague/players/nemanja-dangubic/profile/005942/,NEMANJA,DANGUBIC,204,Forward,Serbia,1993-04-13T00:00:00,DUB,Dubai Basketball,ok
PTFQ,TFQ,erik-daniels,euroleague,https://www.euroleaguebasketball.net/en/euroleague/players/erik-daniels/profile/TFQ/,ERIK,DANIELS,204,Forward,United States of America,1982-04-01T00:00:00,ROM,Lottomatica Roma,ok
P011206,011206,troy-daniels,euroleague,https://www.euroleaguebasketball.net/en/euroleague/players/troy-daniels/profile/011206/,TROY,DANIELS,193,Guard,United States of America,1991-07-15T00:00:00,MIL,AX Armani Exchange Milan,ok
P004370,004370,will-daniels,euroleague,https://www.euroleaguebasketball.net/en/euroleague/players/will-daniels/profile/004370/,WILL,DANIELS,203,Forward,United States of America,1986-04-21T00:00:00,LMG,Limoges CSP,ok
P000483,000483,tremmell-darden,euroleague,https://www.euroleaguebasketball.net/en/euroleague/players/tremmell-darden/profile/000483/,TREMMELL,DARDEN,194,Forward,United States of America,1981-12-17T00:00:00,OLY,Olympiacos Piraeus,ok
PTGS,TGS,matteo-da-ros,euroleague,https://www.euroleaguebasketball.net/en/euroleague/players/matteo-da-ros/profile/TGS/,MATTEO,DA ROS,200,Forward,Italy,1989-09-25T00:00:00,VIR,Virtus VidiVici,ok
PTEW,TEW,kendall-dartez,euroleague,https://www.euroleaguebasketball.net/en/euroleague/players/kendall-dartez/profile/TEW/,KENDALL,DARTEZ,208,Center,United States of America,1980-12-01T00:00:00,ROA,Chorale Roanne,ok
PJPR,JPR,vladimir-dasic,euroleague,https://www.euroleaguebasketball.net/en/euroleague/players/vladimir-dasic/profile/JPR/,VLADIMIR,DASIC,208,Forward,Montenegro,1988-05-13T00:00:00,BES,Besiktas JK Istanbul,ok
P011244,011244,oscar-da-silva,euroleague,https://www.euroleaguebasketball.net/en/euroleague/players/oscar-da-silva/profile/011244/,OSCAR,DA SILVA,205,Forward,Germany,1998-09-21T00:00:00,MUN,FC Bayern Munich,ok
A15DSO,A15DSO,octavio-da-silveira,none,,,,,,,,,,not_found (http_404)
PCCD,CCD,luigi-datome,euroleague,https://www.euroleaguebasketball.net/en/euroleague/players/luigi-datome/profile/CCD/,LUIGI,DATOME,203,Forward,Italy,1987-11-27T00:00:00,MIL,EA7 Emporio Armani Milan,ok
P012185,012185,dominykas-daubaris,euroleague,https://www.euroleaguebasketball.net/en/euroleague/players/dominykas-daubaris/profile/012185/,DOMINYKAS,DAUBARIS,208,Center,Lithuania,2007-08-03T00:00:00,ZAL,Zalgiris Kaunas,ok
P012786,012786,mike-daum,euroleague,https://www.euroleaguebasketball.net/en/euroleague/players/mike-daum/profile/012786/,MIKE,DAUM,206,Forward,United States of America,1995-10-30T00:00:00,RED,Crvena Zvezda Meridianbet Belgrade,ok
P007960,007960,dejan-davidovac,euroleague,https://www.euroleaguebasketball.net/en/euroleague/players/dejan-davidovac/profile/007960/,DEJAN,DAVIDOVAC,202,Forward,Serbia,1995-01-17T00:00:00,RED,Crvena Zvezda Meridianbet Belgrade,ok
P007870,007870,brandon-davies,euroleague,https://www.euroleaguebasketball.net/en/euroleague/players/brandon-davies/profile/007870/,BRANDON,DAVIES,208,Center,United States of America,1991-07-25T00:00:00,PAR,Partizan Mozzart Bet Belgrade,ok
P002934,002934,paul-davis,euroleague,https://www.euroleaguebasketball.net/en/euroleague/players/paul-davis/profile/002934/,PAUL,DAVIS,211,Center,United States of America,1984-07-21T00:00:00,KHI,Khimki Moscow Region,ok
P003472,003472,austin-daye,euroleague,https://www.euroleaguebasketball.net/en/euroleague/players/austin-daye/profile/003472/,AUSTIN,DAYE,211,Center,United States of America,1988-06-05T00:00:00,GAL,Galatasaray Odeabank Istanbul,ok
PKBJ,KBJ,willie-deane,euroleague,https://www.euroleaguebasketball.net/en/euroleague/players/willie-deane/profile/KBJ/,WILLIE,DEANE,185,Guard,United States of America,1980-02-23T00:00:00,ZAL,Zalgiris,ok
PLUJ,LUJ,taquan-dean,euroleague,https://www.euroleaguebasketball.net/en/euroleague/players/taquan-dean/profile/LUJ/,TAQUAN,DEAN,193,Guard,United States of America,1983-08-06T00:00:00,BAS,Caja Laboral,ok
PLDN,LDN,vincenzo-de-bartolo,euroleague,https://www.euroleaguebasketball.net/en/euroleague/players/vincenzo-de-bartolo/profile/LDN/,VINCENZO,DE BARTOLO,185,Guard,Italy,1989-12-26T00:00:00,SIE,Montepaschi Siena,ok
P009005,009005,gabriel-deck,euroleague,https://www.euroleaguebasketball.net/en/euroleague/players/gabriel-deck/profile/009005/,GABRIEL,DECK,198,Forward,Argentina,1995-02-08T00:00:00,MAD,Real Madrid,ok
P002100,002100,nando-de-colo,euroleague,https://www.euroleaguebasketball.net/en/euroleague/players/nando-de-colo/profile/002100/,NANDO,DE COLO,196,Guard,France,1987-06-23T00:00:00,ULK,Fenerbahce Beko Istanbul,ok
P013250,013250,david-dejulius,euroleague,https://www.euroleaguebasketball.net/en/euroleague/players/david-dejulius/profile/013250/,DAVID,DeJULIUS,183,Guard,United States of America,1999-08-09T00:00:00,TEL,Maccabi Playtika Tel Aviv,ok
PADB,ADB,rodrigo-de-la-fuente,euroleague,https://www.euroleaguebasketball.net/en/euroleague/players/rodrigo-de-la-fuente/profile/ADB/,RODRIGO,DE LA FUENTE,200,Forward,Spain,1976-11-26T00:00:00,ROM,Lottomatica Roma,ok
P004331,004331,malcolm-delaney,euroleague,https://www.euroleaguebasketball.net/en/euroleague/players/malcolm-delaney/profile/004331/,MALCOLM,DELANEY,191,Guard,United States of America,1989-03-11T00:00:00,MIL,AX Armani Exchange Milan,ok
P010750,010750,sergio-de-larrea,euroleague,https://www.euroleaguebasketball.net/en/euroleague/players/sergio-de-larrea/profile/010750/,SERGIO,DE LARREA,198,Guard,Spain,2005-12-04T00:00:00,PAM,Valencia Basket,ok
P004916,004916,ante-delas,euroleague,https://www.euroleaguebasketball.net/en/euroleague/players/ante-delas/profile/004916/,ANTE,DELAS,200,Guard,Croatia,1988-03-11T00:00:00,CED,Cedevita Zagreb,ok
P002504,002504,mario-delas,euroleague,https://www.euroleaguebasketball.net/en/euroleague/players/mario-delas/profile/002504/,MARIO,DELAS,207,Forward,Croatia,1990-01-16T00:00:00,CED,Cedevita Zagreb,ok
PBCV,BCV,carlos-delfino,euroleague,https://www.euroleaguebasketball.net/en/euroleague/players/carlos-delfino/profile/BCV/,CARLOS,DELFINO,198,Forward,Italy,1982-08-29T00:00:00,BAS,KIROLBET Baskonia Vitoria Gasteiz,ok
PBUW,BUW,tomas-delininkaitis,euroleague,https://www.euroleaguebasketball.net/en/euroleague/players/tomas-delininkaitis/profile/BUW/,TOMAS,DELININKAITIS,190,Guard,Lithuania,1982-06-11T00:00:00,ZAL,Zalgiris Kaunas,ok
P005884,005884,amedeo-della-valle,euroleague,https://www.euroleaguebasketball.net/en/euroleague/players/amedeo-della-valle/profile/005884/,AMEDEO,DELLA VALLE,193,Guard,Italy,1993-04-11T00:00:00,MIL,AX Armani Exchange Milan,ok
P008211,008211,malte-delow,euroleague,https://www.euroleaguebasketball.net/en/euroleague/players/malte-delow/profile/008211/,MALTE,DELOW,198,Guard,Germany,2001-04-22T00:00:00,BER,ALBA Berlin,ok
P008163,008163,rudy-demahis,euroleague,https://www.euroleaguebasketball.net/en/euroleague/players/rudy-demahis/profile/008163/,RUDY,DEMAHIS,190,Guard,France,2002-02-26T00:00:00,MCO,AS Monaco,ok
PAGU,AGU,ignacio-de-miguel,euroleague,https://www.euroleaguebasketball.net/en/euroleague/players/ignacio-de-miguel/profile/AGU/,IGNACIO ,DE MIGUEL,205,Forward,Spain,1973-10-24T00:00:00,MAD,Real Madrid,ok
P004094,004094,berk-demir,euroleague,https://www.euroleaguebasketball.net/en/euroleague/players/berk-demir/profile/004094/,BERK,DEMIR,204,Forward,Turkiye,1995-05-18T00:00:00,DAR,Darussafaka Tekfen Istanbul,ok
PLFV,LFV,hakan-demirel,euroleague,https://www.euroleaguebasketball.net/en/euroleague/players/hakan-demirel/profile/LFV/,HAKAN,DEMIREL,188,Guard,Turkiye,1985-05-07T00:00:00,ULK,Fenerbahce Ulker,ok
PARF,ARF,mithat-demirel,euroleague,https://www.euroleaguebasketball.net/en/euroleague/players/mithat-demirel/profile/ARF/,MITHAT,DEMIREL,182,Guard,Germany,1978-05-10T00:00:00,BAM,Brose Baskets,ok
P004195,004195,marcus-denmon,euroleague,https://www.euroleaguebasketball.net/en/euroleague/players/marcus-denmon/profile/004195/,MARCUS,DENMON,191,Guard,United States of America,1990-03-20T00:00:00,PAN,Panathinaikos Superfoods Athens,ok
P005193,005193,justin-dentmon,euroleague,https://www.euroleaguebasketball.net/en/euroleague/players/justin-dentmon/profile/005193/,JUSTIN,DENTMON,183,Guard,United States of America,1985-09-05T00:00:00,GAL,Galatasaray Odeabank Istanbul,ok
PKPC,KPC,lorenzo-dercole,euroleague,https://www.euroleaguebasketball.net/en/euroleague/players/lorenzo-dercole/profile/KPC/,LORENZO,D'ERCOLE,190,Guard,Italy,1988-02-11T00:00:00,SAS,Dinamo Banco di Sardegna Sassari,ok
P005909,005909,andrei-desiatnikov,euroleague,https://www.euroleaguebasketball.net/en/euroleague/players/andrei-desiatnikov/profile/005909/,ANDREI,DESIATNIKOV,220,Center,Russian Federation,1994-05-04T00:00:00,KHI,Khimki Moscow Region,ok
P010318,010318,brice-dessert,euroleague,https://www.euroleaguebasketball.net/en/euroleague/players/brice-dessert/profile/010318/,BRICE,DESSERT,211,Center,France,2003-03-25T00:00:00,IST,Anadolu Efes Istanbul,ok
PCLC,CLC,giacomo-devecchi,euroleague,https://www.euroleaguebasketball.net/en/euroleague/players/giacomo-devecchi/profile/CLC/,GIACOMO,DEVECCHI,196,Guard,Italy,1985-04-07T00:00:00,SAS,Dinamo Banco di Sardegna Sassari,ok
P001259,001259,ben-dewar,euroleague,https://www.euroleaguebasketball.net/en/euroleague/players/ben-dewar/profile/001259/,BEN,DEWAR,196,Guard,United States of America,1981-08-30T00:00:00,ASV,Asvel Basket,ok
P005327,005327,atoumane-diagne,euroleague,https://www.euroleaguebasketball.net/en/euroleague/players/atoumane-diagne/profile/005327/,ATOUMANE,DIAGNE,215,Center,Senegal,1998-12-31T00:00:00,BAR,FC Barcelona Lassa,ok
P010868,010868,ismaila-diagne,euroleague,https://www.euroleaguebasketball.net/en/euroleague/players/ismaila-diagne/profile/010868/,ISMAILA,DIAGNE,214,Center,Senegal,2006-12-20T00:00:00,MAD,Real Madrid,ok
P006476,006476,moussa-diagne,euroleague,https://www.euroleaguebasketball.net/en/euroleague/players/moussa-diagne/profile/006476/,MOUSSA,DIAGNE,211,Center,Senegal,1994-03-06T00:00:00,BAR,FC Barcelona Lassa,ok
P014027,014027,mamadi-diakite,euroleague,https://www.euroleaguebasketball.net/en/euroleague/players/mamadi-diakite/profile/014027/,MAMADI,DIAKITE,210,Center,Guinea,1997-01-21T00:00:00,BAS,Kosner Baskonia Vitoria-Gasteiz,ok
P006637,006637,abou-diallo,euroleague,https://www.euroleaguebasketball.net/en/euroleague/players/abou-diallo/profile/006637/,ABOU,DIALLO,204,Forward,France,1995-06-30T00:00:00,LMG,Limoges CSP,ok
P011226,011226,alpha-diallo,euroleague,https://www.euroleaguebasketball.net/en/euroleague/players/alpha-diallo/profile/011226/,ALPHA,DIALLO,201,Forward,United States of America,1997-06-29T00:00:00,MCO,AS Monaco,ok
P014086,014086,hamidou-diallo,euroleague,https://www.euroleaguebasketball.net/en/euroleague/players/hamidou-diallo/profile/014086/,HAMIDOU,DIALLO,196,Forward,United States of America,1998-07-31T00:00:00,BAS,Kosner Baskonia Vitoria-Gasteiz,ok
P005282,005282,georgios-diamantakos,euroleague,https://www.euroleaguebasketball.net/en/euroleague/players/georgios-diamantakos/profile/005282/,GEORGIOS,DIAMANTAKOS,214,Center,Greece,1995-01-14T00:00:00,PAN,Panathinaikos Athens,ok
PJKO,JKO,dimitris-diamantidis,euroleague,https://www.euroleaguebasketball.net/en/euroleague/players/dimitris-diamantidis/profile/JKO/,DIMITRIS,DIAMANTIDIS,196,Guard,Greece,1980-05-06T00:00:00,PAN,Panathinaikos Athens,ok
PBZT,BZT,georgios-diamantopoulos,euroleague,https://www.euroleaguebasketball.net/en/euroleague/players/georgios-diamantopoulos/profile/BZT/,GEORGIOS,DIAMANTOPOULOS,192,Guard,Greece,1980-02-15T00:00:00,MAR,Maroussi,ok
P014108,014108,aliou-diarra,euroleague,https://www.euroleaguebasketball.net/en/euroleague/players/aliou-diarra/profile/014108/,ALIOU,DIARRA,206,Center,Mali,2001-12-31T00:00:00,VIR,Virtus Bologna,ok
P002862,002862,mamoutou-diarra,euroleague,https://www.euroleaguebasketball.net/en/euroleague/players/mamoutou-diarra/profile/002862/,MAMOUTOU,DIARRA,200,Forward,France,1980-05-21T00:00:00,CHO,Cholet Basket,ok
P003477,003477,papa-diasse,euroleague,https://www.euroleaguebasketball.net/en/euroleague/players/papa-diasse/profile/003477/,PAPA,DIA,212,Forward,Senegal,1987-02-09T00:00:00,ZAG,Zagreb,ok
PLCE,LCE,yakhouba-diawara,euroleague,https://www.euroleaguebasketball.net/en/euroleague/players/yakhouba-diawara/profile/LCE/,YAKHOUBA,DIAWARA,201,Forward,France,1982-08-29T00:00:00,LMG,Limoges CSP,ok
P004213,004213,alberto-diaz,euroleague,https://www.euroleaguebasketball.net/en/euroleague/players/alberto-diaz/profile/004213/,ALBERTO,DIAZ,188,Guard,Spain,1994-04-23T00:00:00,MAL,Unicaja Malaga,ok
P007990,007990,john-dibartolomeo,euroleague,https://www.euroleaguebasketball.net/en/euroleague/players/john-dibartolomeo/profile/007990/,JOHN,DIBARTOLOMEO,183,Guard,Israel,1991-06-20T00:00:00,TEL,Maccabi Rapyd Tel Aviv,ok
PTGQ,TGQ,fabio-di-bella,euroleague,https://www.euroleaguebasketball.net/en/euroleague/players/fabio-di-bella/profile/TGQ/,FABIO,DI BELLA,186,Guard,Italy,1978-12-13T00:00:00,VIR,Virtus VidiVici,ok
PLKE,LKE,mark-dickel,euroleague,https://www.euroleaguebasketball.net/en/euroleague/players/mark-dickel/profile/LKE/,MARK,DICKEL,187,Guard,New Zealand,1976-12-21T00:00:00,BAM,Brose Baskets,ok
P004997,004997,jon-diebler,euroleague,https://www.euroleaguebasketball.net/en/euroleague/players/jon-diebler/profile/004997/,JON,DIEBLER,198,Forward,United States of America,1988-06-22T00:00:00,DAR,Darussafaka Tekfen Istanbul,ok
P000754,000754,drake-richard-diener,euroleague,https://www.euroleaguebasketball.net/en/euroleague/players/drake-richard-diener/profile/000754/,DRAKE,DIENER,196,Guard,United States of America,1981-12-19T00:00:00,AVE,Air Avellino,ok
P003198,003198,daniel-diez,euroleague,https://www.euroleaguebasketball.net/en/euroleague/players/daniel-diez/profile/003198/,DANIEL,DIEZ,201,Forward,Spain,1993-04-07T00:00:00,BAS,Baskonia Vitoria-Gasteiz,ok
PJEI,JEI,vilmantas-dilys,euroleague,https://www.euroleaguebasketball.net/en/euroleague/players/vilmantas-dilys/profile/JEI/,VILMANTAS,DILYS,208,Forward,Lithuania,1987-10-06T00:00:00,LIE,Lietuvos Rytas Vilnius,ok
P006085,006085,neno-dimitrijevic,euroleague,https://www.euroleaguebasketball.net/en/euroleague/players/neno-dimitrijevic/profile/006085/,NENO,DIMITRIJEVIC,190,Guard,North Macedonia,1998-02-23T00:00:00,MUN,FC Bayern Munich,ok
P005827,005827,egidijus-dimsa,euroleague,https://www.euroleaguebasketball.net/en/euroleague/players/egidijus-dimsa/profile/005827/,EGIDIJUS,DIMSA,204,Center,Lithuania,1985-04-01T00:00:00,KLA,Neptunas Klaipeda,ok
P003211,003211,tomas-dimsa,euroleague,https://www.euroleaguebasketball.net/en/euroleague/players/tomas-dimsa/profile/003211/,TOMAS,DIMSA,196,Guard,Lithuania,1994-01-02T00:00:00,ZAL,Zalgiris Kaunas,ok
P014162,014162,spencer-dinwiddie,euroleague,https://www.euroleaguebasketball.net/en/euroleague/players/spencer-dinwiddie/profile/014162/,SPENCER,DINWIDDIE,196,Guard,United States of America,1993-04-06T00:00:00,MUN,FC Bayern Munich,ok
P003540,003540,ilimane-diop,euroleague,https://www.euroleaguebasketball.net/en/euroleague/players/ilimane-diop/profile/003540/,ILIMANE,DIOP,211,Center,Spain,1995-04-04T00:00:00,BAS,TD Systems Baskonia Vitoria-Gasteiz,ok
P008072,008072,khalifa-diop,euroleague,https://www.euroleaguebasketball.net/en/euroleague/players/khalifa-diop/profile/008072/,KHALIFA,DIOP,208,Center,Senegal,2002-01-15T00:00:00,BAS,Kosner Baskonia Vitoria-Gasteiz,ok
P002826,002826,mamadou-diop,euroleague,https://www.euroleaguebasketball.net/en/euroleague/players/mamadou-diop/profile/002826/,MAMADOU,DIOP,204,Forward,Spain,1993-02-14T00:00:00,BAS,Laboral Kutxa Vitoria Gasteiz,ok
P000097,000097,moustapha-diop,euroleague,https://www.euroleaguebasketball.net/en/euroleague/players/moustapha-diop/profile/000097/,MOUSTAPHA,DIOP,202,Forward,Senegal,1989-10-10T00:00:00,ROA,Chorale Roanne,ok
P013385,013385,ousmane-diop,euroleague,https://www.euroleaguebasketball.net/en/euroleague/players/ousmane-diop/profile/013385/,OUSMANE,DIOP,204,Center,Senegal,2000-02-19T00:00:00,MIL,EA7 Emporio Armani Milan,ok
PTFK,TFK,antoine-diot,euroleague,https://www.euroleaguebasketball.net/en/euroleague/players/antoine-diot/profile/TFK/,ANTOINE,DIOT,193,Guard,France,1989-01-17T00:00:00,ASV,LDLC ASVEL Villeurbanne,ok
P013374,013374,mouhamet-diouf,euroleague,https://www.euroleaguebasketball.net/en/euroleague/players/mouhamet-diouf/profile/013374/,MOUHAMET,DIOUF,208,Center,Italy,2001-10-09T00:00:00,VIR,Virtus Bologna,ok
P001939,001939,alessandro-di-pasquale,euroleague,https://www.euroleaguebasketball.net/en/euroleague/players/alessandro-di-pasquale/profile/001939/,ALESSANDRO,DI PASQUALE,194,Forward,Italy,1992-08-31T00:00:00,ROM,Lottomatica Roma,ok
P006487,006487,nikos-diplaros,euroleague,https://www.euroleaguebasketball.net/en/euroleague/players/nikos-diplaros/profile/006487/,NIKOS,DIPLAROS,190,Guard,Greece,1997-06-28T00:00:00,PAN,Panathinaikos OPAP Athens,ok
PKUW,KUW,marco-diviach,euroleague,https://www.euroleaguebasketball.net/en/euroleague/players/marco-diviach/profile/KUW/,MARCO,DIVIACH,200,Forward,Italy,1988-03-26T00:00:00,CTU,Bennet Cantu,ok
P002107,002107,juan-dixon,euroleague,https://www.euroleaguebasketball.net/en/euroleague/players/juan-dixon/profile/002107/,JUAN,DIXON,191,Guard,United States of America,1978-10-09T00:00:00,MAL,Unicaja,ok
P000007,000007,nihad-djedovic,euroleague,https://www.euroleaguebasketball.net/en/euroleague/players/nihad-djedovic/profile/000007/,NIHAD,DEDOVIC,199,Guard,Germany,1990-01-12T00:00:00,MUN,FC Bayern Munich,ok
PLUT,LUT,branislav-djekic,euroleague,https://www.euroleaguebasketball.net/en/euroleague/players/branislav-djekic/profile/LUT/,BRANISLAV,DJEKIC,206,Forward,Serbia,1991-08-12T00:00:00,PAR,Partizan mt:s Belgrade,ok
P001882,001882,dusan-djordjevic,euroleague,https://www.euroleaguebasketball.net/en/euroleague/players/dusan-djordjevic/profile/001882/,DUSAN,DJORDJEVIC,193,Guard,Serbia,1983-03-29T00:00:00,LJU,Union Olimpija,ok
P001430,001430,nemanja-djurisic,euroleague,https://www.euroleaguebasketball.net/en/euroleague/players/nemanja-djurisic/profile/001430/,NEMANJA,DJURISIC,203,Forward,Montenegro,1992-02-23T00:00:00,GSS,Stelmet Zielona Gora,ok
PLIT,LIT,marko-djurkovic,euroleague,https://www.euroleaguebasketball.net/en/euroleague/players/marko-djurkovic/profile/LIT/,MARKO,DJURKOVIC,206,Forward,Serbia,1986-10-26T00:00:00,PAR,Partizan Igokea,ok
P000035,000035,fedor-dmitriev,euroleague,https://www.euroleaguebasketball.net/en/euroleague/players/fedor-dmitriev/profile/000035/,FEDOR,DMITRIEV,205,Forward,Russian Federation,1984-11-19T00:00:00,SOP,Asseco Prokom Gdynia,ok
P001831,001831,anthony-dobbins,euroleague,https://www.euroleaguebasketball.net/en/euroleague/players/anthony-dobbins/profile/001831/,ANTHONY,DOBBINS,192,Forward,Italy,1981-08-23T00:00:00,ORL,Entente Orleanaise,ok
P004007,004007,ognjen-dobric,euroleague,https://www.euroleaguebasketball.net/en/euroleague/players/ognjen-dobric/profile/004007/,OGNJEN,DOBRIC,200,Forward,Serbia,1994-10-27T00:00:00,RED,Crvena Zvezda Meridianbet Belgrade,ok
P001832,001832,justin-doellman,euroleague,https://www.euroleaguebasketball.net/en/euroleague/players/justin-doellman/profile/001832/,JUSTIN,DOELLMAN,206,Forward,United States of America,1985-02-03T00:00:00,IST,Anadolu Efes Istanbul,ok
P011626,011626,amon-doerries,euroleague,https://www.euroleaguebasketball.net/en/euroleague/players/amon-doerries/profile/011626/,AMON,DOERRIES,210,Forward,Germany,2006-01-03T00:00:00,BER,ALBA Berlin,ok
PBKK,BKK,dragan-dojcin,euroleague,https://www.euroleaguebasketball.net/en/euroleague/players/dragan-dojcin/profile/BKK/,DRAGAN,DOJCIN,204,Forward,Serbia,1976-01-22T00:00:00,BER,Alba Berlin,ok
P014010,014010,allan-dokossi,euroleague,https://www.euroleaguebasketball.net/en/euroleague/players/allan-dokossi/profile/014010/,ALLAN,DOKOSSI,203,Center,France,1999-12-14T00:00:00,PRS,Paris Basketball,ok
PJIS,JIS,henry-domercant,euroleague,https://www.euroleaguebasketball.net/en/euroleague/players/henry-domercant/profile/JIS/,HENRY,DOMERCANT,193,Forward,United States of America,1980-12-30T00:00:00,GAL,Galatasaray Liv Hospital Istanbul,ok
P005929,005929,luka-doncic,euroleague,https://www.euroleaguebasketball.net/en/euroleague/players/luka-doncic/profile/005929/,LUKA,DONCIC,199,Guard,Slovenia,1999-02-28T00:00:00,MAD,Real Madrid,ok
PTGI,TGI,sasa-doncic,euroleague,https://www.euroleaguebasketball.net/en/euroleague/players/sasa-doncic/profile/TGI/,SASA,DONCIC,201,Forward,Slovenia,1974-06-14T00:00:00,LJU,Union Olimpija,ok
P002763,002763,aaron-doornekamp,euroleague,https://www.euroleaguebasketball.net/en/euroleague/players/aaron-doornekamp/profile/002763/,AARON,DOORNEKAMP,201,Forward,Netherlands,1985-12-05T00:00:00,PAM,Valencia Basket,ok
P003508,003508,richard-dorsey,euroleague,https://www.euroleaguebasketball.net/en/euroleague/players/richard-dorsey/profile/003508/,JOEY,DORSEY,203,Center,United States of America,1983-12-16T00:00:00,BAR,FC Barcelona Lassa,ok
P009849,009849,tyler-dorsey,euroleague,https://www.euroleaguebasketball.net/en/euroleague/players/tyler-dorsey/profile/009849/,TYLER,DORSEY,196,Guard,United States of America,1996-02-18T00:00:00,OLY,Olympiacos Piraeus,ok
P012044,012044,yago-dos-santos,euroleague,https://www.euroleaguebasketball.net/en/euroleague/players/yago-dos-santos/profile/012044/,YAGO,DOS SANTOS,175,Guard,Brazil,1999-03-09T00:00:00,RED,Crvena Zvezda Meridianbet Belgrade,ok
P007483,007483,mathis-dossou-yovo,euroleague,https://www.euroleaguebasketball.net/en/euroleague/players/mathis-dossou-yovo/profile/007483/,MATHIS,DOSSOU-YOVO,206,Forward,France,2000-11-06T00:00:00,PRS,Paris Basketball,ok
PJJU,JJU,ruben-douglas,euroleague,https://www.euroleaguebasketball.net/en/euroleague/players/ruben-douglas/profile/JJU/,RUBEN,DOUGLAS,193,Guard,United States of America,1979-10-30T00:00:00,ROM,Lottomatica Roma,ok
P008152,008152,toney-douglas,euroleague,https://www.euroleaguebasketball.net/en/euroleague/players/toney-douglas/profile/008152/,TONEY,DOUGLAS,188,Guard,United States of America,1986-03-16T00:00:00,DAR,Darussafaka Tekfen Istanbul,ok
P000262,000262,zabian-dowdell,euroleague,https://www.euroleaguebasketball.net/en/euroleague/players/zabian-dowdell/profile/000262/,ZABIAN,DOWDELL,190,Guard,United States of America,1984-09-10T00:00:00,LIE,Lietuvos Rytas Vilnius,ok
P002015,002015,micah-downs,euroleague,https://www.euroleaguebasketball.net/en/euroleague/players/micah-downs/profile/002015/,MICAH,DOWNS,195,Forward,United States of America,1986-09-08T00:00:00,NIK,Budivelnik Kiev,ok
P014123,014123,jeffrey-dowtin-jr,euroleague,https://www.euroleaguebasketball.net/en/euroleague/players/jeffrey-dowtin-jr/profile/014123/,JEFFREY,DOWTIN JR,191,Guard,United States of America,1997-05-10T00:00:00,TEL,Maccabi Rapyd Tel Aviv,ok
P012742,012742,pj-dozier,euroleague,https://www.euroleaguebasketball.net/en/euroleague/players/pj-dozier/profile/012742/,PJ,DOZIER,198,Guard,United States of America,1996-10-25T00:00:00,IST,Anadolu Efes Istanbul,ok
PJQI,JQI,tadija-dragicevic,euroleague,https://www.euroleaguebasketball.net/en/euroleague/players/tadija-dragicevic/profile/JQI/,TADIJA,DRAGICEVIC,205,Forward,Serbia,1986-01-28T00:00:00,IST,Anadolu Efes Istanbul,ok
P000535,000535,vladimir-dragicevic,euroleague,https://www.euroleaguebasketball.net/en/euroleague/players/vladimir-dragicevic/profile/000535/,VLADIMIR,DRAGICEVIC,205,Forward,Montenegro,1986-05-30T00:00:00,GSS,Stelmet Zielona Gora,ok
PTHB,THB,goran-dragic,euroleague,https://www.euroleaguebasketball.net/en/euroleague/players/goran-dragic/profile/THB/,GORAN,DRAGIC,193,Guard,Slovenia,1986-05-06T00:00:00,BAS,Caja Laboral,ok
P003514,003514,zoran-dragic,euroleague,https://www.euroleaguebasketball.net/en/euroleague/players/zoran-dragic/profile/003514/,ZORAN,DRAGIC,196,Guard,Slovenia,1989-06-22T00:00:00,ZAL,Zalgiris Kaunas,ok
P002946,002946,dontaye-draper,euroleague,https://www.euroleaguebasketball.net/en/euroleague/players/dontaye-draper/profile/002946/,DONTAYE,DRAPER,181,Guard,United States of America,1984-08-10T00:00:00,MAD,Real Madrid,ok
PDIK,DIK,christian-drejer,euroleague,https://www.euroleaguebasketball.net/en/euroleague/players/christian-drejer/profile/DIK/,CHRISTIAN,DREJER,206,Forward,Denmark,1982-12-08T00:00:00,VIR,Virtus VidiVici,ok
1234,1234,dreliozis-makis,none,,,,,,,,,,not_found (http_404)
P001302,001302,prodomos-dreliozis,euroleague,https://www.euroleaguebasketball.net/en/euroleague/players/prodomos-dreliozis/profile/001302/,PRODOMOS,DRELIOZIS,201,Forward,Greece,1975-03-31T00:00:00,NIO,Panionios On Telecoms,ok
P011375,011375,savo-drezgic,euroleague,https://www.euroleaguebasketball.net/en/euroleague/players/savo-drezgic/profile/011375/,SAVO,DREZGIC,193,Guard,Serbia,2006-08-11T00:00:00,PAR,Partizan Mozzart Bet Belgrade,ok
PATF,ATF,dragisa-drobnjak,euroleague,https://www.euroleaguebasketball.net/en/euroleague/players/dragisa-drobnjak/profile/ATF/,DRAGISA,DROBNJAK,,Forward,Slovenia,1977-11-05T00:00:00,BER,Alba Berlin,ok
PKNI,KNI,predrag-drobnjak,euroleague,https://www.euroleaguebasketball.net/en/euroleague/players/predrag-drobnjak/profile/KNI/,PREDRAG,DROBNJAK,213,Center,Montenegro,1975-08-09T00:00:00,IST,Efes Pilsen,ok
P001164,001164,pierre-etienne-drouault,euroleague,https://www.euroleaguebasketball.net/en/euroleague/players/pierre-etienne-drouault/profile/001164/,PIERRE-ETIENNE,DROUAULT,194,Forward,France,1990-12-09T00:00:00,LEM,Le Mans,ok
PAZH,AZH,artur-drozdov,euroleague,https://www.euroleaguebasketball.net/en/euroleague/players/artur-drozdov/profile/AZH/,ARTUR,DROZDOV,199,Guard,Ukraine,1980-10-23T00:00:00,NIK,Budivelnik Kiev,ok
P002742,002742,bojan-dubljevic,euroleague,https://www.euroleaguebasketball.net/en/euroleague/players/bojan-dubljevic/profile/002742/,BOJAN,DUBLJEVIC,205,Center,Montenegro,1991-10-24T00:00:00,PAM,Valencia Basket,ok
P000316,000316,erwin-dudley,euroleague,https://www.euroleaguebasketball.net/en/euroleague/players/erwin-dudley/profile/000316/,ERWIN,DUDLEY,204,Forward,United States of America,1981-10-02T00:00:00,DAR,Darussafaka Dogus Istanbul,ok
P001650,001650,benjamin-pavel-dudu,euroleague,https://www.euroleaguebasketball.net/en/euroleague/players/benjamin-pavel-dudu/profile/001650/,BENJAMIN-PAVEL,DUDU,200,Forward,Russian Federation,1991-04-29T00:00:00,KHI,Khimki Moscow Region,ok
P004167,004167,deividas-dulkys,euroleague,https://www.euroleaguebasketball.net/en/euroleague/players/deividas-dulkys/profile/004167/,DEIVIDAS,DULKYS,198,Guard,Lithuania,1988-03-21T00:00:00,LIE,Lietuvos Rytas Vilnius,ok
P003048,003048,bryant-dunston,euroleague,https://www.euroleaguebasketball.net/en/euroleague/players/bryant-dunston/profile/003048/,BRYANT,DUNSTON,203,Center,United States of America,1986-05-28T00:00:00,MIL,EA7 Emporio Armani Milan,ok
P001398,001398,romain-duport,euroleague,https://www.euroleaguebasketball.net/en/euroleague/players/romain-duport/profile/001398/,ROMAIN,DUPORT,218,Center,France,1986-12-10T00:00:00,STR,Strasbourg,ok
P012199,012199,declan-duru,euroleague,https://www.euroleaguebasketball.net/en/euroleague/players/declan-duru/profile/012199/,DECLAN,DURU,200,Forward,Germany,2007-01-12T00:00:00,MAD,Real Madrid,ok
P006399,006399,ahmet-duverioglu,euroleague,https://www.euroleaguebasketball.net/en/euroleague/players/ahmet-duverioglu/profile/006399/,AHMET,DUVERIOGLU,209,Center,Turkiye,1993-03-04T00:00:00,ULK,Fenerbahce Beko Istanbul,ok
PCLQ,CLQ,filip-dylewicz,euroleague,https://www.euroleaguebasketball.net/en/euroleague/players/filip-dylewicz/profile/CLQ/,FILIP,DYLEWICZ,202,Forward,Poland,1980-01-25T00:00:00,ZGO,PGE Turow Zgorzelec,ok
P005803,005803,jerome-dyson,euroleague,https://www.euroleaguebasketball.net/en/euroleague/players/jerome-dyson/profile/005803/,JEROME,DYSON,192,Guard,United States of America,1987-05-01T00:00:00,SAS,Dinamo Banco di Sardegna Sassari,ok
P006020,006020,amit-ebo,euroleague,https://www.euroleaguebasketball.net/en/euroleague/players/amit-ebo/profile/006020/,AMIT,EBO,180,Guard,Israel,1999-10-06T00:00:00,TEL,Maccabi Rapyd Tel Aviv,ok
P006725,006725,paul-eboua,euroleague,https://www.euroleaguebasketball.net/en/euroleague/players/paul-eboua/profile/006725/,PAUL,EBOUA,203,Center,Cameroon,2000-02-15T00:00:00,ASV,LDLC ASVEL Villeurbanne,ok
P010569,010569,jarell-eddie,euroleague,https://www.euroleaguebasketball.net/en/euroleague/players/jarell-eddie/profile/010569/,JARELL,EDDIE,201,Forward,United States of America,1991-10-30T00:00:00,ULK,Fenerbahce Beko Istanbul,ok
P008042,008042,eddy-edigin,euroleague,https://www.euroleaguebasketball.net/en/euroleague/players/eddy-edigin/profile/008042/,EDDY,EDIGIN,203,Center,Germany,1995-10-17T00:00:00,BAM,Brose Bamberg,ok
P011987,011987,carsen-edwards,euroleague,https://www.euroleaguebasketball.net/en/euroleague/players/carsen-edwards/profile/011987/,CARSEN,EDWARDS,180,Guard,United States of America,1998-03-12T00:00:00,VIR,Virtus Bologna,ok
P014416,014416,kessler-edwards,euroleague,https://www.euroleaguebasketball.net/en/euroleague/players/kessler-edwards/profile/014416/,KESSLER,EDWARDS,204,Forward,United States of America,2000-08-09T00:00:00,HTA,Hapoel IBI Tel Aviv,ok
P010807,010807,karahan-efeoglu,euroleague,https://www.euroleaguebasketball.net/en/euroleague/players/karahan-efeoglu/profile/010807/,KARAHAN,EFEOGLU,203,Forward,Turkiye,2004-06-13T00:00:00,IST,Anadolu Efes Istanbul,ok
P012730,012730,john-egbunu,euroleague,https://www.euroleaguebasketball.net/en/euroleague/players/john-egbunu/profile/012730/,JOHN,EGBUNU,208,Center,Nigeria,1994-10-31T00:00:00,ASV,LDLC ASVEL Villeurbanne,ok
PLOC,LOC,chuck-eidson,euroleague,https://www.euroleaguebasketball.net/en/euroleague/players/chuck-eidson/profile/LOC/,CHUCK,EIDSON,202,Guard,United States of America,1980-10-10T00:00:00,BAR,FC Barcelona Regal,ok
P008174,008174,mert-eksioglu,euroleague,https://www.euroleaguebasketball.net/en/euroleague/players/mert-eksioglu/profile/008174/,MERT,EKSIOGLU,188,Guard,Turkiye,2002-01-02T00:00:00,ULK,Fenerbahce Beko Istanbul,ok
P000317,000317,khalid-el-amin,euroleague,https://www.euroleaguebasketball.net/en/euroleague/players/khalid-el-amin/profile/000317/,KHALID,EL-AMIN,178,Guard,United States of America,1979-04-25T00:00:00,LIE,Lietuvos Rytas Vilnius,ok
P003064,003064,courtney-eldridge,euroleague,https://www.euroleaguebasketball.net/en/euroleague/players/courtney-eldridge/profile/003064/,COURTNEY,ELDRIDGE,176,Guard,United States of America,1980-06-10T00:00:00,SOP,Asseco Prokom Gdynia,ok
P004857,004857,frank-elegar,euroleague,https://www.euroleaguebasketball.net/en/euroleague/players/frank-elegar/profile/004857/,FRANK,ELEGAR,203,,United States of America,1986-12-03T00:00:00,MIL,EA7 Emporio Armani Milan,ok
PLGD,LGD,lior-eliyahu,euroleague,https://www.euroleaguebasketball.net/en/euroleague/players/lior-eliyahu/profile/LGD/,LIOR,ELIYAHU,205,Forward,Israel,1985-09-09T00:00:00,TEL,Maccabi Electra Tel Aviv,ok
P014157,014157,boogie-ellis,euroleague,https://www.euroleaguebasketball.net/en/euroleague/players/boogie-ellis/profile/014157/,BOOGIE,ELLIS,188,Guard,United States of America,2000-12-12T00:00:00,DUB,Dubai Basketball,ok
P009580,009580,octavius-ellis,euroleague,https://www.euroleaguebasketball.net/en/euroleague/players/octavius-ellis/profile/009580/,OCTAVIUS,ELLIS,208,Center,United States of America,1993-03-10T00:00:00,OLY,Olympiacos Piraeus,ok
P012593,012593,quinn-ellis,euroleague,https://www.euroleaguebasketball.net/en/euroleague/players/quinn-ellis/profile/012593/,QUINN,ELLIS,195,Guard,United Kingdom,2003-04-01T00:00:00,MIL,EA7 Emporio Armani Milan,ok
P000416,000416,carl-english,euroleague,https://www.euroleaguebasketball.net/en/euroleague/players/carl-english/profile/000416/,CARL,ENGLISH,192,Forward,Canada,1981-02-02T00:00:00,BAS,Caja Laboral,ok
P005158,005158,kim-english,euroleague,https://www.euroleaguebasketball.net/en/euroleague/players/kim-english/profile/005158/,KIM,ENGLISH,198,Guard,United States of America,1988-09-24T00:00:00,SIE,Montepaschi Siena,ok
P008066,008066,dylan-ennis,euroleague,https://www.euroleaguebasketball.net/en/euroleague/players/dylan-ennis/profile/008066/,DYLAN,ENNIS,188,Guard,Serbia,1991-12-26T00:00:00,RED,Crvena Zvezda mts Belgrade,ok
P008858,008858,tyler-ennis,euroleague,https://www.euroleaguebasketball.net/en/euroleague/players/tyler-ennis/profile/008858/,TYLER,ENNIS,188,Guard,Canada,1994-08-24T00:00:00,HTA,Hapoel IBI Tel Aviv,ok
P011239,011239,steven-enoch,euroleague,https://www.euroleaguebasketball.net/en/euroleague/players/steven-enoch/profile/011239/,STEVEN,ENOCH,208,Center,United States of America,1997-09-18T00:00:00,BAS,Cazoo Baskonia Vitoria-Gasteiz,ok
PJSR,JSR,chris-ensminger,euroleague,https://www.euroleaguebasketball.net/en/euroleague/players/chris-ensminger/profile/JSR/,CHRIS,ENSMINGER,0,Center,United States of America,1973-12-08T00:00:00,BAM,Brose Baskets,ok
PDHF,DHF,zoran-erceg,euroleague,https://www.euroleaguebasketball.net/en/euroleague/players/zoran-erceg/profile/DHF/,ZORAN,ERCEG,211,Center,Serbia,1985-01-11T00:00:00,GAL,Galatasaray Liv Hospital Istanbul,ok
PJYB,JYB,semih-erden,euroleague,https://www.euroleaguebasketball.net/en/euroleague/players/semih-erden/profile/JYB/,SEMIH,ERDEN,210,Center,Turkiye,1986-07-28T00:00:00,DAR,Darussafaka Dogus Istanbul,ok
PBDQ,BDQ,serkan-erdogan,euroleague,https://www.euroleaguebasketball.net/en/euroleague/players/serkan-erdogan/profile/BDQ/,SERKAN,ERDOGAN,190,Guard,Turkiye,1978-08-30T00:00:00,IST,Efes Pilsen,ok
P007360,007360,michael-eric,euroleague,https://www.euroleaguebasketball.net/en/euroleague/players/michael-eric/profile/007360/,MICHAEL,ERIC,210,Center,Nigeria,1988-06-24T00:00:00,CSK,CSKA Moscow,ok
P003151,003151,marcus-eriksson,euroleague,https://www.euroleaguebasketball.net/en/euroleague/players/marcus-eriksson/profile/003151/,MARCUS,ERIKSSON,201,Guard,Sweden,1993-12-05T00:00:00,BER,ALBA Berlin,ok
PJIR,JIR,baris-ermis,euroleague,https://www.euroleaguebasketball.net/en/euroleague/players/baris-ermis/profile/JIR/,BARIS,ERMIS,194,Guard,Turkiye,1985-01-03T00:00:00,ULK,Fenerbahce Ulker Istanbul,ok
P000932,000932,erbil-eroglu,euroleague,https://www.euroleaguebasketball.net/en/euroleague/players/erbil-eroglu/profile/000932/,ERBIL,EROGLU,195,Guard,Turkiye,1993-01-21T00:00:00,ULK,Fenerbahce Ulker,ok
PAIQ,AIQ,ariel-eslava,euroleague,https://www.euroleaguebasketball.net/en/euroleague/players/ariel-eslava/profile/AIQ/,ARIEL,ESLAVA,201,Forward,Argentina,1979-04-11T00:00:00,BAS,Tau Ceramica,ok
P005937,005937,valentin-estienne,euroleague,https://www.euroleaguebasketball.net/en/euroleague/players/valentin-estienne/profile/005937/,VALENTIN,ESTIENNE,180,Guard,France,1994-02-15T00:00:00,LMG,Limoges CSP,ok
P008946,008946,christopher-evans,euroleague,https://www.euroleaguebasketball.net/en/euroleague/players/christopher-evans/profile/008946/,CHRISTOPHER,EVANS,203,Forward,United States of America,1991-01-29T00:00:00,CAN,Herbalife Gran Canaria,ok
P007432,007432,jeremy-evans,euroleague,https://www.euroleaguebasketball.net/en/euroleague/players/jeremy-evans/profile/007432/,JEREMY,EVANS,207,Forward,United States of America,1987-10-24T00:00:00,PAN,Panathinaikos OPAP Athens,ok
P011218,011218,keenan-evans,euroleague,https://www.euroleaguebasketball.net/en/euroleague/players/keenan-evans/profile/011218/,KEENAN,EVANS,191,Guard,United States of America,1996-08-23T00:00:00,OLY,Olympiacos Piraeus,ok
P010677,010677,shannon-evans,euroleague,https://www.euroleaguebasketball.net/en/euroleague/players/shannon-evans/profile/010677/,SHANNON,EVANS,185,Guard,Guinea,1994-07-19T00:00:00,PAM,Valencia Basket,ok
P010654,010654,ivan-evstigneev,euroleague,https://www.euroleaguebasketball.net/en/euroleague/players/ivan-evstigneev/profile/010654/,IVAN,EVSTIGNEEV,195,Guard,Russian Federation,1999-03-26T00:00:00,KHI,Khimki Moscow Region,ok
P000354,000354,ilian-evtimov,euroleague,https://www.euroleaguebasketball.net/en/euroleague/players/ilian-evtimov/profile/000354/,ILIAN,EVTIMOV,201,Forward,France,1983-04-28T00:00:00,CHL,Elan Chalon-Sur-Saone,ok
P000378,000378,daniel-ewing,euroleague,https://www.euroleaguebasketball.net/en/euroleague/players/daniel-ewing/profile/000378/,DANIEL,EWING,191,Guard,United States of America,1983-03-26T00:00:00,BES,Besiktas JK Istanbul,ok
P011302,011302,dante-liman-exum,euroleague,https://www.euroleaguebasketball.net/en/euroleague/players/dante-liman-exum/profile/011302/,DANTE,EXUM,198,Forward,Australia,1995-07-13T00:00:00,PAR,Partizan Mozzart Bet Belgrade,ok
P001176,001176,christian-eyenga,euroleague,https://www.euroleaguebasketball.net/en/euroleague/players/christian-eyenga/profile/001176/,CHRISTIAN,EYENGA,203,Forward,Democratic Republic of the Congo,1989-06-22T00:00:00,SAS,Dinamo Banco di Sardegna Sassari,ok
PCQO,CQO,benjamin-eze,euroleague,https://www.euroleaguebasketball.net/en/euroleague/players/benjamin-eze/profile/CQO/,BENJAMIN,EZE,208,Center,Italy,1981-02-08T00:00:00,SIE,Montepaschi Siena,ok
P001949,001949,randal-falker,euroleague,https://www.euroleaguebasketball.net/en/euroleague/players/randal-falker/profile/001949/,RANDAL,FALKER,201,Forward,United States of America,1985-07-22T00:00:00,BES,Besiktas JK Istanbul,ok
P008811,008811,moustapha-fall,euroleague,https://www.euroleaguebasketball.net/en/euroleague/players/moustapha-fall/profile/008811/,MOUSTAPHA,FALL,218,Center,France,1992-02-23T00:00:00,OLY,Olympiacos Piraeus,ok
P006568,006568,youssoupha-fall,euroleague,https://www.euroleaguebasketball.net/en/euroleague/players/youssoupha-fall/profile/006568/,YOUSSOUPHA,FALL,221,Center,France,1995-01-12T00:00:00,BAR,FC Barcelona,ok
PAPF,APF,regev-fanan,euroleague,https://www.euroleaguebasketball.net/en/euroleague/players/regev-fanan/profile/APF/,REGEV,FANAN,0,,Israel,1981-11-23T00:00:00,TEL,Maccabi Rapyd Tel Aviv,ok
P011284,011284,kenneth-faried,euroleague,https://www.euroleaguebasketball.net/en/euroleague/players/kenneth-faried/profile/011284/,KENNETH,FARIED,203,Center,United States of America,1989-11-19T00:00:00,PAN,Panathinaikos AKTOR Athens,ok
P003423,003423,jordan-farmar,euroleague,https://www.euroleaguebasketball.net/en/euroleague/players/jordan-farmar/profile/003423/,JORDAN,FARMAR,188,Guard,United States of America,1986-11-30T00:00:00,TEL,Maccabi FOX Tel Aviv,ok
PKVD,KVD,oskar-fassler,euroleague,https://www.euroleaguebasketball.net/en/euroleague/players/oskar-fassler/profile/KVD/,OSKAR,FASSLER,198,Guard,Germany,1988-07-08T00:00:00,BER,Alba Berlin,ok
P006628,006628,vincent-fauche,euroleague,https://www.euroleaguebasketball.net/en/euroleague/players/vincent-fauche/profile/006628/,VINCENT,FAUCHE,191,Guard,France,1996-11-05T00:00:00,LMG,Limoges CSP,ok
P001215,001215,vitor-faverani,euroleague,https://www.euroleaguebasketball.net/en/euroleague/players/vitor-faverani/profile/001215/,VITOR,FAVERANI,210,Center,Spain,1988-05-05T00:00:00,BAR,FC Barcelona Lassa,ok
P010428,010428,ibrahima-faye,euroleague,https://www.euroleaguebasketball.net/en/euroleague/players/ibrahima-faye/profile/010428/,IBRAHIMA,FAYE,209,Forward,Senegal,1997-01-10T00:00:00,MCO,AS Monaco,ok
P012403,012403,mouhamed-faye,euroleague,https://www.euroleaguebasketball.net/en/euroleague/players/mouhamed-faye/profile/012403/,MOUHAMED,FAYE,209,Center,Senegal,2005-02-05T00:00:00,PRS,Paris Basketball,ok
P008800,008800,mouhammad-faye,euroleague,https://www.euroleaguebasketball.net/en/euroleague/players/mouhammad-faye/profile/008800/,MOUHAMMAD,FAYE,208,Forward,Senegal,1985-09-14T00:00:00,RED,Crvena Zvezda mts Belgrade,ok
P012766,012766,seydina-faye,euroleague,https://www.euroleaguebasketball.net/en/euroleague/players/seydina-faye/profile/012766/,SEYDINA,FAYE,205,Center,Senegal,2005-12-30T00:00:00,BAS,Baskonia Vitoria-Gasteiz,ok
P005918,005918,james-feldeine,euroleague,https://www.euroleaguebasketball.net/en/euroleague/players/james-feldeine/profile/005918/,JAMES,FELDEINE,193,Guard,United States of America,1988-06-26T00:00:00,RED,Crvena Zvezda mts Belgrade,ok
P011247,011247,andres-feliz,euroleague,https://www.euroleaguebasketball.net/en/euroleague/players/andres-feliz/profile/011247/,ANDRES,FELIZ,186,Guard,Spain,1997-07-15T00:00:00,MAD,Real Madrid,ok
PAGW,AGW,patrick-femerling,euroleague,https://www.euroleaguebasketball.net/en/euroleague/players/patrick-femerling/profile/AGW/,PATRICK,FEMERLING,213,Center,Germany,1975-03-04T00:00:00,BER,Alba Berlin,ok
P013422,013422,ruzgar-fenemen,euroleague,https://www.euroleaguebasketball.net/en/euroleague/players/ruzgar-fenemen/profile/013422/,RUZGAR,FENEMEN,185,Guard,Turkiye,2008-04-03T00:00:00,IST,Anadolu Efes Istanbul,ok
PLPI,LPI,darren-fenn,euroleague,https://www.euroleaguebasketball.net/en/euroleague/players/darren-fenn/profile/LPI/,DARREN,FENN,208,Center,United States of America,1980-02-17T00:00:00,BAM,Brose Baskets,ok
PTGX,TGX,lucho-fernandez,euroleague,https://www.euroleaguebasketball.net/en/euroleague/players/lucho-fernandez/profile/TGX/,LUCHO,FERNANDEZ,202,Forward,Spain,1975-08-04T00:00:00,BAS,Tau Ceramica Vitoria-Gasteiz,ok
PLIO,LIO,marc-fernandez,euroleague,https://www.euroleaguebasketball.net/en/euroleague/players/marc-fernandez/profile/LIO/,MARC,FERNANDEZ,203,Forward,Spain,1987-07-23T00:00:00,PAM,Power Electronics Valencia,ok
PBMT,BMT,rudy-fernandez,euroleague,https://www.euroleaguebasketball.net/en/euroleague/players/rudy-fernandez/profile/BMT/,RUDY,FERNANDEZ,196,Forward,Spain,1985-04-04T00:00:00,MAD,Real Madrid,ok
P013667,013667,bruno-fernando,euroleague,https://www.euroleaguebasketball.net/en/euroleague/players/bruno-fernando/profile/013667/,BRUNO,FERNANDO,208,Center,Angola,1998-08-15T00:00:00,PAR,Partizan Mozzart Bet Belgrade,ok
P009101,009101,guillem-ferrando,euroleague,https://www.euroleaguebasketball.net/en/euroleague/players/guillem-ferrando/profile/009101/,GUILLEM,FERRANDO,185,Guard,Spain,2002-01-08T00:00:00,PAM,Valencia Basket,ok
P007636,007636,luis-ferrando,euroleague,https://www.euroleaguebasketball.net/en/euroleague/players/luis-ferrando/profile/007636/,LUIS,FERRANDO,185,Guard,Spain,1996-04-23T00:00:00,PAM,Valencia Basket,ok
P014219,014219,francesco-ferrari,euroleague,https://www.euroleaguebasketball.net/en/euroleague/players/francesco-ferrari/profile/014219/,FRANCESCO,FERRARI,204,Forward,Italy,2005-08-18T00:00:00,VIR,Virtus Bologna,ok
P011281,011281,yogi-ferrell,euroleague,https://www.euroleaguebasketball.net/en/euroleague/players/yogi-ferrell/profile/011281/,YOGI,FERRELL,182,Guard,United States of America,1993-05-09T00:00:00,PAN,Panathinaikos OPAP Athens,ok
P006527,006527,kyrylo-fesenko,euroleague,https://www.euroleaguebasketball.net/en/euroleague/players/kyrylo-fesenko/profile/006527/,KYRYLO,FESENKO,216,Center,Ukraine,1986-12-24T00:00:00,TIV,Lokomotiv Kuban Krasnodar,ok
PCTI,CTI,kimani-ffriend,euroleague,https://www.euroleaguebasketball.net/en/euroleague/players/kimani-ffriend/profile/CTI/,KIMANI,FFRIEND,211,Center,Jamaica,1977-07-29T00:00:00,BAM,Brose Baskets,ok
P002861,002861,mario-filipovic,euroleague,https://www.euroleaguebasketball.net/en/euroleague/players/mario-filipovic/profile/002861/,MARIO,FILIPOVIC,196,Guard,Croatia,1988-06-27T00:00:00,CIB,Cibona Zagreb,ok
P001230,001230,ariel-filloy,euroleague,https://www.euroleaguebasketball.net/en/euroleague/players/ariel-filloy/profile/001230/,ARIEL,FILLOY,190,Guard,Italy,1987-03-11T00:00:00,MIL,EA7 Emporio Armani,ok
P001202,001202,morris-finley,euroleague,https://www.euroleaguebasketball.net/en/euroleague/players/morris-finley/profile/001202/,MORRIS,FINLEY,180,Guard,United States of America,1981-08-02T00:00:00,MIL,Armani Jeans Milano,ok
PKZY,KZY,d-or-fischer,euroleague,https://www.euroleaguebasketball.net/en/euroleague/players/d-or-fischer/profile/KZY/,DOR,FISCHER,211,Center,United States of America,1981-10-12T00:00:00,UNK,Unics Kazan,ok
P013579,013579,kilian-fischer,euroleague,https://www.euroleaguebasketball.net/en/euroleague/players/kilian-fischer/profile/013579/,KILIAN,FISCHER,205,Forward,Germany,2007-02-08T00:00:00,MUN,FC Bayern Munich,ok
P007852,007852,luke-fischer,euroleague,https://www.euroleaguebasketball.net/en/euroleague/players/luke-fischer/profile/007852/,LUKE,FISCHER,211,Center,United States of America,1994-10-29T00:00:00,CAN,Herbalife Gran Canaria,ok
PLBZ,LBZ,josh-fisher,euroleague,https://www.euroleaguebasketball.net/en/euroleague/players/josh-fisher/profile/LBZ/,JOSH,FISHER,189,Guard,United States of America,1980-10-24T00:00:00,BIL,Gescrap Bilbao Basket,ok
PKHU,KHU,gerald-fitch,euroleague,https://www.euroleaguebasketball.net/en/euroleague/players/gerald-fitch/profile/KHU/,GERALD,FITCH,191,Guard,United States of America,1982-08-12T00:00:00,MAL,Unicaja Malaga,ok
P007595,007595,bruno-fitipaldo,euroleague,https://www.euroleaguebasketball.net/en/euroleague/players/bruno-fitipaldo/profile/007595/,BRUNO,FITIPALDO ,184,Guard,Italy,1991-08-02T00:00:00,GAL,Galatasaray Odeabank Istanbul,ok
PTFS,TFS,marcus-fizer,euroleague,https://www.euroleaguebasketball.net/en/euroleague/players/marcus-fizer/profile/TFS/,MARCUS,FIZER,203,Forward,United States of America,1978-08-10T00:00:00,TEL,Maccabi Electra,ok
P005670,005670,diego-flaccadori,euroleague,https://www.euroleaguebasketball.net/en/euroleague/players/diego-flaccadori/profile/005670/,DIEGO,FLACCADORI,193,Guard,Italy,1996-04-05T00:00:00,MIL,EA7 Emporio Armani Milan,ok
P010467,010467,jehyve-floyd,euroleague,https://www.euroleaguebasketball.net/en/euroleague/players/jehyve-floyd/profile/010467/,JEHYVE,FLOYD,203,Center,United States of America,1997-06-27T00:00:00,ULK,Fenerbahce Beko Istanbul,ok
P001258,001258,bangaly-fofana,euroleague,https://www.euroleaguebasketball.net/en/euroleague/players/bangaly-fofana/profile/001258/,BANGALY,FOFANA,212,Center,France,1989-06-03T00:00:00,STR,Strasbourg,ok
PAJC,AJC,laurent-foirest,euroleague,https://www.euroleaguebasketball.net/en/euroleague/players/laurent-foirest/profile/AJC/,LAURENT,FOIREST,197,Forward,France,1973-09-18T00:00:00,ASV,Asvel Basket,ok
P013406,013406,clarence-fondeur-massamba,euroleague,https://www.euroleaguebasketball.net/en/euroleague/players/clarence-fondeur-massamba/profile/013406/,CLARENCE,FONDEUR-MASSAMBA,196,Guard,France,2005-12-14T00:00:00,MCO,AS Monaco,ok
P006084,006084,aleix-font,euroleague,https://www.euroleaguebasketball.net/en/euroleague/players/aleix-font/profile/006084/,ALEIX,FONT,195,Forward,Spain,1998-03-11T00:00:00,BAR,FC Barcelona Lassa,ok
P004499,004499,simone-fontecchio,euroleague,https://www.euroleaguebasketball.net/en/euroleague/players/simone-fontecchio/profile/004499/,SIMONE,FONTECCHIO,203,Forward,Italy,1995-12-09T00:00:00,BAS,Bitci Baskonia Vitoria-Gasteiz,ok
P004246,004246,jeff-foote,euroleague,https://www.euroleaguebasketball.net/en/euroleague/players/jeff-foote/profile/004246/,JEFF,FOOTE,213,Center,United States of America,1987-07-14T00:00:00,ZAL,Zalgiris Kaunas,ok
PLLX,LLX,sharrod-ford,euroleague,https://www.euroleaguebasketball.net/en/euroleague/players/sharrod-ford/profile/LLX/,SHARROD,FORD,206,Forward,United States of America,1982-09-09T00:00:00,BAM,Brose Baskets Bamberg,ok
P003672,003672,tj-ford,euroleague,https://www.euroleaguebasketball.net/en/euroleague/players/tj-ford/profile/003672/,TJ,FORD,183,Guard,United States of America,1983-03-24T00:00:00,ZAG,Zagreb,ok
P005980,005980,matteo-formenti,euroleague,https://www.euroleaguebasketball.net/en/euroleague/players/matteo-formenti/profile/005980/,MATTEO,FORMENTI,194,Forward,Italy,1982-04-15T00:00:00,SAS,Dinamo Banco di Sardegna Sassari,ok
P013367,013367,trent-forrest,euroleague,https://www.euroleaguebasketball.net/en/euroleague/players/trent-forrest/profile/013367/,TRENT,FORREST,193,Guard,United States of America,1998-06-12T00:00:00,BAS,Kosner Baskonia Vitoria-Gasteiz,ok
PLMN,LMN,joseph-forte,euroleague,https://www.euroleaguebasketball.net/en/euroleague/players/joseph-forte/profile/LMN/,JOSEPH,FORTE,193,Guard,United States of America,1981-03-23T00:00:00,TEL,Maccabi Electra Tel Aviv,ok
P001907,001907,jekel-foster,euroleague,https://www.euroleaguebasketball.net/en/euroleague/players/jekel-foster/profile/001907/,JEKEL,FOSTER,191,Guard,United States of America,1983-07-22T00:00:00,NTR,JSF Nanterre,ok
P010386,010386,marcus-franklee-foster,euroleague,https://www.euroleaguebasketball.net/en/euroleague/players/marcus-franklee-foster/profile/010386/,MARCUS,FOSTER,191,Guard,United States of America,1995-06-03T00:00:00,PAN,Panathinaikos OPAP Athens,ok
PBEZ,BEZ,antonis-fotsis,euroleague,https://www.euroleaguebasketball.net/en/euroleague/players/antonis-fotsis/profile/BEZ/,ANTONIS,FOTSIS,209,Forward,Greece,1981-04-02T00:00:00,PAN,Panathinaikos Superfoods Athens,ok
P013380,013380,evan-fournier,euroleague,https://www.euroleaguebasketball.net/en/euroleague/players/evan-fournier/profile/013380/,EVAN,FOURNIER,200,Forward,France,1992-10-29T00:00:00,OLY,Olympiacos Piraeus,ok
000595,000595,josep-franch,euroleague,https://www.euroleaguebasketball.net/en/euroleague/players/josep-franch/profile/000595/,JOSEP,FRANCH,190,Guard,Spain,1991-01-28T00:00:00,JOV,DKV Joventut,ok
P007975,007975,sylvain-francisco,euroleague,https://www.euroleaguebasketball.net/en/euroleague/players/sylvain-francisco/profile/007975/,SYLVAIN,FRANCISCO,185,Guard,France,1997-10-10T00:00:00,ZAL,Zalgiris Kaunas,ok
P005265,005265,xavier-francois,euroleague,https://www.euroleaguebasketball.net/en/euroleague/players/xavier-francois/profile/005265/,XAVIER,FRANCOIS,203,Forward,Belgium,1994-07-01T00:00:00,STR,Strasbourg,ok
P011223,011223,conner-frankamp,euroleague,https://www.euroleaguebasketball.net/en/euroleague/players/conner-frankamp/profile/011223/,CONNER,FRANKAMP,185,Guard,United States of America,1995-07-16T00:00:00,DYR,Zenit St Petersburg,ok
P003390,003390,przemyslaw-frasunkiewicz,euroleague,https://www.euroleaguebasketball.net/en/euroleague/players/przemyslaw-frasunkiewicz/profile/003390/,PRZEMYSLAW,FRASUNKIEWICZ,,Forward,Poland,1979-01-08T00:00:00,SOP,Asseco Prokom Gdynia,ok
P009842,009842,jimmer-fredette,euroleague,https://www.euroleaguebasketball.net/en/euroleague/players/jimmer-fredette/profile/009842/,JIMMER,FREDETTE,187,Guard,United States of America,1989-02-25T00:00:00,PAN,Panathinaikos OPAP Athens,ok
PLOO,LOO,joel-freeland,euroleague,https://www.euroleaguebasketball.net/en/euroleague/players/joel-freeland/profile/LOO/,JOEL,FREELAND,210,Center,United Kingdom,1987-02-07T00:00:00,CSK,CSKA Moscow,ok
P010389,010389,allerik-freeman,euroleague,https://www.euroleaguebasketball.net/en/euroleague/players/allerik-freeman/profile/010389/,ALLERIK,FREEMAN,191,Guard,United States of America,1994-10-30T00:00:00,CSK,CSKA Moscow,ok
P004808,004808,jannik-freese,euroleague,https://www.euroleaguebasketball.net/en/euroleague/players/jannik-freese/profile/004808/,JANNIK,FREESE,211,Center,Germany,1986-08-13T00:00:00,BER,ALBA Berlin,ok
PLLH,LLH,vitaly-fridzon,euroleague,https://www.euroleaguebasketball.net/en/euroleague/players/vitaly-fridzon/profile/LLH/,VITALY,FRIDZON,194,Guard,Russian Federation,1985-10-14T00:00:00,DYR,Zenit St Petersburg,ok
P014026,014026,clement-frisch,euroleague,https://www.euroleaguebasketball.net/en/euroleague/players/clement-frisch/profile/014026/,CLEMENT,FRISCH,201,Forward,France,2002-01-07T00:00:00,BAS,Kosner Baskonia Vitoria-Gasteiz,ok
P002838,002838,jeferson-froehlich,euroleague,https://www.euroleaguebasketball.net/en/euroleague/players/jeferson-froehlich/profile/002838/,JEFERSON,FROEHLICH,193,Guard,Brazil,1991-01-12T00:00:00,MAD,Real Madrid,ok
PADP,ADP,gregor-fucka,euroleague,https://www.euroleaguebasketball.net/en/euroleague/players/gregor-fucka/profile/ADP/,GREGOR,FUCKA,215,Forward,Italy,1971-08-07T00:00:00,ROM,Lottomatica Roma,ok
P001562,001562,sebastian-fulle,euroleague,https://www.euroleaguebasketball.net/en/euroleague/players/sebastian-fulle/profile/001562/,SEBASTIAN,FULLE,192,Guard,Germany,1992-07-27T00:00:00,BER,Alba Berlin,ok
P005432,005432,carlo-fumagalli,euroleague,https://www.euroleaguebasketball.net/en/euroleague/players/carlo-fumagalli/profile/005432/,CARLO,FUMAGALLI,186,Guard,Italy,1996-04-25T00:00:00,MIL,EA7 Emporio Armani Milan,ok
PJKN,JKN,roberto-gabini,euroleague,https://www.euroleaguebasketball.net/en/euroleague/players/roberto-gabini/profile/JKN/,ROBERTO,GABINI,198,Forward,Italy,1975-06-10T00:00:00,ROM,Lottomatica Roma,ok
PBIM,BIM,german-gabriel,euroleague,https://www.euroleaguebasketball.net/en/euroleague/players/german-gabriel/profile/BIM/,GERMAN,GABRIEL,,Forward,Spain,1980-11-16T00:00:00,MAL,Unicaja Malaga,ok
P005881,005881,kenny-gabriel,euroleague,https://www.euroleaguebasketball.net/en/euroleague/players/kenny-gabriel/profile/005881/,KENNY,GABRIEL,205,Forward,United States of America,1989-07-03T00:00:00,PAN,Panathinaikos Superfoods Athens,ok
P013383,013383,wenyen-gabriel,euroleague,https://www.euroleaguebasketball.net/en/euroleague/players/wenyen-gabriel/profile/013383/,WENYEN,GABRIEL,206,Center,United States of America,1997-03-26T00:00:00,MUN,FC Bayern Munich,ok
PTES,TES,cheyne-gadson,euroleague,https://www.euroleaguebasketball.net/en/euroleague/players/cheyne-gadson/profile/TES/,CHEYNE,GADSON,192,Guard,United States of America,1980-07-17T00:00:00,MIL,AJ Milano,ok
P004229,004229,djordje-gagic,euroleague,https://www.euroleaguebasketball.net/en/euroleague/players/djordje-gagic/profile/004229/,DJORDJE,GAGIC,210,Center,Serbia,1990-12-28T00:00:00,PAR,Partizan NIS Belgrade,ok
P002009,002009,deividas-gailius,euroleague,https://www.euroleaguebasketball.net/en/euroleague/players/deividas-gailius/profile/002009/,DEIVIDAS,GAILIUS,200,Forward,Lithuania,1988-04-26T00:00:00,KLA,Neptunas Klaipeda,ok
P004196,004196,vincent-gaillard,euroleague,https://www.euroleaguebasketball.net/en/euroleague/players/vincent-gaillard/profile/004196/,VINCENT,GAILLARD,200,Forward,Switzerland,1993-04-06T00:00:00,CHL,Elan Chalon-Sur-Saone,ok
PKSH,KSH,charles-gaines,euroleague,https://www.euroleaguebasketball.net/en/euroleague/players/charles-gaines/profile/KSH/,CHARLES,GAINES,203,Forward,United States of America,1981-10-15T00:00:00,TEL,Maccabi Electra,ok
PTEP,TEP,reece-gaines,euroleague,https://www.euroleaguebasketball.net/en/euroleague/players/reece-gaines/profile/TEP/,REECE,GAINES,198,Guard,United States of America,1981-01-07T00:00:00,MIL,AJ Milano,ok
P005023,005023,simas-galdikas,euroleague,https://www.euroleaguebasketball.net/en/euroleague/players/simas-galdikas/profile/005023/,SIMAS,GALDIKAS,203,Forward,Lithuania,1987-01-03T00:00:00,KLA,Neptunas Klaipeda,ok
PLDO,LDO,andrea-galli,euroleague,https://www.euroleaguebasketball.net/en/euroleague/players/andrea-galli/profile/LDO/,ANDREA,GALLI,192,Forward,Italy,1989-07-01T00:00:00,SIE,Montepaschi Siena,ok
PKRD,KRD,danilo-gallinari,euroleague,https://www.euroleaguebasketball.net/en/euroleague/players/danilo-gallinari/profile/KRD/,DANILO,GALLINARI,208,Forward,Italy,1988-08-08T00:00:00,MIL,EA7 Emporio Armani,ok
P008851,008851,charles-galliou,euroleague,https://www.euroleaguebasketball.net/en/euroleague/players/charles-galliou/profile/008851/,CHARLES,GALLIOU,202,Forward,France,1995-12-26T00:00:00,ASV,LDLC ASVEL Villeurbanne,ok
P002848,002848,gabriele-ganeto,euroleague,https://www.euroleaguebasketball.net/en/euroleague/players/gabriele-ganeto/profile/002848/,GABRIELE,GANETO,200,Forward,Italy,1987-07-23T00:00:00,MIL,Armani Jeans Milano,ok
P004623,004623,alexander-gankevich,euroleague,https://www.euroleaguebasketball.net/en/euroleague/players/alexander-gankevich/profile/004623/,ALEXANDER,GANKEVICH,201,Forward,Russian Federation,1995-08-05T00:00:00,CSK,CSKA Moscow,ok
P012115,012115,diego-garavaglia,euroleague,https://www.euroleaguebasketball.net/en/euroleague/players/diego-garavaglia/profile/012115/,DIEGO,GARAVAGLIA,198,Guard,Italy,2007-04-04T00:00:00,MIL,EA7 Emporio Armani Milan,ok
PAHV,AHV,jorge-garbajosa,euroleague,https://www.euroleaguebasketball.net/en/euroleague/players/jorge-garbajosa/profile/AHV/,JORGE,GARBAJOSA,205,Forward,Spain,1977-12-19T00:00:00,MAL,Unicaja Malaga,ok
P000615,000615,alex-garcia,euroleague,https://www.euroleaguebasketball.net/en/euroleague/players/alex-garcia/profile/000615/,ALEX,GARCIA,191,Guard,Brazil,1980-03-04T00:00:00,TEL,Maccabi Elite Tel Aviv,ok
P000018,000018,ander-garcia,euroleague,https://www.euroleaguebasketball.net/en/euroleague/players/ander-garcia/profile/000018/,ANDER,GARCIA,192,Guard,Spain,1989-04-05T00:00:00,BAS,Caja Laboral Vitoria,ok
P003238,003238,angel-luis-garcia,euroleague,https://www.euroleaguebasketball.net/en/euroleague/players/angel-luis-garcia/profile/003238/,ANGEL LUIS ,GARCIA,209,Center,United States of America,1988-07-11T00:00:00,MAL,Unicaja Malaga,ok
PJCS,JCS,ivan-garcia,euroleague,https://www.euroleaguebasketball.net/en/euroleague/players/ivan-garcia/profile/JCS/,IVAN,GARCIA,205,Forward,Spain,1986-09-16T00:00:00,BAR,FC Barcelona Regal,ok
P004535,004535,marc-garcia,euroleague,https://www.euroleaguebasketball.net/en/euroleague/players/marc-garcia/profile/004535/,MARC,GARCIA,196,Guard,Spain,1996-03-07T00:00:00,BAR,FC Barcelona Lassa,ok
P005458,005458,sergi-garcia,euroleague,https://www.euroleaguebasketball.net/en/euroleague/players/sergi-garcia/profile/005458/,SERGI,GARCIA,193,Forward,Spain,1997-02-17T00:00:00,BAS,KIROLBET Baskonia Vitoria-Gasteiz,ok
PBXR,BXR,jason-gardner,euroleague,https://www.euroleaguebasketball.net/en/euroleague/players/jason-gardner/profile/BXR/,JASON,GARDNER,178,Guard,United States of America,1980-11-14T00:00:00,OLD,EWE Baskets,ok
P007994,007994,patricio-garino,euroleague,https://www.euroleaguebasketball.net/en/euroleague/players/patricio-garino/profile/007994/,PATRICIO,GARINO,201,Forward,Italy,1993-05-17T00:00:00,ZAL,Zalgiris Kaunas,ok
P003476,003476,diante-garrett,euroleague,https://www.euroleaguebasketball.net/en/euroleague/players/diante-garrett/profile/003476/,DIANTE,GARRETT,193,Guard,United States of America,1988-11-03T00:00:00,ZAG,Zagreb,ok
PBOF,BOF,robert-garrett,euroleague,https://www.euroleaguebasketball.net/en/euroleague/players/robert-garrett/profile/BOF/,ROBERT,GARRETT,194,Guard,Germany,1977-03-18T00:00:00,BAM,Brose Baskets,ok
PLHB,LHB,luca-garri,euroleague,https://www.euroleaguebasketball.net/en/euroleague/players/luca-garri/profile/LHB/,LUCA,GARRI,207,Forward,Italy,1982-01-03T00:00:00,VIR,Virtus VidiVici,ok
P010107,010107,sediq-garuba,euroleague,https://www.euroleaguebasketball.net/en/euroleague/players/sediq-garuba/profile/010107/,SEDIQ,GARUBA,193,Forward,Spain,2004-02-02T00:00:00,MAD,Real Madrid,ok
P007630,007630,usman-garuba,euroleague,https://www.euroleaguebasketball.net/en/euroleague/players/usman-garuba/profile/007630/,USMAN,GARUBA,203,Center,Spain,2002-03-09T00:00:00,MAD,Real Madrid,ok
PADF,ADF,pau-gasol,euroleague,https://www.euroleaguebasketball.net/en/euroleague/players/pau-gasol/profile/ADF/,PAU,GASOL,216,Center,Spain,1980-07-06T00:00:00,BAR,FC Barcelona,ok
P004836,004836,matt-gatens,euroleague,https://www.euroleaguebasketball.net/en/euroleague/players/matt-gatens/profile/004836/,MATT,GATENS,195,Guard,United States of America,1989-06-13T00:00:00,LMG,Limoges CSP,ok
P001252,001252,anton-gavel,euroleague,https://www.euroleaguebasketball.net/en/euroleague/players/anton-gavel/profile/001252/,ANTON,GAVEL,0,Guard,Germany,1984-10-24T00:00:00,MUN,FC Bayern Munich,ok
P004624,004624,alexander-gavrilov,euroleague,https://www.euroleaguebasketball.net/en/euroleague/players/alexander-gavrilov/profile/004624/,ALEXANDER,GAVRILOV,195,Guard,Russian Federation,1996-04-10T00:00:00,CSK,CSKA Moscow,ok
P010516,010516,erten-gazi,euroleague,https://www.euroleaguebasketball.net/en/euroleague/players/erten-gazi/profile/010516/,ERTEN,GAZI,191,Guard,Turkiye,1997-06-15T00:00:00,IST,Anadolu Efes Istanbul,ok
P009753,009753,martinas-geben,euroleague,https://www.euroleaguebasketball.net/en/euroleague/players/martinas-geben/profile/009753/,MARTINAS,GEBEN,208,Center,Lithuania,1994-10-20T00:00:00,ZAL,Zalgiris Kaunas,ok
PLTT,LTT,martynas-gecevicius,euroleague,https://www.euroleaguebasketball.net/en/euroleague/players/martynas-gecevicius/profile/LTT/,MARTYNAS,GECEVICIUS,193,Guard,Lithuania,1988-05-16T00:00:00,LIE,Lietuvos Rytas Vilnius,ok
P005686,005686,tolga-gecim,euroleague,https://www.euroleaguebasketball.net/en/euroleague/players/tolga-gecim/profile/005686/,TOLGA,GECIM,206,Forward,Turkiye,1996-03-27T00:00:00,IST,Anadolu Efes Istanbul,ok
P003392,003392,alonzo-gee,euroleague,https://www.euroleaguebasketball.net/en/euroleague/players/alonzo-gee/profile/003392/,ALONZO,GEE,198,Forward,United States of America,1987-05-29T00:00:00,SOP,Asseco Prokom Gdynia,ok
PBHN,BHN,mickael-gelabale,euroleague,https://www.euroleaguebasketball.net/en/euroleague/players/mickael-gelabale/profile/BHN/,MICKAEL,GELABALE,202,Forward,France,1983-05-22T00:00:00,CED,Cedevita Zagreb,ok
P000880,000880,alessandro-gentile,euroleague,https://www.euroleaguebasketball.net/en/euroleague/players/alessandro-gentile/profile/000880/,ALESSANDRO,GENTILE,201,Guard,Italy,1992-11-12T00:00:00,PAN,Panathinaikos Superfoods Athens,ok
PTER,TER,stefano-gentile,euroleague,https://www.euroleaguebasketball.net/en/euroleague/players/stefano-gentile/profile/TER/,STEFANO,GENTILE,191,Guard,Italy,1989-09-20T00:00:00,MIL,AJ Milano,ok
P000406,000406,ioannis-georgallis,euroleague,https://www.euroleaguebasketball.net/en/euroleague/players/ioannis-georgallis/profile/000406/,IOANNIS,GEORGALLIS,0,,Greece,1983-05-17T00:00:00,DUB,Dubai Basketball,ok
P008253,008253,jason-george,euroleague,https://www.euroleaguebasketball.net/en/euroleague/players/jason-george/profile/008253/,JASON,GEORGE,198,Guard,Germany,2001-05-21T00:00:00,MUN,FC Bayern Munich,ok
P007122,007122,samet-geyik,euroleague,https://www.euroleaguebasketball.net/en/euroleague/players/samet-geyik/profile/007122/,SAMET,GEYIK,206,Forward,Turkiye,1993-01-12T00:00:00,ULK,Fenerbahce Beko Istanbul,ok
PKXO,KXO,jacopo-giachetti,euroleague,https://www.euroleaguebasketball.net/en/euroleague/players/jacopo-giachetti/profile/KXO/,JACOPO,GIACHETTI,190,Guard,Italy,1983-12-07T00:00:00,MIL,EA7 Emporio Armani Milan,ok
P003675,003675,nico-gianella,euroleague,https://www.euroleaguebasketball.net/en/euroleague/players/nico-gianella/profile/003675/,NICO,GIANELLA,191,Guard,Argentina,1978-02-14T00:00:00,CTU,Bennet Cantu,ok
PLRH,LRH,charis-giannopoulos,euroleague,https://www.euroleaguebasketball.net/en/euroleague/players/charis-giannopoulos/profile/LRH/,CHARIS,GIANNOPOULOS,206,Forward,Greece,1989-07-13T00:00:00,PAN,Panathinaikos Athens,ok
PAIH,AIH,yannis-giannoulis,euroleague,https://www.euroleaguebasketball.net/en/euroleague/players/yannis-giannoulis/profile/AIH/,YANNIS,GIANNOULIS,204,Center,Greece,1976-06-05T00:00:00,NIO,Panionios On Telecoms,ok
P006702,006702,samuele-giardini,euroleague,https://www.euroleaguebasketball.net/en/euroleague/players/samuele-giardini/profile/006702/,SAMUELE,GIARDINI,183,Guard,Italy,2000-05-17T00:00:00,MIL,EA7 Emporio Armani Milan,ok
P002873,002873,justin-ray-giddens,euroleague,https://www.euroleaguebasketball.net/en/euroleague/players/justin-ray-giddens/profile/002873/,JR,GIDDENS,196,Guard,United States of America,1985-02-13T00:00:00,SOP,Asseco Prokom Gdynia,ok
P007513,007513,dovydas-giedraitis,euroleague,https://www.euroleaguebasketball.net/en/euroleague/players/dovydas-giedraitis/profile/007513/,DOVYDAS,GIEDRAITIS,193,Guard,Lithuania,2000-08-17T00:00:00,ZAL,Zalgiris Kaunas,ok
P006436,006436,rokas-giedraitis,euroleague,https://www.euroleaguebasketball.net/en/euroleague/players/rokas-giedraitis/profile/006436/,ROKAS,GIEDRAITIS,200,Forward,Lithuania,1992-08-16T00:00:00,RED,Crvena Zvezda Meridianbet Belgrade,ok
P001557,001557,niels-giffey,euroleague,https://www.euroleaguebasketball.net/en/euroleague/players/niels-giffey/profile/001557/,NIELS,GIFFEY,200,Forward,Germany,1991-06-08T00:00:00,MUN,FC Bayern Munich,ok
PKWC,KWC,angelo-gigli,euroleague,https://www.euroleaguebasketball.net/en/euroleague/players/angelo-gigli/profile/KWC/,ANGELO,GIGLI,209,Forward,Italy,1983-05-04T00:00:00,MIL,EA7 Emporio Armani Milan,ok
P008001,008001,anthony-gill,euroleague,https://www.euroleaguebasketball.net/en/euroleague/players/anthony-gill/profile/008001/,ANTHONY,GILL,204,Forward,United States of America,1992-10-17T00:00:00,KHI,Khimki Moscow Region,ok
P011941,011941,freddie-gillespie,euroleague,https://www.euroleaguebasketball.net/en/euroleague/players/freddie-gillespie/profile/011941/,FREDDIE,GILLESPIE,206,Center,United States of America,1997-06-14T00:00:00,MIL,EA7 Emporio Armani Milan,ok
P010550,010550,tomer-ginat,euroleague,https://www.euroleaguebasketball.net/en/euroleague/players/tomer-ginat/profile/010550/,TOMER,GINAT,205,Forward,Israel,1994-11-07T00:00:00,HTA,Hapoel IBI Tel Aviv,ok
PACQ,ACQ,vidas-ginevicius,euroleague,https://www.euroleaguebasketball.net/en/euroleague/players/vidas-ginevicius/profile/ACQ/,VIDAS,GINEVICIUS,194,Guard,Lithuania,1978-05-11T00:00:00,LIE,Lietuvos Rytas,ok
P000689,000689,anthony-giovacchini,euroleague,https://www.euroleaguebasketball.net/en/euroleague/players/anthony-giovacchini/profile/000689/,ANTHONY,GIOVACCHINI,188,Guard,Italy,1979-09-09T00:00:00,MIL,AJ Milano,ok
PBXA,BXA,guilherme-giovannoni,euroleague,https://www.euroleaguebasketball.net/en/euroleague/players/guilherme-giovannoni/profile/BXA/,GUILHERME,GIOVANNONI,202,Forward,Italy,1980-06-02T00:00:00,VIR,Virtus VidiVici,ok
PCSI,CSI,sergerio-gipson,euroleague,https://www.euroleaguebasketball.net/en/euroleague/players/sergerio-gipson/profile/CSI/,SERGERIO,GIPSON,191,Guard,United States of America,1980-02-15T00:00:00,BAM,Brose Baskets Bamberg,ok
P005024,005024,mindaugas-girdziunas,euroleague,https://www.euroleaguebasketball.net/en/euroleague/players/mindaugas-girdziunas/profile/005024/,MINDAUGAS,GIRDZIUNAS,188,Guard,Lithuania,1989-01-20T00:00:00,KLA,Neptunas Klaipeda,ok
PAFI,AFI,gordan-giricek,euroleague,https://www.euroleaguebasketball.net/en/euroleague/players/gordan-giricek/profile/AFI/,GORDAN,GIRICEK,201,Forward,Croatia,1977-06-20T00:00:00,ULK,Fenerbahce Ulker,ok
P002980,002980,james-gist,euroleague,https://www.euroleaguebasketball.net/en/euroleague/players/james-gist/profile/002980/,JAMES,GIST,204,Center,United States of America,1986-10-26T00:00:00,ASV,LDLC ASVEL Villeurbanne,ok
PBZW,BZW,ioannis-gkagkaloudis,euroleague,https://www.euroleaguebasketball.net/en/euroleague/players/ioannis-gkagkaloudis/profile/BZW/,IOANNIS,GKAGKALOUDIS,192,Guard,Greece,1978-08-22T00:00:00,ROM,Lottomatica Roma,ok
P005274,005274,sergii-gladyr,euroleague,https://www.euroleaguebasketball.net/en/euroleague/players/sergii-gladyr/profile/005274/,SERGII,GLADYR,0,,Ukraine,1988-10-17T00:00:00,MCO,AS Monaco,ok
P011261,011261,gregor-glas,euroleague,https://www.euroleaguebasketball.net/en/euroleague/players/gregor-glas/profile/011261/,GREGOR,GLAS,197,Guard,Slovenia,2001-04-29T00:00:00,PAR,Partizan Mozzart Bet Belgrade,ok
PBVP,BVP,andreas-glyniadakis,euroleague,https://www.euroleaguebasketball.net/en/euroleague/players/andreas-glyniadakis/profile/BVP/,ANDREAS,GLYNIADAKIS,215,Center,Greece,1981-08-26T00:00:00,LIE,Lietuvos Rytas Vilnius,ok
P000499,000499,john-goldsberry,euroleague,https://www.euroleaguebasketball.net/en/euroleague/players/john-goldsberry/profile/000499/,JOHN,GOLDSBERRY,191,Guard,United States of America,1982-10-19T00:00:00,BAM,Brose Baskets Bamberg,ok
P012336,012336,tamir-gold,euroleague,https://www.euroleaguebasketball.net/en/euroleague/players/tamir-gold/profile/012336/,TAMIR,GOLD,206,Forward,Israel,2007-03-27T00:00:00,TEL,Maccabi Rapyd Tel Aviv,ok
PAGI,AGI,jurica-golemac,euroleague,https://www.euroleaguebasketball.net/en/euroleague/players/jurica-golemac/profile/AGI/,JURICA,GOLEMAC,0,,Slovenia,1977-05-29T00:00:00,DUB,Dubai Basketball,ok
PLCK,LCK,dmitry-golovin,euroleague,https://www.euroleaguebasketball.net/en/euroleague/players/dmitry-golovin/profile/LCK/,DMITRY,GOLOVIN,192,Guard,Russian Federation,1988-07-14T00:00:00,NOV,Nizhny Novgorod,ok
P001236,001236,vladimir-golubovic,euroleague,https://www.euroleaguebasketball.net/en/euroleague/players/vladimir-golubovic/profile/001236/,VLADIMIR,GOLUBOVIC,212,Center,Serbia,1986-02-24T00:00:00,STR,Strasbourg,ok
P004435,004435,ryan-gomes,euroleague,https://www.euroleaguebasketball.net/en/euroleague/players/ryan-gomes/profile/004435/,RYAN,GOMES,201,Forward,United States of America,1982-09-01T00:00:00,BAS,Laboral Kutxa Vitoria,ok
P000074,000074,antoine-gomis,euroleague,https://www.euroleaguebasketball.net/en/euroleague/players/antoine-gomis/profile/000074/,ANTOINE,GOMIS,205,Forward,France,1989-04-02T00:00:00,LEM,Le Mans,ok
P001216,001216,joseph-gomis,euroleague,https://www.euroleaguebasketball.net/en/euroleague/players/joseph-gomis/profile/001216/,JOSEPH,GOMIS,0,,France,1978-07-02T00:00:00,ASV,LDLC ASVEL Villeurbanne,ok
PAWN,AWN,kerem-gonlum,euroleague,https://www.euroleaguebasketball.net/en/euroleague/players/kerem-gonlum/profile/AWN/,KEREM,GONLUM,208,Center,Turkiye,1977-11-22T00:00:00,KSK,Pinar Karsiyaka,ok
P011649,011649,hugo-gonzalez,euroleague,https://www.euroleaguebasketball.net/en/euroleague/players/hugo-gonzalez/profile/011649/,HUGO,GONZALEZ,198,Forward,Spain,2006-02-05T00:00:00,MAD,Real Madrid,ok
P008032,008032,miguel-gonzalez,euroleague,https://www.euroleaguebasketball.net/en/euroleague/players/miguel-gonzalez/profile/008032/,MIGUEL,GONZALEZ,201,Guard,Spain,1999-03-20T00:00:00,BAS,KIROLBET Baskonia Vitoria-Gasteiz,ok
P004324,004324,sergiy-gorbenko,euroleague,https://www.euroleaguebasketball.net/en/euroleague/players/sergiy-gorbenko/profile/004324/,SERGIY,GORBENKO,202,Forward,Ukraine,1985-07-30T00:00:00,NIK,Budivelnik Kiev,ok
P000531,000531,nemanja-gordic,euroleague,https://www.euroleaguebasketball.net/en/euroleague/players/nemanja-gordic/profile/000531/,NEMANJA,GORDIC,193,Guard,Serbia,1988-09-25T00:00:00,BUD,Buducnost VOLI Pogdorica,ok
P004230,004230,drew-gordon,euroleague,https://www.euroleaguebasketball.net/en/euroleague/players/drew-gordon/profile/004230/,DREW,GORDON,204,Forward,United States of America,1990-07-12T00:00:00,PAR,Partizan mt:s Belgrade,ok
P001310,001310,jamont-gordon,euroleague,https://www.euroleaguebasketball.net/en/euroleague/players/jamont-gordon/profile/001310/,JAMONT,GORDON,194,Guard,United States of America,1987-03-16T00:00:00,GAL,Galatasaray Liv Hospital Istanbul,ok
PAUC,AUC,marcus-goree,euroleague,https://www.euroleaguebasketball.net/en/euroleague/players/marcus-goree/profile/AUC/,MARCUS,GOREE,203,Forward,United States of America,1977-10-11T00:00:00,CSK,CSKA Moscow,ok
PBPV,BPV,boris-gorenc,euroleague,https://www.euroleaguebasketball.net/en/euroleague/players/boris-gorenc/profile/BPV/,BORIS,GORENC,195,Guard,Slovenia,1973-12-03T00:00:00,LJU,Union Olimpija,ok
P005944,005944,michael-patryk-gospodarek,euroleague,https://www.euroleaguebasketball.net/en/euroleague/players/michael-patryk-gospodarek/profile/005944/,MICHAEL,GOSPODAREK,186,Guard,Poland,1991-11-30T00:00:00,ZGO,PGE Turow Zgorzelec,ok
P004903,004903,andrew-goudelock,euroleague,https://www.euroleaguebasketball.net/en/euroleague/players/andrew-goudelock/profile/004903/,ANDREW,GOUDELOCK,191,Guard,United States of America,1988-12-07T00:00:00,MIL,AX Armani Exchange Olimpia Milan,ok
P014028,014028,devonte-graham,euroleague,https://www.euroleaguebasketball.net/en/euroleague/players/devonte-graham/profile/014028/,DEVONTE,GRAHAM,185,Guard,United States of America,1995-02-22T00:00:00,RED,Crvena Zvezda Meridianbet Belgrade,ok
P003024,003024,jayson-granger,euroleague,https://www.euroleaguebasketball.net/en/euroleague/players/jayson-granger/profile/003024/,JAYSON,GRANGER,189,Guard,Italy,1989-09-15T00:00:00,BAS,Bitci Baskonia Vitoria-Gasteiz,ok
P011204,011204,jerian-grant,euroleague,https://www.euroleaguebasketball.net/en/euroleague/players/jerian-grant/profile/011204/,JERIAN,GRANT,196,Guard,United States of America,1992-10-09T00:00:00,PAN,Panathinaikos AKTOR Athens,ok
P003438,003438,kenneth-grant,euroleague,https://www.euroleaguebasketball.net/en/euroleague/players/kenneth-grant/profile/003438/,KENNETH,GRANT,188,Guard,Sweden,1982-03-16T00:00:00,NAN,SLUC Nancy,ok
P008250,008250,sasha-grant,euroleague,https://www.euroleaguebasketball.net/en/euroleague/players/sasha-grant/profile/008250/,SASHA,GRANT,198,Forward,Italy,2002-02-15T00:00:00,MUN,FC Bayern Munich,ok
P001934,001934,antonio-graves,euroleague,https://www.euroleaguebasketball.net/en/euroleague/players/antonio-graves/profile/001934/,ANTONIO,GRAVES,191,Guard,United States of America,1985-04-17T00:00:00,CIB,Cibona,ok
P010549,010549,rob-gray,euroleague,https://www.euroleaguebasketball.net/en/euroleague/players/rob-gray/profile/010549/,ROB,GRAY,186,Guard,United States of America,1994-04-03T00:00:00,MCO,AS Monaco,ok
P005738,005738,andrejs-grazulis,euroleague,https://www.euroleaguebasketball.net/en/euroleague/players/andrejs-grazulis/profile/005738/,ANDREJS,GRAZULIS,202,Forward,Latvia,1993-07-21T00:00:00,VIR,Virtus Segafredo Bologna,ok
P003326,003326,caleb-green,euroleague,https://www.euroleaguebasketball.net/en/euroleague/players/caleb-green/profile/003326/,CALEB,GREEN,203,Forward,United States of America,1985-07-10T00:00:00,MAL,Unicaja Malaga,ok
P003457,003457,danny-green,euroleague,https://www.euroleaguebasketball.net/en/euroleague/players/danny-green/profile/003457/,DANNY,GREEN,198,Guard,United States of America,1987-06-22T00:00:00,LJU,Union Olimpija Ljubljana,ok
PJTH,JTH,brian-greene,euroleague,https://www.euroleaguebasketball.net/en/euroleague/players/brian-greene/profile/JTH/,BRIAN,GREENE,203,Forward,United States of America,1981-08-30T00:00:00,CHA,Spirou Charleroi,ok
PKOO,KOO,demond-greene,euroleague,https://www.euroleaguebasketball.net/en/euroleague/players/demond-greene/profile/KOO/,DEMOND,GREENE,0,,Germany,1979-06-15T00:00:00,MUN,FC Bayern Munich,ok
P005159,005159,erick-green,euroleague,https://www.euroleaguebasketball.net/en/euroleague/players/erick-green/profile/005159/,ERICK,GREEN,190,Guard,United States of America,1992-05-09T00:00:00,ULK,Fenerbahce Beko Istanbul,ok
P009037,009037,garlon-green,euroleague,https://www.euroleaguebasketball.net/en/euroleague/players/garlon-green/profile/009037/,GARLON,GREEN,201,Guard,United States of America,1991-01-11T00:00:00,KHI,Khimki Moscow Region,ok
P001273,001273,marques-oscar-green,euroleague,https://www.euroleaguebasketball.net/en/euroleague/players/marques-oscar-green/profile/001273/,MARQUES,GREEN,165,Guard,United States of America,1982-03-18T00:00:00,CED,Cedevita Zagreb,ok
PJGM,JGM,yaniv-green,euroleague,https://www.euroleaguebasketball.net/en/euroleague/players/yaniv-green/profile/JGM/,YANIV,GREEN,206,Center,Israel,1980-05-16T00:00:00,TEL,Maccabi Electra Tel Aviv,ok
PKNA,KNA,jeff-greer,euroleague,https://www.euroleaguebasketball.net/en/euroleague/players/jeff-greer/profile/KNA/,JEFF,GREER,195,Forward,Dominican Republic,1979-11-30T00:00:00,NAN,SLUC Nancy,ok
PCRR,CRR,lynn-terence-greer,euroleague,https://www.euroleaguebasketball.net/en/euroleague/players/lynn-terence-greer/profile/CRR/,LYNN,GREER,186,Guard,United States of America,1979-10-23T00:00:00,UNK,Unics Kazan,ok
PKMZ,KMZ,ricardo-greer,euroleague,https://www.euroleaguebasketball.net/en/euroleague/players/ricardo-greer/profile/KMZ/,RICARDO,GREER,196,Forward,Dominican Republic,1977-08-18T00:00:00,STR,Strasbourg,ok
PKOJ,KOJ,kenny-gregory,euroleague,https://www.euroleaguebasketball.net/en/euroleague/players/kenny-gregory/profile/KOJ/,KENNY,GREGORY,197,Forward,United States of America,1978-11-16T00:00:00,NAN,SLUC Nancy,ok
P002328,002328,marius-grigonis,euroleague,https://www.euroleaguebasketball.net/en/euroleague/players/marius-grigonis/profile/002328/,MARIUS,GRIGONIS,198,Guard,Lithuania,1994-04-26T00:00:00,PAN,Panathinaikos AKTOR Athens,ok
P003568,003568,maxim-grigoryev,euroleague,https://www.euroleaguebasketball.net/en/euroleague/players/maxim-grigoryev/profile/003568/,MAXIM,GRIGORYEV,195,Guard,Russian Federation,1990-04-25T00:00:00,TIV,Lokomotiv Kuban Krasnodar,ok
PBKE,BKE,roger-grimau,euroleague,https://www.euroleaguebasketball.net/en/euroleague/players/roger-grimau/profile/BKE/,ROGER,GRIMAU,0,,Spain,1978-07-14T00:00:00,BAR,FC Barcelona,ok
P013555,013555,gunars-grinvalds,euroleague,https://www.euroleaguebasketball.net/en/euroleague/players/gunars-grinvalds/profile/013555/,GUNARS,GRINVALDS,200,Forward,Latvia,2008-01-22T00:00:00,MAD,Real Madrid,ok
P012099,012099,dorian-grosber,euroleague,https://www.euroleaguebasketball.net/en/euroleague/players/dorian-grosber/profile/012099/,DORIAN,GROSBER,197,Forward,Luxembourg,2006-05-15T00:00:00,BER,ALBA Berlin,ok
P012103,012103,mathieu-grujicic,euroleague,https://www.euroleaguebasketball.net/en/euroleague/players/mathieu-grujicic/profile/012103/,MATHIEU,GRUJICIC,196,Guard,Germany,2007-06-02T00:00:00,BAR,FC Barcelona,ok
P005004,005004,karol-gruszecki,euroleague,https://www.euroleaguebasketball.net/en/euroleague/players/karol-gruszecki/profile/005004/,KAROL,GRUSZECKI,196,Guard,Poland,1989-11-04T00:00:00,GSS,Stelmet Zielona Gora,ok
P001097,001097,david-guardia,euroleague,https://www.euroleaguebasketball.net/en/euroleague/players/david-guardia/profile/001097/,DAVID,GUARDIA,200,Forward,Spain,1990-03-14T00:00:00,PAM,Valencia Basket,ok
PKLS,KLS,petr-gubanov,euroleague,https://www.euroleaguebasketball.net/en/euroleague/players/petr-gubanov/profile/KLS/,PETR,GUBANOV,207,Forward,Russian Federation,1987-04-03T00:00:00,KHI,Khimki Moscow Region,ok
P003120,003120,arturas-gudaitis,euroleague,https://www.euroleaguebasketball.net/en/euroleague/players/arturas-gudaitis/profile/003120/,ARTURAS,GUDAITIS,213,Center,Lithuania,1993-06-19T00:00:00,PAN,Panathinaikos Athens,ok
P002439,002439,alexander-gudumak,euroleague,https://www.euroleaguebasketball.net/en/euroleague/players/alexander-gudumak/profile/002439/,ALEKSANDR,GUDUMAK,204,Forward,Russian Federation,1993-07-03T00:00:00,CSK,CSKA Moscow,ok
P004004,004004,marko-guduric,euroleague,https://www.euroleaguebasketball.net/en/euroleague/players/marko-guduric/profile/004004/,MARKO,GUDURIC,196,Guard,Serbia,1995-03-08T00:00:00,MIL,EA7 Emporio Armani Milan,ok
P012262,012262,theo-guedegbe,euroleague,https://www.euroleaguebasketball.net/en/euroleague/players/theo-guedegbe/profile/012262/,THEO,GUEDEGBE,197,Guard,France,2007-01-20T00:00:00,ASV,LDLC ASVEL Villeurbanne,ok
P012168,012168,sidi-gueye,euroleague,https://www.euroleaguebasketball.net/en/euroleague/players/sidi-gueye/profile/012168/,SIDI,GUEYE,207,Center,Senegal,2007-10-12T00:00:00,MAD,Real Madrid,ok
PAWQ,AWQ,muratcan-guler,euroleague,https://www.euroleaguebasketball.net/en/euroleague/players/muratcan-guler/profile/AWQ/,MURATCAN,GULER,192,Guard,Turkiye,1980-02-25T00:00:00,BES,Besiktas JK Istanbul,ok
P000494,000494,sinan-guler,euroleague,https://www.euroleaguebasketball.net/en/euroleague/players/sinan-guler/profile/000494/,SINAN,GULER,192,Guard,Turkiye,1983-11-08T00:00:00,ULK,Fenerbahce Beko Istanbul,ok
PABC,ABC,milan-gurovic,euroleague,https://www.euroleaguebasketball.net/en/euroleague/players/milan-gurovic/profile/ABC/,MILAN,GUROVIC,207,Forward,Serbia,1976-06-17T00:00:00,SOP,Prokom Trefl Sopot,ok
P009537,009537,marko-gusic,euroleague,https://www.euroleaguebasketball.net/en/euroleague/players/marko-gusic/profile/009537/,MARKO,GUSIC,197,Guard,Serbia,2002-08-06T00:00:00,RED,Crvena Zvezda mts Belgrade,ok
P004996,004996,egemen-guven,euroleague,https://www.euroleaguebasketball.net/en/euroleague/players/egemen-guven/profile/004996/,EGEMEN,GUVEN,206,Center,Turkiye,1996-09-25T00:00:00,IST,Anadolu Efes Istanbul,ok
P011826,011826,kyle-guy,euroleague,https://www.euroleaguebasketball.net/en/euroleague/players/kyle-guy/profile/011826/,KYLE,GUY,188,Guard,United States of America,1997-08-11T00:00:00,PAN,Panathinaikos AKTOR Athens,ok
P007355,007355,orhan-haciyeva,euroleague,https://www.euroleaguebasketball.net/en/euroleague/players/orhan-haciyeva/profile/007355/,ORHAN,HACIYEVA,203,Forward,Turkiye,1989-10-01T00:00:00,GAL,Galatasaray Odeabank Istanbul,ok
P001844,001844,daniel-hackett,euroleague,https://www.euroleaguebasketball.net/en/euroleague/players/daniel-hackett/profile/001844/,DANIEL,HACKETT,196,Guard,Italy,1987-12-19T00:00:00,VIR,Virtus Bologna,ok
PKMF,KMF,dror-hagag,euroleague,https://www.euroleaguebasketball.net/en/euroleague/players/dror-hagag/profile/KMF/,DROR,HAGAG,178,Guard,Israel,1978-12-31T00:00:00,TEL,Maccabi Electra,ok
P001909,001909,daniel-hain,euroleague,https://www.euroleaguebasketball.net/en/euroleague/players/daniel-hain/profile/001909/,DANIEL,HAIN,195,Guard,Germany,1985-07-19T00:00:00,OLD,EWE Baskets,ok
P002856,002856,malik-hairston,euroleague,https://www.euroleaguebasketball.net/en/euroleague/players/malik-hairston/profile/002856/,MALIK,HAIRSTON,198,Forward,United States of America,1987-02-23T00:00:00,GAL,Galatasaray Liv Hospital Istanbul,ok
PKMV,KMV,marcus-haislip,euroleague,https://www.euroleaguebasketball.net/en/euroleague/players/marcus-haislip/profile/KMV/,MARCUS,HAISLIP,207,Forward,United States of America,1980-12-22T00:00:00,BAS,Caja Laboral Vitoria,ok
P003926,003926,ludde-hakanson,euroleague,https://www.euroleaguebasketball.net/en/euroleague/players/ludde-hakanson/profile/003926/,LUDDE,HAKANSON,190,Guard,Sweden,1996-03-22T00:00:00,BAR,FC Barcelona,ok
P000691,000691,ronald-hale,euroleague,https://www.euroleaguebasketball.net/en/euroleague/players/ronald-hale/profile/000691/,RONALD,HALE,203,Forward,United States of America,1977-11-05T00:00:00,ROA,Chorale Roanne,ok
P003538,003538,miralem-halilovic,euroleague,https://www.euroleaguebasketball.net/en/euroleague/players/miralem-halilovic/profile/003538/,MIRALEM,HALILOVIC,209,Forward,Bosnia and Herzegovina,1991-07-22T00:00:00,ZAG,Zagreb,ok
P011205,011205,devon-hall,euroleague,https://www.euroleaguebasketball.net/en/euroleague/players/devon-hall/profile/011205/,DEVON,HALL,196,Guard,United States of America,1995-07-07T00:00:00,ULK,Fenerbahce Beko Istanbul,ok
P011196,011196,donta-hall,euroleague,https://www.euroleaguebasketball.net/en/euroleague/players/donta-hall/profile/011196/,DONTA,HALL,208,Center,United States of America,1997-08-07T00:00:00,OLY,Olympiacos Piraeus,ok
P009578,009578,langston-hall,euroleague,https://www.euroleaguebasketball.net/en/euroleague/players/langston-hall/profile/009578/,LANGSTON,HALL,192,Guard,United States of America,1991-11-01T00:00:00,RED,Crvena Zvezda mts Belgrade,ok
P001231,001231,mike-hall,euroleague,https://www.euroleaguebasketball.net/en/euroleague/players/mike-hall/profile/001231/,MIKE,HALL,203,Forward,United States of America,1984-06-05T00:00:00,MIL,Armani Jeans Milano,ok
PAOZ,AOZ,yotam-halperin,euroleague,https://www.euroleaguebasketball.net/en/euroleague/players/yotam-halperin/profile/AOZ/,YOTAM,HALPERIN,0,Guard,Israel,1984-01-24T00:00:00,OLY,Olympiacos Piraeus,ok
P012405,012405,furkan-haltali,euroleague,https://www.euroleaguebasketball.net/en/euroleague/players/furkan-haltali/profile/012405/,FURKAN,HALTALI,207,Center,Turkiye,2002-12-02T00:00:00,IST,Anadolu Efes Istanbul,ok
PJSS,JSS,steffen-hamann,euroleague,https://www.euroleaguebasketball.net/en/euroleague/players/steffen-hamann/profile/JSS/,STEFFEN,HAMANN,194,Guard,Germany,1981-06-14T00:00:00,MUN,FC Bayern Munich,ok
P009782,009782,johnny-hamilton,euroleague,https://www.euroleaguebasketball.net/en/euroleague/players/johnny-hamilton/profile/009782/,JOHNNY,HAMILTON,213,Center,Trinidad and Tobago,1994-02-03T00:00:00,ULK,Fenerbahce Beko Istanbul,ok
PCSW,CSW,justin-hamilton,euroleague,https://www.euroleaguebasketball.net/en/euroleague/players/justin-hamilton/profile/CSW/,JUSTIN,HAMILTON,190,Guard,United States of America,1980-12-19T00:00:00,CHA,Belgacom Spirou Charleroi,ok
P004317,004317,lamont-hamilton,euroleague,https://www.euroleaguebasketball.net/en/euroleague/players/lamont-hamilton/profile/004317/,LAMONT ,HAMILTON,208,Center,United States of America,1984-04-06T00:00:00,BAS,Laboral Kutxa Vitoria,ok
PJUH,JUH,venson-hamilton,euroleague,https://www.euroleaguebasketball.net/en/euroleague/players/venson-hamilton/profile/JUH/,VENSON,HAMILTON,207,Center,United States of America,1977-08-11T00:00:00,MAD,Real Madrid,ok
P001455,001455,clifford-daniel-hammonds,euroleague,https://www.euroleaguebasketball.net/en/euroleague/players/clifford-daniel-hammonds/profile/001455/,CLIFF,HAMMONDS,190,Guard,United States of America,1985-12-18T00:00:00,BER,ALBA Berlin,ok
PLFN,LFN,tomas-hampl,euroleague,https://www.euroleaguebasketball.net/en/euroleague/players/tomas-hampl/profile/LFN/,TOMAS,HAMPL,215,Center,Czech Republic,1988-07-18T00:00:00,BIL,Gescrap Bilbao Basket,ok
P005099,005099,adam-hanga,euroleague,https://www.euroleaguebasketball.net/en/euroleague/players/adam-hanga/profile/005099/,ADAM,HANGA,201,Forward,Hungary,1989-04-12T00:00:00,RED,Crvena Zvezda Meridianbet Belgrade,ok
P013304,013304,zachary-hankins,euroleague,https://www.euroleaguebasketball.net/en/euroleague/players/zachary-hankins/profile/013304/,ZACHARY,HANKINS,211,Center,United States of America,1996-07-27T00:00:00,TEL,Maccabi Rapyd Tel Aviv,ok
P006598,006598,olivier-hanlan,euroleague,https://www.euroleaguebasketball.net/en/euroleague/players/olivier-hanlan/profile/006598/,OLIVIER,HANLAN,193,Guard,Canada,1993-02-15T00:00:00,ZAL,Zalgiris Kaunas,ok
P006402,006402,clevin-hannah,euroleague,https://www.euroleaguebasketball.net/en/euroleague/players/clevin-hannah/profile/006402/,CLEVIN,HANNAH,179,Guard,United States of America,1987-11-15T00:00:00,CAN,Herbalife Gran Canaria,ok
P003500,003500,ben-hansbrough,euroleague,https://www.euroleaguebasketball.net/en/euroleague/players/ben-hansbrough/profile/003500/,BEN,HANSBROUGH,190,Guard,United States of America,1987-12-23T00:00:00,BAS,Laboral Kutxa Vitoria,ok
PJKM,JKM,travis-hansen,euroleague,https://www.euroleaguebasketball.net/en/euroleague/players/travis-hansen/profile/JKM/,TRAVIS,HANSEN,198,Guard,United States of America,1978-04-15T00:00:00,KHI,BC Khimki Moscow Region,ok
P009864,009864,ethan-happ,euroleague,https://www.euroleaguebasketball.net/en/euroleague/players/ethan-happ/profile/009864/,ETHAN,HAPP,206,Center,North Macedonia,1996-05-07T00:00:00,OLY,Olympiacos Piraeus,ok
P004902,004902,luke-harangody,euroleague,https://www.euroleaguebasketball.net/en/euroleague/players/luke-harangody/profile/004902/,LUKE,HARANGODY,203,Forward,United States of America,1988-01-02T00:00:00,DAR,Darussafaka Dogus Istanbul,ok
P003534,003534,arad-harari,euroleague,https://www.euroleaguebasketball.net/en/euroleague/players/arad-harari/profile/003534/,ARAD,HARARI,196,Guard,Israel,1994-09-23T00:00:00,TEL,Maccabi Electra Tel Aviv,ok
PBCM,BCM,christos-harissis,euroleague,https://www.euroleaguebasketball.net/en/euroleague/players/christos-harissis/profile/BCM/,CHRISTOS,HARISSIS,188,Guard,Greece,1976-07-09T00:00:00,SOP,Prokom Trefl Sopot,ok
P011970,011970,jared-harper,euroleague,https://www.euroleaguebasketball.net/en/euroleague/players/jared-harper/profile/011970/,JARED,HARPER,178,Guard,United States of America,1997-09-14T00:00:00,PAM,Valencia Basket,ok
P001711,001711,lorinza-harrington,euroleague,https://www.euroleaguebasketball.net/en/euroleague/players/lorinza-harrington/profile/001711/,JUNIOR,HARRINGTON,193,Guard,United States of America,1980-10-02T00:00:00,SOP,Asseco Prokom,ok
P005460,005460,elias-harris,euroleague,https://www.euroleaguebasketball.net/en/euroleague/players/elias-harris/profile/005460/,ELIAS,HARRIS,203,Center,Germany,1989-07-06T00:00:00,MUN,FC Bayern Munich,ok
P008930,008930,aaron-harrison,euroleague,https://www.euroleaguebasketball.net/en/euroleague/players/aaron-harrison/profile/008930/,AARON,HARRISON,198,Guard,United States of America,1994-10-28T00:00:00,OLY,Olympiacos Piraeus,ok
P009473,009473,andrew-harrison,euroleague,https://www.euroleaguebasketball.net/en/euroleague/players/andrew-harrison/profile/009473/,ANDREW,HARRISON,198,Guard,United States of America,1994-10-28T00:00:00,KHI,Khimki Moscow Region,ok
P013371,013371,shaquille-harrison,euroleague,https://www.euroleaguebasketball.net/en/euroleague/players/shaquille-harrison/profile/013371/,SHAQUILLE,HARRISON,193,Forward,United States of America,1993-10-06T00:00:00,ASV,LDLC ASVEL Villeurbanne,ok
P005846,005846,isaiah-hartenstein,euroleague,https://www.euroleaguebasketball.net/en/euroleague/players/isaiah-hartenstein/profile/005846/,ISAIAH,HARTENSTEIN,210,Forward,Germany,1998-05-05T00:00:00,ZAL,Zalgiris Kaunas,ok
PBCS,BCS,nikos-hatzivrettas,euroleague,https://www.euroleaguebasketball.net/en/euroleague/players/nikos-hatzivrettas/profile/BCS/,NIKOS,HATZIVRETTAS,195,Guard,Greece,1977-05-26T00:00:00,PAN,Panathinaikos Athens,ok
PKMO,KMO,sajmen-hauer,euroleague,https://www.euroleaguebasketball.net/en/euroleague/players/sajmen-hauer/profile/KMO/,SAJMEN,HAUER,193,Guard,Germany,1988-03-14T00:00:00,BAM,Brose Baskets,ok
PKZA,KZA,david-hawkins,euroleague,https://www.euroleaguebasketball.net/en/euroleague/players/david-hawkins/profile/KZA/,DAVID,HAWKINS,193,Guard,United States of America,1982-10-28T00:00:00,MIL,Armani Jeans Milano,ok
P010390,010390,kevarrius-hayes,euroleague,https://www.euroleaguebasketball.net/en/euroleague/players/kevarrius-hayes/profile/010390/,KEVARRIUS,HAYES,206,Center,United States of America,1997-03-05T00:00:00,MCO,AS Monaco,ok
P008962,008962,nigel-hayes,euroleague,https://www.euroleaguebasketball.net/en/euroleague/players/nigel-hayes/profile/008962/,NIGEL,HAYES-DAVIS,203,Forward,United States of America,1994-12-16T00:00:00,PAN,Panathinaikos AKTOR Athens,ok
P003601,003601,marquez-haynes,euroleague,https://www.euroleaguebasketball.net/en/euroleague/players/marquez-haynes/profile/003601/,MARQUEZ,HAYNES,188,Guard,United States of America,1986-12-19T00:00:00,PAN,Panathinaikos Athens,ok
P011201,011201,sehmus-hazer,euroleague,https://www.euroleaguebasketball.net/en/euroleague/players/sehmus-hazer/profile/011201/,SEHMUS,HAZER,195,Guard,Turkiye,1999-02-15T00:00:00,IST,Anadolu Efes Istanbul,ok
P006420,006420,patrick-heckmann,euroleague,https://www.euroleaguebasketball.net/en/euroleague/players/patrick-heckmann/profile/006420/,PATRICK,HECKMANN,198,Forward,Germany,1992-02-27T00:00:00,BAM,Brose Bamberg,ok
P012259,012259,max-heidegger,euroleague,https://www.euroleaguebasketball.net/en/euroleague/players/max-heidegger/profile/012259/,MAX,HEIDEGGER,191,Guard,United States of America,1997-06-05T00:00:00,BAS,Cazoo Baskonia Vitoria-Gasteiz,ok
P002833,002833,richard-hendrix,euroleague,https://www.euroleaguebasketball.net/en/euroleague/players/richard-hendrix/profile/002833/,RICHARD,HENDRIX,206,Center,United States of America,1986-11-15T00:00:00,MAL,Unicaja Malaga,ok
P006754,006754,pierria-henry,euroleague,https://www.euroleaguebasketball.net/en/euroleague/players/pierria-henry/profile/006754/,PIERRIA,HENRY,193,Guard,United States of America,1993-01-20T00:00:00,BAS,Cazoo Baskonia Vitoria-Gasteiz,ok
PLLY,LLY,johannes-herber,euroleague,https://www.euroleaguebasketball.net/en/euroleague/players/johannes-herber/profile/LLY/,JOHANNES,HERBER,197,Guard,Germany,1983-01-17T00:00:00,BER,Alba Berlin,ok
P008780,008780,martin-hermannsson,euroleague,https://www.euroleaguebasketball.net/en/euroleague/players/martin-hermannsson/profile/008780/,MARTIN,HERMANNSSON,193,Guard,Iceland,1994-09-16T00:00:00,BER,ALBA Berlin,ok
P000699,000699,alejandro-hernandez,euroleague,https://www.euroleaguebasketball.net/en/euroleague/players/alejandro-hernandez/profile/000699/,ALEJANDRO,HERNANDEZ,190,Guard,Spain,1987-12-03T00:00:00,BAR,Regal FC Barcelona,ok
PAMP,AMP,eduardo-hernandez-sonseca,euroleague,https://www.euroleaguebasketball.net/en/euroleague/players/eduardo-hernandez-sonseca/profile/AMP/,EDU,HERNANDEZ-SONSECA,212,Center,Spain,1983-06-21T00:00:00,BAS,Laboral Kutxa Vitoria,ok
P012712,012712,juancho-hernangomez,euroleague,https://www.euroleaguebasketball.net/en/euroleague/players/juancho-hernangomez/profile/012712/,JUANCHO,HERNANGOMEZ,206,Forward,Spain,1995-09-28T00:00:00,PAN,Panathinaikos AKTOR Athens,ok
P003196,003196,willy-hernangomez,euroleague,https://www.euroleaguebasketball.net/en/euroleague/players/willy-hernangomez/profile/003196/,WILLY,HERNANGOMEZ,209,Center,Spain,1994-05-27T00:00:00,BAR,FC Barcelona,ok
P012611,012611,sebastian-herrera,euroleague,https://www.euroleaguebasketball.net/en/euroleague/players/sebastian-herrera/profile/012611/,SEBASTIAN,HERRERA,193,Guard,Chile,1997-11-01T00:00:00,PRS,Paris Basketball,ok
PBRQ,BRQ,walter-herrmann,euroleague,https://www.euroleaguebasketball.net/en/euroleague/players/walter-herrmann/profile/BRQ/,WALTER,HERRMANN,202,Forward,Argentina,1979-06-26T00:00:00,BAS,Caja Laboral,ok
PLIM,LIM,baris-hersek,euroleague,https://www.euroleaguebasketball.net/en/euroleague/players/baris-hersek/profile/LIM/,BARIS,HERSEK,208,Forward,Turkiye,1988-03-26T00:00:00,ULK,Fenerbahce Beko Istanbul,ok
P008200,008200,volodymyr-herun,euroleague,https://www.euroleaguebasketball.net/en/euroleague/players/volodymyr-herun/profile/008200/,VOLODYMYR,GERUN,208,Center,Ukraine,1994-03-25T00:00:00,BAR,FC Barcelona Lassa,ok
PCRF,CRF,axel-hervelle,euroleague,https://www.euroleaguebasketball.net/en/euroleague/players/axel-hervelle/profile/CRF/,AXEL,HERVELLE,205,Forward,Belgium,1983-05-12T00:00:00,BIL,Gescrap Bilbao Basket,ok
P001836,001836,william-herve,euroleague,https://www.euroleaguebasketball.net/en/euroleague/players/william-herve/profile/001836/,WILLIAM,HERVE,200,Guard,France,1990-02-12T00:00:00,ORL,Entente Orleanaise,ok
P002334,002334,david-herwig,euroleague,https://www.euroleaguebasketball.net/en/euroleague/players/david-herwig/profile/002334/,DAVID,HERWIG,193,Guard,Germany,1993-04-21T00:00:00,BER,Alba Berlin,ok
PTEV,TEV,adam-hess,euroleague,https://www.euroleaguebasketball.net/en/euroleague/players/adam-hess/profile/TEV/,ADAM,HESS,201,Forward,United States of America,1981-04-04T00:00:00,ROA,Chorale Roanne,ok
P004431,004431,rafael-hettsheimeir,euroleague,https://www.euroleaguebasketball.net/en/euroleague/players/rafael-hettsheimeir/profile/004431/,RAFAEL,HETTSHEIMEIR,208,Center,Spain,1986-06-16T00:00:00,MAL,Unicaja Malaga,ok
PKLT,KLT,thomas-heurtel,euroleague,https://www.euroleaguebasketball.net/en/euroleague/players/thomas-heurtel/profile/KLT/,THOMAS,HEURTEL,189,Guard,France,1989-04-10T00:00:00,ASV,LDLC ASVEL Villeurbanne,ok
P002818,002818,josh-heytvelt,euroleague,https://www.euroleaguebasketball.net/en/euroleague/players/josh-heytvelt/profile/002818/,JOSH,HEYTVELT,211,Forward,United States of America,1986-06-26T00:00:00,ZAG,Zagreb,ok
P003108,003108,mario-hezonja,euroleague,https://www.euroleaguebasketball.net/en/euroleague/players/mario-hezonja/profile/003108/,MARIO,HEZONJA,206,Forward,Croatia,1995-02-25T00:00:00,MAD,Real Madrid,ok
P004159,004159,ricky-hickman,euroleague,https://www.euroleaguebasketball.net/en/euroleague/players/ricky-hickman/profile/004159/,RICKY,HICKMAN,189,Guard,United States of America,1985-09-01T00:00:00,BAM,Brose Bamberg,ok
P012640,012640,nadir-hifi,euroleague,https://www.euroleaguebasketball.net/en/euroleague/players/nadir-hifi/profile/012640/,NADIR,HIFI,185,Guard,France,2002-07-16T00:00:00,PRS,Paris Basketball,ok
P006450,006450,cory-higgins,euroleague,https://www.euroleaguebasketball.net/en/euroleague/players/cory-higgins/profile/006450/,CORY,HIGGINS,195,Guard,United States of America,1989-06-14T00:00:00,BAR,FC Barcelona,ok
P001860,001860,chris-hill,euroleague,https://www.euroleaguebasketball.net/en/euroleague/players/chris-hill/profile/001860/,CHRIS,HILL,191,Guard,United States of America,1983-02-21T00:00:00,CHA,Belgacom Spirou Charleroi,ok
P008989,008989,darrun-hilliard,euroleague,https://www.euroleaguebasketball.net/en/euroleague/players/darrun-hilliard/profile/008989/,DARRUN,HILLIARD,198,Guard,United States of America,1993-04-13T00:00:00,TEL,Maccabi Playtika Tel Aviv,ok
P002812,002812,kyle-hines,euroleague,https://www.euroleaguebasketball.net/en/euroleague/players/kyle-hines/profile/002812/,KYLE,HINES,198,Center,United States of America,1986-09-02T00:00:00,MIL,EA7 Emporio Armani Milan,ok
P000661,000661,robert-hite,euroleague,https://www.euroleaguebasketball.net/en/euroleague/players/robert-hite/profile/000661/,ROBERT,HITE,188,Guard,United States of America,1984-01-12T00:00:00,BAS,Tau Ceramica,ok
P008041,008041,tryggvi-hlinason,euroleague,https://www.euroleaguebasketball.net/en/euroleague/players/tryggvi-hlinason/profile/008041/,TRYGGVI,HLINASON,215,Center,Iceland,1997-10-28T00:00:00,PAM,Valencia Basket,ok
P006835,006835,jaylen-hoard,euroleague,https://www.euroleaguebasketball.net/en/euroleague/players/jaylen-hoard/profile/006835/,JAYLEN,HOARD,204,Forward,United States of America,1999-03-30T00:00:00,TEL,Maccabi Rapyd Tel Aviv,ok
P005128,005128,braydon-hobbs,euroleague,https://www.euroleaguebasketball.net/en/euroleague/players/braydon-hobbs/profile/005128/,BRAYDON,HOBBS,196,Guard,United States of America,1989-05-17T00:00:00,MUN,FC Bayern Munich,ok
P004271,004271,walter-hodge,euroleague,https://www.euroleaguebasketball.net/en/euroleague/players/walter-hodge/profile/004271/,WALTER,HODGE,182,Guard,United States of America,1986-09-21T00:00:00,BAS,Laboral Kutxa Vitoria,ok
PAQO,AQO,jr-holden,euroleague,https://www.euroleaguebasketball.net/en/euroleague/players/jr-holden/profile/AQO/,JR,HOLDEN,185,Guard,Russian Federation,1976-08-10T00:00:00,CSK,CSKA Moscow,ok
P013695,013695,justin-holiday,euroleague,https://www.euroleaguebasketball.net/en/euroleague/players/justin-holiday/profile/013695/,JUSTIN,HOLIDAY,198,Forward,United States of America,1989-04-05T00:00:00,VIR,Virtus Segafredo Bologna,ok
PTGL,TGL,delonte-holland,euroleague,https://www.euroleaguebasketball.net/en/euroleague/players/delonte-holland/profile/TGL/,DELONTE,HOLLAND,198,Forward,United States of America,1982-03-02T00:00:00,VIR,Virtus VidiVici,ok
P004267,004267,john-holland,euroleague,https://www.euroleaguebasketball.net/en/euroleague/players/john-holland/profile/004267/,JOHN,HOLLAND,196,Forward,United States of America,1988-11-06T00:00:00,RED,Crvena Zvezda Meridianbet Belgrade,ok
P009513,009513,justus-hollatz,euroleague,https://www.euroleaguebasketball.net/en/euroleague/players/justus-hollatz/profile/009513/,JUSTUS,HOLLATZ,195,Guard,Germany,2001-04-21T00:00:00,MUN,FC Bayern Munich,ok
P009917,009917,austin-james-hollins,euroleague,https://www.euroleaguebasketball.net/en/euroleague/players/austin-james-hollins/profile/009917/,AUSTIN,HOLLINS,193,Guard,United States of America,1991-11-08T00:00:00,ZAL,Zalgiris Kaunas,ok
P007434,007434,jonathan-holmes,euroleague,https://www.euroleaguebasketball.net/en/euroleague/players/jonathan-holmes/profile/007434/,JONATHAN,HOLMES,204,Forward,United States of America,1992-12-09T00:00:00,BAR,FC Barcelona Lassa,ok
P014011,014011,richaun-holmes,euroleague,https://www.euroleaguebasketball.net/en/euroleague/players/richaun-holmes/profile/014011/,RICHAUN,HOLMES,206,Center,United States of America,1993-10-15T00:00:00,PAN,Panathinaikos AKTOR Athens,ok
P000654,000654,jared-homan,euroleague,https://www.euroleaguebasketball.net/en/euroleague/players/jared-homan/profile/000654/,JARED,HOMAN,208,Center,United States of America,1983-03-06T00:00:00,MAR,Maroussi,ok
P011949,011949,daulton-hommes,euroleague,https://www.euroleaguebasketball.net/en/euroleague/players/daulton-hommes/profile/011949/,DAULTON,HOMMES,203,Forward,United States of America,1996-07-04T00:00:00,PRS,Paris Basketball,ok
P005800,005800,tyler-honeycutt,euroleague,https://www.euroleaguebasketball.net/en/euroleague/players/tyler-honeycutt/profile/005800/,TYLER,HONEYCUTT,203,Forward,United States of America,1990-07-15T00:00:00,KHI,Khimki Moscow Region,ok
P004998,004998,scotty-hopson,euroleague,https://www.euroleaguebasketball.net/en/euroleague/players/scotty-hopson/profile/004998/,SCOTTY,HOPSON,201,Forward,United States of America,1989-08-08T00:00:00,IST,Anadolu Efes Istanbul,ok
P014124,014124,talen-horton-tucker,euroleague,https://www.euroleaguebasketball.net/en/euroleague/players/talen-horton-tucker/profile/014124/,TALEN,HORTON TUCKER,193,Guard,United States of America,2000-11-25T00:00:00,ULK,Fenerbahce Beko Istanbul,ok
PLUI,LUI,sam-hoskin,euroleague,https://www.euroleaguebasketball.net/en/euroleague/players/sam-hoskin/profile/LUI/,SAM,HOSKIN,205,Forward,United States of America,1979-12-29T00:00:00,CIB,Cibona,ok
P001196,001196,quinton-hosley,euroleague,https://www.euroleaguebasketball.net/en/euroleague/players/quinton-hosley/profile/001196/,QUINTON,HOSLEY,198,Forward,United States of America,1984-03-25T00:00:00,MAD,Real Madrid,ok
P000943,000943,kerem-hotic,euroleague,https://www.euroleaguebasketball.net/en/euroleague/players/kerem-hotic/profile/000943/,KEREM,HOTIC,197,Forward,Turkiye,1993-04-25T00:00:00,ULK,Fenerbahce Ulker Istanbul,ok
P009088,009088,kymany-houinsou,euroleague,https://www.euroleaguebasketball.net/en/euroleague/players/kymany-houinsou/profile/009088/,KYMANY,HOUINSOU,196,Guard,France,2004-01-06T00:00:00,ASV,LDLC ASVEL Villeurbanne,ok
P002830,002830,meredis-houmounou,euroleague,https://www.euroleaguebasketball.net/en/euroleague/players/meredis-houmounou/profile/002830/,MEREDIS,HOUMOUNOU,188,Guard,France,1988-11-28T00:00:00,CHO,Cholet Basket,ok
P004430,004430,kevin-houston,euroleague,https://www.euroleaguebasketball.net/en/euroleague/players/kevin-houston/profile/004430/,KEVIN,HOUSTON,178,Guard,United States of America,1985-06-21T00:00:00,CHL,Elan Chalon-Sur-Saone,ok
P011948,011948,markus-howard,euroleague,https://www.euroleaguebasketball.net/en/euroleague/players/markus-howard/profile/011948/,MARKUS,HOWARD,178,Guard,United States of America,1999-03-03T00:00:00,BAS,Kosner Baskonia Vitoria-Gasteiz,ok
P003416,003416,matt-howard,euroleague,https://www.euroleaguebasketball.net/en/euroleague/players/matt-howard/profile/003416/,MATT,HOWARD,203,Forward,United States of America,1989-01-23T00:00:00,STR,Strasbourg,ok
P002534,002534,william-howard,euroleague,https://www.euroleaguebasketball.net/en/euroleague/players/william-howard/profile/002534/,WILLIAM,HOWARD,203,Forward,France,1993-10-25T00:00:00,ASV,LDLC ASVEL Villeurbanne,ok
P012365,012365,vit-hrabar,euroleague,https://www.euroleaguebasketball.net/en/euroleague/players/vit-hrabar/profile/012365/,VIT,HRABAR,204,Forward,Slovenia,2006-03-01T00:00:00,BAS,Kosner Baskonia Vitoria-Gasteiz,ok
P001210,001210,adam-hrycaniuk,euroleague,https://www.euroleaguebasketball.net/en/euroleague/players/adam-hrycaniuk/profile/001210/,ADAM,HRYCANIUK,206,Center,Poland,1984-03-15T00:00:00,GSS,Stelmet Zielona Gora,ok
PJUJ,JUJ,marcelinho-huertas,euroleague,https://www.euroleaguebasketball.net/en/euroleague/players/marcelinho-huertas/profile/JUJ/,MARCELINHO,HUERTAS,190,Guard,Italy,1983-05-25T00:00:00,BAS,KIROLBET Baskonia Vitoria-Gasteiz,ok
P009723,009723,joshua-huestis,euroleague,https://www.euroleaguebasketball.net/en/euroleague/players/joshua-huestis/profile/009723/,JOSHUA,HUESTIS,201,Forward,United States of America,1991-12-19T00:00:00,MUN,FC Bayern Munich,ok
PAPY,APY,jasmin-hukic,euroleague,https://www.euroleaguebasketball.net/en/euroleague/players/jasmin-hukic/profile/APY/,JASMIN,HUKIC,202,Forward,Bosnia and Herzegovina,1979-08-15T00:00:00,LJU,Union Olimpija,ok
P006462,006462,robbie-hummel,euroleague,https://www.euroleaguebasketball.net/en/euroleague/players/robbie-hummel/profile/006462/,ROBBIE,HUMMEL,203,Forward,United States of America,1989-03-08T00:00:00,MIL,EA7 Emporio Armani Milan,ok
P005160,005160,othello-hunter,euroleague,https://www.euroleaguebasketball.net/en/euroleague/players/othello-hunter/profile/005160/,OTHELLO,HUNTER,203,Center,United States of America,1986-05-28T00:00:00,MUN,FC Bayern Munich,ok
P007018,007018,vince-hunter,euroleague,https://www.euroleaguebasketball.net/en/euroleague/players/vince-hunter/profile/007018/,VINCE,HUNTER,203,Forward,United States of America,1994-08-05T00:00:00,PAN,Panathinaikos Athens,ok
PKCH,KCH,andre-hutson,euroleague,https://www.euroleaguebasketball.net/en/euroleague/players/andre-hutson/profile/KCH/,ANDRE,HUTSON,202,Forward,United States of America,1979-01-12T00:00:00,ROM,Lottomatica Roma,ok
P002456,002456,luca-ianes,euroleague,https://www.euroleaguebasketball.net/en/euroleague/players/luca-ianes/profile/002456/,LUCA,IANES,202,Forward,Italy,1980-11-25T00:00:00,MIL,Armani Jeans Milano,ok
P002817,002817,andrea-iannilli,euroleague,https://www.euroleaguebasketball.net/en/euroleague/players/andrea-iannilli/profile/002817/,ANDREA,IANNILLI,207,Forward,Italy,1984-03-19T00:00:00,ROM,Lottomatica Roma,ok
P000843,000843,antonio-iannuzzi,euroleague,https://www.euroleaguebasketball.net/en/euroleague/players/antonio-iannuzzi/profile/000843/,ANTONIO,IANNUZZI,207,Forward,Italy,1991-04-21T00:00:00,SIE,Montepaschi Siena,ok
P001863,001863,ioann-iarochevitch,euroleague,https://www.euroleaguebasketball.net/en/euroleague/players/ioann-iarochevitch/profile/001863/,IOANN,IAROCHEVITCH,207,Center,Belgium,1989-05-31T00:00:00,CHA,Spirou Charleroi,ok
P003583,003583,serge-ibaka,euroleague,https://www.euroleaguebasketball.net/en/euroleague/players/serge-ibaka/profile/003583/,SERGE,IBAKA,208,Center,Spain,1989-09-18T00:00:00,MAD,Real Madrid,ok
PBRS,BRS,yassin-idbihi,euroleague,https://www.euroleaguebasketball.net/en/euroleague/players/yassin-idbihi/profile/BRS/,YASSIN,IDBIHI,208,Center,Germany,1983-07-24T00:00:00,BAM,Brose Bamberg,ok
PKRF,KRF,savvas-iliadis,euroleague,https://www.euroleaguebasketball.net/en/euroleague/players/savvas-iliadis/profile/KRF/,SAVVAS,ILIADIS,192,Guard,Greece,1979-11-06T00:00:00,ARI,Aris TT Bank,ok
P006561,006561,aleksa-ilic,euroleague,https://www.euroleaguebasketball.net/en/euroleague/players/aleksa-ilic/profile/006561/,ALEKSA,ILIC,204,Forward,Montenegro,1996-09-17T00:00:00,BUD,Buducnost VOLI Pogdorica,ok
P011964,011964,dalibor-ilic,euroleague,https://www.euroleaguebasketball.net/en/euroleague/players/dalibor-ilic/profile/011964/,DALIBOR,ILIC,202,Forward,Serbia,2000-03-04T00:00:00,RED,Crvena Zvezda Meridianbet Belgrade,ok
PAPS,APS,vlado-ilievski,euroleague,https://www.euroleaguebasketball.net/en/euroleague/players/vlado-ilievski/profile/APS/,VLADO,ILIEVSKI,188,Guard,North Macedonia,1980-01-19T00:00:00,CED,Cedevita Zagreb,ok
P002618,002618,stanislav-ilnitskiy,euroleague,https://www.euroleaguebasketball.net/en/euroleague/players/stanislav-ilnitskiy/profile/002618/,STANISLAV,ILNITSKIY,200,Forward,Russian Federation,1994-02-24T00:00:00,KHI,Khimki Moscow Region,ok
P008282,008282,omercan-ilyasoglu,euroleague,https://www.euroleaguebasketball.net/en/euroleague/players/omercan-ilyasoglu/profile/008282/,OMERCAN,ILYASOGLU,195,Guard,Turkiye,2001-01-01T00:00:00,IST,Anadolu Efes Istanbul,ok
PJKP,JKP,ersan-ilyasova,euroleague,https://www.euroleaguebasketball.net/en/euroleague/players/ersan-ilyasova/profile/JKP/,ERSAN,ILYASOVA,207,Forward,Turkiye,1987-05-15T00:00:00,IST,Anadolu Efes Istanbul,ok
P005200,005200,arnaud-imhoff,euroleague,https://www.euroleaguebasketball.net/en/euroleague/players/arnaud-imhoff/profile/005200/,ARNAUD,IMHOFF,185,Guard,France,1993-04-15T00:00:00,STR,Strasbourg,ok
P003062,003062,joe-ingles,euroleague,https://www.euroleaguebasketball.net/en/euroleague/players/joe-ingles/profile/003062/,JOE,INGLES,203,Forward,Australia,1987-10-02T00:00:00,TEL,Maccabi Electra Tel Aviv,ok
P003960,003960,damien-inglis,euroleague,https://www.euroleaguebasketball.net/en/euroleague/players/damien-inglis/profile/003960/,DAMIEN,INGLIS,204,Center,France,1995-05-20T00:00:00,PAM,Valencia Basket,ok
P000838,000838,tommaso-ingrosso,euroleague,https://www.euroleaguebasketball.net/en/euroleague/players/tommaso-ingrosso/profile/000838/,TOMMASO,INGROSSO,205,Forward,Italy,1992-06-09T00:00:00,SIE,Montepaschi Siena,ok
P014133,014133,ike-iroegbu,euroleague,https://www.euroleaguebasketball.net/en/euroleague/players/ike-iroegbu/profile/014133/,IKE,IROEGBU,188,Guard,Nigeria,1995-03-14T00:00:00,PAM,Valencia Basket,ok
P001903,001903,ali-isik,euroleague,https://www.euroleaguebasketball.net/en/euroleague/players/ali-isik/profile/001903/,ALI,ISIK,205,Forward,Turkiye,1990-07-01T00:00:00,IST,Efes Pilsen Istanbul,ok
PAIS,AIS,iker-iturbe,euroleague,https://www.euroleaguebasketball.net/en/euroleague/players/iker-iturbe/profile/AIS/,IKER,ITURBE,200,Forward,Spain,1976-07-10T00:00:00,MAD,Real Madrid,ok
P001266,001266,dejan-ivanov,euroleague,https://www.euroleaguebasketball.net/en/euroleague/players/dejan-ivanov/profile/001266/,DEJAN,IVANOV,205,Forward,Bulgaria,1986-03-18T00:00:00,LIE,Lietuvos Rytas Vilnius,ok
P003332,003332,nikola-ivanovic,euroleague,https://www.euroleaguebasketball.net/en/euroleague/players/nikola-ivanovic/profile/003332/,NIKOLA,IVANOVIC,191,Guard,Montenegro,1994-02-19T00:00:00,RED,Crvena Zvezda Meridianbet Belgrade,ok
P005154,005154,colton-iverson,euroleague,https://www.euroleaguebasketball.net/en/euroleague/players/colton-iverson/profile/005154/,COLTON,IVERSON,213,Center,United States of America,1989-06-29T00:00:00,DYR,Zenit St Petersburg,ok
P002072,002072,vladimir-ivlev,euroleague,https://www.euroleaguebasketball.net/en/euroleague/players/vladimir-ivlev/profile/002072/,VLADIMIR,IVLEV,207,Center,Russian Federation,1990-02-28T00:00:00,CSK,CSKA Moscow,ok
P014029,014029,ebuka-izundu,euroleague,https://www.euroleaguebasketball.net/en/euroleague/players/ebuka-izundu/profile/014029/,EBUKA,IZUNDU,208,Center,Nigeria,1996-06-28T00:00:00,RED,Crvena Zvezda Meridianbet Belgrade,ok
P000753,000753,ibrahim-ibin-jaaber,euroleague,https://www.euroleaguebasketball.net/en/euroleague/players/ibrahim-ibin-jaaber/profile/000753/,IBRAHIM,JAABER,188,Guard,United States of America,1984-02-03T00:00:00,ZAL,Zalgiris Kaunas,ok
P003413,003413,aaron-jackson,euroleague,https://www.euroleaguebasketball.net/en/euroleague/players/aaron-jackson/profile/003413/,AARON,JACKSON,190,Guard,United States of America,1986-05-06T00:00:00,TEL,Maccabi FOX Tel Aviv,ok
P011939,011939,parker-jackson-cartwright,euroleague,https://www.euroleaguebasketball.net/en/euroleague/players/parker-jackson-cartwright/profile/011939/,PARKER,JACKSON-CARTWRIGHT,180,Guard,United States of America,1995-07-12T00:00:00,ASV,LDLC ASVEL Villeurbanne,ok
P000229,000229,edwin-jackson,euroleague,https://www.euroleaguebasketball.net/en/euroleague/players/edwin-jackson/profile/000229/,EDWIN,JACKSON,190,Forward,France,1989-09-18T00:00:00,ASV,LDLC ASVEL Villeurbanne,ok
P012732,012732,frank-jackson,euroleague,https://www.euroleaguebasketball.net/en/euroleague/players/frank-jackson/profile/012732/,FRANK,JACKSON,190,Guard,United States of America,1998-05-04T00:00:00,ASV,LDLC ASVEL Villeurbanne,ok
P000126,000126,marc-jackson,euroleague,https://www.euroleaguebasketball.net/en/euroleague/players/marc-jackson/profile/000126/,MARC,JACKSON,206,Center,United States of America,1975-01-16T00:00:00,OLY,Olympiacos,ok
P005112,005112,pierre-jackson,euroleague,https://www.euroleaguebasketball.net/en/euroleague/players/pierre-jackson/profile/005112/,PIERRE,JACKSON,180,Guard,United States of America,1991-08-29T00:00:00,PAN,Panathinaikos OPAP Athens,ok
PKNK,KNK,casey-jacobsen,euroleague,https://www.euroleaguebasketball.net/en/euroleague/players/casey-jacobsen/profile/KNK/,CASEY,JACOBSEN,198,Guard,United States of America,1981-03-19T00:00:00,BAM,Brose Baskets Bamberg,ok
P000266,000266,yohann-jacques,euroleague,https://www.euroleaguebasketball.net/en/euroleague/players/yohann-jacques/profile/000266/,YOHANN,JACQUES,203,Forward,France,1990-02-14T00:00:00,NAN,SLUC Nancy,ok
P002746,002746,amaury-jadin,euroleague,https://www.euroleaguebasketball.net/en/euroleague/players/amaury-jadin/profile/002746/,AMAURY,JADIN,189,Guard,Belgium,1986-08-10T00:00:00,CHA,Belgacom Spirou Charleroi,ok
P000592,000592,jan-hendrick-jagla,euroleague,https://www.euroleaguebasketball.net/en/euroleague/players/jan-hendrick-jagla/profile/000592/,JAN,JAGLA,213,Forward,Germany,1981-06-25T00:00:00,MUN,FC Bayern Munich,ok
P004397,004397,marko-jagodic-kuridza,euroleague,https://www.euroleaguebasketball.net/en/euroleague/players/marko-jagodic-kuridza/profile/004397/,MARKO,JAGODIC-KURIDZA,205,Forward,Croatia,1987-05-15T00:00:00,RED,Crvena Zvezda mts Belgrade,ok
PCLR,CLR,goran-jagodnik,euroleague,https://www.euroleaguebasketball.net/en/euroleague/players/goran-jagodnik/profile/CLR/,GORAN,JAGODNIK,202,Forward,Slovenia,1974-05-23T00:00:00,LJU,Union Olimpija Ljubljana,ok
P002581,002581,mam-jaiteh,euroleague,https://www.euroleaguebasketball.net/en/euroleague/players/mam-jaiteh/profile/002581/,MAM,JAITEH,208,Center,France,1994-11-27T00:00:00,MCO,AS Monaco,ok
P012197,012197,kasparas-jakucionis,euroleague,https://www.euroleaguebasketball.net/en/euroleague/players/kasparas-jakucionis/profile/012197/,KASPARAS,JAKUCIONIS,193,Guard,Lithuania,2006-05-29T00:00:00,BAR,FC Barcelona,ok
P005422,005422,karim-jallow,euroleague,https://www.euroleaguebasketball.net/en/euroleague/players/karim-jallow/profile/005422/,KARIM,JALLOW,198,Forward,Germany,1997-04-13T00:00:00,VIR,Virtus Bologna,ok
P005985,005985,mike-james,euroleague,https://www.euroleaguebasketball.net/en/euroleague/players/mike-james/profile/005985/,MIKE,JAMES,185,Guard,United States of America,1990-08-18T00:00:00,MCO,AS Monaco,ok
P001335,001335,shawn-james,euroleague,https://www.euroleaguebasketball.net/en/euroleague/players/shawn-james/profile/001335/,SHAWN,JAMES,208,Center,United States of America,1983-09-10T00:00:00,OLY,Olympiacos Piraeus,ok
PLCW,LCW,zygimantas-janavicius,euroleague,https://www.euroleaguebasketball.net/en/euroleague/players/zygimantas-janavicius/profile/LCW/,ZYGIMANTAS,JANAVICIUS,0,,Lithuania,1989-02-20T00:00:00,ZAL,Zalgiris Kaunas,ok
P007961,007961,stefan-jankovic,euroleague,https://www.euroleaguebasketball.net/en/euroleague/players/stefan-jankovic/profile/007961/,STEFAN,JANKOVIC,211,Center,Serbia,1993-08-04T00:00:00,RED,Crvena Zvezda mts Belgrade,ok
P000411,000411,vladimir-jankovic,euroleague,https://www.euroleaguebasketball.net/en/euroleague/players/vladimir-jankovic/profile/000411/,VLADIMIR,JANKOVIC,202,Forward,Greece,1990-03-03T00:00:00,PAN,Panathinaikos Athens,ok
PBWI,BWI,paulius-jankunas,euroleague,https://www.euroleaguebasketball.net/en/euroleague/players/paulius-jankunas/profile/BWI/,PAULIUS,JANKUNAS,205,Forward,Lithuania,1984-04-29T00:00:00,ZAL,Zalgiris Kaunas,ok
P004165,004165,matthew-janning,euroleague,https://www.euroleaguebasketball.net/en/euroleague/players/matthew-janning/profile/004165/,MATT,JANNING,193,Guard,United States of America,1988-06-22T00:00:00,BAS,KIROLBET Baskonia Vitoria-Gasteiz,ok
P012613,012613,mikael-jantunen,euroleague,https://www.euroleaguebasketball.net/en/euroleague/players/mikael-jantunen/profile/012613/,MIKAEL,JANTUNEN,204,Forward,Finland,2000-04-20T00:00:00,ULK,Fenerbahce Beko Istanbul,ok
P000912,000912,nemanja-jaramaz,euroleague,https://www.euroleaguebasketball.net/en/euroleague/players/nemanja-jaramaz/profile/000912/,NEMANJA,JARAMAZ,200,Guard,Serbia,1991-07-10T00:00:00,ZGO,PGE Turow Zgorzelec,ok
P004058,004058,ognjen-jaramaz,euroleague,https://www.euroleaguebasketball.net/en/euroleague/players/ognjen-jaramaz/profile/004058/,OGNJEN,JARAMAZ,193,Guard,Serbia,1995-09-01T00:00:00,BAS,Baskonia Vitoria-Gasteiz,ok
PANM,ANM,marko-jaric,euroleague,https://www.euroleaguebasketball.net/en/euroleague/players/marko-jaric/profile/ANM/,MARKO,JARIC,201,Guard,Serbia,1978-10-12T00:00:00,SIE,Montepaschi Siena,ok
PBVC,BVC,simas-jasaitis,euroleague,https://www.euroleaguebasketball.net/en/euroleague/players/simas-jasaitis/profile/BVC/,SIMAS,JASAITIS,202,Guard,Lithuania,1982-03-26T00:00:00,TIV,Lokomotiv Kuban Krasnodar,ok
PADG,ADG,sarunas-jasikevicius,euroleague,https://www.euroleaguebasketball.net/en/euroleague/players/sarunas-jasikevicius/profile/ADG/,SARAS,JASIKEVICIUS,0,,Lithuania,1976-03-05T00:00:00,ULK,Fenerbahce Beko Istanbul,ok
PBVE,BVE,robertas-javtokas,euroleague,https://www.euroleaguebasketball.net/en/euroleague/players/robertas-javtokas/profile/BVE/,ROBERTAS,JAVTOKAS,211,Center,Lithuania,1980-03-20T00:00:00,ZAL,Zalgiris Kaunas,ok
P002823,002823,nathan-jawai,euroleague,https://www.euroleaguebasketball.net/en/euroleague/players/nathan-jawai/profile/002823/,NATE,JAWAI,207,Center,Australia,1986-10-10T00:00:00,GAL,Galatasaray Liv Hospital Istanbul,ok
P004193,004193,m-jean-baptiste-adolphe,euroleague,https://www.euroleaguebasketball.net/en/euroleague/players/m-jean-baptiste-adolphe/profile/004193/,MICHEL,JEAN-BAPTISTE-ADOLPHE,205,Center,France,1979-12-28T00:00:00,CHL,Elan Chalon-Sur-Saone,ok
P002536,002536,livio-jean-charles,euroleague,https://www.euroleaguebasketball.net/en/euroleague/players/livio-jean-charles/profile/002536/,LIVIO,JEAN-CHARLES,205,Forward,France,1993-11-08T00:00:00,OLY,Olympiacos Piraeus,ok
PKNB,KNB,aymeric-jeanneau,euroleague,https://www.euroleaguebasketball.net/en/euroleague/players/aymeric-jeanneau/profile/KNB/,AYMERIC,JEANNEAU,185,Guard,France,1978-10-10T00:00:00,ASV,Asvel Basket,ok
P007992,007992,cory-jefferson,euroleague,https://www.euroleaguebasketball.net/en/euroleague/players/cory-jefferson/profile/007992/,CORY,JEFFERSON,206,Center,United States of America,1990-12-26T00:00:00,CAN,Herbalife Gran Canaria,ok
P009733,009733,tonye-jekiri,euroleague,https://www.euroleaguebasketball.net/en/euroleague/players/tonye-jekiri/profile/009733/,TONYE,JEKIRI,212,Center,Nigeria,1994-07-23T00:00:00,PAR,Partizan Mozzart Bet Belgrade,ok
P000597,000597,david-jelinek,euroleague,https://www.euroleaguebasketball.net/en/euroleague/players/david-jelinek/profile/000597/,DAVID,JELINEK,195,Guard,Czech Republic,1990-09-07T00:00:00,BAS,Laboral Kutxa Vitoria,ok
P004796,004796,stevan-jelovac,euroleague,https://www.euroleaguebasketball.net/en/euroleague/players/stevan-jelovac/profile/004796/,STEVAN,JELOVAC,208,Forward,Serbia,1989-07-08T00:00:00,LIE,Lietuvos Rytas Vilnius,ok
P005014,005014,charles-jenkins,euroleague,https://www.euroleaguebasketball.net/en/euroleague/players/charles-jenkins/profile/005014/,CHARLES,JENKINS,191,Guard,United States of America,1989-02-28T00:00:00,OLY,Olympiacos Piraeus,ok
PKYC,KYC,julius-jenkins,euroleague,https://www.euroleaguebasketball.net/en/euroleague/players/julius-jenkins/profile/KYC/,JULIUS,JENKINS,187,Guard,United States of America,1981-02-10T00:00:00,BAM,Brose Baskets,ok
P001219,001219,brandon-jennings,euroleague,https://www.euroleaguebasketball.net/en/euroleague/players/brandon-jennings/profile/001219/,BRANDON,JENNINGS,185,Guard,United States of America,1989-09-23T00:00:00,ROM,Lottomatica Roma,ok
P009748,009748,jonas-jerebko,euroleague,https://www.euroleaguebasketball.net/en/euroleague/players/jonas-jerebko/profile/009748/,JONAS,JEREBKO,208,Center,Sweden,1987-03-02T00:00:00,KHI,Khimki Moscow Region,ok
P003067,003067,curtis-jerrells,euroleague,https://www.euroleaguebasketball.net/en/euroleague/players/curtis-jerrells/profile/003067/,CURTIS,JERRELLS,185,Guard,United States of America,1987-02-05T00:00:00,MIL,AX Armani Exchange Olimpia Milan,ok
P013290,013290,justinian-jessup,euroleague,https://www.euroleaguebasketball.net/en/euroleague/players/justinian-jessup/profile/013290/,JUSTINIAN,JESSUP,198,Guard,United States of America,1998-05-23T00:00:00,MUN,FC Bayern Munich,ok
P000140,000140,pooh-jeter,euroleague,https://www.euroleaguebasketball.net/en/euroleague/players/pooh-jeter/profile/000140/,POOH,JETER,179,Guard,United States of America,1983-02-12T00:00:00,MAL,Unicaja,ok
PAAS,AAS,carlos-jimenez,euroleague,https://www.euroleaguebasketball.net/en/euroleague/players/carlos-jimenez/profile/AAS/,CARLOS,JIMENEZ,201,Forward,Spain,1976-02-10T00:00:00,MAL,Unicaja Malaga,ok
P009105,009105,millan-jimenez,euroleague,https://www.euroleaguebasketball.net/en/euroleague/players/millan-jimenez/profile/009105/,MILLAN,JIMENEZ,198,Guard,Spain,2002-09-16T00:00:00,PAM,Valencia Basket,ok
P002499,002499,alberto-jodar,euroleague,https://www.euroleaguebasketball.net/en/euroleague/players/alberto-jodar/profile/002499/,ALBERTO,JODAR,202,Forward,Spain,1990-01-06T00:00:00,MAD,Real Madrid,ok
P001487,001487,tauras-jogela,euroleague,https://www.euroleaguebasketball.net/en/euroleague/players/tauras-jogela/profile/001487/,TAURAS,JOGELA,203,Forward,Lithuania,1993-05-02T00:00:00,ZAL,Zalgiris Kaunas,ok
P007016,007016,elijah-johnson,euroleague,https://www.euroleaguebasketball.net/en/euroleague/players/elijah-johnson/profile/007016/,ELIJAH,JOHNSON,193,Guard,United States of America,1990-07-11T00:00:00,IST,Anadolu Efes Istanbul,ok
P005893,005893,jajuan-johnson,euroleague,https://www.euroleaguebasketball.net/en/euroleague/players/jajuan-johnson/profile/005893/,JAJUAN,JOHNSON,208,Forward,United States of America,1989-02-08T00:00:00,MUN,FC Bayern Munich,ok
P001320,001320,jerry-johnson,euroleague,https://www.euroleaguebasketball.net/en/euroleague/players/jerry-johnson/profile/001320/,JERRY,JOHNSON,183,Guard,United States of America,1982-04-23T00:00:00,LIE,Lietuvos Rytas Vilnius,ok
P000343,000343,linton-johnson,euroleague,https://www.euroleaguebasketball.net/en/euroleague/players/linton-johnson/profile/000343/,LINTON,JOHNSON,203,Forward,United States of America,1980-06-13T00:00:00,BAS,Tau Ceramica Vitoria-Gasteiz,ok
P002842,002842,marcus-johnson,euroleague,https://www.euroleaguebasketball.net/en/euroleague/players/marcus-johnson/profile/002842/,MARCUS,JOHNSON,198,Guard,United States of America,1987-02-13T00:00:00,CIB,Cibona Zagreb,ok
P004684,004684,darius-johnson-odom,euroleague,https://www.euroleaguebasketball.net/en/euroleague/players/darius-johnson-odom/profile/004684/,DARIUS,JOHNSON-ODOM,188,Guard,United States of America,1989-09-28T00:00:00,OLY,Olympiacos Piraeus,ok
P005815,005815,orlando-johnson,euroleague,https://www.euroleaguebasketball.net/en/euroleague/players/orlando-johnson/profile/005815/,ORLANDO,JOHNSON,196,Guard,United States of America,1989-03-11T00:00:00,UNK,Unics Kazan,ok
P013364,013364,stanley-johnson,euroleague,https://www.euroleaguebasketball.net/en/euroleague/players/stanley-johnson/profile/013364/,STANLEY,JOHNSON,201,Forward,United States of America,1996-05-29T00:00:00,IST,Anadolu Efes Istanbul,ok
P009816,009816,wesley-johnson,euroleague,https://www.euroleaguebasketball.net/en/euroleague/players/wesley-johnson/profile/009816/,WESLEY,JOHNSON,201,Forward,United States of America,1987-07-11T00:00:00,PAN,Panathinaikos OPAP Athens,ok
P014107,014107,stefan-joksimovic,euroleague,https://www.euroleaguebasketball.net/en/euroleague/players/stefan-joksimovic/profile/014107/,STEFAN,JOKSIMOVIC,194,Forward,Slovenia,2008-11-16T00:00:00,BAS,Kosner Baskonia Vitoria-Gasteiz,ok
P007519,007519,rokas-jokubaitis,euroleague,https://www.euroleaguebasketball.net/en/euroleague/players/rokas-jokubaitis/profile/007519/,ROKAS,JOKUBAITIS,193,Guard,Lithuania,2000-11-19T00:00:00,TEL,Maccabi Playtika Tel Aviv,ok
PKNS,KNS,arturas-jomantas,euroleague,https://www.euroleaguebasketball.net/en/euroleague/players/arturas-jomantas/profile/KNS/,ARTURAS,JOMANTAS,200,Forward,Lithuania,1985-05-04T00:00:00,LIE,Lietuvos Rytas Vilnius,ok
P013369,013369,carlik-jones,euroleague,https://www.euroleaguebasketball.net/en/euroleague/players/carlik-jones/profile/013369/,CARLIK,JONES,183,Guard,United States of America,1997-12-23T00:00:00,PAR,Partizan Mozzart Bet Belgrade,ok
P010568,010568,chris-jones,euroleague,https://www.euroleaguebasketball.net/en/euroleague/players/chris-jones/profile/010568/,CHRIS,JONES,188,Guard,United States of America,1993-04-10T00:00:00,HTA,Hapoel IBI Tel Aviv,ok
P001373,001373,dwayne-jones,euroleague,https://www.euroleaguebasketball.net/en/euroleague/players/dwayne-jones/profile/001373/,DWAYNE,JONES,211,Center,United States of America,1983-06-09T00:00:00,IST,Efes Pilsen,ok
P009298,009298,jalen-jones,euroleague,https://www.euroleaguebasketball.net/en/euroleague/players/jalen-jones/profile/009298/,JALEN,JONES,201,Forward,United States of America,1993-05-27T00:00:00,BAS,KIROLBET Baskonia Vitoria-Gasteiz,ok
P014102,014102,kai-jones,euroleague,https://www.euroleaguebasketball.net/en/euroleague/players/kai-jones/profile/014102/,KAI,JONES,211,Center,Bahamas,2001-01-19T00:00:00,IST,Anadolu Efes Istanbul,ok
P007185,007185,kevin-jones,euroleague,https://www.euroleaguebasketball.net/en/euroleague/players/kevin-jones/profile/007185/,KEVIN,JONES,203,Center,United States of America,1989-08-25T00:00:00,BAS,KIROLBET Baskonia Vitoria Gasteiz,ok
P011981,011981,tyrique-jones,euroleague,https://www.euroleaguebasketball.net/en/euroleague/players/tyrique-jones/profile/011981/,TYRIQUE,JONES,206,Center,United States of America,1997-05-03T00:00:00,OLY,Olympiacos Piraeus,ok
P000703,000703,jared-jordan,euroleague,https://www.euroleaguebasketball.net/en/euroleague/players/jared-jordan/profile/000703/,JARED,JORDAN,188,Guard,United States of America,1984-10-14T00:00:00,LIE,Lietuvos Rytas,ok
P014316,014316,cory-joseph,euroleague,https://www.euroleaguebasketball.net/en/euroleague/players/cory-joseph/profile/014316/,CORY,JOSEPH,188,Guard,Canada,1991-08-20T00:00:00,OLY,Olympiacos Piraeus,ok
P010307,010307,dordije-jovanovic,euroleague,https://www.euroleaguebasketball.net/en/euroleague/players/dordije-jovanovic/profile/010307/,DORDIJE,JOVANOVIC,200,Forward,Montenegro,2003-05-15T00:00:00,PAR,Partizan Mozzart Bet Belgrade,ok
P003264,003264,nikola-jovanovic,euroleague,https://www.euroleaguebasketball.net/en/euroleague/players/nikola-jovanovic/profile/003264/,NIKOLA,JOVANOVIC,211,Center,Serbia,1994-01-06T00:00:00,RED,Crvena Zvezda mts Belgrade,ok
P004863,004863,stefan-jovic,euroleague,https://www.euroleaguebasketball.net/en/euroleague/players/stefan-jovic/profile/004863/,STEFAN,JOVIC,196,Guard,Serbia,1990-11-03T00:00:00,MUN,FC Bayern Munich,ok
P005089,005089,marc-judith,euroleague,https://www.euroleaguebasketball.net/en/euroleague/players/marc-judith/profile/005089/,MARC,JUDITH,193,Forward,France,1987-01-19T00:00:00,NTR,JSF Nanterre,ok
PBCY,BCY,cyril-julian,euroleague,https://www.euroleaguebasketball.net/en/euroleague/players/cyril-julian/profile/BCY/,CYRIL,JULIAN,206,Center,France,1974-03-29T00:00:00,NAN,SLUC Nancy,ok
PBDE,BDE,goran-jurak,euroleague,https://www.euroleaguebasketball.net/en/euroleague/players/goran-jurak/profile/BDE/,GORAN,JURAK,203,Forward,Slovenia,1977-04-03T00:00:00,ZAL,Zalgiris,ok
PJIV,JIV,ivica-jurkovic,euroleague,https://www.euroleaguebasketball.net/en/euroleague/players/ivica-jurkovic/profile/JIV/,IVICA,JURKOVIC,205,Forward,Slovenia,1973-03-26T00:00:00,LJU,Union Olimpija,ok
PLCT,LCT,adas-juskevicius,euroleague,https://www.euroleaguebasketball.net/en/euroleague/players/adas-juskevicius/profile/LCT/,ADAS,JUSKEVICIUS,194,Guard,Lithuania,1989-01-03T00:00:00,ZAL,Zalgiris Kaunas,ok
P012181,012181,mantas-juzenas,euroleague,https://www.euroleaguebasketball.net/en/euroleague/players/mantas-juzenas/profile/012181/,MANTAS,JUZENAS,200,Guard,Lithuania,2006-11-16T00:00:00,ZAL,Zalgiris Kaunas,ok
P005962,005962,bartosz-jyz,euroleague,https://www.euroleaguebasketball.net/en/euroleague/players/bartosz-jyz/profile/005962/,BARTOSZ,JYZ,197,Forward,Poland,1997-09-26T00:00:00,ZGO,PGE Turow Zgorzelec,ok
P007855,007855,alpha-kaba,euroleague,https://www.euroleaguebasketball.net/en/euroleague/players/alpha-kaba/profile/007855/,ALPHA,KABA,208,Center,France,1996-01-29T00:00:00,TEL,Maccabi Playtika Tel Aviv,ok
P012796,012796,mfiondu-kabengele,euroleague,https://www.euroleaguebasketball.net/en/euroleague/players/mfiondu-kabengele/profile/012796/,MFIONDU,KABENGELE,208,Center,Canada,1997-08-14T00:00:00,DUB,Dubai Basketball,ok
P002835,002835,elishay-kadir,euroleague,https://www.euroleaguebasketball.net/en/euroleague/players/elishay-kadir/profile/002835/,ELISHAY,KADIR,202,Forward,Israel,1987-11-04T00:00:00,TEL,Maccabi Electra Tel Aviv,ok
P008137,008137,dmitrii-kadoshnikov,euroleague,https://www.euroleaguebasketball.net/en/euroleague/players/dmitrii-kadoshnikov/profile/008137/,DMITRII,KADOSHNIKOV,202,Forward,Russian Federation,2001-02-14T00:00:00,KHI,Khimki Moscow Region,ok
PCPF,CPF,panagiotis-kafkis,euroleague,https://www.euroleaguebasketball.net/en/euroleague/players/panagiotis-kafkis/profile/CPF/,PANAGIOTIS,KAFKIS,195,Guard,Greece,1980-05-08T00:00:00,OLY,Olympiacos,ok
PKIR,KIR,charles-kahudi,euroleague,https://www.euroleaguebasketball.net/en/euroleague/players/charles-kahudi/profile/KIR/,CHARLES,KAHUDI,196,Forward,France,1986-07-19T00:00:00,ASV,LDLC ASVEL Villeurbanne,ok
PJUP,JUP,kostas-kaimakoglou,euroleague,https://www.euroleaguebasketball.net/en/euroleague/players/kostas-kaimakoglou/profile/JUP/,KOSTAS,KAIMAKOGLOU,,,Greece,1983-03-15T00:00:00,UNK,UNICS Kazan,ok
PABG,ABG,michailis-kakiouzis,euroleague,https://www.euroleaguebasketball.net/en/euroleague/players/michailis-kakiouzis/profile/ABG/,MICHAILIS,KAKIOUZIS,207,Forward,Greece,1976-11-29T00:00:00,IST,Efes Pilsen,ok
P006586,006586,georgios-kalaitzakis,euroleague,https://www.euroleaguebasketball.net/en/euroleague/players/georgios-kalaitzakis/profile/006586/,GEORGIOS,KALAITZAKIS,201,Guard,Greece,1999-01-02T00:00:00,PAN,Panathinaikos Athens,ok
P011209,011209,panagiotis-kalaitzakis,euroleague,https://www.euroleaguebasketball.net/en/euroleague/players/panagiotis-kalaitzakis/profile/011209/,PANAGIOTIS,KALAITZAKIS,200,Guard,Greece,1999-01-02T00:00:00,PAN,Panathinaikos AKTOR Athens,ok
PAPI,API,georgios-kalaitzis,euroleague,https://www.euroleaguebasketball.net/en/euroleague/players/georgios-kalaitzis/profile/API/,GEORGIOS,KALAITZIS,0,,Greece,1976-08-29T00:00:00,PAN,Panathinaikos OPAP Athens,ok
PBZQ,BZQ,ioannis-kalampokis,euroleague,https://www.euroleaguebasketball.net/en/euroleague/players/ioannis-kalampokis/profile/BZQ/,GIANNIS,KALAMPOKIS,0,,Greece,1978-08-15T00:00:00,OLY,Olympiacos Piraeus,ok
P004866,004866,nikola-kalinic,euroleague,https://www.euroleaguebasketball.net/en/euroleague/players/nikola-kalinic/profile/004866/,NIKOLA,KALINIC,202,Forward,Serbia,1991-11-08T00:00:00,RED,Crvena Zvezda Meridianbet Belgrade,ok
PJBX,JBX,mantas-kalnietis,euroleague,https://www.euroleaguebasketball.net/en/euroleague/players/mantas-kalnietis/profile/JBX/,MANTAS,KALNIETIS,0,,Lithuania,1986-09-06T00:00:00,ZAL,Zalgiris Kaunas,ok
P011926,011926,ismael-kamagate,euroleague,https://www.euroleaguebasketball.net/en/euroleague/players/ismael-kamagate/profile/011926/,ISMAEL,KAMAGATE,211,Center,France,2001-01-17T00:00:00,MIL,EA7 Emporio Armani Milan,ok
P008325,008325,kenan-kamenjas,euroleague,https://www.euroleaguebasketball.net/en/euroleague/players/kenan-kamenjas/profile/008325/,KENAN,KAMENJAS,207,Center,Bosnia and Herzegovina,2000-01-17T00:00:00,DUB,Dubai Basketball,ok
P012743,012743,frank-kaminsky,euroleague,https://www.euroleaguebasketball.net/en/euroleague/players/frank-kaminsky/profile/012743/,FRANK,KAMINSKY,213,Center,United States of America,1993-04-04T00:00:00,PAR,Partizan Mozzart Bet Belgrade,ok
P005781,005781,deandre-kane,euroleague,https://www.euroleaguebasketball.net/en/euroleague/players/deandre-kane/profile/005781/,DEANDRE,KANE,196,Guard,United States of America,1989-06-10T00:00:00,TEL,Maccabi FOX Tel Aviv,ok
P000326,000326,kristjan-kangur,euroleague,https://www.euroleaguebasketball.net/en/euroleague/players/kristjan-kangur/profile/000326/,KRISTJAN,KANGUR,201,Forward,Estonia,1982-10-23T00:00:00,BAS,Laboral Kutxa Vitoria Gasteiz,ok
P001223,001223,andreas-kanonidis,euroleague,https://www.euroleaguebasketball.net/en/euroleague/players/andreas-kanonidis/profile/001223/,ANDREAS,KANONIDIS,198,Forward,Greece,1991-07-26T00:00:00,NIO,Panionios On Telecoms,ok
P005817,005817,lamine-kante,euroleague,https://www.euroleaguebasketball.net/en/euroleague/players/lamine-kante/profile/005817/,LAMINE,KANTE,201,Forward,France,1987-02-11T00:00:00,LMG,Limoges CSP,ok
P000936,000936,enes-kanter,none,,,,,,,,,,not_found (http_404)
P005100,005100,igor-kanygin,euroleague,https://www.euroleaguebasketball.net/en/euroleague/players/igor-kanygin/profile/005100/,IGOR,KANYGIN,207,Center,Russian Federation,1994-06-30T00:00:00,TIV,Lokomotiv Kuban Krasnodar,ok
P004006,004006,dorde-kaplanovic,euroleague,https://www.euroleaguebasketball.net/en/euroleague/players/dorde-kaplanovic/profile/004006/,DORDE,KAPLANOVIC,209,Center,Serbia,1995-03-21T00:00:00,RED,Crvena Zvezda Telekom Belgrade,ok
P004456,004456,jason-kapono,euroleague,https://www.euroleaguebasketball.net/en/euroleague/players/jason-kapono/profile/004456/,JASON,KAPONO,201,Forward,United States of America,1981-02-04T00:00:00,PAN,Panathinaikos Athens,ok
PKTP,KTP,dimitrios-karadolamis,euroleague,https://www.euroleaguebasketball.net/en/euroleague/players/dimitrios-karadolamis/profile/KTP/,DIMITRIOS,KARADOLAMIS,204,Forward,Greece,1987-08-15T00:00:00,ARI,Aris TT Bank,ok
P004490,004490,kenan-karahodzic,euroleague,https://www.euroleaguebasketball.net/en/euroleague/players/kenan-karahodzic/profile/004490/,KENAN,KARAHODZIC,209,Center,Serbia,1996-01-29T00:00:00,MAL,Unicaja Malaga,ok
P002872,002872,ioannis-karamalegos,euroleague,https://www.euroleaguebasketball.net/en/euroleague/players/ioannis-karamalegos/profile/002872/,IOANNIS ,KARAMALEGKOS,189,Guard,Greece,1994-09-19T00:00:00,PAN,Panathinaikos Athens,ok
P004206,004206,ilkan-karaman,euroleague,https://www.euroleaguebasketball.net/en/euroleague/players/ilkan-karaman/profile/004206/,ILKAN,KARAMAN,205,Forward,Turkiye,1990-05-13T00:00:00,ULK,Fenerbahce Ulker Istanbul,ok
P004302,004302,sergey-karasev,euroleague,https://www.euroleaguebasketball.net/en/euroleague/players/sergey-karasev/profile/004302/,SERGEY,KARASEV,201,Guard,Russian Federation,1993-10-26T00:00:00,DYR,Zenit St Petersburg,ok
P003212,003212,vaidas-kariniauskas,euroleague,https://www.euroleaguebasketball.net/en/euroleague/players/vaidas-kariniauskas/profile/003212/,VAIDAS,KARINIAUSKAS,199,Guard,Lithuania,1993-11-16T00:00:00,ZAL,Zalgiris Kaunas,ok
P005848,005848,jakub-karolak,euroleague,https://www.euroleaguebasketball.net/en/euroleague/players/jakub-karolak/profile/005848/,JAKUB,KAROLAK,196,Forward,Poland,1993-09-26T00:00:00,ZGO,PGE Turow Zgorzelec,ok
P002776,002776,alexey-karpeko,euroleague,https://www.euroleaguebasketball.net/en/euroleague/players/alexey-karpeko/profile/002776/,ALEXEY,KARPEKO,203,Forward,Russian Federation,1988-12-26T00:00:00,KHI,BC Khimki Moscow Region,ok
P006594,006594,aleksandr-karpukhin,euroleague,https://www.euroleaguebasketball.net/en/euroleague/players/aleksandr-karpukhin/profile/006594/,ALEKSANDR,KARPUKHIN,191,Guard,Russian Federation,1990-05-06T00:00:00,UNK,Unics Kazan,ok
P005146,005146,leonidas-kaselakis,euroleague,https://www.euroleaguebasketball.net/en/euroleague/players/leonidas-kaselakis/profile/005146/,LEONIDAS,KASELAKIS,202,Forward,Greece,1990-06-01T00:00:00,PAN,Panathinaikos OPAP Athens,ok
PJEQ,JEQ,anatoly-kashirov,euroleague,https://www.euroleaguebasketball.net/en/euroleague/players/anatoly-kashirov/profile/JEQ/,ANATOLY,KASHIROV,215,Center,Russian Federation,1987-05-19T00:00:00,KHI,Khimki Moscow Region,ok
P002628,002628,erjon-kastrati,euroleague,https://www.euroleaguebasketball.net/en/euroleague/players/erjon-kastrati/profile/002628/,ERJON,KASTRATI,198,Guard,Albania,1994-12-30T00:00:00,LJU,Union Olimpija Ljubljana,ok
PCJE,CJE,franko-kastropil,euroleague,https://www.euroleaguebasketball.net/en/euroleague/players/franko-kastropil/profile/CJE/,FRANKO,KASTROPIL,213,Center,Croatia,1984-03-08T00:00:00,CIB,Cibona,ok
PBOD,BOD,mario-kasun,euroleague,https://www.euroleaguebasketball.net/en/euroleague/players/mario-kasun/profile/BOD/,MARIO,KASUN,213,Center,Croatia,1980-04-05T00:00:00,SIE,Montepaschi Siena,ok
P000664,000664,mindaugas-katelynas,euroleague,https://www.euroleaguebasketball.net/en/euroleague/players/mindaugas-katelynas/profile/000664/,MINDAUGAS,KATELYNAS,206,Forward,Lithuania,1983-05-16T00:00:00,LIE,Lietuvos Rytas Vilnius,ok
PJQH,JQH,rasko-katic,euroleague,https://www.euroleaguebasketball.net/en/euroleague/players/rasko-katic/profile/JQH/,RASKO,KATIC,208,Center,Serbia,1980-12-08T00:00:00,RED,Crvena Zvezda Telekom Belgrade,ok
P001771,001771,toni-katic,euroleague,https://www.euroleaguebasketball.net/en/euroleague/players/toni-katic/profile/001771/,TONI,KATIC,185,Guard,Croatia,1992-07-09T00:00:00,CED,Cedevita Zagreb,ok
P002867,002867,dimitrios-katsivelis,euroleague,https://www.euroleaguebasketball.net/en/euroleague/players/dimitrios-katsivelis/profile/002867/,DIMITRIS,KATSIVELIS,196,Guard,Greece,1991-10-01T00:00:00,OLY,Olympiacos Piraeus,ok
PBJR,BJR,rimantas-kaukenas,euroleague,https://www.euroleaguebasketball.net/en/euroleague/players/rimantas-kaukenas/profile/BJR/,RIMANTAS,KAUKENAS,192,Guard,Lithuania,1977-04-11T00:00:00,BAS,Laboral Kutxa Vitoria,ok
P001228,001228,sasha-kaun,euroleague,https://www.euroleaguebasketball.net/en/euroleague/players/sasha-kaun/profile/001228/,SASHA,KAUN,213,Center,Russian Federation,1985-05-08T00:00:00,CSK,CSKA Moscow,ok
P000399,000399,antanas-kavaliauskas,euroleague,https://www.euroleaguebasketball.net/en/euroleague/players/antanas-kavaliauskas/profile/000399/,ANTANAS,KAVALIAUSKAS,208,Center,Lithuania,1984-09-19T00:00:00,ZAL,Zalgiris Kaunas,ok
P004289,004289,vasilis-kavvadas,euroleague,https://www.euroleaguebasketball.net/en/euroleague/players/vasilis-kavvadas/profile/004289/,VASILIS,KAVVADAS,206,Center,Greece,1991-12-28T00:00:00,PAN,Panathinaikos OPAP Athens,ok
PBFE,BFE,dusan-kecman,euroleague,https://www.euroleaguebasketball.net/en/euroleague/players/dusan-kecman/profile/BFE/,DUSAN,KECMAN,,Forward,Serbia,1977-11-06T00:00:00,PAR,Partizan mt:s Belgrade,ok
P012885,012885,sayon-keita,euroleague,https://www.euroleaguebasketball.net/en/euroleague/players/sayon-keita/profile/012885/,SAYON,KEITA,214,Center,Mali,2008-03-01T00:00:00,BAR,FC Barcelona,ok
P000545,000545,thomas-kelati,euroleague,https://www.euroleaguebasketball.net/en/euroleague/players/thomas-kelati/profile/000545/,THOMAS,KELATI,195,Guard,United States of America,1982-09-27T00:00:00,BAS,Laboral Kutxa Vitoria,ok
PTFE,TFE,tre-kelley,euroleague,https://www.euroleaguebasketball.net/en/euroleague/players/tre-kelley/profile/TFE/,TRE,KELLEY,183,Guard,United States of America,1985-01-23T00:00:00,CIB,Cibona,ok
P011307,011307,trey-kell,euroleague,https://www.euroleaguebasketball.net/en/euroleague/players/trey-kell/profile/011307/,TREY,KELL,193,Guard,United States of America,1996-04-05T00:00:00,MIL,AX Armani Exchange Milan,ok
PKKK,KKK,zydrunas-kelys,euroleague,https://www.euroleaguebasketball.net/en/euroleague/players/zydrunas-kelys/profile/KKK/,ZYDRUNAS,KELYS,188,Guard,Lithuania,1987-04-29T00:00:00,LIE,Lietuvos Rytas Vilnius,ok
P004247,004247,marcelus-kemp,euroleague,https://www.euroleaguebasketball.net/en/euroleague/players/marcelus-kemp/profile/004247/,MARCELUS,KEMP,195,Guard,United States of America,1984-05-18T00:00:00,SIE,Montepaschi Siena,ok
P000393,000393,levon-kendall,euroleague,https://www.euroleaguebasketball.net/en/euroleague/players/levon-kendall/profile/000393/,LEVON,KENDALL,208,Center,Ireland,1984-07-04T00:00:00,MAR,Maroussi,ok
P000577,000577,marko-keselj,euroleague,https://www.euroleaguebasketball.net/en/euroleague/players/marko-keselj/profile/000577/,MARKO,KESELJ,208,Forward,Serbia,1988-01-02T00:00:00,RED,Crvena Zvezda mts Belgrade,ok
P003481,003481,michael-kessens,euroleague,https://www.euroleaguebasketball.net/en/euroleague/players/michael-kessens/profile/003481/,MICHAEL,KESSENS,206,Center,Germany,1991-02-16T00:00:00,PRS,Paris Basketball,ok
P014168,014168,braxton-key,euroleague,https://www.euroleaguebasketball.net/en/euroleague/players/braxton-key/profile/014168/,BRAXTON,KEY,203,Forward,United States of America,1997-02-14T00:00:00,PAM,Valencia Basket,ok
P000179,000179,victor-keyru,euroleague,https://www.euroleaguebasketball.net/en/euroleague/players/victor-keyru/profile/000179/,VICTOR,KEYRU,200,Guard,Russian Federation,1984-01-31T00:00:00,CSK,CSKA Moscow,ok
PKIG,KIG,billy-keys,euroleague,https://www.euroleaguebasketball.net/en/euroleague/players/billy-keys/profile/KIG/,BILLY,KEYS,188,Guard,United States of America,1977-10-26T00:00:00,MAR,Maroussi,ok
P005717,005717,ruslan-khabirov,euroleague,https://www.euroleaguebasketball.net/en/euroleague/players/ruslan-khabirov/profile/005717/,RUSLAN,KHABIROV,192,Guard,Russian Federation,1991-03-05T00:00:00,UNK,Unics Kazan,ok
P012123,012123,ivan-kharchenkov,euroleague,https://www.euroleaguebasketball.net/en/euroleague/players/ivan-kharchenkov/profile/012123/,IVAN,KHARCHENKOV,198,Guard,Germany,2006-09-20T00:00:00,MUN,FC Bayern Munich,ok
P014106,014106,mate-khatiashvili,euroleague,https://www.euroleaguebasketball.net/en/euroleague/players/mate-khatiashvili/profile/014106/,MATE,KHATIASHVILI,188,Guard,Georgia,2008-11-07T00:00:00,BAS,Kosner Baskonia Vitoria-Gasteiz,ok
P004173,004173,julian-khazzouh,euroleague,https://www.euroleaguebasketball.net/en/euroleague/players/julian-khazzouh/profile/004173/,JULIAN,KHAZZOUH,209,Center,Australia,1986-02-23T00:00:00,SOP,Asseco Prokom Gdynia,ok
P006710,006710,alexander-khomenko,euroleague,https://www.euroleaguebasketball.net/en/euroleague/players/alexander-khomenko/profile/006710/,ALEXANDER,KHOMENKO,192,Guard,Russian Federation,1999-01-25T00:00:00,CSK,CSKA Moscow,ok
PBCQ,BCQ,viktor-khryapa,euroleague,https://www.euroleaguebasketball.net/en/euroleague/players/viktor-khryapa/profile/BCQ/,VICTOR,KHRYAPA,203,Forward,Russian Federation,1982-08-03T00:00:00,CSK,CSKA Moscow,ok
PLKY,LKY,dmitry-khvostov,euroleague,https://www.euroleaguebasketball.net/en/euroleague/players/dmitry-khvostov/profile/LKY/,DMITRY,KHVOSTOV,190,Guard,Russian Federation,1989-08-21T00:00:00,DYR,Zenit St Petersburg,ok
P007868,007868,stanton-kidd,euroleague,https://www.euroleaguebasketball.net/en/euroleague/players/stanton-kidd/profile/007868/,STANTON,KIDD,200,Forward,United States of America,1992-03-18T00:00:00,DAR,Darussafaka Tekfen Istanbul,ok
P001883,001883,pawel-kikowski,euroleague,https://www.euroleaguebasketball.net/en/euroleague/players/pawel-kikowski/profile/001883/,PAWEL,KIKOWSKI,193,Guard,Poland,1986-04-27T00:00:00,LJU,Union Olimpija,ok
P004999,004999,deniz-kilicli,euroleague,https://www.euroleaguebasketball.net/en/euroleague/players/deniz-kilicli/profile/004999/,DENIZ,KILICLI,206,Forward,Turkiye,1990-10-23T00:00:00,IST,Anadolu Efes Istanbul,ok
P009227,009227,sean-kilpatrick,euroleague,https://www.euroleaguebasketball.net/en/euroleague/players/sean-kilpatrick/profile/009227/,SEAN,KILPATRICK,193,Guard,United States of America,1990-01-06T00:00:00,PAN,Panathinaikos OPAP Athens,ok
PBOG,BOG,alex-king,euroleague,https://www.euroleaguebasketball.net/en/euroleague/players/alex-king/profile/BOG/,ALEX,KING,200,Forward,Germany,1985-02-20T00:00:00,MUN,FC Bayern Munich,ok
P000738,000738,tarence-anthony-kinsey,euroleague,https://www.euroleaguebasketball.net/en/euroleague/players/tarence-anthony-kinsey/profile/000738/,TARENCE,KINSEY,198,Forward,United States of America,1984-03-21T00:00:00,RED,Crvena Zvezda Telekom Belgrade,ok
P003530,003530,andrei-kirilenko,euroleague,https://www.euroleaguebasketball.net/en/euroleague/players/andrei-kirilenko/profile/003530/,ANDREI,KIRILENKO,206,Forward,Russian Federation,1981-02-18T00:00:00,CSK,CSKA Moscow,ok
P007616,007616,alex-kirk,euroleague,https://www.euroleaguebasketball.net/en/euroleague/players/alex-kirk/profile/007616/,ALEX,KIRK,211,Center,United States of America,1991-11-14T00:00:00,IST,Anadolu Efes Istanbul,ok
P004217,004217,derwin-kitchen,euroleague,https://www.euroleaguebasketball.net/en/euroleague/players/derwin-kitchen/profile/004217/,DERWIN,KITCHEN,193,Guard,United States of America,1986-05-14T00:00:00,PAN,Panathinaikos Athens,ok
P010100,010100,urban-klavzar,euroleague,https://www.euroleaguebasketball.net/en/euroleague/players/urban-klavzar/profile/010100/,URBAN,KLAVZAR,185,Guard,Slovenia,2004-05-27T00:00:00,MAD,Real Madrid,ok
P003072,003072,jonathan-can-kleiner,euroleague,https://www.euroleaguebasketball.net/en/euroleague/players/jonathan-can-kleiner/profile/003072/,JONATHAN-CAN,KLEINER,204,Forward,Germany,1992-08-24T00:00:00,BER,Alba Berlin,ok
P001925,001925,linas-kleiza,euroleague,https://www.euroleaguebasketball.net/en/euroleague/players/linas-kleiza/profile/001925/,LINAS,KLEIZA,203,Forward,Lithuania,1985-01-03T00:00:00,MIL,EA7 Emporio Armani Milan,ok
PBDK,BDK,tadas-klimavicius,euroleague,https://www.euroleaguebasketball.net/en/euroleague/players/tadas-klimavicius/profile/BDK/,TADAS,KLIMAVICIUS,204,Forward,Lithuania,1982-10-02T00:00:00,ZAL,Zalgiris Kaunas,ok
P006360,006360,artem-klimenko,euroleague,https://www.euroleaguebasketball.net/en/euroleague/players/artem-klimenko/profile/006360/,ARTEM,KLIMENKO,214,Center,Russian Federation,1994-01-10T00:00:00,UNK,UNICS Kazan,ok
P007560,007560,jovan-kljajic,euroleague,https://www.euroleaguebasketball.net/en/euroleague/players/jovan-kljajic/profile/007560/,JOVAN,KLJAJIC,197,Guard,Montenegro,2001-09-11T00:00:00,CAN,Herbalife Gran Canaria,ok
P001235,001235,jaka-klobucar,euroleague,https://www.euroleaguebasketball.net/en/euroleague/players/jaka-klobucar/profile/001235/,JAKA,KLOBUCAR,198,Guard,Slovenia,1987-08-19T00:00:00,PAR,Partizan mt:s Belgrade,ok
P010394,010394,marcos-knight,euroleague,https://www.euroleaguebasketball.net/en/euroleague/players/marcos-knight/profile/010394/,MARCOS,KNIGHT,188,Forward,United States of America,1989-09-24T00:00:00,ASV,LDLC ASVEL Villeurbanne,ok
P007487,007487,daniil-kochergin,euroleague,https://www.euroleaguebasketball.net/en/euroleague/players/daniil-kochergin/profile/007487/,DANIIL,KOCHERGIN,208,Forward,Russian Federation,1999-10-29T00:00:00,CSK,CSKA Moscow,ok
PJVK,JVK,inanc-koc,euroleague,https://www.euroleaguebasketball.net/en/euroleague/players/inanc-koc/profile/JVK/,INANC,KOC,202,Forward,Turkiye,1979-02-09T00:00:00,KSK,Pinar Karsiyaka,ok
PCOB,COB,alain-koffi,euroleague,https://www.euroleaguebasketball.net/en/euroleague/players/alain-koffi/profile/COB/,ALAIN,KOFFI,205,Center,France,1983-11-23T00:00:00,LEM,Le Mans,ok
P002104,002104,huseyin-koksal,euroleague,https://www.euroleaguebasketball.net/en/euroleague/players/huseyin-koksal/profile/002104/,GOKSENIN,KOKSAL,196,Guard,Turkiye,1991-01-08T00:00:00,GAL,Galatasaray Odeabank Istanbul,ok
P003570,003570,maxim-kolyushkin,euroleague,https://www.euroleaguebasketball.net/en/euroleague/players/maxim-kolyushkin/profile/003570/,MAXIM,KOLYUSHKIN,192,Forward,Russian Federation,1990-12-11T00:00:00,TIV,Lokomotiv Kuban Krasnodar,ok
P002279,002279,artem-komolov,euroleague,https://www.euroleaguebasketball.net/en/euroleague/players/artem-komolov/profile/002279/,ARTEM,KOMOLOV,193,Guard,Russian Federation,1993-06-01T00:00:00,UNK,UNICS Kazan,ok
P014031,014031,kosta-kondic,euroleague,https://www.euroleaguebasketball.net/en/euroleague/players/kosta-kondic/profile/014031/,KOSTA,KONDIC,193,Guard,Serbia,2001-08-05T00:00:00,DUB,Dubai Basketball,ok
P000066,000066,mohamed-kone,euroleague,https://www.euroleaguebasketball.net/en/euroleague/players/mohamed-kone/profile/000066/,MOHAMED,KONE,211,Center,Cote D’Ivoire,1981-03-24T00:00:00,ROA,Chorale Roanne,ok
P005255,005255,antonios-koniaris,euroleague,https://www.euroleaguebasketball.net/en/euroleague/players/antonios-koniaris/profile/005255/,ANTONIOS,KONIARIS,196,Guard,Greece,1997-09-30T00:00:00,OLY,Olympiacos Piraeus,ok
P004178,004178,petteri-koponen,euroleague,https://www.euroleaguebasketball.net/en/euroleague/players/petteri-koponen/profile/004178/,PETTERI,KOPONEN,0,Guard,Finland,1988-04-13T00:00:00,MUN,FC Bayern Munich,ok
P011050,011050,balsa-koprivica,euroleague,https://www.euroleaguebasketball.net/en/euroleague/players/balsa-koprivica/profile/011050/,BALSA,KOPRIVICA,216,Center,Serbia,2000-05-01T00:00:00,PAR,Partizan Mozzart Bet Belgrade,ok
P004300,004300,can-korkmaz,euroleague,https://www.euroleaguebasketball.net/en/euroleague/players/can-korkmaz/profile/004300/,CAN,KORKMAZ,187,Guard,Turkiye,1992-10-21T00:00:00,GAL,Galatasaray Odeabank Istanbul,ok
P005763,005763,furkan-korkmaz,euroleague,https://www.euroleaguebasketball.net/en/euroleague/players/furkan-korkmaz/profile/005763/,FURKAN,KORKMAZ,202,Forward,Turkiye,1997-07-24T00:00:00,MCO,AS Monaco,ok
P003571,003571,pavel-korobkov,euroleague,https://www.euroleaguebasketball.net/en/euroleague/players/pavel-korobkov/profile/003571/,PAVEL,KOROBKOV,206,Forward,Russian Federation,1990-10-18T00:00:00,CSK,CSKA Moscow,ok
P012443,012443,andrej-kostic,euroleague,https://www.euroleaguebasketball.net/en/euroleague/players/andrej-kostic/profile/012443/,ANDREJ,KOSTIC,198,Guard,Serbia,2006-11-02T00:00:00,RED,Crvena Zvezda Meridianbet Belgrade,ok
PLEA,LEA,mateusz-kostrzewski,euroleague,https://www.euroleaguebasketball.net/en/euroleague/players/mateusz-kostrzewski/profile/LEA/,MATEUSZ,KOSTRZEWSKI,197,Forward,Poland,1989-09-18T00:00:00,ZGO,PGE Turow Zgorzelec,ok
P004096,004096,emircan-kosut,euroleague,https://www.euroleaguebasketball.net/en/euroleague/players/emircan-kosut/profile/004096/,EMIRCAN,KOSUT,216,Center,Turkiye,1995-07-03T00:00:00,DAR,Darussafaka Tekfen Istanbul,ok
P000218,000218,lukasz-koszarek,euroleague,https://www.euroleaguebasketball.net/en/euroleague/players/lukasz-koszarek/profile/000218/,LUKASZ,KOSZAREK,187,Guard,Poland,1984-01-12T00:00:00,GSS,Stelmet Zielona Gora,ok
P004603,004603,maik-kotsar,euroleague,https://www.euroleaguebasketball.net/en/euroleague/players/maik-kotsar/profile/004603/,MAIK,KOTSAR,209,Center,Estonia,1996-12-22T00:00:00,BAS,Baskonia Vitoria-Gasteiz,ok
P009766,009766,kosta-koufos,euroleague,https://www.euroleaguebasketball.net/en/euroleague/players/kosta-koufos/profile/009766/,KOSTA,KOUFOS,213,Center,United States of America,1989-02-24T00:00:00,OLY,Olympiacos Piraeus,ok
P010791,010791,khalifa-koumadje,euroleague,https://www.euroleaguebasketball.net/en/euroleague/players/khalifa-koumadje/profile/010791/,KHALIFA,KOUMADJE,223,Center,Chad,1996-07-07T00:00:00,BER,ALBA Berlin,ok
P001140,001140,fanis-koumpouras,euroleague,https://www.euroleaguebasketball.net/en/euroleague/players/fanis-koumpouras/profile/001140/,FANIS,KOUMPOURAS,187,Guard,Greece,1983-12-08T00:00:00,MAR,Maroussi,ok
P004451,004451,ioannis-kouzeloglou,euroleague,https://www.euroleaguebasketball.net/en/euroleague/players/ioannis-kouzeloglou/profile/004451/,IOANNIS,KOUZELOGLOU,204,Center,Greece,1995-04-01T00:00:00,PAN,Panathinaikos AKTOR Athens,ok
P005427,005427,dejan-kovacevic,euroleague,https://www.euroleaguebasketball.net/en/euroleague/players/dejan-kovacevic/profile/005427/,DEJAN,KOVACEVIC,207,Forward,Germany,1996-12-27T00:00:00,MUN,FC Bayern Munich,ok
P004810,004810,chris-kramer,euroleague,https://www.euroleaguebasketball.net/en/euroleague/players/chris-kramer/profile/004810/,CHRIS,KRAMER,191,Guard,United States of America,1988-04-04T00:00:00,KHI,Khimki Moscow Region,ok
P006482,006482,david-kramer,euroleague,https://www.euroleaguebasketball.net/en/euroleague/players/david-kramer/profile/006482/,DAVID,KRAMER,198,Forward,Germany,1997-01-14T00:00:00,MAD,Real Madrid,ok
PAON,AON,barisa-krasic,euroleague,https://www.euroleaguebasketball.net/en/euroleague/players/barisa-krasic/profile/AON/,BARISA,KRASIC,203,Forward,Croatia,1978-09-16T00:00:00,CIB,Cibona,ok
P004512,004512,leon-kratzer,euroleague,https://www.euroleaguebasketball.net/en/euroleague/players/leon-kratzer/profile/004512/,LEON,KRATZER,212,Center,Germany,1997-02-04T00:00:00,MUN,FC Bayern Munich,ok
P000139,000139,viacheslav-kravtsov,euroleague,https://www.euroleaguebasketball.net/en/euroleague/players/viacheslav-kravtsov/profile/000139/,VIACHESLAV,KRAVTSOV,213,Center,Ukraine,1987-08-25T00:00:00,CSK,CSKA Moscow,ok
P009328,009328,kerr-kriisa,euroleague,https://www.euroleaguebasketball.net/en/euroleague/players/kerr-kriisa/profile/009328/,KERR,KRIISA,189,Guard,Estonia,2001-01-02T00:00:00,ZAL,Zalgiris Kaunas,ok
P010185,010185,motiejus-krivas,euroleague,https://www.euroleaguebasketball.net/en/euroleague/players/motiejus-krivas/profile/010185/,MOTIEJUS,KRIVAS,214,Center,Lithuania,2004-12-01T00:00:00,ZAL,Zalgiris Kaunas,ok
P005835,005835,maksim-krivosheev,euroleague,https://www.euroleaguebasketball.net/en/euroleague/players/maksim-krivosheev/profile/005835/,MAKSIM,KRIVOSHEEV,202,Forward,Russian Federation,1988-08-17T00:00:00,NOV,Nizhny Novgorod,ok
P001081,001081,stipe-krstanovic,euroleague,https://www.euroleaguebasketball.net/en/euroleague/players/stipe-krstanovic/profile/001081/,STIPE,KRSTANOVIC,204,Forward,Croatia,1993-04-30T00:00:00,CIB,Cibona Zagreb,ok
PAUO,AUO,nenad-krstic,euroleague,https://www.euroleaguebasketball.net/en/euroleague/players/nenad-krstic/profile/AUO/,NENAD,KRSTIC,212,Center,Serbia,1983-07-25T00:00:00,IST,Anadolu Efes Istanbul,ok
PCKI,CKI,damir-krupalija,euroleague,https://www.euroleaguebasketball.net/en/euroleague/players/damir-krupalija/profile/CKI/,DAMIR,KRUPALIJA,205,Forward,Bosnia and Herzegovina,1979-06-13T00:00:00,BIL,Gescrap Bilbao Basket,ok
PLEE,LEE,filip-kruslin,euroleague,https://www.euroleaguebasketball.net/en/euroleague/players/filip-kruslin/profile/LEE/,FILIP,KRUSLIN,190,Guard,Croatia,1989-03-18T00:00:00,CIB,Cibona,ok
P010824,010824,kajus-kublickas,euroleague,https://www.euroleaguebasketball.net/en/euroleague/players/kajus-kublickas/profile/010824/,KAJUS,KUBLICKAS,186,Guard,Lithuania,2004-09-02T00:00:00,ZAL,Zalgiris Kaunas,ok
P005207,005207,maciej-kucharek,euroleague,https://www.euroleaguebasketball.net/en/euroleague/players/maciej-kucharek/profile/005207/,MACIEJ,KUCHAREK,204,Forward,Poland,1993-07-20T00:00:00,GSS,Stelmet Zielona Gora,ok
P004120,004120,jakub-kudlacek,euroleague,https://www.euroleaguebasketball.net/en/euroleague/players/jakub-kudlacek/profile/004120/,JAKUB,KUDLACEK,193,Guard,Czech Republic,1990-03-03T00:00:00,CTU,Mapooro Cantu,ok
P003549,003549,michael-kuebler,euroleague,https://www.euroleaguebasketball.net/en/euroleague/players/michael-kuebler/profile/003549/,MICHAEL,KUEBLER,195,Guard,United States of America,1982-07-24T00:00:00,SOP,Asseco Prokom Gdynia,ok
P003657,003657,rihards-kuksiks,euroleague,https://www.euroleaguebasketball.net/en/euroleague/players/rihards-kuksiks/profile/003657/,RIHARDS,KUKSIKS,198,Forward,Latvia,1988-07-17T00:00:00,NOV,Nizhny Novgorod,ok
P001108,001108,dmitry-kulagin,euroleague,https://www.euroleaguebasketball.net/en/euroleague/players/dmitry-kulagin/profile/001108/,DMITRY,KULAGIN,198,Guard,Russian Federation,1992-07-01T00:00:00,DYR,Zenit St Petersburg,ok
P002276,002276,mikhail-kulagin,euroleague,https://www.euroleaguebasketball.net/en/euroleague/players/mikhail-kulagin/profile/002276/,MIKHAIL,KULAGIN,191,Guard,Russian Federation,1994-08-04T00:00:00,CSK,CSKA Moscow,ok
P005849,005849,damian-kulig,euroleague,https://www.euroleaguebasketball.net/en/euroleague/players/damian-kulig/profile/005849/,DAMIAN ,KULIG,205,Center,Poland,1987-06-23T00:00:00,ZGO,PGE Turow Zgorzelec,ok
P001490,001490,mindaugas-kupsas,euroleague,https://www.euroleaguebasketball.net/en/euroleague/players/mindaugas-kupsas/profile/001490/,MINDAUGAS,KUPSAS,217,Center,Lithuania,1991-04-09T00:00:00,ZAL,Zalgiris Kaunas,ok
PBKM,BKM,ermal-kuqo,euroleague,https://www.euroleaguebasketball.net/en/euroleague/players/ermal-kuqo/profile/BKM/,ERMAL,KUQO,207,Center,Albania,1980-02-12T00:00:00,IST,Anadolu Efes Istanbul,ok
PJLX,JLX,nikita-kurbanov,euroleague,https://www.euroleaguebasketball.net/en/euroleague/players/nikita-kurbanov/profile/JLX/,NIKITA,KURBANOV,202,Forward,Russian Federation,1986-10-05T00:00:00,CSK,CSKA Moscow,ok
P005789,005789,kyle-kuric,euroleague,https://www.euroleaguebasketball.net/en/euroleague/players/kyle-kuric/profile/005789/,KYLE,KURIC,193,Forward,Slovakia,1989-08-25T00:00:00,BAR,FC Barcelona,ok
P003436,003436,dzenan-kurtic,euroleague,https://www.euroleaguebasketball.net/en/euroleague/players/dzenan-kurtic/profile/003436/,DZENAN,KURTIC,206,Center,France,1992-06-22T00:00:00,NAN,SLUC Nancy,ok
P007265,007265,arturs-kurucs,euroleague,https://www.euroleaguebasketball.net/en/euroleague/players/arturs-kurucs/profile/007265/,ARTURS,KURUCS,190,Guard,Latvia,2000-01-19T00:00:00,BAS,Cazoo Baskonia Vitoria-Gasteiz,ok
P005713,005713,rodions-kurucs,euroleague,https://www.euroleaguebasketball.net/en/euroleague/players/rodions-kurucs/profile/005713/,RODIONS,KURUCS,206,Forward,Latvia,1998-02-05T00:00:00,BAS,Kosner Baskonia Vitoria-Gasteiz,ok
PAFJ,AFJ,davor-kus,euroleague,https://www.euroleaguebasketball.net/en/euroleague/players/davor-kus/profile/AFJ/,DAVOR,KUS,190,Guard,Croatia,1978-07-21T00:00:00,CIB,Cibona,ok
P014128,014128,nikola-kusturica,euroleague,https://www.euroleaguebasketball.net/en/euroleague/players/nikola-kusturica/profile/014128/,NIKOLA,KUSTURICA,205,Forward,Serbia,2009-04-30T00:00:00,BAR,FC Barcelona,ok
PABI,ABI,ibrahim-kutluay,euroleague,https://www.euroleaguebasketball.net/en/euroleague/players/ibrahim-kutluay/profile/ABI/,IBRAHIM,KUTLUAY,198,Guard,Turkiye,1974-01-07T00:00:00,ULK,Fenerbahce Ulker,ok
P003479,003479,ognjen-kuzmic,euroleague,https://www.euroleaguebasketball.net/en/euroleague/players/ognjen-kuzmic/profile/003479/,OGNJEN,KUZMIC,213,Center,Serbia,1990-05-16T00:00:00,RED,Crvena Zvezda Meridianbet Belgrade,ok
P002008,002008,mindaugas-kuzminskas,euroleague,https://www.euroleaguebasketball.net/en/euroleague/players/mindaugas-kuzminskas/profile/002008/,MINDAUGAS,KUZMINSKAS,205,Forward,Lithuania,1989-10-19T00:00:00,DYR,Zenit St Petersburg,ok
PJXU,JXU,alexandros-kyritsis,euroleague,https://www.euroleaguebasketball.net/en/euroleague/players/alexandros-kyritsis/profile/JXU/,ALEXANDROS,KYRITSIS,192,Guard,Greece,1982-05-18T00:00:00,PAN,Panathinaikos Athens,ok
P002503,002503,sean-labanowski,euroleague,https://www.euroleaguebasketball.net/en/euroleague/players/sean-labanowski/profile/002503/,SEAN,LABANOWSKI,202,Forward,Israel,1992-12-09T00:00:00,TEL,Maccabi Electra Tel Aviv,ok
P004884,004884,louis-labeyrie,euroleague,https://www.euroleaguebasketball.net/en/euroleague/players/louis-labeyrie/profile/004884/,LOUIS,LABEYRIE,209,Forward,France,1992-02-11T00:00:00,PAM,Valencia Basket,ok
P001261,001261,paul-lacombe,euroleague,https://www.euroleaguebasketball.net/en/euroleague/players/paul-lacombe/profile/001261/,PAUL,LACOMBE,198,Guard,France,1990-06-12T00:00:00,ASV,LDLC ASVEL Villeurbanne,ok
P002870,002870,oliver-lafayette,euroleague,https://www.euroleaguebasketball.net/en/euroleague/players/oliver-lafayette/profile/002870/,OLIVER,LAFAYETTE,188,Guard,United States of America,1984-05-06T00:00:00,MIL,EA7 Emporio Armani Milan,ok
P006705,006705,matteo-lagana,euroleague,https://www.euroleaguebasketball.net/en/euroleague/players/matteo-lagana/profile/006705/,MATTEO,LAGANA,191,Guard,Italy,2000-01-10T00:00:00,MIL,EA7 Emporio Armani Milan,ok
P007736,007736,arijan-lakic,euroleague,https://www.euroleaguebasketball.net/en/euroleague/players/arijan-lakic/profile/007736/,ARIJAN,LAKIC,199,Forward,Serbia,2000-01-20T00:00:00,PAR,Partizan Mozzart Bet Belgrade,ok
P001571,001571,christos-lakkas,euroleague,https://www.euroleaguebasketball.net/en/euroleague/players/christos-lakkas/profile/001571/,CHRISTOS,LAKKAS,188,Guard,Greece,1991-12-05T00:00:00,MAR,Maroussi,ok
PATA,ATA,jaka-lakovic,euroleague,https://www.euroleaguebasketball.net/en/euroleague/players/jaka-lakovic/profile/ATA/,JAKA,LAKOVIC,0,Guard,Slovenia,1978-07-09T00:00:00,GAL,Galatasaray Medical Park,ok
PCLL,CLL,jure-lalic,euroleague,https://www.euroleaguebasketball.net/en/euroleague/players/jure-lalic/profile/CLL/,JURE,LALIC,209,Center,Croatia,1986-02-08T00:00:00,CIB,Cibona Zagreb,ok
P010385,010385,ben-lammers,euroleague,https://www.euroleaguebasketball.net/en/euroleague/players/ben-lammers/profile/010385/,BEN,LAMMERS,208,Center,United States of America,1995-11-12T00:00:00,BER,ALBA Berlin,ok
PBBY,BBY,maciej-lampe,euroleague,https://www.euroleaguebasketball.net/en/euroleague/players/maciej-lampe/profile/BBY/,MACIEJ,LAMPE,210,Center,Poland,1985-02-05T00:00:00,BAR,FC Barcelona,ok
P008820,008820,jock-landale,euroleague,https://www.euroleaguebasketball.net/en/euroleague/players/jock-landale/profile/008820/,JOCK,LANDALE,211,Center,Australia,1995-10-25T00:00:00,ZAL,Zalgiris Kaunas,ok
P002089,002089,erik-land,euroleague,https://www.euroleaguebasketball.net/en/euroleague/players/erik-land/profile/002089/,ERIK,LAND,205,Center,Germany,1990-06-03T00:00:00,BAM,Brose Baskets Bamberg,ok
P004160,004160,sylven-landesberg,euroleague,https://www.euroleaguebasketball.net/en/euroleague/players/sylven-landesberg/profile/004160/,SYLVEN,LANDESBERG,198,Guard,United States of America,1990-04-10T00:00:00,TEL,Maccabi FOX Tel Aviv,ok
PBEB,BEB,trajan-langdon,euroleague,https://www.euroleaguebasketball.net/en/euroleague/players/trajan-langdon/profile/BEB/,TRAJAN,LANGDON,192,Guard,United States of America,1976-05-13T00:00:00,CSK,CSKA Moscow,ok
P001887,001887,keith-langford,euroleague,https://www.euroleaguebasketball.net/en/euroleague/players/keith-langford/profile/001887/,KEITH,LANGFORD,193,Guard,United States of America,1983-09-15T00:00:00,PAN,Panathinaikos OPAP Athens,ok
P004192,004192,nicolas-lang,euroleague,https://www.euroleaguebasketball.net/en/euroleague/players/nicolas-lang/profile/004192/,NICOLAS,LANG,198,Guard,France,1990-05-01T00:00:00,CHL,Elan Chalon-Sur-Saone,ok
PJHV,JHV,adam-lapeta,euroleague,https://www.euroleaguebasketball.net/en/euroleague/players/adam-lapeta/profile/JHV/,ADAM,LAPETA,217,Center,Poland,1987-11-09T00:00:00,SOP,Asseco Prokom Gdynia,ok
P006435,006435,nicolas-laprovittola,euroleague,https://www.euroleaguebasketball.net/en/euroleague/players/nicolas-laprovittola/profile/006435/,NICOLAS,LAPROVITTOLA,190,Guard,Italy,1990-01-31T00:00:00,BAR,FC Barcelona,ok
P010392,010392,giannoulis-larentzakis,euroleague,https://www.euroleaguebasketball.net/en/euroleague/players/giannoulis-larentzakis/profile/010392/,GIANNOULIS,LARENTZAKIS,196,Guard,Greece,1993-09-22T00:00:00,OLY,Olympiacos Piraeus,ok
P007200,007200,shane-larkin,euroleague,https://www.euroleaguebasketball.net/en/euroleague/players/shane-larkin/profile/007200/,SHANE,LARKIN,180,Guard,United States of America,1992-10-02T00:00:00,IST,Anadolu Efes Istanbul,ok
P001287,001287,yann-stephane-lasme,euroleague,https://www.euroleaguebasketball.net/en/euroleague/players/yann-stephane-lasme/profile/001287/,STEPHANE,LASME,203,Center,Gabon,1982-12-17T00:00:00,PAN,Panathinaikos OPAP Athens,ok
P004194,004194,joffrey-lauvergne,euroleague,https://www.euroleaguebasketball.net/en/euroleague/players/joffrey-lauvergne/profile/004194/,JOFFREY,LAUVERGNE,211,Center,France,1991-09-30T00:00:00,ASV,LDLC ASVEL Villeurbanne,ok
P014120,014120,gur-lavi,euroleague,https://www.euroleaguebasketball.net/en/euroleague/players/gur-lavi/profile/014120/,GUR,LAVI,200,Forward,Israel,2001-03-27T00:00:00,TEL,Maccabi Rapyd Tel Aviv,ok
PLGE,LGE,ferran-lavina,euroleague,https://www.euroleaguebasketball.net/en/euroleague/players/ferran-lavina/profile/LGE/,FERRAN,LAVINA,192,Guard,Spain,1977-03-24T00:00:00,JOV,DKV Joventut,ok
PBWK,BWK,darjus-lavrinovic,euroleague,https://www.euroleaguebasketball.net/en/euroleague/players/darjus-lavrinovic/profile/BWK/,DARJUS,LAVRINOVIC,212,Center,Lithuania,1979-11-01T00:00:00,NIK,Budivelnik Kiev,ok
P006860,006860,danielius-lavrinovicius,euroleague,https://www.euroleaguebasketball.net/en/euroleague/players/danielius-lavrinovicius/profile/006860/,DANIELIUS,LAVRINOVICIUS,206,Center,Lithuania,1999-01-22T00:00:00,ZAL,Zalgiris Kaunas,ok
PBLH,BLH,ksistof-lavrinovic,euroleague,https://www.euroleaguebasketball.net/en/euroleague/players/ksistof-lavrinovic/profile/BLH/,KSISTOF,LAVRINOVIC,209,Center,Lithuania,1979-11-01T00:00:00,ZAL,Zalgiris Kaunas,ok
P003431,003431,acie-law,euroleague,https://www.euroleaguebasketball.net/en/euroleague/players/acie-law/profile/003431/,ACIE,LAW,190,Guard,United States of America,1985-01-25T00:00:00,OLY,Olympiacos Piraeus,ok
P004812,004812,gani-lawal,euroleague,https://www.euroleaguebasketball.net/en/euroleague/players/gani-lawal/profile/004812/,GANI,LAWAL,205,Center,United States of America,1988-11-07T00:00:00,MIL,EA7 Emporio Armani Milan,ok
P005804,005804,shane-lawal,euroleague,https://www.euroleaguebasketball.net/en/euroleague/players/shane-lawal/profile/005804/,SHANE,LAWAL,208,Center,Nigeria,1986-10-08T00:00:00,BAR,FC Barcelona Lassa,ok
P003442,003442,ty-lawson,euroleague,https://www.euroleaguebasketball.net/en/euroleague/players/ty-lawson/profile/003442/,TY,LAWSON,180,Guard,United States of America,1987-11-03T00:00:00,ZAL,Zalgiris Kaunas,ok
P004720,004720,stefan-lazarevic,euroleague,https://www.euroleaguebasketball.net/en/euroleague/players/stefan-lazarevic/profile/004720/,STEFAN,LAZAREVIC,198,Forward,Serbia,1996-08-20T00:00:00,RED,Crvena Zvezda Meridianbet Belgrade,ok
P002073,002073,ivan-lazarev,euroleague,https://www.euroleaguebasketball.net/en/euroleague/players/ivan-lazarev/profile/002073/,IVAN,LAZAREV,210,Center,Russian Federation,1991-01-31T00:00:00,CSK,CSKA Moscow,ok
PLUO,LUO,branko-lazic,euroleague,https://www.euroleaguebasketball.net/en/euroleague/players/branko-lazic/profile/LUO/,BRANKO,LAZIC,195,Guard,Serbia,1989-01-12T00:00:00,RED,Crvena Zvezda Meridianbet Belgrade,ok
P014012,014012,tj-leaf,euroleague,https://www.euroleaguebasketball.net/en/euroleague/players/tj-leaf/profile/014012/,TJ,LEAF,208,Forward,United States of America,1997-04-30T00:00:00,TEL,Maccabi Rapyd Tel Aviv,ok
P000144,000144,andriy-lebedintsev,euroleague,https://www.euroleaguebasketball.net/en/euroleague/players/andriy-lebedintsev/profile/000144/,ANDRIY,LEBEDINTSEV,184,Guard,Ukraine,1991-08-11T00:00:00,NIK,Budivelnik Kiev,ok
P003176,003176,karlo-lebo,euroleague,https://www.euroleaguebasketball.net/en/euroleague/players/karlo-lebo/profile/003176/,KARLO,LEBO,193,Guard,Croatia,1990-12-29T00:00:00,CED,Cedevita Zagreb,ok
P001838,001838,mael-lebrun,euroleague,https://www.euroleaguebasketball.net/en/euroleague/players/mael-lebrun/profile/001838/,MAEL,LEBRUN,198,Forward,France,1991-04-17T00:00:00,ORL,Entente Orleanaise,ok
PBFQ,BFQ,luca-lechthaler,euroleague,https://www.euroleaguebasketball.net/en/euroleague/players/luca-lechthaler/profile/BFQ/,LUCA,LECHTHALER,206,Center,Italy,1986-01-23T00:00:00,SIE,Montepaschi Siena,ok
P008987,008987,zach-leday,euroleague,https://www.euroleaguebasketball.net/en/euroleague/players/zach-leday/profile/008987/,ZACH,LEDAY,202,Forward,United States of America,1994-05-30T00:00:00,MIL,EA7 Emporio Armani Milan,ok
P007969,007969,ricky-ledo,euroleague,https://www.euroleaguebasketball.net/en/euroleague/players/ricky-ledo/profile/007969/,RICKY,LEDO,197,Guard,United States of America,1992-09-10T00:00:00,IST,Anadolu Efes Istanbul,ok
P011225,011225,paris-lee,euroleague,https://www.euroleaguebasketball.net/en/euroleague/players/paris-lee/profile/011225/,PARIS,LEE,184,Guard,Cameroon,1995-04-20T00:00:00,ASV,LDLC ASVEL Villeurbanne,ok
P013389,013389,saben-lee,euroleague,https://www.euroleaguebasketball.net/en/euroleague/players/saben-lee/profile/013389/,SABEN,LEE,188,Guard,United States of America,1999-06-23T00:00:00,IST,Anadolu Efes Istanbul,ok
P003210,003210,lukas-lekavicius,euroleague,https://www.euroleaguebasketball.net/en/euroleague/players/lukas-lekavicius/profile/003210/,LUKAS,LEKAVICIUS,180,Guard,Lithuania,1994-03-30T00:00:00,ZAL,Zalgiris Kaunas,ok
P010190,010190,liutauras-lelevicius,euroleague,https://www.euroleaguebasketball.net/en/euroleague/players/liutauras-lelevicius/profile/010190/,LIUTAURAS,LELEVICIUS,201,Guard,Lithuania,2003-05-28T00:00:00,ZAL,Zalgiris Kaunas,ok
PLGQ,LGQ,jeremy-leloup,euroleague,https://www.euroleaguebasketball.net/en/euroleague/players/jeremy-leloup/profile/LGQ/,JEREMY,LELOUP,200,Forward,France,1987-01-31T00:00:00,STR,Strasbourg,ok
P014169,014169,alex-len,euroleague,https://www.euroleaguebasketball.net/en/euroleague/players/alex-len/profile/014169/,ALEX,LEN,213,Center,Ukraine,1993-06-16T00:00:00,MAD,Real Madrid,ok
P001947,001947,christophe-leonard,euroleague,https://www.euroleaguebasketball.net/en/euroleague/players/christophe-leonard/profile/001947/,CHRISTOPHE,LEONARD,199,Forward,France,1990-01-03T00:00:00,CHO,Cholet Basket,ok
P001928,001928,sava-lesic,euroleague,https://www.euroleaguebasketball.net/en/euroleague/players/sava-lesic/profile/001928/,SAVA,LESIC,205,Forward,Serbia,1988-02-23T00:00:00,PAR,Partizan mt:s Belgrade,ok
P003842,003842,mathias-lessort,euroleague,https://www.euroleaguebasketball.net/en/euroleague/players/mathias-lessort/profile/003842/,MATHIAS,LESSORT,206,Center,France,1995-09-29T00:00:00,PAN,Panathinaikos AKTOR Athens,ok
PTGZ,TGZ,federico-lestini,euroleague,https://www.euroleaguebasketball.net/en/euroleague/players/federico-lestini/profile/TGZ/,FEDERICO,LESTINI,203,Forward,Italy,1983-02-18T00:00:00,VIR,Virtus VidiVici,ok
P005979,005979,orr-leumi,euroleague,https://www.euroleaguebasketball.net/en/euroleague/players/orr-leumi/profile/005979/,ORR,LEUMI,192,Guard,Israel,1996-10-25T00:00:00,TEL,Maccabi Electra Tel Aviv,ok
P003013,003013,maarten-leunen,euroleague,https://www.euroleaguebasketball.net/en/euroleague/players/maarten-leunen/profile/003013/,MAARTEN,LEUNEN,206,Forward,United States of America,1985-09-03T00:00:00,CTU,Mapooro Cantu,ok
P007768,007768,nimrod-levi,euroleague,https://www.euroleaguebasketball.net/en/euroleague/players/nimrod-levi/profile/007768/,NIMROD,LEVI,208,Forward,Israel,1995-03-24T00:00:00,TEL,Maccabi FOX Tel Aviv,ok
PCTS,CTS,lawrence-lewis,euroleague,https://www.euroleaguebasketball.net/en/euroleague/players/lawrence-lewis/profile/CTS/,LARRY,LEWIS,206,Forward,United States of America,1969-11-14T00:00:00,MAL,Unicaja,ok
P004797,004797,tautvydas-lideka,euroleague,https://www.euroleaguebasketball.net/en/euroleague/players/tautvydas-lideka/profile/004797/,TAUTVYDAS,LYDEKA,208,Center,Lithuania,1983-10-13T00:00:00,LIE,Lietuvos Rytas Vilnius,ok
P003526,003526,david-lighty,euroleague,https://www.euroleaguebasketball.net/en/euroleague/players/david-lighty/profile/003526/,DAVID,LIGHTY,198,Forward,United States of America,1988-05-27T00:00:00,ASV,LDLC ASVEL Villeurbanne,ok
PJAV,JAV,valeriy-likhodey,euroleague,https://www.euroleaguebasketball.net/en/euroleague/players/valeriy-likhodey/profile/JAV/,VALERII,LIKHODEI,204,Forward,Russian Federation,1986-10-23T00:00:00,UNK,Unics Kazan,ok
P001098,001098,augusto-cesar-lima,euroleague,https://www.euroleaguebasketball.net/en/euroleague/players/augusto-cesar-lima/profile/001098/,AUGUSTO,LIMA,208,Center,Spain,1991-09-17T00:00:00,ZAL,Zalgiris Kaunas,ok
PDID,DID,raviv-limonad,euroleague,https://www.euroleaguebasketball.net/en/euroleague/players/raviv-limonad/profile/DID/,RAVIV,LIMONAD,192,Guard,Israel,1984-08-26T00:00:00,TEL,Maccabi Electra,ok
PLNP,LNP,john-linehan,euroleague,https://www.euroleaguebasketball.net/en/euroleague/players/john-linehan/profile/LNP/,JOHN,LINEHAN,175,Guard,United States of America,1978-05-01T00:00:00,NAN,SLUC Nancy,ok
P005825,005825,nate-linhart,euroleague,https://www.euroleaguebasketball.net/en/euroleague/players/nate-linhart/profile/005825/,NATE,LINHART,201,Forward,United States of America,1986-11-14T00:00:00,TEL,Maccabi Electra Tel Aviv,ok
PLXI,LXI,vytenis-lipkevicius,euroleague,https://www.euroleaguebasketball.net/en/euroleague/players/vytenis-lipkevicius/profile/LXI/,VYTENIS,LIPKEVICIUS,198,Forward,Lithuania,1989-05-19T00:00:00,ZAL,Zalgiris Kaunas,ok
P000236,000236,serhiy-lishchuk,euroleague,https://www.euroleaguebasketball.net/en/euroleague/players/serhiy-lishchuk/profile/000236/,SERHIY,LISHCHUK,210,Center,Ukraine,1982-03-31T00:00:00,PAM,Valencia Basket,ok
PAND,AND,peter-lisicky,euroleague,https://www.euroleaguebasketball.net/en/euroleague/players/peter-lisicky/profile/AND/,PETER,LISICKY,192,Guard,Slovakia,1976-03-03T00:00:00,AVE,Air Avellino,ok
PTGB,TGB,sergio-llull,euroleague,https://www.euroleaguebasketball.net/en/euroleague/players/sergio-llull/profile/TGB/,SERGIO,LLULL,190,Guard,Spain,1987-11-15T00:00:00,MAD,Real Madrid,ok
P001995,001995,chris-lofton,euroleague,https://www.euroleaguebasketball.net/en/euroleague/players/chris-lofton/profile/001995/,CHRIS,LOFTON,188,Guard,United States of America,1986-03-27T00:00:00,BAS,Caja Laboral,ok
P000541,000541,david-logan,euroleague,https://www.euroleaguebasketball.net/en/euroleague/players/david-logan/profile/000541/,DAVID,LOGAN,185,Guard,United States of America,1982-12-26T00:00:00,SAS,Dinamo Banco di Sardegna Sassari,ok
P003608,003608,matthew-lojeski,euroleague,https://www.euroleaguebasketball.net/en/euroleague/players/matthew-lojeski/profile/003608/,MATT,LOJESKI,198,Forward,United States of America,1985-07-24T00:00:00,PAN,Panathinaikos OPAP Athens,ok
P007032,007032,maodo-lo,euroleague,https://www.euroleaguebasketball.net/en/euroleague/players/maodo-lo/profile/007032/,MAODO,LO,192,Guard,Germany,1992-12-31T00:00:00,ZAL,Zalgiris Kaunas,ok
P005553,005553,rihards-lomazs,euroleague,https://www.euroleaguebasketball.net/en/euroleague/players/rihards-lomazs/profile/005553/,RIHARDS,LOMAZS,193,Guard,Latvia,1996-04-13T00:00:00,VIR,Virtus Segafredo Bologna,ok
P012113,012113,achille-lonati,euroleague,https://www.euroleaguebasketball.net/en/euroleague/players/achille-lonati/profile/012113/,ACHILLE,LONATI,195,Guard,Italy,2007-01-22T00:00:00,MIL,EA7 Emporio Armani Milan,ok
PBEJ,BEJ,kresimir-loncar,euroleague,https://www.euroleaguebasketball.net/en/euroleague/players/kresimir-loncar/profile/BEJ/,KRESIMIR,LONCAR,210,Center,Croatia,1983-02-12T00:00:00,PAM,Valencia Basket,ok
PAFL,AFL,branimir-longin,euroleague,https://www.euroleaguebasketball.net/en/euroleague/players/branimir-longin/profile/AFL/,BRANIMIR,LONGIN,191,Guard,Croatia,1978-02-07T00:00:00,CIB,Cibona,ok
P006135,006135,andrei-lopatin,euroleague,https://www.euroleaguebasketball.net/en/euroleague/players/andrei-lopatin/profile/006135/,ANDREI,LOPATIN,208,Forward,Russian Federation,1998-08-27T00:00:00,CSK,CSKA Moscow,ok
P005356,005356,xabi-lopez-arostegui,euroleague,https://www.euroleaguebasketball.net/en/euroleague/players/xabi-lopez-arostegui/profile/005356/,XABI,LOPEZ-AROSTEGUI,200,Guard,Spain,1997-05-19T00:00:00,PAM,Valencia Basket,ok
P001450,001450,raimundo-lopez-de-vinuesa,euroleague,https://www.euroleaguebasketball.net/en/euroleague/players/raimundo-lopez-de-vinuesa/profile/001450/,RAI,LOPEZ,183,Guard,Spain,1989-04-02T00:00:00,MAL,Unicaja,ok
P009918,009918,lautaro-tomas-lopez,euroleague,https://www.euroleaguebasketball.net/en/euroleague/players/lautaro-tomas-lopez/profile/009918/,LAUTARO,LOPEZ,181,Guard,Argentina,1999-01-08T00:00:00,BAS,KIROLBET Baskonia Vitoria-Gasteiz,ok
PAIT,AIT,raul-lopez,euroleague,https://www.euroleaguebasketball.net/en/euroleague/players/raul-lopez/profile/AIT/,RAUL,LOPEZ,182,Guard,Spain,1980-04-15T00:00:00,BIL,Gescrap Bilbao Basket,ok
PBWL,BWL,erazem-lorbek,euroleague,https://www.euroleaguebasketball.net/en/euroleague/players/erazem-lorbek/profile/BWL/,ERAZEM,LORBEK,208,Center,Slovenia,1984-02-21T00:00:00,BAR,FC Barcelona,ok
PLSN,LSN,klemen-lorbek,euroleague,https://www.euroleaguebasketball.net/en/euroleague/players/klemen-lorbek/profile/LSN/,KLEMEN,LORBEK,198,Guard,Slovenia,1988-06-26T00:00:00,LJU,Union Olimpija Ljubljana,ok
P006302,006302,michalis-lountzis,euroleague,https://www.euroleaguebasketball.net/en/euroleague/players/michalis-lountzis/profile/006302/,MICHALIS,LOUNTZIS,195,Guard,Greece,1998-08-04T00:00:00,OLY,Olympiacos Piraeus,ok
P009754,009754,jordan-loyd,euroleague,https://www.euroleaguebasketball.net/en/euroleague/players/jordan-loyd/profile/009754/,JORDAN,LOYD,194,Guard,United States of America,1993-07-27T00:00:00,IST,Anadolu Efes Istanbul,ok
P001867,001867,jamon-alfred-lucas,euroleague,https://www.euroleaguebasketball.net/en/euroleague/players/jamon-alfred-lucas/profile/001867/,JAMON,GORDON,191,Guard,United States of America,1984-07-18T00:00:00,DAR,Darussafaka Dogus Istanbul,ok
P003417,003417,kalin-lucas,euroleague,https://www.euroleaguebasketball.net/en/euroleague/players/kalin-lucas/profile/003417/,KALIN,LUCAS,185,Guard,United States of America,1989-05-24T00:00:00,RED,Crvena Zvezda mts Belgrade,ok
P001288,001288,vladimir-lucic,euroleague,https://www.euroleaguebasketball.net/en/euroleague/players/vladimir-lucic/profile/001288/,VLADIMIR,LUCIC,204,Forward,Serbia,1989-06-17T00:00:00,MUN,FC Bayern Munich,ok
PBUU,BUU,mindaugas-lukauskis,euroleague,https://www.euroleaguebasketball.net/en/euroleague/players/mindaugas-lukauskis/profile/BUU/,MINDAUGAS,LUKAUSKIS,198,Guard,Lithuania,1979-05-19T00:00:00,ASV,Asvel Basket,ok
P006158,006158,karolis-lukosiunas,euroleague,https://www.euroleaguebasketball.net/en/euroleague/players/karolis-lukosiunas/profile/006158/,KAROLIS,LUKOSIUNAS,195,Guard,Lithuania,1997-08-04T00:00:00,ZAL,Zalgiris Kaunas,ok
P010781,010781,iffe-lundberg,euroleague,https://www.euroleaguebasketball.net/en/euroleague/players/iffe-lundberg/profile/010781/,IFFE,LUNDBERG,193,Guard,Denmark,1994-12-04T00:00:00,TEL,Maccabi Rapyd Tel Aviv,ok
P012080,012080,timothe-luwawu-cabarrot,euroleague,https://www.euroleaguebasketball.net/en/euroleague/players/timothe-luwawu-cabarrot/profile/012080/,TIMOTHE,LUWAWU-CABARROT,201,Forward,France,1995-05-09T00:00:00,BAS,Kosner Baskonia Vitoria-Gasteiz,ok
P001633,001633,rafa-luz,euroleague,https://www.euroleaguebasketball.net/en/euroleague/players/rafa-luz/profile/001633/,RAFA,LUZ,188,Guard,Spain,1992-02-11T00:00:00,BAS,Baskonia Vitoria Gasteiz,ok
PCOX,COX,terrell-lyday,euroleague,https://www.euroleaguebasketball.net/en/euroleague/players/terrell-lyday/profile/COX/,TERRELL,LYDAY,191,Guard,United States of America,1979-08-12T00:00:00,UNK,Unics Kazan,ok
P014117,014117,trey-lyles,euroleague,https://www.euroleaguebasketball.net/en/euroleague/players/trey-lyles/profile/014117/,TREY,LYLES,206,Forward,Canada,1995-11-05T00:00:00,MAD,Real Madrid,ok
P011620,011620,nils-machowski,euroleague,https://www.euroleaguebasketball.net/en/euroleague/players/nils-machowski/profile/011620/,NILS,MACHOWSKI,190,Guard,Germany,2004-09-21T00:00:00,BER,ALBA Berlin,ok
PCBV,CBV,arvydas-macijauskas,euroleague,https://www.euroleaguebasketball.net/en/euroleague/players/arvydas-macijauskas/profile/CBV/,ARVYDAS,MACIJAUSKAS,193,Forward,Lithuania,1980-01-19T00:00:00,OLY,Olympiacos,ok
PJCC,JCC,jonas-maciulis,euroleague,https://www.euroleaguebasketball.net/en/euroleague/players/jonas-maciulis/profile/JCC/,JONAS,MACIULIS,198,Forward,Lithuania,1985-02-10T00:00:00,MAD,Real Madrid,ok
P009902,009902,shelvin-mack,euroleague,https://www.euroleaguebasketball.net/en/euroleague/players/shelvin-mack/profile/009902/,SHELVIN,MACK,191,Guard,United States of America,1990-04-22T00:00:00,PAN,Panathinaikos OPAP Athens,ok
P011236,011236,daryl-macon-jr,euroleague,https://www.euroleaguebasketball.net/en/euroleague/players/daryl-macon-jr/profile/011236/,DARYL,MACON JR,188,Guard,United States of America,1995-11-29T00:00:00,PAN,Panathinaikos OPAP Athens,ok
PJEA,JEA,milan-macvan,euroleague,https://www.euroleaguebasketball.net/en/euroleague/players/milan-macvan/profile/JEA/,MILAN,MACVAN,205,Center,Serbia,1989-11-16T00:00:00,MIL,EA7 Emporio Armani Milan,ok
P011052,011052,yam-madar,euroleague,https://www.euroleaguebasketball.net/en/euroleague/players/yam-madar/profile/011052/,YAM,MADAR,190,Guard,Israel,2000-12-21T00:00:00,HTA,Hapoel IBI Tel Aviv,ok
P008796,008796,josh-magette,euroleague,https://www.euroleaguebasketball.net/en/euroleague/players/josh-magette/profile/008796/,JOSH,MAGETTE,185,Guard,United States of America,1989-11-28T00:00:00,CAN,Herbalife Gran Canaria,ok
P006463,006463,daniele-magro,euroleague,https://www.euroleaguebasketball.net/en/euroleague/players/daniele-magro/profile/006463/,DANIELE,MAGRO,208,Center,Italy,1987-04-14T00:00:00,MIL,EA7 Emporio Armani Milan,ok
P003042,003042,rasid-mahalbasic,euroleague,https://www.euroleaguebasketball.net/en/euroleague/players/rasid-mahalbasic/profile/003042/,RASID,MAHALBASIC,211,Center,Austria,1990-11-07T00:00:00,SOP,Asseco Prokom Gdynia,ok
P002969,002969,melih-mahmutoglu,euroleague,https://www.euroleaguebasketball.net/en/euroleague/players/melih-mahmutoglu/profile/002969/,MELIH,MAHMUTOGLU,191,Guard,Turkiye,1990-05-12T00:00:00,ULK,Fenerbahce Beko Istanbul,ok
PBUL,BUL,leo-mainoldi,euroleague,https://www.euroleaguebasketball.net/en/euroleague/players/leo-mainoldi/profile/BUL/,LEO,MAINOLDI,203,Forward,Argentina,1985-03-04T00:00:00,BAS,Laboral Kutxa Vitoria,ok
PCIU,CIU,milan-majstorovic,euroleague,https://www.euroleaguebasketball.net/en/euroleague/players/milan-majstorovic/profile/CIU/,MILAN,MAJSTOROVIC,0,Forward,Serbia,1983-01-28T00:00:00,OLD,EWE Baskets,ok
P006357,006357,alan-makiev,euroleague,https://www.euroleaguebasketball.net/en/euroleague/players/alan-makiev/profile/006357/,ALAN,MAKIEV,210,Center,Russian Federation,1991-03-20T00:00:00,CSK,CSKA Moscow,ok
P011935,011935,yoan-makoundou,euroleague,https://www.euroleaguebasketball.net/en/euroleague/players/yoan-makoundou/profile/011935/,YOAN,MAKOUNDOU,207,Center,France,2000-08-09T00:00:00,MCO,AS Monaco,ok
P012609,012609,collin-malcolm,euroleague,https://www.euroleaguebasketball.net/en/euroleague/players/collin-malcolm/profile/012609/,COLLIN,MALCOLM,200,Forward,United States of America,1997-07-02T00:00:00,HTA,Hapoel IBI Tel Aviv,ok
P007027,007027,theo-maledon,euroleague,https://www.euroleaguebasketball.net/en/euroleague/players/theo-maledon/profile/007027/,THEO,MALEDON,193,Guard,France,2001-06-12T00:00:00,MAD,Real Madrid,ok
PCMF,CMF,demond-mallet,euroleague,https://www.euroleaguebasketball.net/en/euroleague/players/demond-mallet/profile/CMF/,DEMOND,MALLET,186,Guard,United States of America,1978-02-22T00:00:00,TEL,Maccabi Electra Tel Aviv,ok
P004185,004185,rinalds-malmanis,euroleague,https://www.euroleaguebasketball.net/en/euroleague/players/rinalds-malmanis/profile/004185/,RINALDS,MALMANIS,205,Center,Latvia,1996-04-12T00:00:00,BAS,KIROLBET Baskonia Vitoria Gasteiz,ok
PANH,ANH,stefano-mancinelli,euroleague,https://www.euroleaguebasketball.net/en/euroleague/players/stefano-mancinelli/profile/ANH/,STEFANO,MANCINELLI,203,Forward,Italy,1983-03-17T00:00:00,MIL,EA7 Emporio Armani,ok
P012715,012715,brady-manek,euroleague,https://www.euroleaguebasketball.net/en/euroleague/players/brady-manek/profile/012715/,BRADY,MANEK,206,Forward,United States of America,1998-09-04T00:00:00,ZAL,Zalgiris Kaunas,ok
P011064,011064,niccolo-mannion,euroleague,https://www.euroleaguebasketball.net/en/euroleague/players/niccolo-mannion/profile/011064/,NICCOLO,MANNION,190,Guard,Italy,2001-03-14T00:00:00,MIL,EA7 Emporio Armani Milan,ok
P003537,003537,vangelis-mantzaris,euroleague,https://www.euroleaguebasketball.net/en/euroleague/players/vangelis-mantzaris/profile/003537/,VANGELIS,MANTZARIS,194,Guard,Greece,1990-04-16T00:00:00,OLY,Olympiacos Piraeus,ok
P008084,008084,eleftherios-mantzoukas,euroleague,https://www.euroleaguebasketball.net/en/euroleague/players/eleftherios-mantzoukas/profile/008084/,ELEFTHERIOS,MANTZOUKAS,207,Forward,Greece,2003-07-08T00:00:00,PAN,Panathinaikos AKTOR Athens,ok
P002871,002871,paris-maragkos,euroleague,https://www.euroleaguebasketball.net/en/euroleague/players/paris-maragkos/profile/002871/,PARIS,MARAGKOS,206,Center,Greece,1994-01-19T00:00:00,OLY,Olympiacos Piraeus,ok
P002299,002299,gianluca-marchetti,euroleague,https://www.euroleaguebasketball.net/en/euroleague/players/gianluca-marchetti/profile/002299/,GIANLUCA,MARCHETTI,178,Guard,Italy,1993-06-18T00:00:00,ROM,Lottomatica Roma,ok
PAHW,AHW,denis-marconato,euroleague,https://www.euroleaguebasketball.net/en/euroleague/players/denis-marconato/profile/AHW/,DENIS,MARCONATO,214,Center,Italy,1975-07-29T00:00:00,SAS,Dinamo Banco di Sardegna Sassari,ok
P009948,009948,juani-marcos,euroleague,https://www.euroleaguebasketball.net/en/euroleague/players/juani-marcos/profile/009948/,JUANI,MARCOS,190,Guard,Italy,2000-07-06T00:00:00,BAR,FC Barcelona,ok
P000088,000088,davide-marelli,euroleague,https://www.euroleaguebasketball.net/en/euroleague/players/davide-marelli/profile/000088/,DAVIDE,MARELLI,195,Guard,Italy,1991-01-24T00:00:00,MIL,AJ Milano,ok
P000089,000089,sandro-marelli,euroleague,https://www.euroleaguebasketball.net/en/euroleague/players/sandro-marelli/profile/000089/,SANDRO,MARELLI,195,Guard,Italy,1991-01-24T00:00:00,MIL,AJ Milano,ok
P001922,001922,aleksandar-maric,euroleague,https://www.euroleaguebasketball.net/en/euroleague/players/aleksandar-maric/profile/001922/,ALEKS,MARIC,211,Center,Serbia,1984-10-22T00:00:00,GAL,Galatasaray Liv Hospital Istanbul,ok
P010754,010754,lucas-mari,euroleague,https://www.euroleaguebasketball.net/en/euroleague/players/lucas-mari/profile/010754/,LUCAS,MARI,198,Guard,Spain,2005-10-20T00:00:00,PAM,Valencia Basket,ok
P011974,011974,lucas-mari,none,,,,,,,,,,not_found (http_404)
P004761,004761,vanja-marinkovic,euroleague,https://www.euroleaguebasketball.net/en/euroleague/players/vanja-marinkovic/profile/004761/,VANJA,MARINKOVIC,199,Forward,Serbia,1997-01-09T00:00:00,PAR,Partizan Mozzart Bet Belgrade,ok
P003993,003993,mauricio-marin,euroleague,https://www.euroleaguebasketball.net/en/euroleague/players/mauricio-marin/profile/003993/,MAURICIO,MARIN,193,Guard,Germany,1994-04-21T00:00:00,MUN,FC Bayern Munich,ok
PLMG,LMG,boban-marjanovic,euroleague,https://www.euroleaguebasketball.net/en/euroleague/players/boban-marjanovic/profile/LMG/,BOBAN,MARJANOVIC,224,Center,Serbia,1988-08-15T00:00:00,ULK,Fenerbahce Beko Istanbul,ok
PBED,BED,manuchar-markoishvili,euroleague,https://www.euroleaguebasketball.net/en/euroleague/players/manuchar-markoishvili/profile/BED/,MANUCHAR,MARKOISHVILI,0,,Georgia,1986-11-17T00:00:00,MCO,AS Monaco,ok
PBCC,BCC,damir-markota,euroleague,https://www.euroleaguebasketball.net/en/euroleague/players/damir-markota/profile/BCC/,DAMIR,MARKOTA,208,Forward,Croatia,1985-12-26T00:00:00,BAM,Brose Baskets Bamberg,ok
PLME,LME,stefan-markovic,euroleague,https://www.euroleaguebasketball.net/en/euroleague/players/stefan-markovic/profile/LME/,STEFAN,MARKOVIC,198,Guard,Serbia,1988-04-25T00:00:00,RED,Crvena Zvezda Meridianbet Belgrade,ok
PBHR,BHR,claude-marquis,euroleague,https://www.euroleaguebasketball.net/en/euroleague/players/claude-marquis/profile/BHR/,CLAUDE,MARQUIS,204,Forward,France,1980-01-28T00:00:00,CHO,Cholet Basket,ok
P000670,000670,rawle-marshall,euroleague,https://www.euroleaguebasketball.net/en/euroleague/players/rawle-marshall/profile/000670/,RAWLE,MARSHALL,201,Forward,United States of America,1982-02-20T00:00:00,ASV,Asvel Basket,ok
P003715,003715,alberto-martin,euroleague,https://www.euroleaguebasketball.net/en/euroleague/players/alberto-martin/profile/003715/,ALBERTO,MARTIN,184,Guard,Spain,1995-03-28T00:00:00,MAD,Real Madrid,ok
P003395,003395,carlos-martinez,euroleague,https://www.euroleaguebasketball.net/en/euroleague/players/carlos-martinez/profile/003395/,CARLOS,MARTINEZ,196,Forward,Spain,1996-01-19T00:00:00,BAS,Laboral Kutxa Vitoria,ok
P007995,007995,ivan-martinez,euroleague,https://www.euroleaguebasketball.net/en/euroleague/players/ivan-martinez/profile/007995/,IVAN,MARTINEZ,192,Forward,Spain,1990-03-02T00:00:00,BAS,KIROLBET Baskonia Vitoria Gasteiz,ok
P001351,001351,rafa-martinez,euroleague,https://www.euroleaguebasketball.net/en/euroleague/players/rafa-martinez/profile/001351/,RAFA,MARTINEZ,0,,Spain,1982-03-03T00:00:00,BAR,FC Barcelona,ok
P006768,006768,sergi-martinez,euroleague,https://www.euroleaguebasketball.net/en/euroleague/players/sergi-martinez/profile/006768/,SERGI,MARTINEZ,202,Forward,Spain,1999-05-10T00:00:00,BAR,FC Barcelona,ok
P009540,009540,hassan-martin,euroleague,https://www.euroleaguebasketball.net/en/euroleague/players/hassan-martin/profile/009540/,HASSAN,MARTIN,201,Center,United States of America,1995-11-22T00:00:00,RED,Crvena Zvezda Meridianbet Belgrade,ok
P011967,011967,jarell-martin,euroleague,https://www.euroleaguebasketball.net/en/euroleague/players/jarell-martin/profile/011967/,JARELL,MARTIN,208,Forward,United States of America,1994-05-24T00:00:00,TEL,Maccabi Playtika Tel Aviv,ok
P012713,012713,bruno-mascolo,euroleague,https://www.euroleaguebasketball.net/en/euroleague/players/bruno-mascolo/profile/012713/,BRUNO,MASCOLO,192,Guard,Italy,1996-03-04T00:00:00,VIR,Virtus Segafredo Bologna,ok
P008015,008015,karam-mashour,euroleague,https://www.euroleaguebasketball.net/en/euroleague/players/karam-mashour/profile/008015/,KARAM,MASHOUR,198,Forward,Israel,1991-08-09T00:00:00,TEL,Maccabi FOX Tel Aviv,ok
P003474,003474,ante-masic,euroleague,https://www.euroleaguebasketball.net/en/euroleague/players/ante-masic/profile/003474/,ANTE,MASIC,198,Forward,Croatia,1985-10-28T00:00:00,ZAG,Zagreb,ok
P006183,006183,gytis-masiulis,euroleague,https://www.euroleaguebasketball.net/en/euroleague/players/gytis-masiulis/profile/006183/,GYTIS,MASIULIS,206,Forward,Lithuania,1998-04-10T00:00:00,ZAL,Zalgiris Kaunas,ok
PACX,ACX,tomas-masiulis,euroleague,https://www.euroleaguebasketball.net/en/euroleague/players/tomas-masiulis/profile/ACX/,TOMAS,MASIULIS,0,,Lithuania,1975-09-19T00:00:00,ZAL,Zalgiris Kaunas,ok
P009600,009600,makai-mason,euroleague,https://www.euroleaguebasketball.net/en/euroleague/players/makai-mason/profile/009600/,MAKAI,MASON,185,Guard,United States of America,1995-05-04T00:00:00,BER,ALBA Berlin,ok
P012618,012618,bodian-massa,euroleague,https://www.euroleaguebasketball.net/en/euroleague/players/bodian-massa/profile/012618/,BODIAN,MASSA,210,Forward,France,1997-10-21T00:00:00,ASV,LDLC ASVEL Villeurbanne,ok
PLGV,LGV,jeremiah-massey,euroleague,https://www.euroleaguebasketball.net/en/euroleague/players/jeremiah-massey/profile/LGV/,JEREMIAH,MASSEY,202,Forward,United States of America,1982-07-22T00:00:00,BAM,Brose Baskets Bamberg,ok
P011936,011936,jonah-mathews,euroleague,https://www.euroleaguebasketball.net/en/euroleague/players/jonah-mathews/profile/011936/,JONAH,MATHEWS,191,Forward,United States of America,1998-02-10T00:00:00,ASV,LDLC ASVEL Villeurbanne,ok
P010414,010414,mangok-mathiang,euroleague,https://www.euroleaguebasketball.net/en/euroleague/players/mangok-mathiang/profile/010414/,MANGOK,MATHIANG,208,Center,Australia,1992-10-08T00:00:00,LJU,Cedevita Olimpija Ljubljana,ok
P007025,007025,jonas-mattisseck,euroleague,https://www.euroleaguebasketball.net/en/euroleague/players/jonas-mattisseck/profile/007025/,JONAS,MATTISSECK,194,Guard,Germany,2000-01-16T00:00:00,BER,ALBA Berlin,ok
PKRK,KRK,dimitrios-mavroeidis,euroleague,https://www.euroleaguebasketball.net/en/euroleague/players/dimitrios-mavroeidis/profile/KRK/,DIMITRIOS,MAVROEIDIS,208,Center,Greece,1985-07-04T00:00:00,OLY,Olympiacos Piraeus,ok
PJRC,JRC,loukas-mavrokefalidis,euroleague,https://www.euroleaguebasketball.net/en/euroleague/players/loukas-mavrokefalidis/profile/JRC/,LOUKAS,MAVROKEFALIDIS,210,Center,Greece,1984-07-25T00:00:00,PAN,Panathinaikos Athens,ok
P011433,011433,omer-mayer,euroleague,https://www.euroleaguebasketball.net/en/euroleague/players/omer-mayer/profile/011433/,OMER,MAYER,192,Guard,Israel,2006-10-08T00:00:00,TEL,Maccabi Playtika Tel Aviv,ok
P011264,011264,o-j-mayo,euroleague,https://www.euroleaguebasketball.net/en/euroleague/players/o-j-mayo/profile/011264/,O J,MAYO,196,Guard,United States of America,1987-11-05T00:00:00,UNK,UNICS Kazan,ok
P004511,004511,daniel-mayr,euroleague,https://www.euroleaguebasketball.net/en/euroleague/players/daniel-mayr/profile/004511/,DANIEL,MAYR,216,Center,Germany,1995-07-28T00:00:00,MUN,FC Bayern Munich,ok
P003069,003069,sean-gregory-may,euroleague,https://www.euroleaguebasketball.net/en/euroleague/players/sean-gregory-may/profile/003069/,SEAN ,MAY,206,Center,United States of America,1984-04-04T00:00:00,ZAG,Zagreb,ok
P013396,013396,skylar-mays,euroleague,https://www.euroleaguebasketball.net/en/euroleague/players/skylar-mays/profile/013396/,SKYLAR,MAYS,191,Guard,United States of America,1997-09-05T00:00:00,ULK,Fenerbahce Beko Istanbul,ok
P004401,004401,lovro-mazalin,euroleague,https://www.euroleaguebasketball.net/en/euroleague/players/lovro-mazalin/profile/004401/,LOVRO,MAZALIN,203,Forward,Croatia,1997-06-28T00:00:00,CED,Cedevita Zagreb,ok
PJMF,JMF,martynas-mazeika,euroleague,https://www.euroleaguebasketball.net/en/euroleague/players/martynas-mazeika/profile/JMF/,MARTYNAS,MAZEIKA,191,Guard,Lithuania,1985-01-29T00:00:00,KLA,Neptunas Klaipeda,ok
PCQJ,CQJ,nicolas-mazzarino,euroleague,https://www.euroleaguebasketball.net/en/euroleague/players/nicolas-mazzarino/profile/CQJ/,NICOLAS,MAZZARINO,181,Guard,Italy,1975-10-21T00:00:00,CTU,Mapooro Cantu,ok
P005061,005061,trevor-mbakwe,euroleague,https://www.euroleaguebasketball.net/en/euroleague/players/trevor-mbakwe/profile/005061/,TREVOR,MBAKWE,203,Center,Nigeria,1989-01-24T00:00:00,TEL,Maccabi FOX Tel Aviv,ok
P007993,007993,amath-mbaye,euroleague,https://www.euroleaguebasketball.net/en/euroleague/players/amath-mbaye/profile/007993/,AMATH,M'BAYE,206,Forward,France,1989-12-14T00:00:00,PRS,Paris Basketball,ok
P001062,001062,papa-mbaye,euroleague,https://www.euroleaguebasketball.net/en/euroleague/players/papa-mbaye/profile/001062/,PAPA,MBAYE,209,Center,Senegal,1990-06-13T00:00:00,BAR,FC Barcelona,ok
P005730,005730,cheikh-mbodj,euroleague,https://www.euroleaguebasketball.net/en/euroleague/players/cheikh-mbodj/profile/005730/,CHEIKH,MBODJ,208,Center,Senegal,1987-08-01T00:00:00,SAS,Dinamo Banco di Sardegna Sassari,ok
P002014,002014,lester-mc-caleeb,euroleague,https://www.euroleaguebasketball.net/en/euroleague/players/lester-mc-caleeb/profile/002014/,BO,MCCALEBB,182,Guard,United States of America,1985-05-04T00:00:00,MUN,FC Bayern Munich,ok
P008002,008002,ray-mccallum,euroleague,https://www.euroleaguebasketball.net/en/euroleague/players/ray-mccallum/profile/008002/,RAY,MCCALLUM,191,Guard,United States of America,1991-06-12T00:00:00,DAR,Darussafaka Tekfen Istanbul,ok
PDHI,DHI,kelly-mccarty,euroleague,https://www.euroleaguebasketball.net/en/euroleague/players/kelly-mccarty/profile/DHI/,KELLY,McCARTY,201,Forward,Russian Federation,1975-08-24T00:00:00,UNK,Unics Kazan,ok
P005216,005216,errick-mccollum,euroleague,https://www.euroleaguebasketball.net/en/euroleague/players/errick-mccollum/profile/005216/,ERRICK,MCCOLLUM,188,Guard,United States of America,1988-01-22T00:00:00,ULK,Fenerbahce Beko Istanbul,ok
P013386,013386,david-mccormack,euroleague,https://www.euroleaguebasketball.net/en/euroleague/players/david-mccormack/profile/013386/,DAVID,MCCORMACK,208,Center,United States of America,1999-07-02T00:00:00,MUN,FC Bayern Munich,ok
PAPC,APC,arriel-mcdonald,euroleague,https://www.euroleaguebasketball.net/en/euroleague/players/arriel-mcdonald/profile/APC/,ARRIEL,McDONALD,189,Guard,Slovenia,1972-01-05T00:00:00,SIE,Montepaschi Siena,ok
PJTT,JTT,will-mcdonald,euroleague,https://www.euroleaguebasketball.net/en/euroleague/players/will-mcdonald/profile/JTT/,WILL,MCDONALD,207,Forward,United States of America,1979-10-05T00:00:00,BAS,Tau Ceramica,ok
P008062,008062,william-mcdowell-white,euroleague,https://www.euroleaguebasketball.net/en/euroleague/players/william-mcdowell-white/profile/008062/,WILL,MCDOWELL-WHITE,196,Guard,Australia,1998-04-13T00:00:00,BER,ALBA Berlin,ok
000117,000117,dimitry-mcduffie,euroleague,https://www.euroleaguebasketball.net/en/euroleague/players/dimitry-mcduffie/profile/000117/,DIMITRY,MCDUFFIE,198,Forward,Germany,1989-02-28T00:00:00,BAM,Brose Baskets,ok
PJNP,JNP,immanuel-mcelroy,euroleague,https://www.euroleaguebasketball.net/en/euroleague/players/immanuel-mcelroy/profile/JNP/,IMMANUEL,McELROY,194,Guard,United States of America,1980-03-25T00:00:00,BER,Alba Berlin,ok
P000672,000672,donnie-mcgrath,euroleague,https://www.euroleaguebasketball.net/en/euroleague/players/donnie-mcgrath/profile/000672/,DONNIE,McGRATH,193,Guard,United States of America,1984-05-07T00:00:00,IST,Anadolu Efes Istanbul,ok
P012800,012800,rodney-mcgruder,euroleague,https://www.euroleaguebasketball.net/en/euroleague/players/rodney-mcgruder/profile/012800/,RODNEY,McGRUDER,193,Guard,United States of America,1991-07-29T00:00:00,MIL,EA7 Emporio Armani Milan,ok
PKWI,KWI,terrell-mcintyre,euroleague,https://www.euroleaguebasketball.net/en/euroleague/players/terrell-mcintyre/profile/KWI/,TERRELL,MCINTYRE,175,Guard,United States of America,1977-10-18T00:00:00,MAL,Unicaja Malaga,ok
P007853,007853,shaquielle-mckissic,euroleague,https://www.euroleaguebasketball.net/en/euroleague/players/shaquielle-mckissic/profile/007853/,SHAQUIELLE,MCKISSIC,196,Guard,United States of America,1990-08-17T00:00:00,OLY,Olympiacos Piraeus,ok
P004418,004418,jamel-mclean,euroleague,https://www.euroleaguebasketball.net/en/euroleague/players/jamel-mclean/profile/004418/,JAMEL,MCLEAN,202,Center,United States of America,1988-04-18T00:00:00,OLY,Olympiacos Piraeus,ok
P000731,000731,keith-darnell-mc-leod,euroleague,https://www.euroleaguebasketball.net/en/euroleague/players/keith-darnell-mc-leod/profile/000731/,KEITH,MC LEOD,188,Guard,United States of America,1979-11-05T00:00:00,SIE,Montepaschi Siena,ok
P006338,006338,jerel-mcneal,euroleague,https://www.euroleaguebasketball.net/en/euroleague/players/jerel-mcneal/profile/006338/,JEREL,McNEAL,191,Guard,United States of America,1987-06-01T00:00:00,BAM,Brose Bamberg,ok
P007996,007996,jordan-mcrae,euroleague,https://www.euroleaguebasketball.net/en/euroleague/players/jordan-mcrae/profile/007996/,JORDAN,MCRAE,198,Forward,United States of America,1991-03-28T00:00:00,BAS,KIROLBET Baskonia Vitoria Gasteiz,ok
P002982,002982,trenton-meacham,euroleague,https://www.euroleaguebasketball.net/en/euroleague/players/trenton-meacham/profile/002982/,TRENTON,MEACHAM,190,Guard,United States of America,1985-09-26T00:00:00,MIL,EA7 Emporio Armani Milan,ok
P001946,001946,sammy-mejia,euroleague,https://www.euroleaguebasketball.net/en/euroleague/players/sammy-mejia/profile/001946/,SAMMY,MEJIA,0,Guard,United States of America,1983-02-07T00:00:00,CSK,CSKA Moscow,ok
P005196,005196,salah-mejri,euroleague,https://www.euroleaguebasketball.net/en/euroleague/players/salah-mejri/profile/005196/,SALAH,MEJRI,217,Center,Tunisia,1986-06-15T00:00:00,MAD,Real Madrid,ok
PKJP,KJP,gal-mekel,euroleague,https://www.euroleaguebasketball.net/en/euroleague/players/gal-mekel/profile/KJP/,GAL,MEKEL,192,Guard,Israel,1988-03-04T00:00:00,TEL,Maccabi FOX Tel Aviv,ok
P002849,002849,nicolo-melli,euroleague,https://www.euroleaguebasketball.net/en/euroleague/players/nicolo-melli/profile/002849/,NICOLO,MELLI,205,Forward,Italy,1991-01-26T00:00:00,ULK,Fenerbahce Beko Istanbul,ok
P008296,008296,leo-menalo,euroleague,https://www.euroleaguebasketball.net/en/euroleague/players/leo-menalo/profile/008296/,LEO,MENALO,206,Forward,Croatia,2002-01-06T00:00:00,VIR,Virtus Segafredo Bologna,ok
P004233,004233,rafi-menco,euroleague,https://www.euroleaguebasketball.net/en/euroleague/players/rafi-menco/profile/004233/,RAFI,MENCO,198,Forward,Israel,1994-03-05T00:00:00,TEL,Maccabi Playtika Tel Aviv,ok
P000186,000186,pops-mensah-bonsu,euroleague,https://www.euroleaguebasketball.net/en/euroleague/players/pops-mensah-bonsu/profile/000186/,POPS,MENSAH-BONSU,206,Forward,United Kingdom,1983-09-07T00:00:00,GAL,Galatasaray Liv Hospital Istanbul,ok
P013514,013514,nathan-mensah,euroleague,https://www.euroleaguebasketball.net/en/euroleague/players/nathan-mensah/profile/013514/,NATHAN,MENSAH,210,Center,Ghana,1998-04-09T00:00:00,OLY,Olympiacos Piraeus,ok
P005091,005091,william-mensah,euroleague,https://www.euroleaguebasketball.net/en/euroleague/players/william-mensah/profile/005091/,WILLIAM,MENSAH,175,Guard,France,1995-08-02T00:00:00,NTR,JSF Nanterre,ok
100,100,mercante-jacopo,none,,,,,,,,,,not_found (http_404)
P001233,001233,jacopo-mercante,euroleague,https://www.euroleaguebasketball.net/en/euroleague/players/jacopo-mercante/profile/001233/,JACOPO,MERCANTE,192,Guard,Italy,1990-07-30T00:00:00,MIL,AJ Milano,ok
MER,MER,andrea-merlati,none,,,,,,,,,,not_found (http_404)
P003525,003525,marco-meroni,euroleague,https://www.euroleaguebasketball.net/en/euroleague/players/marco-meroni/profile/003525/,MARCO,MERONI,202,Forward,Italy,1993-01-12T00:00:00,CTU,Bennet Cantu,ok
P012724,012724,hamza-mestoglu,euroleague,https://www.euroleaguebasketball.net/en/euroleague/players/hamza-mestoglu/profile/012724/,HAMZA,MESTOGLU,0,Forward,Turkiye,2004-04-22T00:00:00,ULK,Fenerbahce Beko Istanbul,ok
PLWB,LWB,nika-metreveli,euroleague,https://www.euroleaguebasketball.net/en/euroleague/players/nika-metreveli/profile/LWB/,NIKA,METREVELI,211,Forward,Georgia,1991-01-14T00:00:00,SIE,Montepaschi Siena,ok
P013379,013379,chimezie-metu,euroleague,https://www.euroleaguebasketball.net/en/euroleague/players/chimezie-metu/profile/013379/,CHIMEZIE,METU,208,Center,Nigeria,1997-03-22T00:00:00,BAR,FC Barcelona,ok
P011520,011520,samuele-miccoli,euroleague,https://www.euroleaguebasketball.net/en/euroleague/players/samuele-miccoli/profile/011520/,SAMUELE,MICCOLI,190,Guard,Italy,2006-01-14T00:00:00,MIL,EA7 Emporio Armani Milan,ok
PKKV,KKV,marko-micevic,euroleague,https://www.euroleaguebasketball.net/en/euroleague/players/marko-micevic/profile/KKV/,MARKO,MICEVIC,198,Guard,Serbia,1989-07-25T00:00:00,MIL,AJ Milano,ok
PJNX,JNX,andrea-michelori,euroleague,https://www.euroleaguebasketball.net/en/euroleague/players/andrea-michelori/profile/JNX/,ANDREA,MICHELORI,202,Forward,Italy,1978-02-20T00:00:00,SIE,Montepaschi Siena,ok
P003836,003836,david-michineau,euroleague,https://www.euroleaguebasketball.net/en/euroleague/players/david-michineau/profile/003836/,DAVID,MICHINEAU,194,Guard,France,1994-06-06T00:00:00,MCO,AS Monaco,ok
P001473,001473,djordje-micic,euroleague,https://www.euroleaguebasketball.net/en/euroleague/players/djordje-micic/profile/001473/,DJORDJE,MICIC,201,Forward,Serbia,1993-07-27T00:00:00,LJU,Union Olimpija Ljubljana,ok
P002580,002580,vasilije-micic,euroleague,https://www.euroleaguebasketball.net/en/euroleague/players/vasilije-micic/profile/002580/,VASILIJE,MICIC,196,Guard,Serbia,1994-01-13T00:00:00,HTA,Hapoel IBI Tel Aviv,ok
PJWO,JWO,pete-mickeal,euroleague,https://www.euroleaguebasketball.net/en/euroleague/players/pete-mickeal/profile/JWO/,PETE,MICKEAL,197,Forward,United States of America,1978-02-22T00:00:00,BAR,FC Barcelona Regal,ok
P008847,008847,jordan-mickey,euroleague,https://www.euroleaguebasketball.net/en/euroleague/players/jordan-mickey/profile/008847/,JORDAN,MICKEY,203,Forward,United States of America,1994-07-09T00:00:00,VIR,Virtus Segafredo Bologna,ok
P000529,000529,vladimir-micov,euroleague,https://www.euroleaguebasketball.net/en/euroleague/players/vladimir-micov/profile/000529/,VLADIMIR,MICOV,201,Forward,Serbia,1985-04-16T00:00:00,MIL,AX Armani Exchange Milan,ok
P012943,012943,uros-mijailovic,euroleague,https://www.euroleaguebasketball.net/en/euroleague/players/uros-mijailovic/profile/012943/,UROS,MIJAILOVIC,197,Forward,Serbia,2008-03-06T00:00:00,PAR,Partizan Mozzart Bet Belgrade,ok
P012977,012977,kajus-mikalauskas,euroleague,https://www.euroleaguebasketball.net/en/euroleague/players/kajus-mikalauskas/profile/012977/,KAJUS,MIKALAUSKAS,191,Guard,Lithuania,2007-01-29T00:00:00,ZAL,Zalgiris Kaunas,ok
P011836,011836,isiaha-mike,euroleague,https://www.euroleaguebasketball.net/en/euroleague/players/isiaha-mike/profile/011836/,ISIAHA,MIKE,200,Forward,Canada,1997-08-11T00:00:00,MUN,FC Bayern Munich,ok
PKPD,KPD,arturas-milaknis,euroleague,https://www.euroleaguebasketball.net/en/euroleague/players/arturas-milaknis/profile/KPD/,ARTURAS,MILAKNIS,195,Guard,Lithuania,1986-06-16T00:00:00,ZAL,Zalgiris Kaunas,ok
PLIZ,LIZ,aaron-miles,euroleague,https://www.euroleaguebasketball.net/en/euroleague/players/aaron-miles/profile/LIZ/,AARON,MILES,185,Guard,United States of America,1983-04-13T00:00:00,NIO,Panionios On Telecoms,ok
P000713,000713,igor-milicic,euroleague,https://www.euroleaguebasketball.net/en/euroleague/players/igor-milicic/profile/000713/,IGOR,MILICIC,0,Guard,Poland,1976-06-09T00:00:00,SOP,Prokom Trefl Sopot,ok
PAIV,AIV,marko-milic,euroleague,https://www.euroleaguebasketball.net/en/euroleague/players/marko-milic/profile/AIV/,MARKO,MILIC,199,Forward,Slovenia,1977-05-07T00:00:00,ORL,Entente Orleanaise,ok
P014094,014094,stefan-miljenovic,euroleague,https://www.euroleaguebasketball.net/en/euroleague/players/stefan-miljenovic/profile/014094/,STEFAN,MILJENOVIC,193,Guard,Serbia,2001-08-21T00:00:00,RED,Crvena Zvezda Meridianbet Belgrade,ok
P000435,000435,curtis-millage,euroleague,https://www.euroleaguebasketball.net/en/euroleague/players/curtis-millage/profile/000435/,CURTIS,MILLAGE,185,Guard,United States of America,1981-05-04T00:00:00,LJU,Union Olimpija,ok
P010857,010857,baba-miller,euroleague,https://www.euroleaguebasketball.net/en/euroleague/players/baba-miller/profile/010857/,BABA,MILLER,208,Forward,Spain,2004-02-07T00:00:00,MAD,Real Madrid,ok
P006421,006421,darius-miller,euroleague,https://www.euroleaguebasketball.net/en/euroleague/players/darius-miller/profile/006421/,DARIUS,MILLER,203,Forward,United States of America,1990-03-21T00:00:00,BAM,Brose Bamberg,ok
P009048,009048,codi-miller-mcintyre,euroleague,https://www.euroleaguebasketball.net/en/euroleague/players/codi-miller-mcintyre/profile/009048/,CODI,MILLER-MCINTYRE,191,Guard,United States of America,1994-06-01T00:00:00,RED,Crvena Zvezda Meridianbet Belgrade,ok
P006657,006657,quincy-miller,euroleague,https://www.euroleaguebasketball.net/en/euroleague/players/quincy-miller/profile/006657/,QUINCY,MILLER,206,Forward,United States of America,1992-11-18T00:00:00,BAM,Brose Bamberg,ok
P002822,002822,dragan-milosavljevic,euroleague,https://www.euroleaguebasketball.net/en/euroleague/players/dragan-milosavljevic/profile/002822/,DRAGAN,MILOSAVLJEVIC,198,Guard,Serbia,1989-05-11T00:00:00,MAL,Unicaja Malaga,ok
PJPP,JPP,stevan-milosevic,euroleague,https://www.euroleaguebasketball.net/en/euroleague/players/stevan-milosevic/profile/JPP/,STEVAN,MILOSEVIC,211,Center,Montenegro,1985-10-03T00:00:00,PAR,Partizan Belgrade,ok
PTHY,THY,strahinja-milosevic,euroleague,https://www.euroleaguebasketball.net/en/euroleague/players/strahinja-milosevic/profile/THY/,STRAHINJA,MILOSEVIC,203,Forward,Serbia,1985-09-25T00:00:00,PAR,Partizan Belgrade,ok
PKPH,KPH,igkor-milosevits,euroleague,https://www.euroleaguebasketball.net/en/euroleague/players/igkor-milosevits/profile/KPH/,IGOR,MILOSEVIC,192,Guard,Serbia,1986-04-14T00:00:00,LIE,Lietuvos Rytas Vilnius,ok
P014007,014007,shake-milton,euroleague,https://www.euroleaguebasketball.net/en/euroleague/players/shake-milton/profile/014007/,SHAKE,MILTON,196,Guard,United States of America,1996-09-26T00:00:00,PAR,Partizan Mozzart Bet Belgrade,ok
P003941,003941,nikola-milutinov,euroleague,https://www.euroleaguebasketball.net/en/euroleague/players/nikola-milutinov/profile/003941/,NIKOLA,MILUTINOV,213,Center,Serbia,1994-12-30T00:00:00,OLY,Olympiacos Piraeus,ok
PKWH,KWH,ricky-minard,euroleague,https://www.euroleaguebasketball.net/en/euroleague/players/ricky-minard/profile/KWH/,RICKY,MINARD,196,Guard,United States of America,1982-09-11T00:00:00,NIK,Budivelnik Kiev,ok
P007423,007423,yordan-minchev,euroleague,https://www.euroleaguebasketball.net/en/euroleague/players/yordan-minchev/profile/007423/,YORDAN,MINCHEV,205,Forward,Bulgaria,1998-10-17T00:00:00,ULK,Fenerbahce Ulker,ok
P004645,004645,regimantas-miniotas,euroleague,https://www.euroleaguebasketball.net/en/euroleague/players/regimantas-miniotas/profile/004645/,REGIMANTAS,MINIOTAS,208,Forward,Lithuania,1996-03-14T00:00:00,ZAL,Zalgiris Kaunas,ok
PBFT,BFT,albert-miralles,euroleague,https://www.euroleaguebasketball.net/en/euroleague/players/albert-miralles/profile/BFT/,ALBERT,MIRALLES,207,Center,Spain,1982-05-14T00:00:00,BER,Alba Berlin,ok
P000796,000796,nikola-mirotic,euroleague,https://www.euroleaguebasketball.net/en/euroleague/players/nikola-mirotic/profile/000796/,NIKOLA,MIROTIC,208,Center,Spain,1991-02-11T00:00:00,MCO,AS Monaco,ok
P000275,000275,darrel-mitchell,euroleague,https://www.euroleaguebasketball.net/en/euroleague/players/darrel-mitchell/profile/000275/,DARREL,MITCHELL,181,Guard,United States of America,1984-05-03T00:00:00,LIE,Lietuvos Rytas,ok
P012622,012622,matthew-mitchell,euroleague,https://www.euroleaguebasketball.net/en/euroleague/players/matthew-mitchell/profile/012622/,MATTHEW,MITCHELL,198,Forward,United States of America,1999-03-18T00:00:00,ZAL,Zalgiris Kaunas,ok
P007866,007866,konstantinos-mitoglou,euroleague,https://www.euroleaguebasketball.net/en/euroleague/players/konstantinos-mitoglou/profile/007866/,KONSTANTINOS,MITOGLOU,210,Forward,Greece,1996-06-11T00:00:00,PAN,Panathinaikos AKTOR Athens,ok
P011965,011965,naz-mitrou-long,euroleague,https://www.euroleaguebasketball.net/en/euroleague/players/naz-mitrou-long/profile/011965/,NAZ,MITROU-LONG,193,Guard,Canada,1993-08-03T00:00:00,OLY,Olympiacos Piraeus,ok
P001929,001929,aleksandar-mitrovic,euroleague,https://www.euroleaguebasketball.net/en/euroleague/players/aleksandar-mitrovic/profile/001929/,ALEKSANDAR,MITROVIC,0,,Serbia,1990-07-22T00:00:00,PAR,Partizan Mozzart Bet Belgrade,ok
P002553,002553,luka-mitrovic,euroleague,https://www.euroleaguebasketball.net/en/euroleague/players/luka-mitrovic/profile/002553/,LUKA,MITROVIC,206,Forward,Serbia,1993-03-21T00:00:00,RED,Crvena Zvezda Meridianbet Belgrade,ok
PTGJ,TGJ,jan-mocnik,euroleague,https://www.euroleaguebasketball.net/en/euroleague/players/jan-mocnik/profile/TGJ/,JAN,MOCNIK,178,Guard,Slovenia,1987-03-27T00:00:00,LJU,Union Olimpija Ljubljana,ok
P001833,001833,adrien-moerman,euroleague,https://www.euroleaguebasketball.net/en/euroleague/players/adrien-moerman/profile/001833/,ADRIEN,MOERMAN,202,Forward,France,1988-08-07T00:00:00,MCO,AS Monaco,ok
PLGT,LGT,jerome-moiso,euroleague,https://www.euroleaguebasketball.net/en/euroleague/players/jerome-moiso/profile/LGT/,JEROME,MOISO,208,Center,France,1978-06-15T00:00:00,JOV,DKV Joventut,ok
P003362,003362,vlad-moldoveanu,euroleague,https://www.euroleaguebasketball.net/en/euroleague/players/vlad-moldoveanu/profile/003362/,VLAD,MOLDOVEANU,206,Forward,Romania,1988-02-11T00:00:00,GSS,Stelmet Zielona Gora,ok
P001199,001199,miguel-mauricio-molina,euroleague,https://www.euroleaguebasketball.net/en/euroleague/players/miguel-mauricio-molina/profile/001199/,MIGUEL,MOLINA,194,Guard,Spain,1989-10-25T00:00:00,MAD,Real Madrid,ok
P001477,001477,diego-monaldi,euroleague,https://www.euroleaguebasketball.net/en/euroleague/players/diego-monaldi/profile/001477/,DIEGO,MONALDI,185,Guard,Italy,1993-04-03T00:00:00,SIE,Montepaschi Siena,ok
PJCL,JCL,albert-moncasi,euroleague,https://www.euroleaguebasketball.net/en/euroleague/players/albert-moncasi/profile/JCL/,ALBERT,MONCASI,210,Forward,Spain,1986-05-04T00:00:00,BAR,AXA FC Barcelona,ok
P012201,012201,chima-moneke,euroleague,https://www.euroleaguebasketball.net/en/euroleague/players/chima-moneke/profile/012201/,CHIMA,MONEKE,196,Forward,Nigeria,1995-12-24T00:00:00,RED,Crvena Zvezda Meridianbet Belgrade,ok
P009835,009835,gregory-monroe,euroleague,https://www.euroleaguebasketball.net/en/euroleague/players/gregory-monroe/profile/009835/,GREG,MONROE,211,Center,United States of America,1990-06-04T00:00:00,KHI,Khimki Moscow Region,ok
P003412,003412,steven-monse,euroleague,https://www.euroleaguebasketball.net/en/euroleague/players/steven-monse/profile/003412/,STEVEN,MONSE,198,Forward,Germany,1990-01-26T00:00:00,BER,Alba Berlin,ok
P010042,010042,jean-montero,euroleague,https://www.euroleaguebasketball.net/en/euroleague/players/jean-montero/profile/010042/,JEAN,MONTERO,188,Guard,Dominican Republic,2003-07-03T00:00:00,PAM,Valencia Basket,ok
P012784,012784,nedas-montvila,euroleague,https://www.euroleaguebasketball.net/en/euroleague/players/nedas-montvila/profile/012784/,NEDAS,MONTVILA,194,Guard,Lithuania,2002-09-15T00:00:00,ZAL,Zalgiris Kaunas,ok
PBFX,BFX,sergey-monya,euroleague,https://www.euroleaguebasketball.net/en/euroleague/players/sergey-monya/profile/BFX/,SERGEY,MONIA,202,Forward,Russian Federation,1983-04-15T00:00:00,KHI,Khimki Moscow Region,ok
P005668,005668,jamario-moon,euroleague,https://www.euroleaguebasketball.net/en/euroleague/players/jamario-moon/profile/005668/,JAMARIO,MOON,203,Forward,United States of America,1980-06-13T00:00:00,OLY,Olympiacos Piraeus,ok
P014115,014115,omari-moore,euroleague,https://www.euroleaguebasketball.net/en/euroleague/players/omari-moore/profile/014115/,OMARI,MOORE,198,Guard,United States of America,2000-09-18T00:00:00,PAM,Valencia Basket,ok
P006544,006544,dimitris-moraitis,euroleague,https://www.euroleaguebasketball.net/en/euroleague/players/dimitris-moraitis/profile/006544/,DIMITRIS,MORAITIS,190,Guard,Greece,1999-02-03T00:00:00,PAN,Panathinaikos AKTOR Athens,ok
PJOB,JOB,michel-morandais,euroleague,https://www.euroleaguebasketball.net/en/euroleague/players/michel-morandais/profile/JOB/,MICHEL,MORANDAIS,195,Forward,France,1979-01-10T00:00:00,NAN,SLUC Nancy,ok
P000726,000726,riccardo-moraschini,euroleague,https://www.euroleaguebasketball.net/en/euroleague/players/riccardo-moraschini/profile/000726/,RICCARDO,MORASCHINI,194,Guard,Italy,1991-01-08T00:00:00,MIL,AX Armani Exchange Milan,ok
P001862,001862,yannick-moray,euroleague,https://www.euroleaguebasketball.net/en/euroleague/players/yannick-moray/profile/001862/,YANNICK,MORAY,196,Forward,Belgium,1991-04-19T00:00:00,CHA,Belgacom Spirou Charleroi,ok
PBUF,BUF,marco-mordente,euroleague,https://www.euroleaguebasketball.net/en/euroleague/players/marco-mordente/profile/BUF/,MARCO,MORDENTE,192,Guard,Italy,1979-01-07T00:00:00,MIL,Armani Jeans Milano,ok
P005404,005404,davide-moretti,euroleague,https://www.euroleaguebasketball.net/en/euroleague/players/davide-moretti/profile/005404/,DAVIDE,MORETTI,190,Guard,Italy,1998-03-25T00:00:00,MIL,AX Armani Exchange Milan,ok
P010431,010431,jeremy-morgan,euroleague,https://www.euroleaguebasketball.net/en/euroleague/players/jeremy-morgan/profile/010431/,JEREMY,MORGAN,199,Forward,United States of America,1995-05-08T00:00:00,PRS,Paris Basketball,ok
P012585,012585,matthew-morgan,euroleague,https://www.euroleaguebasketball.net/en/euroleague/players/matthew-morgan/profile/012585/,MATTHEW,MORGAN,188,Guard,United States of America,1997-11-07T00:00:00,VIR,Virtus Bologna,ok
P006481,006481,raymar-morgan,euroleague,https://www.euroleaguebasketball.net/en/euroleague/players/raymar-morgan/profile/006481/,RAYMAR,MORGAN,202,Forward,United States of America,1988-08-08T00:00:00,ASV,LDLC ASVEL Villeurbanne,ok
P001471,001471,gezim-morina,euroleague,https://www.euroleaguebasketball.net/en/euroleague/players/gezim-morina/profile/001471/,GEZIM,MORINA,203,Center,Slovenia,1992-12-12T00:00:00,LJU,Union Olimpija Ljubljana,ok
P002693,002693,zach-morley,euroleague,https://www.euroleaguebasketball.net/en/euroleague/players/zach-morley/profile/002693/,ZACH,MORLEY,203,Forward,United States of America,1983-04-25T00:00:00,BER,Alba Berlin,ok
PAFY,AFY,vedran-morovic,euroleague,https://www.euroleaguebasketball.net/en/euroleague/players/vedran-morovic/profile/AFY/,VEDRAN,MOROVIC,183,Guard,Croatia,1983-07-01T00:00:00,CIB,Cibona,ok
P014212,014212,monte-morris,euroleague,https://www.euroleaguebasketball.net/en/euroleague/players/monte-morris/profile/014212/,MONTE,MORRIS,188,Guard,United States of America,1995-06-27T00:00:00,OLY,Olympiacos Piraeus,ok
PLTS,LTS,terence-morris,euroleague,https://www.euroleaguebasketball.net/en/euroleague/players/terence-morris/profile/LTS/,TERENCE,MORRIS,207,Forward,United States of America,1979-01-11T00:00:00,BAR,Regal Barcelona,ok
P002852,002852,david-moss,euroleague,https://www.euroleaguebasketball.net/en/euroleague/players/david-moss/profile/002852/,DAVID,MOSS,196,Forward,United States of America,1983-09-09T00:00:00,MIL,EA7 Emporio Armani Milan,ok
PLCZ,LCZ,donatas-motiejunas,euroleague,https://www.euroleaguebasketball.net/en/euroleague/players/donatas-motiejunas/profile/LCZ/,DONATAS,MOTIEJUNAS,213,Center,Lithuania,1990-09-20T00:00:00,RED,Crvena Zvezda Meridianbet Belgrade,ok
P011157,011157,johnathan-motley,euroleague,https://www.euroleaguebasketball.net/en/euroleague/players/johnathan-motley/profile/011157/,JOHNATHAN,MOTLEY,206,Center,United States of America,1995-05-04T00:00:00,HTA,Hapoel IBI Tel Aviv,ok
PBDH,BDH,hanno-mottola,euroleague,https://www.euroleaguebasketball.net/en/euroleague/players/hanno-mottola/profile/BDH/,HANNO,MOTTOLA,0,Forward,Finland,1976-09-09T00:00:00,ARI,Aris TT Bank,ok
P006599,006599,brock-motum,euroleague,https://www.euroleaguebasketball.net/en/euroleague/players/brock-motum/profile/006599/,BROCK,MOTUM,208,Forward,Australia,1990-10-16T00:00:00,MCO,AS Monaco,ok
P006636,006636,vassilis-mouratos,euroleague,https://www.euroleaguebasketball.net/en/euroleague/players/vassilis-mouratos/profile/006636/,VASSILIS,MOURATOS,193,Guard,Greece,1997-11-24T00:00:00,OLY,Olympiacos Piraeus,ok
PLLK,LLK,timofey-mozgov,euroleague,https://www.euroleaguebasketball.net/en/euroleague/players/timofey-mozgov/profile/LLK/,TIMOFEY,MOZGOV,216,Center,Russian Federation,1986-07-16T00:00:00,KHI,Khimki Moscow Region,ok
PLGA,LGA,damir-mrsic,euroleague,https://www.euroleaguebasketball.net/en/euroleague/players/damir-mrsic/profile/LGA/,DAMIR,MRSIC,191,Guard,Bosnia and Herzegovina,1970-10-25T00:00:00,ULK,Fenerbahce Ulker,ok
P011200,011200,emmanuel-mudiay,euroleague,https://www.euroleaguebasketball.net/en/euroleague/players/emmanuel-mudiay/profile/011200/,EMMANUEL,MUDIAY,196,Guard,United States of America,1996-03-05T00:00:00,ZAL,Zalgiris Kaunas,ok
P001324,001324,ali-muhammed,euroleague,https://www.euroleaguebasketball.net/en/euroleague/players/ali-muhammed/profile/001324/,ALI,MUHAMMED,,,United States of America,1983-04-10T00:00:00,ULK,Fenerbahce Beko Istanbul,ok
P000437,000437,mirko-mulalic,euroleague,https://www.euroleaguebasketball.net/en/euroleague/players/mirko-mulalic/profile/000437/,MIRKO,MULALIC,195,Guard,Slovenia,1988-04-16T00:00:00,LJU,Union Olimpija,ok
PAPL,APL,damir-mulaomerovic,euroleague,https://www.euroleaguebasketball.net/en/euroleague/players/damir-mulaomerovic/profile/APL/,DAMIR,MULAOMEROVIC,195,Guard,Croatia,1974-09-19T00:00:00,ZAG,Zagreb,ok
P003246,003246,malik-muller,euroleague,https://www.euroleaguebasketball.net/en/euroleague/players/malik-muller/profile/003246/,MALIK,MULLER,190,Guard,Germany,1994-01-24T00:00:00,BAM,Brose Baskets Bamberg,ok
PBFJ,BFJ,alex-mumbru,euroleague,https://www.euroleaguebasketball.net/en/euroleague/players/alex-mumbru/profile/BFJ/,ALEX,MUMBRU,0,,Spain,1979-06-12T00:00:00,PAM,Valencia Basket,ok
P007759,007759,xavier-munford,euroleague,https://www.euroleaguebasketball.net/en/euroleague/players/xavier-munford/profile/007759/,XAVIER,MUNFORD,193,Guard,United States of America,1992-06-01T00:00:00,BAR,FC Barcelona Lassa,ok
P000719,000719,gabe-muoneke,euroleague,https://www.euroleaguebasketball.net/en/euroleague/players/gabe-muoneke/profile/000719/,GABE,MUONEKE,200,Forward,United States of America,1978-02-07T00:00:00,BAS,Tau Ceramica Vitoria-Gasteiz,ok
P011235,011235,zayd-muosa,euroleague,https://www.euroleaguebasketball.net/en/euroleague/players/zayd-muosa/profile/011235/,ZAYD,MUOSA,198,Guard,Cyprus,2003-07-03T00:00:00,OLY,Olympiacos Piraeus,ok
P000977,000977,dino-muric,euroleague,https://www.euroleaguebasketball.net/en/euroleague/players/dino-muric/profile/000977/,DINO,MURIC,200,Forward,Slovenia,1990-02-14T00:00:00,LJU,Union Olimpija Ljubljana,ok
P003515,003515,edo-muric,euroleague,https://www.euroleaguebasketball.net/en/euroleague/players/edo-muric/profile/003515/,EDO,MURIC,201,Forward,Slovenia,1991-11-27T00:00:00,IST,Anadolu Efes Istanbul,ok
P005201,005201,kevin-murphy,euroleague,https://www.euroleaguebasketball.net/en/euroleague/players/kevin-murphy/profile/005201/,KEVIN,MURPHY,198,Guard,United States of America,1990-03-06T00:00:00,STR,Strasbourg,ok
P003235,003235,flip-murray,euroleague,https://www.euroleaguebasketball.net/en/euroleague/players/flip-murray/profile/003235/,FLIP,MURRAY,191,Guard,United States of America,1979-07-29T00:00:00,IST,Efes Pilsen Istanbul,ok
P006540,006540,dzanan-musa,euroleague,https://www.euroleaguebasketball.net/en/euroleague/players/dzanan-musa/profile/006540/,DZANAN,MUSA,206,Guard,Bosnia and Herzegovina,1999-05-08T00:00:00,DUB,Dubai Basketball,ok
P006634,006634,kostja-mushidi,euroleague,https://www.euroleaguebasketball.net/en/euroleague/players/kostja-mushidi/profile/006634/,KOSTJA,MUSHIDI,195,Guard,Germany,1998-06-18T00:00:00,STR,Strasbourg,ok
PLUR,LUR,dejan-musli,euroleague,https://www.euroleaguebasketball.net/en/euroleague/players/dejan-musli/profile/LUR/,DEJAN,MUSLI,213,Center,Serbia,1991-01-03T00:00:00,BAM,Brose Bamberg,ok
P007991,007991,muhaymin-mustafa,euroleague,https://www.euroleaguebasketball.net/en/euroleague/players/muhaymin-mustafa/profile/007991/,MUHAYMIN,MUSTAFA,196,Guard,Turkiye,1999-02-10T00:00:00,IST,Anadolu Efes Istanbul,ok
P008176,008176,david-mutaf,euroleague,https://www.euroleaguebasketball.net/en/euroleague/players/david-mutaf/profile/008176/,DAVID,MUTAF,198,Guard,Turkiye,2002-06-14T00:00:00,IST,Anadolu Efes Istanbul,ok
PLQV,LQV,maxim-mutaf,euroleague,https://www.euroleaguebasketball.net/en/euroleague/players/maxim-mutaf/profile/LQV/,MAXIM,MUTAF,193,Guard,Turkiye,1991-01-09T00:00:00,IST,Anadolu Efes Istanbul,ok
P012997,012997,miikka-muurinen,euroleague,https://www.euroleaguebasketball.net/en/euroleague/players/miikka-muurinen/profile/012997/,MIIKKA,MUURINEN,210,Forward,Finland,2007-03-04T00:00:00,PAR,Partizan Mozzart Bet Belgrade,ok
PAHX,AHX,bostjan-nachbar,euroleague,https://www.euroleaguebasketball.net/en/euroleague/players/bostjan-nachbar/profile/AHX/,BOSTJAN,NACHBAR,206,Forward,Slovenia,1980-07-03T00:00:00,BAR,FC Barcelona,ok
P005828,005828,raidas-nacius,euroleague,https://www.euroleaguebasketball.net/en/euroleague/players/raidas-nacius/profile/005828/,RAIDAS,NACIUS,196,Guard,Lithuania,1991-12-30T00:00:00,KLA,Neptunas Klaipeda,ok
PBPN,BPN,aleksandar-nadjfeji,euroleague,https://www.euroleaguebasketball.net/en/euroleague/players/aleksandar-nadjfeji/profile/BPN/,ALEKSANDAR,NADJFEJI,203,Forward,Serbia,1976-10-27T00:00:00,BER,Alba Berlin,ok
PAUI,AUI,stevan-nadjfeji,euroleague,https://www.euroleaguebasketball.net/en/euroleague/players/stevan-nadjfeji/profile/AUI/,STEVAN,NADJFEJI,202,Forward,Serbia,1979-08-26T00:00:00,MAR,Maroussi,ok
PCOT,COT,yuval-naimy,euroleague,https://www.euroleaguebasketball.net/en/euroleague/players/yuval-naimy/profile/COT/,YUVAL,NAIMY,188,Guard,Israel,1985-08-31T00:00:00,TEL,Maccabi Electra Tel Aviv,ok
P007632,007632,mario-nakic,euroleague,https://www.euroleaguebasketball.net/en/euroleague/players/mario-nakic/profile/007632/,MARIO,NAKIC,202,Forward,Serbia,2001-06-14T00:00:00,PAR,Partizan Mozzart Bet Belgrade,ok
P000634,000634,cemal-nalga,euroleague,https://www.euroleaguebasketball.net/en/euroleague/players/cemal-nalga/profile/000634/,CEMAL,NALGA,208,Forward,Turkiye,1987-09-16T00:00:00,BES,Besiktas JK Istanbul,ok
P011224,011224,shabazz-napier,euroleague,https://www.euroleaguebasketball.net/en/euroleague/players/shabazz-napier/profile/011224/,SHABAZZ,NAPIER,185,Guard,United States of America,1991-07-14T00:00:00,MUN,FC Bayern Munich,ok
PLZO,LZO,mike-nardi,euroleague,https://www.euroleaguebasketball.net/en/euroleague/players/mike-nardi/profile/LZO/,MIKE,NARDI,186,Guard,United States of America,1985-01-30T00:00:00,MIL,Armani Jeans Milano,ok
P006635,006635,stefan-nastic,euroleague,https://www.euroleaguebasketball.net/en/euroleague/players/stefan-nastic/profile/006635/,STEFAN,NASTIC,211,Center,Serbia,1992-11-22T00:00:00,RED,Crvena Zvezda Telekom Belgrade,ok
PLAC,LAC,alejandro-navajas,euroleague,https://www.euroleaguebasketball.net/en/euroleague/players/alejandro-navajas/profile/LAC/,ALEJANDRO,NAVAJAS,,,Spain,1986-10-06T00:00:00,MAL,Unicaja,ok
P003298,003298,david-navarro,euroleague,https://www.euroleaguebasketball.net/en/euroleague/players/david-navarro/profile/003298/,DAVID,NAVARRO,190,Guard,Spain,1983-05-17T00:00:00,PAM,Power Electronics Valencia,ok
PADI,ADI,juan-carlos-navarro,euroleague,https://www.euroleaguebasketball.net/en/euroleague/players/juan-carlos-navarro/profile/ADI/,JUAN CARLOS,NAVARRO,192,Guard,Spain,1980-06-13T00:00:00,BAR,FC Barcelona Lassa,ok
P001124,001124,juan-luis-navarro,euroleague,https://www.euroleaguebasketball.net/en/euroleague/players/juan-luis-navarro/profile/001124/,JUANLU,NAVARRO,195,Forward,Spain,1991-02-12T00:00:00,PAM,Power Electronics Valencia,ok
P009213,009213,eli-ndiaye,euroleague,https://www.euroleaguebasketball.net/en/euroleague/players/eli-ndiaye/profile/009213/,ELI,NDIAYE,204,Center,Spain,2004-06-26T00:00:00,MAD,Real Madrid,ok
P000459,000459,mamadou-ndiaye,euroleague,https://www.euroleaguebasketball.net/en/euroleague/players/mamadou-ndiaye/profile/000459/,MAMADOU,N'DIAYE,212,Center,Senegal,1975-06-16T00:00:00,ZAL,Zalgiris,ok
P012731,012731,mbaye-ndiaye,euroleague,https://www.euroleaguebasketball.net/en/euroleague/players/mbaye-ndiaye/profile/012731/,MBAYE,NDIAYE,204,Center,Senegal,1999-01-04T00:00:00,ASV,LDLC ASVEL Villeurbanne,ok
P012058,012058,ousmane-ndiaye,euroleague,https://www.euroleaguebasketball.net/en/euroleague/players/ousmane-ndiaye/profile/012058/,OUSMANE,NDIAYE,210,Center,Senegal,2004-03-19T00:00:00,BAS,Baskonia Vitoria-Gasteiz,ok
P004587,004587,samba-ndiaye,euroleague,https://www.euroleaguebasketball.net/en/euroleague/players/samba-ndiaye/profile/004587/,SAMBA,NDIAYE,202,Center,Senegal,1998-04-19T00:00:00,MAD,Real Madrid,ok
P008097,008097,elwin-ndjock,euroleague,https://www.euroleaguebasketball.net/en/euroleague/players/elwin-ndjock/profile/008097/,ELWIN,NDJOCK,193,Forward,France,2001-08-05T00:00:00,ASV,LDLC ASVEL Villeurbanne,ok
PTGE,TGE,boniface-ndong,euroleague,https://www.euroleaguebasketball.net/en/euroleague/players/boniface-ndong/profile/TGE/,BONIFACE,NDONG,213,,Senegal,1977-09-03T00:00:00,MAL,Unicaja Malaga,ok
P006726,006726,maurice-ndour,euroleague,https://www.euroleaguebasketball.net/en/euroleague/players/maurice-ndour/profile/006726/,MAURICE,NDOUR,206,Forward,Senegal,1992-06-18T00:00:00,PAM,Valencia Basket,ok
PJXC,JXC,maleye-ndoye,euroleague,https://www.euroleaguebasketball.net/en/euroleague/players/maleye-ndoye/profile/JXC/,MALEYE,NDOYE,203,Forward,Senegal,1980-08-19T00:00:00,LEM,Le Mans,ok
P000751,000751,gary-neal,euroleague,https://www.euroleaguebasketball.net/en/euroleague/players/gary-neal/profile/000751/,GARY,NEAL,193,Guard,United States of America,1984-10-03T00:00:00,BAR,AXA FC Barcelona,ok
P011199,011199,josh-nebo,euroleague,https://www.euroleaguebasketball.net/en/euroleague/players/josh-nebo/profile/011199/,JOSH,NEBO,206,Center,Slovenia,1997-07-17T00:00:00,MIL,EA7 Emporio Armani Milan,ok
P012948,012948,aleksej-nedeljkovic,euroleague,https://www.euroleaguebasketball.net/en/euroleague/players/aleksej-nedeljkovic/profile/012948/,ALEKSEJ,NEDELJKOVIC,201,Forward,Serbia,2008-05-05T00:00:00,RED,Crvena Zvezda Meridianbet Belgrade,ok
P000848,000848,nemanja-nedovic,euroleague,https://www.euroleaguebasketball.net/en/euroleague/players/nemanja-nedovic/profile/000848/,NEMANJA,NEDOVIC,192,Guard,Serbia,1991-06-16T00:00:00,MCO,AS Monaco,ok
P002829,002829,demarcus-nelson,euroleague,https://www.euroleaguebasketball.net/en/euroleague/players/demarcus-nelson/profile/002829/,DEMARCUS,NELSON,193,Guard,United States of America,1985-11-02T00:00:00,MUN,FC Bayern Munich,ok
P003931,003931,reeves-nelson,euroleague,https://www.euroleaguebasketball.net/en/euroleague/players/reeves-nelson/profile/003931/,REEVES,NELSON,203,Forward,United States of America,1991-09-18T00:00:00,ZAL,Zalgiris Kaunas,ok
PKXL,KXL,spencer-nelson,euroleague,https://www.euroleaguebasketball.net/en/euroleague/players/spencer-nelson/profile/KXL/,SPENCER,NELSON,203,Forward,United States of America,1980-07-11T00:00:00,SIE,Montepaschi Siena,ok
P008807,008807,nemanja-nenadic,euroleague,https://www.euroleaguebasketball.net/en/euroleague/players/nemanja-nenadic/profile/008807/,NEMANJA,NENADIC,197,Forward,Serbia,1994-01-02T00:00:00,RED,Crvena Zvezda mts Belgrade,ok
P005172,005172,oleksandr-nerush,euroleague,https://www.euroleaguebasketball.net/en/euroleague/players/oleksandr-nerush/profile/005172/,OLEKSANDR,NERUSH,187,Guard,Ukraine,1983-01-17T00:00:00,NIK,Budivelnik Kiev,ok
PCIA,CIA,aleksej-nesovic,euroleague,https://www.euroleaguebasketball.net/en/euroleague/players/aleksej-nesovic/profile/CIA/,ALEKSEJ,NESOVIC,189,Guard,Serbia,1985-03-14T00:00:00,SOP,Asseco Prokom,ok
P002815,002815,rasho-nesterovic,euroleague,https://www.euroleaguebasketball.net/en/euroleague/players/rasho-nesterovic/profile/002815/,RASHO,NESTEROVIC,212,Center,Slovenia,1976-05-30T00:00:00,OLY,Olympiacos Piraeus,ok
P013505,013505,raul-neto,euroleague,https://www.euroleaguebasketball.net/en/euroleague/players/raul-neto/profile/013505/,RAUL,NETO,188,Guard,Italy,1992-05-19T00:00:00,BAR,FC Barcelona,ok
P014122,014122,omiros-netzipoglou,euroleague,https://www.euroleaguebasketball.net/en/euroleague/players/omiros-netzipoglou/profile/014122/,OMIROS,NETZIPOGLOU,193,Guard,Greece,2002-11-18T00:00:00,OLY,Olympiacos Piraeus,ok
P002090,002090,philipp-neumann,euroleague,https://www.euroleaguebasketball.net/en/euroleague/players/philipp-neumann/profile/002090/,PHILIPP,NEUMANN,209,Center,Germany,1992-02-20T00:00:00,BAM,Brose Baskets Bamberg,ok
P000396,000396,brad-newley,euroleague,https://www.euroleaguebasketball.net/en/euroleague/players/brad-newley/profile/000396/,BRAD,NEWLEY,200,Forward,Australia,1985-02-18T00:00:00,LIE,Lietuvos Rytas Vilnius,ok
P002341,002341,joey-ney,euroleague,https://www.euroleaguebasketball.net/en/euroleague/players/joey-ney/profile/002341/,JOEY,NEY,197,Guard,Germany,1992-12-10T00:00:00,BER,Alba Berlin,ok
P009556,009556,mehdy-ngouama,euroleague,https://www.euroleaguebasketball.net/en/euroleague/players/mehdy-ngouama/profile/009556/,MEHDY,NGOUAMA,188,Guard,France,1995-07-06T00:00:00,ASV,LDLC ASVEL Villeurbanne,ok
P004215,004215,maodo-malick-nguirane,euroleague,https://www.euroleaguebasketball.net/en/euroleague/players/maodo-malick-nguirane/profile/004215/,MAODO,NGUIRANE,210,Center,Senegal,1993-11-10T00:00:00,MAL,Unicaja Malaga,ok
P012687,012687,saliou-niang,euroleague,https://www.euroleaguebasketball.net/en/euroleague/players/saliou-niang/profile/012687/,SALIOU,NIANG,199,Forward,Italy,2004-05-14T00:00:00,VIR,Virtus Bologna,ok
PKNG,KNG,drew-nicholas,euroleague,https://www.euroleaguebasketball.net/en/euroleague/players/drew-nicholas/profile/KNG/,DREW,NICHOLAS,193,Guard,United States of America,1981-05-17T00:00:00,CSK,CSKA Moscow,ok
P001834,001834,austin-nichols,euroleague,https://www.euroleaguebasketball.net/en/euroleague/players/austin-nichols/profile/001834/,AUSTIN,NICHOLS,198,Forward,United States of America,1982-04-08T00:00:00,ORL,Entente Orleanaise,ok
P003482,003482,demetris-nichols,euroleague,https://www.euroleaguebasketball.net/en/euroleague/players/demetris-nichols/profile/003482/,DEMETRIS,NICHOLS,203,Forward,United States of America,1984-09-04T00:00:00,PAN,Panathinaikos Superfoods Athens,ok
PJRD,JRD,matt-nielsen,euroleague,https://www.euroleaguebasketball.net/en/euroleague/players/matt-nielsen/profile/JRD/,MATT,NIELSEN,208,Forward,Australia,1978-02-03T00:00:00,KHI,Khimki Moscow Region,ok
P006819,006819,kresimir-nikic,euroleague,https://www.euroleaguebasketball.net/en/euroleague/players/kresimir-nikic/profile/006819/,KRESIMIR,NIKIC,213,Center,Croatia,1999-04-16T00:00:00,BER,ALBA Berlin,ok
P010063,010063,alexandros-nikolaidis,euroleague,https://www.euroleaguebasketball.net/en/euroleague/players/alexandros-nikolaidis/profile/010063/,ALEXANDROS,NIKOLAIDIS,190,Guard,Greece,2002-08-21T00:00:00,OLY,Olympiacos Piraeus,ok
P003703,003703,aleksej-nikolic,euroleague,https://www.euroleaguebasketball.net/en/euroleague/players/aleksej-nikolic/profile/003703/,ALEKSEJ,NIKOLIC,191,Guard,Slovenia,1995-02-21T00:00:00,BAM,Brose Bamberg,ok
P002551,002551,danilo-nikolic,euroleague,https://www.euroleaguebasketball.net/en/euroleague/players/danilo-nikolic/profile/002551/,DANILO,NIKOLIC,206,Center,Montenegro,1993-04-08T00:00:00,BUD,Buducnost VOLI Pogdorica,ok
PBOS,BOS,goran-nikolic,euroleague,https://www.euroleaguebasketball.net/en/euroleague/players/goran-nikolic/profile/BOS/,GORAN,NIKOLIC,205,Forward,Serbia,1976-07-01T00:00:00,NIO,Panionios On Telecoms,ok
PJMS,JMS,uros-nikolic,euroleague,https://www.euroleaguebasketball.net/en/euroleague/players/uros-nikolic/profile/JMS/,UROS,NIKOLIC,206,Center,Serbia,1987-04-25T00:00:00,ZGO,PGE Turow Zgorzelec,ok
P005357,005357,zoran-nikolic,euroleague,https://www.euroleaguebasketball.net/en/euroleague/players/zoran-nikolic/profile/005357/,ZORAN,NIKOLIC,212,Center,Montenegro,1996-04-01T00:00:00,BUD,Buducnost VOLI Pogdorica,ok
P005963,005963,kristijan-nikolov,euroleague,https://www.euroleaguebasketball.net/en/euroleague/players/kristijan-nikolov/profile/005963/,KRISTIJAN,NIKOLOV,188,Guard,Turkiye,1996-10-05T00:00:00,GAL,Galatasaray Liv Hospital Istanbul,ok
P001908,001908,acha-njei,euroleague,https://www.euroleaguebasketball.net/en/euroleague/players/acha-njei/profile/001908/,ACHA,NJEI,190,Guard,Germany,1985-03-19T00:00:00,OLD,EWE Baskets,ok
PLNM,LNM,saidou-njoya,euroleague,https://www.euroleaguebasketball.net/en/euroleague/players/saidou-njoya/profile/LNM/,SAIDOU,NJOYA,186,Guard,Cameroon,1989-05-04T00:00:00,NAN,SLUC Nancy,ok
P010641,010641,james-nnaji,euroleague,https://www.euroleaguebasketball.net/en/euroleague/players/james-nnaji/profile/010641/,JAMES,NNAJI,212,Center,Nigeria,2004-08-14T00:00:00,BAR,FC Barcelona,ok
P009051,009051,landry-nnoko,euroleague,https://www.euroleaguebasketball.net/en/euroleague/players/landry-nnoko/profile/009051/,LANDRY,NNOKO,208,Center,Cameroon,1994-04-09T00:00:00,BAS,Bitci Baskonia Vitoria-Gasteiz,ok
P001241,001241,matias-nocedal,euroleague,https://www.euroleaguebasketball.net/en/euroleague/players/matias-nocedal/profile/001241/,MATIAS,NOCEDAL,194,Guard,Spain,1990-05-30T00:00:00,BAS,Tau Ceramica,ok
PAPR,APR,andres-nocioni,euroleague,https://www.euroleaguebasketball.net/en/euroleague/players/andres-nocioni/profile/APR/,ANDRES,NOCIONI,203,Forward,Italy,1979-11-30T00:00:00,MAD,Real Madrid,ok
P010162,010162,isaac-nogues,euroleague,https://www.euroleaguebasketball.net/en/euroleague/players/isaac-nogues/profile/010162/,ISAAC,NOGUES,195,Guard,Spain,2004-02-10T00:00:00,PAM,Valencia Basket,ok
PJSU,JSU,norman-nolan,euroleague,https://www.euroleaguebasketball.net/en/euroleague/players/norman-nolan/profile/JSU/,NORMAN,NOLAN,202,Forward,United States of America,1976-01-20T00:00:00,ROA,Chorale Roanne,ok
PLHH,LHH,henk-norel,euroleague,https://www.euroleaguebasketball.net/en/euroleague/players/henk-norel/profile/LHH/,HENK,NOREL,210,Forward,Netherlands,1987-09-17T00:00:00,JOV,DKV Joventut,ok
P014134,014134,miles-norris,euroleague,https://www.euroleaguebasketball.net/en/euroleague/players/miles-norris/profile/014134/,MILES,NORRIS,201,Forward,United States of America,2000-04-15T00:00:00,BAR,FC Barcelona,ok
P006068,006068,amine-noua,euroleague,https://www.euroleaguebasketball.net/en/euroleague/players/amine-noua/profile/006068/,AMINE,NOUA,202,Forward,France,1997-02-07T00:00:00,ULK,Fenerbahce Beko Istanbul,ok
P001890,001890,valentin-novikov,euroleague,https://www.euroleaguebasketball.net/en/euroleague/players/valentin-novikov/profile/001890/,VALENTIN,NOVIKOV,196,Guard,Russian Federation,1989-09-02T00:00:00,KHI,BC Khimki Moscow Region,ok
P000078,000078,michele-novi,euroleague,https://www.euroleaguebasketball.net/en/euroleague/players/michele-novi/profile/000078/,MICHELE,NOVI,206,Forward,Italy,1988-12-10T00:00:00,VIR,Virtus VidiVici,ok
P014119,014119,markquis-nowell,euroleague,https://www.euroleaguebasketball.net/en/euroleague/players/markquis-nowell/profile/014119/,MARKQUIS,NOWELL,170,Guard,United States of America,1999-12-25T00:00:00,BAS,Kosner Baskonia Vitoria-Gasteiz,ok
PABB,ABB,dimosthenis-ntikoudis,euroleague,https://www.euroleaguebasketball.net/en/euroleague/players/dimosthenis-ntikoudis/profile/ABB/,DIMOS,DIKOUDIS,206,Forward,Greece,1977-06-24T00:00:00,NIO,Panionios On Telecoms,ok
P006591,006591,frank-ntilikina,euroleague,https://www.euroleaguebasketball.net/en/euroleague/players/frank-ntilikina/profile/006591/,FRANK,NTILIKINA,194,Guard,France,1998-07-28T00:00:00,OLY,Olympiacos Piraeus,ok
P012100,012100,anton-nufer,euroleague,https://www.euroleaguebasketball.net/en/euroleague/players/anton-nufer/profile/012100/,ANTON,NUFER,204,Guard,Germany,2006-04-09T00:00:00,BER,ALBA Berlin,ok
P010106,010106,juan-nunez,euroleague,https://www.euroleaguebasketball.net/en/euroleague/players/juan-nunez/profile/010106/,JUAN,NUNEZ,193,Guard,Spain,2004-06-04T00:00:00,BAR,FC Barcelona,ok
P007400,007400,james-william-nunnally,euroleague,https://www.euroleaguebasketball.net/en/euroleague/players/james-william-nunnally/profile/007400/,JAMES,NUNNALLY,201,Guard,United States of America,1990-07-14T00:00:00,PAR,Partizan Mozzart Bet Belgrade,ok
P012774,012774,kendrick-nunn,euroleague,https://www.euroleaguebasketball.net/en/euroleague/players/kendrick-nunn/profile/012774/,KENDRICK,NUNN,195,Guard,United States of America,1995-08-03T00:00:00,PAN,Panathinaikos AKTOR Athens,ok
P004053,004053,jusuf-nurkic,euroleague,https://www.euroleaguebasketball.net/en/euroleague/players/jusuf-nurkic/profile/004053/,JUSUF,NURKIC,212,Center,Bosnia and Herzegovina,1994-08-23T00:00:00,CED,Cedevita Zagreb,ok
P013363,013363,jordan-nwora,euroleague,https://www.euroleaguebasketball.net/en/euroleague/players/jordan-nwora/profile/013363/,JORDAN,NWORA,203,Forward,United States of America,1998-09-09T00:00:00,RED,Crvena Zvezda Meridianbet Belgrade,ok
P005092,005092,jeremy-nzeulie,euroleague,https://www.euroleaguebasketball.net/en/euroleague/players/jeremy-nzeulie/profile/005092/,JEREMY,NZEULIE,188,Guard,France,1991-02-15T00:00:00,NTR,JSF Nanterre,ok
P011938,011938,retin-obasohan,euroleague,https://www.euroleaguebasketball.net/en/euroleague/players/retin-obasohan/profile/011938/,RETIN,OBASOHAN,183,Guard,Belgium,1993-07-06T00:00:00,ASV,LDLC ASVEL Villeurbanne,ok
P008262,008262,joshua-obiesie,euroleague,https://www.euroleaguebasketball.net/en/euroleague/players/joshua-obiesie/profile/008262/,JOSHUA,OBIESIE,198,Guard,Germany,2000-05-23T00:00:00,MUN,FC Bayern Munich,ok
P009004,009004,johnny-obryant,euroleague,https://www.euroleaguebasketball.net/en/euroleague/players/johnny-obryant/profile/009004/,JOHNNY,O'BRYANT,204,Forward,United States of America,1993-06-01T00:00:00,RED,Crvena Zvezda mts Belgrade,ok
P004508,004508,andreas-obst,euroleague,https://www.euroleaguebasketball.net/en/euroleague/players/andreas-obst/profile/004508/,ANDREAS,OBST,191,Guard,Germany,1996-07-13T00:00:00,MUN,FC Bayern Munich,ok
P011823,011823,tai-odiase,euroleague,https://www.euroleaguebasketball.net/en/euroleague/players/tai-odiase/profile/011823/,TAI,ODIASE,206,Center,United States of America,1995-09-21T00:00:00,HTA,Hapoel IBI Tel Aviv,ok
P008140,008140,vladislav-odinokov,euroleague,https://www.euroleaguebasketball.net/en/euroleague/players/vladislav-odinokov/profile/008140/,VLADISLAV,ODINOKOV,202,Forward,Russian Federation,2000-03-22T00:00:00,KHI,Khimki Moscow Region,ok
P005667,005667,lamar-odom,euroleague,https://www.euroleaguebasketball.net/en/euroleague/players/lamar-odom/profile/005667/,LAMAR,ODOM,208,Forward,United States of America,1979-11-06T00:00:00,BAS,Laboral Kutxa Vitoria,ok
P004982,004982,ike-ofoegbu,euroleague,https://www.euroleaguebasketball.net/en/euroleague/players/ike-ofoegbu/profile/004982/,IKE,OFOEGBU,205,Center,United States of America,1984-11-09T00:00:00,TEL,Maccabi FOX Tel Aviv,ok
P003242,003242,kenneth-ogbe,euroleague,https://www.euroleaguebasketball.net/en/euroleague/players/kenneth-ogbe/profile/003242/,KENNETH,OGBE,198,Guard,Germany,1994-11-16T00:00:00,BER,ALBA Berlin,ok
P002926,002926,andrew-james-ogilvy,euroleague,https://www.euroleaguebasketball.net/en/euroleague/players/andrew-james-ogilvy/profile/002926/,ANDREW JAMES,OGILVY,211,Forward,Australia,1988-06-17T00:00:00,BAM,Brose Baskets Bamberg,ok
P007057,007057,marvin-ogunsipe,euroleague,https://www.euroleaguebasketball.net/en/euroleague/players/marvin-ogunsipe/profile/007057/,MARVIN,OGUNSIPE,204,Forward,Austria,1996-02-26T00:00:00,MUN,FC Bayern Munich,ok
P000622,000622,yogev-ohayon,euroleague,https://www.euroleaguebasketball.net/en/euroleague/players/yogev-ohayon/profile/000622/,YOGEV,OHAYON,189,Guard,Israel,1987-04-24T00:00:00,TEL,Maccabi FOX Tel Aviv,ok
PLPK,LPK,tim-ohlbrecht,euroleague,https://www.euroleaguebasketball.net/en/euroleague/players/tim-ohlbrecht/profile/LPK/,TIM,OHLBRECHT,210,Center,Germany,1988-08-30T00:00:00,BAM,Brose Baskets,ok
P009461,009461,sotirios-oikonomopoulos,euroleague,https://www.euroleaguebasketball.net/en/euroleague/players/sotirios-oikonomopoulos/profile/009461/,SOTIRIS,OIKONOMOPOULOS,191,Forward,Greece,2003-08-29T00:00:00,OLY,Olympiacos Piraeus,ok
P011982,011982,semi-ojeleye,euroleague,https://www.euroleaguebasketball.net/en/euroleague/players/semi-ojeleye/profile/011982/,SEMI,OJELEYE,198,Forward,United States of America,1994-12-05T00:00:00,RED,Crvena Zvezda Meridianbet Belgrade,ok
P008801,008801,michael-ojo,euroleague,https://www.euroleaguebasketball.net/en/euroleague/players/michael-ojo/profile/008801/,MICHAEL,OJO,216,Center,Nigeria,1993-01-05T00:00:00,RED,Crvena Zvezda mts Belgrade,ok
P014006,014006,chuma-okeke,euroleague,https://www.euroleaguebasketball.net/en/euroleague/players/chuma-okeke/profile/014006/,CHUMA,OKEKE,201,Center,United States of America,1998-08-18T00:00:00,MAD,Real Madrid,ok
P011212,011212,elie-okobo,euroleague,https://www.euroleaguebasketball.net/en/euroleague/players/elie-okobo/profile/011212/,ELIE,OKOBO,191,Guard,France,1997-10-23T00:00:00,MCO,AS Monaco,ok
P005363,005363,viny-okouo,euroleague,https://www.euroleaguebasketball.net/en/euroleague/players/viny-okouo/profile/005363/,VINY,OKOUO,214,Center,Congo,1997-04-10T00:00:00,MAL,Unicaja Malaga,ok
PASB,ASB,ademola-okulaja,euroleague,https://www.euroleaguebasketball.net/en/euroleague/players/ademola-okulaja/profile/ASB/,ADEMOLA,OKULAJA,206,Forward,Germany,1975-07-10T00:00:00,BAM,Brose Baskets,ok
P006600,006600,gabe-olaseni,euroleague,https://www.euroleaguebasketball.net/en/euroleague/players/gabe-olaseni/profile/006600/,GABE,OLASENI,208,Center,United Kingdom,1991-12-29T00:00:00,BAM,Brose Baskets Bamberg,ok
P001972,001972,brad-oleson,euroleague,https://www.euroleaguebasketball.net/en/euroleague/players/brad-oleson/profile/001972/,BRAD,OLESON,191,Guard,Spain,1983-04-11T00:00:00,BAR,FC Barcelona Lassa,ok
P006919,006919,louis-olinde,euroleague,https://www.euroleaguebasketball.net/en/euroleague/players/louis-olinde/profile/006919/,LOUIS,OLINDE,205,Forward,Germany,1998-03-19T00:00:00,BER,ALBA Berlin,ok
P000554,000554,albert-oliver,euroleague,https://www.euroleaguebasketball.net/en/euroleague/players/albert-oliver/profile/000554/,ALBERT,OLIVER,0,,Spain,1978-06-04T00:00:00,BAR,FC Barcelona,ok
P004443,004443,ayberk-olmaz,euroleague,https://www.euroleaguebasketball.net/en/euroleague/players/ayberk-olmaz/profile/004443/,AYBERK,OLMAZ,210,Forward,Turkiye,1996-06-08T00:00:00,ULK,Fenerbahce Ulker Istanbul,ok
P004222,004222,alen-omic,euroleague,https://www.euroleaguebasketball.net/en/euroleague/players/alen-omic/profile/004222/,ALEN,OMIC,216,Center,Slovenia,1992-05-06T00:00:00,MIL,AX Armani Exchange Olimpia Milan,ok
P014121,014121,clifford-omoruyi,euroleague,https://www.euroleaguebasketball.net/en/euroleague/players/clifford-omoruyi/profile/014121/,CLIFFORD,OMORUYI,211,Center,Nigeria,2001-10-11T00:00:00,TEL,Maccabi Rapyd Tel Aviv,ok
P014207,014207,eugene-omoruyi,euroleague,https://www.euroleaguebasketball.net/en/euroleague/players/eugene-omoruyi/profile/014207/,EUGENE,OMORUYI,198,Center,Canada,1997-02-14T00:00:00,BAS,Kosner Baskonia Vitoria-Gasteiz,ok
PARO,ARO,omer-onan,euroleague,https://www.euroleaguebasketball.net/en/euroleague/players/omer-onan/profile/ARO/,OMER,ONAN,194,Guard,Turkiye,1978-02-04T00:00:00,ULK,Fenerbahce Ulker Istanbul,ok
P010400,010400,ridvan-oncel,euroleague,https://www.euroleaguebasketball.net/en/euroleague/players/ridvan-oncel/profile/010400/,RIDVAN,ONCEL,191,Guard,Turkiye,1997-02-21T00:00:00,IST,Anadolu Efes Istanbul,ok
P006647,006647,arinze-onuaku,euroleague,https://www.euroleaguebasketball.net/en/euroleague/players/arinze-onuaku/profile/006647/,ARINZE,ONUAKU,206,Center,United States of America,1987-07-13T00:00:00,TEL,Maccabi FOX Tel Aviv,ok
P010776,010776,kyle-brandon-oquinn,euroleague,https://www.euroleaguebasketball.net/en/euroleague/players/kyle-brandon-oquinn/profile/010776/,KYLE BRANDON,O'QUINN,206,Center,United States of America,1990-03-26T00:00:00,ULK,Fenerbahce Beko Istanbul,ok
P002012,002012,gediminas-orelik,euroleague,https://www.euroleaguebasketball.net/en/euroleague/players/gediminas-orelik/profile/002012/,GEDIMINAS,ORELIK,200,Forward,Lithuania,1990-05-14T00:00:00,LIE,Lietuvos Rytas Vilnius,ok
P005917,005917,pierre-oriola,euroleague,https://www.euroleaguebasketball.net/en/euroleague/players/pierre-oriola/profile/005917/,PIERRE,ORIOLA,208,Center,Spain,1992-09-25T00:00:00,BAR,FC Barcelona,ok
PKWG,KWG,benjamin-ortner,euroleague,https://www.euroleaguebasketball.net/en/euroleague/players/benjamin-ortner/profile/KWG/,BENJAMIN,ORTNER,206,Center,Austria,1983-03-16T00:00:00,SIE,Montepaschi Siena,ok
P010581,010581,dylan-osetkowski,euroleague,https://www.euroleaguebasketball.net/en/euroleague/players/dylan-osetkowski/profile/010581/,DYLAN,OSETKOWSKI,206,Forward,United States of America,1996-08-08T00:00:00,PAR,Partizan Mozzart Bet Belgrade,ok
P004088,004088,cedi-osman,euroleague,https://www.euroleaguebasketball.net/en/euroleague/players/cedi-osman/profile/004088/,CEDI,OSMAN,204,Forward,Turkiye,1995-04-08T00:00:00,PAN,Panathinaikos AKTOR Athens,ok
P012710,012710,ercan-osmani,euroleague,https://www.euroleaguebasketball.net/en/euroleague/players/ercan-osmani/profile/012710/,ERCAN,OSMANI,210,Forward,Turkiye,1998-08-04T00:00:00,IST,Anadolu Efes Istanbul,ok
P012788,012788,dan-oturu,euroleague,https://www.euroleaguebasketball.net/en/euroleague/players/dan-oturu/profile/012788/,DAN,OTURU,208,Center,United States of America,1999-09-20T00:00:00,HTA,Hapoel IBI Tel Aviv,ok
P004197,004197,yakuba-ouattara,euroleague,https://www.euroleaguebasketball.net/en/euroleague/players/yakuba-ouattara/profile/004197/,YAKUBA,OUATTARA,192,Guard,France,1992-01-24T00:00:00,PRS,Paris Basketball,ok
P003552,003552,randy-oveneke,euroleague,https://www.euroleaguebasketball.net/en/euroleague/players/randy-oveneke/profile/003552/,RANDY,OVENEKE,,Forward,Belgium,1986-01-03T00:00:00,CHA,Belgacom Spirou Charleroi,ok
PAQA,AQA,saso-ozbolt,euroleague,https://www.euroleaguebasketball.net/en/euroleague/players/saso-ozbolt/profile/AQA/,SASO,OZBOLT,191,Guard,Slovenia,1981-04-04T00:00:00,ZAG,Zagreb,ok
P006640,006640,dogus-ozdemiroglu,euroleague,https://www.euroleaguebasketball.net/en/euroleague/players/dogus-ozdemiroglu/profile/006640/,DOGUS,OZDEMIROGLU,194,Guard,Turkiye,1996-04-17T00:00:00,IST,Anadolu Efes Istanbul,ok
PBNW,BNW,cevher-ozer,euroleague,https://www.euroleaguebasketball.net/en/euroleague/players/cevher-ozer/profile/BNW/,CEVHER,OZER,205,Forward,Turkiye,1983-01-24T00:00:00,BES,Besiktas JK Istanbul,ok
P004179,004179,kartal-ozmizrak,euroleague,https://www.euroleaguebasketball.net/en/euroleague/players/kartal-ozmizrak/profile/004179/,KARTAL,OZMIZRAK,188,Guard,Turkiye,1995-08-29T00:00:00,DAR,Darussafaka Tekfen Istanbul,ok
PAWO,AWO,zaza-pachulia,euroleague,https://www.euroleaguebasketball.net/en/euroleague/players/zaza-pachulia/profile/AWO/,ZAZA,PACHULIA,210,Center,Georgia,1984-10-02T00:00:00,GAL,Galatasaray Medical Park,ok
PLIF,LIF,bora-hun-pacun,euroleague,https://www.euroleaguebasketball.net/en/euroleague/players/bora-hun-pacun/profile/LIF/,BORA HUN,PACUN,210,Forward,Turkiye,1987-05-27T00:00:00,IST,Efes Pilsen,ok
P002705,002705,dylan-page,euroleague,https://www.euroleaguebasketball.net/en/euroleague/players/dylan-page/profile/002705/,DYLAN,PAGE,205,Forward,United States of America,1982-03-28T00:00:00,LJU,Union Olimpija Ljubljana,ok
P006739,006739,alessandro-pajola,euroleague,https://www.euroleaguebasketball.net/en/euroleague/players/alessandro-pajola/profile/006739/,ALESSANDRO,PAJOLA,194,Guard,Italy,1999-11-09T00:00:00,VIR,Virtus Bologna,ok
PTGU,TGU,milt-palacio,euroleague,https://www.euroleaguebasketball.net/en/euroleague/players/milt-palacio/profile/TGU/,MILT,PALACIO,190,Guard,Belize,1978-02-07T00:00:00,PAR,Partizan Igokea,ok
P003603,003603,juan-palacios,euroleague,https://www.euroleaguebasketball.net/en/euroleague/players/juan-palacios/profile/003603/,JUAN,PALACIOS,203,Forward,Colombia,1985-05-11T00:00:00,KSK,Pinar Karsiyaka,ok
P013283,013283,guy-palatin,euroleague,https://www.euroleaguebasketball.net/en/euroleague/players/guy-palatin/profile/013283/,GUY,PALATIN,195,Guard,Israel,2000-09-25T00:00:00,HTA,Hapoel IBI Tel Aviv,ok
P004175,004175,piotr-pamula,euroleague,https://www.euroleaguebasketball.net/en/euroleague/players/piotr-pamula/profile/004175/,PIOTR,PAMULA,195,Guard,Poland,1990-01-19T00:00:00,SOP,Asseco Prokom Gdynia,ok
P006433,006433,kevin-pangos,euroleague,https://www.euroleaguebasketball.net/en/euroleague/players/kevin-pangos/profile/006433/,KEVIN,PANGOS,186,Guard,Slovenia,1993-01-26T00:00:00,PAM,Valencia Basket,ok
PLSK,LSK,vadim-panin,euroleague,https://www.euroleaguebasketball.net/en/euroleague/players/vadim-panin/profile/LSK/,VADIM,PANIN,203,Guard,Russian Federation,1984-02-10T00:00:00,UNK,Unics Kazan,ok
PLRF,LRF,andy-panko,euroleague,https://www.euroleaguebasketball.net/en/euroleague/players/andy-panko/profile/LRF/,ANDY,PANKO,203,Forward,United States of America,1977-11-29T00:00:00,MAL,Unicaja Malaga,ok
PABK,ABK,spyridon-panteliadis,euroleague,https://www.euroleaguebasketball.net/en/euroleague/players/spyridon-panteliadis/profile/ABK/,SPYRIDON,PANTELIADIS,190,Guard,Greece,1977-01-30T00:00:00,ARI,Aris TT Bank,ok
P007634,007634,melwin-pantzar,euroleague,https://www.euroleaguebasketball.net/en/euroleague/players/melwin-pantzar/profile/007634/,MELWIN,PANTZAR,190,Guard,Sweden,2000-04-10T00:00:00,MAD,Real Madrid,ok
P009815,009815,konstantinos-papadakis,euroleague,https://www.euroleaguebasketball.net/en/euroleague/players/konstantinos-papadakis/profile/009815/,KONSTANTINOS,PAPADAKIS,191,Guard,Greece,1998-09-27T00:00:00,PAN,Panathinaikos OPAP Athens,ok
PAPP,APP,lazaros-papadopoulos,euroleague,https://www.euroleaguebasketball.net/en/euroleague/players/lazaros-papadopoulos/profile/APP/,LAZAROS,PAPADOPOULOS,210,Center,Greece,1980-06-03T00:00:00,OLY,Olympiacos Piraeus,ok
P005844,005844,georgios-papagiannis,euroleague,https://www.euroleaguebasketball.net/en/euroleague/players/georgios-papagiannis/profile/005844/,GEORGIOS,PAPAGIANNIS,220,Center,Greece,1997-07-03T00:00:00,IST,Anadolu Efes Istanbul,ok
PATW,ATW,theodoros-papaloukas,euroleague,https://www.euroleaguebasketball.net/en/euroleague/players/theodoros-papaloukas/profile/ATW/,THEODOROS,PAPALOUKAS,200,Guard,Greece,1977-05-08T00:00:00,CSK,CSKA Moscow,ok
PACJ,ACJ,manolis-papamakarios,euroleague,https://www.euroleaguebasketball.net/en/euroleague/players/manolis-papamakarios/profile/ACJ/,MANOLIS,PAPAMAKARIOS,190,Guard,Greece,1980-08-26T00:00:00,OLY,Olympiacos,ok
P001255,001255,kostas-papanikolaou,euroleague,https://www.euroleaguebasketball.net/en/euroleague/players/kostas-papanikolaou/profile/001255/,KOSTAS,PAPANIKOLAOU,204,Forward,Greece,1990-07-31T00:00:00,OLY,Olympiacos Piraeus,ok
P001567,001567,kostas-papantonakos,euroleague,https://www.euroleaguebasketball.net/en/euroleague/players/kostas-papantonakos/profile/001567/,KOSTAS,PAPANTONAKOS,198,Forward,Greece,1991-07-03T00:00:00,MAR,Maroussi,ok
P001144,001144,epameinondas-papantoniou,euroleague,https://www.euroleaguebasketball.net/en/euroleague/players/epameinondas-papantoniou/profile/001144/,NONTAS,PAPANTONIOU,190,Guard,Greece,1990-04-28T00:00:00,MAR,Maroussi,ok
P005161,005161,ioannis-papapetrou,euroleague,https://www.euroleaguebasketball.net/en/euroleague/players/ioannis-papapetrou/profile/005161/,IOANNIS,PAPAPETROU,206,Forward,Greece,1994-03-30T00:00:00,PAN,Panathinaikos AKTOR Athens,ok
P012023,012023,george-papas,euroleague,https://www.euroleaguebasketball.net/en/euroleague/players/george-papas/profile/012023/,GEORGE,PAPAS,196,Guard,Greece,1998-03-15T00:00:00,OLY,Olympiacos Piraeus,ok
P000464,000464,nikos-pappas,euroleague,https://www.euroleaguebasketball.net/en/euroleague/players/nikos-pappas/profile/000464/,NIKOS,PAPPAS,196,Guard,Greece,1990-07-11T00:00:00,PAN,Panathinaikos Athens,ok
P001303,001303,michael-paragyios,euroleague,https://www.euroleaguebasketball.net/en/euroleague/players/michael-paragyios/profile/001303/,MICHAEL,PARAGYIOS,206,Forward,Greece,1982-08-25T00:00:00,NIO,Panionios On Telecoms,ok
11111,11111,michail-paragyios,none,,,,,,,,,,not_found (http_404)
P003034,003034,artsiom-parakhouski,euroleague,https://www.euroleaguebasketball.net/en/euroleague/players/artsiom-parakhouski/profile/003034/,ARTSIOM,PARAKHOUSKI,211,Center,Belarus,1987-10-06T00:00:00,TEL,Maccabi FOX Tel Aviv,ok
P001276,001276,jannero-pargo,euroleague,https://www.euroleaguebasketball.net/en/euroleague/players/jannero-pargo/profile/001276/,JANNERO,PARGO,188,Guard,United States of America,1979-10-22T00:00:00,OLY,Olympiacos Piraeus,ok
P002834,002834,jeremy-pargo,euroleague,https://www.euroleaguebasketball.net/en/euroleague/players/jeremy-pargo/profile/002834/,JEREMY,PARGO,188,Guard,United States of America,1986-03-17T00:00:00,TEL,Maccabi FOX Tel Aviv,ok
P012745,012745,jabari-parker,euroleague,https://www.euroleaguebasketball.net/en/euroleague/players/jabari-parker/profile/012745/,JABARI,PARKER,203,Forward,United States of America,1995-03-15T00:00:00,PAR,Partizan Mozzart Bet Belgrade,ok
P000264,000264,terence-parker,euroleague,https://www.euroleaguebasketball.net/en/euroleague/players/terence-parker/profile/000264/,TJ,PARKER,0,,France,1984-05-16T00:00:00,MUN,FC Bayern Munich,ok
P007464,007464,joel-parra,euroleague,https://www.euroleaguebasketball.net/en/euroleague/players/joel-parra/profile/007464/,JOEL,PARRA,202,Forward,Spain,2000-04-04T00:00:00,BAR,FC Barcelona,ok
PCJB,CJB,drago-pasalic,euroleague,https://www.euroleaguebasketball.net/en/euroleague/players/drago-pasalic/profile/CJB/,DRAGO,PASALIC,208,Forward,Croatia,1984-06-23T00:00:00,CIB,Cibona Zagreb,ok
P006385,006385,davide-pascolo,euroleague,https://www.euroleaguebasketball.net/en/euroleague/players/davide-pascolo/profile/006385/,DAVIDE,PASCOLO,203,Forward,Italy,1990-12-14T00:00:00,MIL,AX Armani Exchange Olimpia Milan,ok
P003921,003921,anzejs-pasecniks,euroleague,https://www.euroleaguebasketball.net/en/euroleague/players/anzejs-pasecniks/profile/003921/,ANZEJS,PASECNIKS,216,Center,Latvia,1995-12-20T00:00:00,CAN,Herbalife Gran Canaria,ok
PAYU,AYU,zakhar-pashutin,euroleague,https://www.euroleaguebasketball.net/en/euroleague/players/zakhar-pashutin/profile/AYU/,ZAKHAR,PASHUTIN,196,Guard,Russian Federation,1974-05-03T00:00:00,UNK,Unics Kazan,ok
P005093,005093,johan-passave,euroleague,https://www.euroleaguebasketball.net/en/euroleague/players/johan-passave/profile/005093/,JOHAN,PASSAVE,200,Forward,France,1985-07-13T00:00:00,NTR,JSF Nanterre,ok
P004804,004804,ruslan-pateev,euroleague,https://www.euroleaguebasketball.net/en/euroleague/players/ruslan-pateev/profile/004804/,RUSLAN,PATEEV,213,Center,Russian Federation,1990-04-25T00:00:00,KHI,Khimki Moscow Region,ok
P005973,005973,levan-patsatsia,euroleague,https://www.euroleaguebasketball.net/en/euroleague/players/levan-patsatsia/profile/005973/,LEVAN,PATSATSIA,198,Forward,Georgia,1988-09-24T00:00:00,NOV,Nizhny Novgorod,ok
P004945,004945,brandon-paul,euroleague,https://www.euroleaguebasketball.net/en/euroleague/players/brandon-paul/profile/004945/,BRANDON,PAUL,193,Guard,United States of America,1991-04-30T00:00:00,OLY,Olympiacos Piraeus,ok
PJFX,JFX,rickey-paulding,euroleague,https://www.euroleaguebasketball.net/en/euroleague/players/rickey-paulding/profile/JFX/,RICKEY,PAULDING,196,Guard,United States of America,1982-10-23T00:00:00,OLD,EWE Baskets,ok
P003204,003204,oriol-pauli,euroleague,https://www.euroleaguebasketball.net/en/euroleague/players/oriol-pauli/profile/003204/, ORIOL,PAULI,201,Guard,Spain,1994-05-20T00:00:00,BAR,FC Barcelona,ok
P013377,013377,mbiya-paul,euroleague,https://www.euroleaguebasketball.net/en/euroleague/players/mbiya-paul/profile/013377/,MBIYA,PAUL,202,Center,Democratic Republic of the Congo (Zaire),2005-04-11T00:00:00,ASV,LDLC ASVEL Villeurbanne,ok
P007533,007533,tomas-pavelka,euroleague,https://www.euroleaguebasketball.net/en/euroleague/players/tomas-pavelka/profile/007533/,TOMAS,PAVELKA,214,Center,Slovakia,2000-09-22T00:00:00,PAM,Valencia Basket,ok
PJSE,JSE,ivan-pavic,euroleague,https://www.euroleaguebasketball.net/en/euroleague/players/ivan-pavic/profile/JSE/,IVAN,PAVIC,200,Forward,Germany,1981-09-30T00:00:00,BAM,Brose Baskets,ok
P012934,012934,novak-pavlovic,euroleague,https://www.euroleaguebasketball.net/en/euroleague/players/novak-pavlovic/profile/012934/,NOVAK,PAVLOVIC,196,Guard,Serbia,2008-12-05T00:00:00,RED,Crvena Zvezda Meridianbet Belgrade,ok
PANE,ANE,sasha-pavlovic,euroleague,https://www.euroleaguebasketball.net/en/euroleague/players/sasha-pavlovic/profile/ANE/,SASHA,PAVLOVIC,201,Forward,Montenegro,1983-11-15T00:00:00,PAN,Panathinaikos Athens,ok
P008348,008348,adreian-payne,euroleague,https://www.euroleaguebasketball.net/en/euroleague/players/adreian-payne/profile/008348/,ADREIAN,PAYNE,208,Center,United States of America,1991-02-19T00:00:00,ASV,LDLC ASVEL Villeurbanne,ok
P014213,014213,cameron-payne,euroleague,https://www.euroleaguebasketball.net/en/euroleague/players/cameron-payne/profile/014213/,CAMERON,PAYNE,191,Guard,United States of America,1994-08-08T00:00:00,PAR,Partizan Mozzart Bet Belgrade,ok
P003673,003673,mark-payne,euroleague,https://www.euroleaguebasketball.net/en/euroleague/players/mark-payne/profile/003673/,MARK,PAYNE,203,Forward,United States of America,1988-06-17T00:00:00,LMG,Limoges CSP,ok
P005438,005438,andrea-pecchia,euroleague,https://www.euroleaguebasketball.net/en/euroleague/players/andrea-pecchia/profile/005438/,ANDREA,PECCHIA,197,Guard,Italy,1997-11-16T00:00:00,MIL,EA7 Emporio Armani Milan,ok
P002850,002850,oleksiy-pecherov,euroleague,https://www.euroleaguebasketball.net/en/euroleague/players/oleksiy-pecherov/profile/002850/,OLEKSIY,PECHEROV,212,Forward,Ukraine,1985-12-08T00:00:00,MIL,Armani Jeans Milano,ok
PLGN,LGN,vaidotas-peciukas,euroleague,https://www.euroleaguebasketball.net/en/euroleague/players/vaidotas-peciukas/profile/LGN/,VAIDOTAS,PECIUKAS,199,Guard,Lithuania,1982-04-03T00:00:00,ZAL,Zalgiris,ok
P005922,005922,zanis-peiners,euroleague,https://www.euroleaguebasketball.net/en/euroleague/players/zanis-peiners/profile/005922/,ZANIS,PEINERS,205,Forward,Latvia,1990-08-02T00:00:00,DAR,Darussafaka Tekfen Istanbul,ok
PARV,ARV,kaya-peker,euroleague,https://www.euroleaguebasketball.net/en/euroleague/players/kaya-peker/profile/ARV/,KAYA,PEKER,208,Center,Turkiye,1980-08-02T00:00:00,ULK,Fenerbahce Ulker Istanbul,ok
PKNN,KNN,nikola-pekovic,euroleague,https://www.euroleaguebasketball.net/en/euroleague/players/nikola-pekovic/profile/KNN/,NIKOLA,PEKOVIC,210,Center,Montenegro,1986-01-03T00:00:00,PAR,Partizan mt:s Belgrade,ok
PACK,ACK,michalis-pelekanos,euroleague,https://www.euroleaguebasketball.net/en/euroleague/players/michalis-pelekanos/profile/ACK/,MICHALIS,PELEKANOS,198,Guard,Greece,1981-05-25T00:00:00,OLY,Olympiacos Piraeus,ok
P006459,006459,francesco-pellegrino,euroleague,https://www.euroleaguebasketball.net/en/euroleague/players/francesco-pellegrino/profile/006459/,FRANCESCO,PELLEGRINO,211,Center,Italy,1991-08-06T00:00:00,SAS,Dinamo Banco di Sardegna Sassari,ok
PTEX,TEX,marc-antoine-pellin,euroleague,https://www.euroleaguebasketball.net/en/euroleague/players/marc-antoine-pellin/profile/TEX/,MARC-ANTOINE,PELLIN,170,Guard,France,1987-09-08T00:00:00,ROA,Chorale Roanne,ok
P005415,005415,ajdin-penava,euroleague,https://www.euroleaguebasketball.net/en/euroleague/players/ajdin-penava/profile/005415/,AJDIN,PENAVA,206,Center,Bosnia and Herzegovina,1997-03-11T00:00:00,BAS,KIROLBET Baskonia Vitoria-Gasteiz,ok
P003327,003327,boris-penninck,euroleague,https://www.euroleaguebasketball.net/en/euroleague/players/boris-penninck/profile/003327/,BORIS,PENNINCK,202,Center,Belgium,1988-09-09T00:00:00,CHA,Belgacom Spirou Charleroi,ok
PBXD,BXD,scoonie-penn,euroleague,https://www.euroleaguebasketball.net/en/euroleague/players/scoonie-penn/profile/BXD/,SCOONIE,PENN,180,Guard,United States of America,1977-01-09T00:00:00,OLY,Olympiacos Piraeus,ok
P004588,004588,stefan-peno,euroleague,https://www.euroleaguebasketball.net/en/euroleague/players/stefan-peno/profile/004588/,STEFAN,PENO,198,Guard,Serbia,1997-08-03T00:00:00,BER,ALBA Berlin,ok
P009752,009752,alex-perez,euroleague,https://www.euroleaguebasketball.net/en/euroleague/players/alex-perez/profile/009752/,ALEX,PEREZ,191,Guard,United States of America,1993-07-01T00:00:00,ULK,Fenerbahce Beko Istanbul,ok
P001198,001198,javier-perez,euroleague,https://www.euroleaguebasketball.net/en/euroleague/players/javier-perez/profile/001198/,JAVIER,PEREZ,201,Guard,Spain,1979-01-06T00:00:00,MAD,Real Madrid,ok
P003205,003205,josep-perez,euroleague,https://www.euroleaguebasketball.net/en/euroleague/players/josep-perez/profile/003205/,JOSEP,PEREZ,183,Guard,Spain,1994-05-11T00:00:00,BAR,FC Barcelona Regal,ok
P005238,005238,pablo-perez,euroleague,https://www.euroleaguebasketball.net/en/euroleague/players/pablo-perez/profile/005238/,PABLO,PEREZ,185,Guard,Spain,1997-02-27T00:00:00,PAM,Valencia Basket,ok
PCJF,CJF,hrvoje-peric,euroleague,https://www.euroleaguebasketball.net/en/euroleague/players/hrvoje-peric/profile/CJF/,HRVOJE,PERIC,203,Forward,Croatia,1985-10-25T00:00:00,MAL,Unicaja Malaga,ok
P001920,001920,doron-perkins,euroleague,https://www.euroleaguebasketball.net/en/euroleague/players/doron-perkins/profile/001920/,DORON,PERKINS,0,,United States of America,1983-05-06T00:00:00,TEL,Maccabi Playtika Tel Aviv,ok
PBQK,BQK,jasmin-perkovic,euroleague,https://www.euroleaguebasketball.net/en/euroleague/players/jasmin-perkovic/profile/BQK/,JASMIN,PERKOVIC,204,Forward,Croatia,1980-12-25T00:00:00,OLD,EWE Baskets,ok
PBFG,BFG,kosta-perovic,euroleague,https://www.euroleaguebasketball.net/en/euroleague/players/kosta-perovic/profile/BFG/,KOSTA,PEROVIC,217,Center,Serbia,1985-02-19T00:00:00,MAL,Unicaja Malaga,ok
PKRH,KRH,stratos-perperoglou,euroleague,https://www.euroleaguebasketball.net/en/euroleague/players/stratos-perperoglou/profile/KRH/,STRATOS,PERPEROGLOU,203,Forward,Greece,1984-08-07T00:00:00,RED,Crvena Zvezda mts Belgrade,ok
P010413,010413,kendrick-perry,euroleague,https://www.euroleaguebasketball.net/en/euroleague/players/kendrick-perry/profile/010413/,KENDRICK,PERRY,185,Guard,United States of America,1992-12-23T00:00:00,PAN,Panathinaikos OPAP Athens,ok
PXBB,XBB,marque-perry,euroleague,https://www.euroleaguebasketball.net/en/euroleague/players/marque-perry/profile/XBB/,MARQUE,PERRY,185,Guard,United States of America,1981-01-28T00:00:00,LJU,Union Olimpija Ljubljana,ok
P010387,010387,nikolaos-persidis,euroleague,https://www.euroleaguebasketball.net/en/euroleague/players/nikolaos-persidis/profile/010387/,NIKOLAOS,PERSIDIS,200,Forward,Greece,1995-09-08T00:00:00,PAN,Panathinaikos OPAP Athens,ok
P008829,008829,alec-peters,euroleague,https://www.euroleaguebasketball.net/en/euroleague/players/alec-peters/profile/008829/,ALEC,PETERS,206,Forward,United States of America,1995-04-13T00:00:00,OLY,Olympiacos Piraeus,ok
P010683,010683,lamar-peters,euroleague,https://www.euroleaguebasketball.net/en/euroleague/players/lamar-peters/profile/010683/,LAMAR,PETERS,183,Guard,United States of America,1998-06-19T00:00:00,BAS,Bitci Baskonia Vitoria-Gasteiz,ok
PJZN,JZN,marius-petravicius,euroleague,https://www.euroleaguebasketball.net/en/euroleague/players/marius-petravicius/profile/JZN/,MARIUS,PETRAVICIUS,207,Center,Lithuania,1979-10-24T00:00:00,MIL,Armani Jeans Milano,ok
P011194,011194,filip-petrusev,euroleague,https://www.euroleaguebasketball.net/en/euroleague/players/filip-petrusev/profile/011194/,FILIP,PETRUSEV,211,Center,Serbia,2000-04-15T00:00:00,DUB,Dubai Basketball,ok
P005162,005162,brent-petway,euroleague,https://www.euroleaguebasketball.net/en/euroleague/players/brent-petway/profile/005162/,BRENT,PETWAY,205,Forward,United States of America,1985-03-12T00:00:00,SAS,Dinamo Banco di Sardegna Sassari,ok
P010560,010560,dyshawn-pierre,euroleague,https://www.euroleaguebasketball.net/en/euroleague/players/dyshawn-pierre/profile/010560/,DYSHAWN,PIERRE,198,Forward,Canada,1993-11-17T00:00:00,ULK,Fenerbahce Beko Istanbul,ok
PAZK,AZK,florent-pietrus,euroleague,https://www.euroleaguebasketball.net/en/euroleague/players/florent-pietrus/profile/AZK/,FLORENT,PIETRUS,202,Forward,France,1981-01-19T00:00:00,PAM,Power Electronics Valencia,ok
P004316,004316,fran-pilepic,euroleague,https://www.euroleaguebasketball.net/en/euroleague/players/fran-pilepic/profile/004316/,FRAN,PILEPIC,194,Guard,Croatia,1989-05-05T00:00:00,CED,Cedevita Zagreb,ok
P003439,003439,kingsley-pinda,euroleague,https://www.euroleaguebasketball.net/en/euroleague/players/kingsley-pinda/profile/003439/,KINGSLEY,PINDA,195,Guard,France,1992-01-30T00:00:00,NAN,SLUC Nancy,ok
P002063,002063,kevinn-pinkney,euroleague,https://www.euroleaguebasketball.net/en/euroleague/players/kevinn-pinkney/profile/002063/,KEVINN,PINKNEY,208,Forward,United States of America,1983-10-20T00:00:00,LJU,Union Olimpija Ljubljana,ok
P006300,006300,suacan-piskin,euroleague,https://www.euroleaguebasketball.net/en/euroleague/players/suacan-piskin/profile/006300/,SUACAN,PISKIN,188,Guard,Turkiye,1990-08-04T00:00:00,GAL,Galatasaray Liv Hospital Istanbul,ok
P002017,002017,trent-plaisted,euroleague,https://www.euroleaguebasketball.net/en/euroleague/players/trent-plaisted/profile/002017/,TRENT,PLAISTED,211,Center,United States of America,1986-10-20T00:00:00,LMG,Limoges CSP,ok
P004575,004575,darko-planinic,euroleague,https://www.euroleaguebasketball.net/en/euroleague/players/darko-planinic/profile/004575/,DARKO,PLANINIC,211,Center,Croatia,1990-11-22T00:00:00,BAS,Laboral Kutxa Vitoria Gasteiz,ok
PAFP,AFP,zoran-planinic,euroleague,https://www.euroleaguebasketball.net/en/euroleague/players/zoran-planinic/profile/AFP/,ZORAN,PLANINIC,199,Guard,Croatia,1982-09-12T00:00:00,IST,Anadolu Efes Istanbul,ok
P006240,006240,uros-plavsic,euroleague,https://www.euroleaguebasketball.net/en/euroleague/players/uros-plavsic/profile/006240/,UROS,PLAVSIC,217,Center,Serbia,1998-12-22T00:00:00,RED,Crvena Zvezda Meridianbet Belgrade,ok
PLHK,LHK,tibor-pleiss,euroleague,https://www.euroleaguebasketball.net/en/euroleague/players/tibor-pleiss/profile/LHK/,TIBOR,PLEISS,218,Center,Germany,1989-11-02T00:00:00,PAN,Panathinaikos AKTOR Athens,ok
P004438,004438,gleb-plotnikov,euroleague,https://www.euroleaguebasketball.net/en/euroleague/players/gleb-plotnikov/profile/004438/,GLEB,PLOTNIKOV,194,Guard,Russian Federation,1991-12-08T00:00:00,KHI,Khimki Moscow Region,ok
PLKX,LKX,guy-pnini,euroleague,https://www.euroleaguebasketball.net/en/euroleague/players/guy-pnini/profile/LKX/,GUY,PNINI,0,,Israel,1983-09-04T00:00:00,TEL,Maccabi Rapyd Tel Aviv,ok
P001878,001878,martynas-pocius,euroleague,https://www.euroleaguebasketball.net/en/euroleague/players/martynas-pocius/profile/001878/,MARTYNAS,POCIUS,196,Forward,Lithuania,1986-04-28T00:00:00,ZAL,Zalgiris Kaunas,ok
P002083,002083,giuseppe-poeta,euroleague,https://www.euroleaguebasketball.net/en/euroleague/players/giuseppe-poeta/profile/002083/,GIUSEPPE,POETA,0,,Italy,1985-09-12T00:00:00,MIL,EA7 Emporio Armani Milan,ok
P004887,004887,vincent-poirier,euroleague,https://www.euroleaguebasketball.net/en/euroleague/players/vincent-poirier/profile/004887/,VINCENT,POIRIER,213,Center,France,1993-10-17T00:00:00,IST,Anadolu Efes Istanbul,ok
P008232,008232,aleksej-pokusevski,euroleague,https://www.euroleaguebasketball.net/en/euroleague/players/aleksej-pokusevski/profile/008232/,ALEKSEJ,POKUSEVSKI,213,Forward,Serbia,2001-12-26T00:00:00,PAR,Partizan Mozzart Bet Belgrade,ok
P011937,011937,anthony-polite,euroleague,https://www.euroleaguebasketball.net/en/euroleague/players/anthony-polite/profile/011937/,ANTHONY,POLITE,198,Forward,Switzerland,1997-06-21T00:00:00,ASV,LDLC ASVEL Villeurbanne,ok
P002084,002084,achille-polonara,euroleague,https://www.euroleaguebasketball.net/en/euroleague/players/achille-polonara/profile/002084/,ACHILLE,POLONARA,205,Forward,Italy,1991-11-23T00:00:00,VIR,Virtus Segafredo Bologna,ok
P012088,012088,matys-pommier,euroleague,https://www.euroleaguebasketball.net/en/euroleague/players/matys-pommier/profile/012088/,MATYS,POMMIER,197,Forward,France,2002-03-05T00:00:00,MCO,AS Monaco,ok
P005292,005292,marcel-ponitka,euroleague,https://www.euroleaguebasketball.net/en/euroleague/players/marcel-ponitka/profile/005292/,MARCEL,PONITKA,187,Forward,Poland,1997-08-28T00:00:00,GSS,Stelmet Zielona Gora,ok
P004172,004172,mateusz-ponitka,euroleague,https://www.euroleaguebasketball.net/en/euroleague/players/mateusz-ponitka/profile/004172/,MATEUSZ,PONITKA,198,Forward,Poland,1993-08-29T00:00:00,PAR,Partizan Mozzart Bet Belgrade,ok
PJAN,JAN,anton-ponkrashov,euroleague,https://www.euroleaguebasketball.net/en/euroleague/players/anton-ponkrashov/profile/JAN/,ANTON,PONKRASHOV,200,Forward,Russian Federation,1986-04-23T00:00:00,KHI,Khimki Moscow Region,ok
P006832,006832,yves-pons,euroleague,https://www.euroleaguebasketball.net/en/euroleague/players/yves-pons/profile/006832/,YVES,PONS,197,Forward,France,1999-05-07T00:00:00,ASV,LDLC ASVEL Villeurbanne,ok
PBOV,BOV,bojan-popovic,euroleague,https://www.euroleaguebasketball.net/en/euroleague/players/bojan-popovic/profile/BOV/,BOJAN,POPOVIC,190,Guard,Serbia,1983-02-13T00:00:00,LIE,Lietuvos Rytas,ok
PATP,ATP,marko-popovic,euroleague,https://www.euroleaguebasketball.net/en/euroleague/players/marko-popovic/profile/ATP/,MARKO,POPOVIC,,,Croatia,1982-06-12T00:00:00,DYR,Zenit St Petersburg,ok
P007398,007398,petar-popovic,euroleague,https://www.euroleaguebasketball.net/en/euroleague/players/petar-popovic/profile/007398/,PETAR,POPOVIC,193,Guard,Montenegro,1996-09-13T00:00:00,BUD,Buducnost VOLI Pogdorica,ok
P004426,004426,ilya-popov,euroleague,https://www.euroleaguebasketball.net/en/euroleague/players/ilya-popov/profile/004426/,ILYA,POPOV,210,Center,Russian Federation,1995-04-04T00:00:00,NOV,Nizhny Novgorod,ok
P001172,001172,antonio-porta,euroleague,https://www.euroleaguebasketball.net/en/euroleague/players/antonio-porta/profile/001172/,ANTONIO,PORTA,188,Guard,Argentina,1983-10-28T00:00:00,AVE,Air Avellino,ok
PTFC,TFC,pierric-poupet,euroleague,https://www.euroleaguebasketball.net/en/euroleague/players/pierric-poupet/profile/TFC/,PIERRIC,POUPET,0,,France,1984-08-18T00:00:00,ASV,LDLC ASVEL Villeurbanne,ok
P002541,002541,vincent-pourchot,euroleague,https://www.euroleaguebasketball.net/en/euroleague/players/vincent-pourchot/profile/002541/,VINCENT,POURCHOT,217,Center,France,1992-02-17T00:00:00,NAN,SLUC Nancy,ok
P004422,004422,josh-powell,euroleague,https://www.euroleaguebasketball.net/en/euroleague/players/josh-powell/profile/004422/,JOSH,POWELL,206,Forward,United States of America,1983-01-25T00:00:00,OLY,Olympiacos Piraeus,ok
P009960,009960,alex-poythress,euroleague,https://www.euroleaguebasketball.net/en/euroleague/players/alex-poythress/profile/009960/,ALEX,POYTHRESS,206,Center,United States of America,1993-09-06T00:00:00,MIL,EA7 Emporio Armani Milan,ok
P001626,001626,jose-pozas,euroleague,https://www.euroleaguebasketball.net/en/euroleague/players/jose-pozas/profile/001626/,JOSE,POZAS,183,Guard,Spain,1992-05-14T00:00:00,MAL,Unicaja Malaga,ok
P010393,010393,jaime-pradilla,euroleague,https://www.euroleaguebasketball.net/en/euroleague/players/jaime-pradilla/profile/010393/,JAIME,PRADILLA,205,Center,Spain,2001-01-03T00:00:00,PAM,Valencia Basket,ok
PTFH,TFH,emir-preldzic,euroleague,https://www.euroleaguebasketball.net/en/euroleague/players/emir-preldzic/profile/TFH/,EMIR,PRELDZIC,206,Forward,Turkiye,1987-09-06T00:00:00,GAL,Galatasaray Odeabank Istanbul,ok
P002661,002661,klemen-prepelic,euroleague,https://www.euroleaguebasketball.net/en/euroleague/players/klemen-prepelic/profile/002661/,KLEMEN,PREPELIC,192,Guard,Slovenia,1992-10-20T00:00:00,DUB,Dubai Basketball,ok
P007997,007997,phil-pressey,euroleague,https://www.euroleaguebasketball.net/en/euroleague/players/phil-pressey/profile/007997/,PHIL,PRESSEY,180,Guard,United States of America,1991-02-17T00:00:00,BAR,FC Barcelona Lassa,ok
P000002,000002,paulo-prestes,euroleague,https://www.euroleaguebasketball.net/en/euroleague/players/paulo-prestes/profile/000002/,PAULO,PRESTES,0,Center,Spain,1988-02-15T00:00:00,MAL,Unicaja,ok
PCOH,COH,hollis-price,euroleague,https://www.euroleaguebasketball.net/en/euroleague/players/hollis-price/profile/COH/,HOLLIS,PRICE,186,Guard,United States of America,1979-10-29T00:00:00,MIL,AJ Milano,ok
PCBX,CBX,pablo-prigioni,euroleague,https://www.euroleaguebasketball.net/en/euroleague/players/pablo-prigioni/profile/CBX/,PABLO,PRIGIONI,186,,Spain,1977-05-17T00:00:00,BAS,KIROLBET Baskonia Vitoria Gasteiz,ok
P000092,000092,vedran-princ,euroleague,https://www.euroleaguebasketball.net/en/euroleague/players/vedran-princ/profile/000092/,VEDRAN,PRINC,190,Guard,Croatia,1982-12-20T00:00:00,CIB,Cibona,ok
PAMM,AMM,georgios-printezis,euroleague,https://www.euroleaguebasketball.net/en/euroleague/players/georgios-printezis/profile/AMM/,GEORGIOS,PRINTEZIS,205,Forward,Greece,1985-02-22T00:00:00,OLY,Olympiacos Piraeus,ok
PAFQ,AFQ,nikola-prkacin,euroleague,https://www.euroleaguebasketball.net/en/euroleague/players/nikola-prkacin/profile/AFQ/,NIKOLA,PRKACIN,208,Forward,Croatia,1975-11-15T00:00:00,CIB,Cibona,ok
P008384,008384,gabriele-procida,euroleague,https://www.euroleaguebasketball.net/en/euroleague/players/gabriele-procida/profile/008384/,GABRIELE,PROCIDA,201,Forward,Italy,2002-06-01T00:00:00,MAD,Real Madrid,ok
P000048,000048,toni-prostran,euroleague,https://www.euroleaguebasketball.net/en/euroleague/players/toni-prostran/profile/000048/,TONI,PROSTRAN,181,Guard,Croatia,1991-04-09T00:00:00,ZAG,Zagreb,ok
P006643,006643,josep-puerto,euroleague,https://www.euroleaguebasketball.net/en/euroleague/players/josep-puerto/profile/006643/,JOSEP,PUERTO,202,Guard,Spain,1999-03-08T00:00:00,PAM,Valencia Basket,ok
P004355,004355,jacob-pullen,euroleague,https://www.euroleaguebasketball.net/en/euroleague/players/jacob-pullen/profile/004355/,JACOB,PULLEN,183,Guard,United States of America,1989-11-10T00:00:00,CED,Cedevita Zagreb,ok
P009862,009862,kevin-xavier-punter,euroleague,https://www.euroleaguebasketball.net/en/euroleague/players/kevin-xavier-punter/profile/009862/,KEVIN,PUNTER,193,Guard,Serbia,1993-06-25T00:00:00,BAR,FC Barcelona,ok
P003370,003370,anton-pushkov,euroleague,https://www.euroleaguebasketball.net/en/euroleague/players/anton-pushkov/profile/003370/,ANTON,PUSHKOV,208,Center,Russian Federation,1988-11-22T00:00:00,DYR,Zenit St Petersburg,ok
P004834,004834,artem-pustovyi,euroleague,https://www.euroleaguebasketball.net/en/euroleague/players/artem-pustovyi/profile/004834/,ARTEM,PUSTOVYI,219,Center,Ukraine,1992-06-25T00:00:00,BAR,FC Barcelona,ok
P010788,010788,joseba-querejeta,euroleague,https://www.euroleaguebasketball.net/en/euroleague/players/joseba-querejeta/profile/010788/,JOSEBA,QUEREJETA,190,Guard,Spain,2003-01-01T00:00:00,BAS,Kosner Baskonia Vitoria-Gasteiz,ok
PLEV,LEV,xavier-rabaseda,euroleague,https://www.euroleaguebasketball.net/en/euroleague/players/xavier-rabaseda/profile/LEV/,XAVIER,RABASEDA,198,Forward,Spain,1989-02-24T00:00:00,CAN,Herbalife Gran Canaria,ok
P005683,005683,aleksa-radanov,euroleague,https://www.euroleaguebasketball.net/en/euroleague/players/aleksa-radanov/profile/005683/,ALEKSA,RADANOV,202,Forward,Serbia,1998-02-01T00:00:00,PAR,Partizan Mozzart Bet Belgrade,ok
P011972,011972,jonah-radebaugh,euroleague,https://www.euroleaguebasketball.net/en/euroleague/players/jonah-radebaugh/profile/011972/,JONAH,RADEBAUGH,191,Guard,Montenegro,1997-06-17T00:00:00,PAM,Valencia Basket,ok
PBFF,BFF,ivan-radenovic,euroleague,https://www.euroleaguebasketball.net/en/euroleague/players/ivan-radenovic/profile/BFF/,IVAN,RADENOVIC,208,Forward,Serbia,1984-06-10T00:00:00,RED,Crvena Zvezda Telekom Belgrade,ok
P002561,002561,nikola-radicevic,euroleague,https://www.euroleaguebasketball.net/en/euroleague/players/nikola-radicevic/profile/002561/,NIKOLA,RADICEVIC,194,Guard,Serbia,1994-04-25T00:00:00,CAN,Herbalife Gran Canaria,ok
PLDH,LDH,dejan-radojevic,euroleague,https://www.euroleaguebasketball.net/en/euroleague/players/dejan-radojevic/profile/LDH/,DEJAN,RADOJEVIC,209,Center,Serbia,1989-12-05T00:00:00,LJU,Union Olimpija Ljubljana,ok
P006543,006543,dino-radoncic,euroleague,https://www.euroleaguebasketball.net/en/euroleague/players/dino-radoncic/profile/006543/,DINO,RADONCIC,202,Forward,Serbia,1999-01-08T00:00:00,MUN,FC Bayern Munich,ok
P003501,003501,bogdan-radosavljevic,euroleague,https://www.euroleaguebasketball.net/en/euroleague/players/bogdan-radosavljevic/profile/003501/,BOGDAN,RADOSAVLJEVIC,213,Center,Germany,1993-07-11T00:00:00,BER,ALBA Berlin,ok
PLEM,LEM,leon-radosevic,euroleague,https://www.euroleaguebasketball.net/en/euroleague/players/leon-radosevic/profile/LEM/,LEON,RADOSEVIC,208,Center,Germany,1990-02-26T00:00:00,MUN,FC Bayern Munich,ok
P011686,011686,ognjen-radosic,euroleague,https://www.euroleaguebasketball.net/en/euroleague/players/ognjen-radosic/profile/011686/,OGNJEN,RADOSIC,196,Guard,Serbia,2006-05-26T00:00:00,RED,Crvena Zvezda Meridianbet Belgrade,ok
PJDU,JDU,miroslav-raduljica,euroleague,https://www.euroleaguebasketball.net/en/euroleague/players/miroslav-raduljica/profile/JDU/,MIROSLAV,RADULJICA,213,Center,Serbia,1988-01-05T00:00:00,RED,Crvena Zvezda Meridianbet Belgrade,ok
PAQE,AQE,nikola-radulovic,euroleague,https://www.euroleaguebasketball.net/en/euroleague/players/nikola-radulovic/profile/AQE/,NIKOLA,RADULOVIC,207,Forward,Italy,1973-04-26T00:00:00,AVE,Air Avellino,ok
P014190,014190,gytis-radzevicius,euroleague,https://www.euroleaguebasketball.net/en/euroleague/players/gytis-radzevicius/profile/014190/,GYTIS,RADZEVICIUS,198,Guard,Lithuania,1995-07-17T00:00:00,BAS,Kosner Baskonia Vitoria-Gasteiz,ok
P005181,005181,joe-ragland,euroleague,https://www.euroleaguebasketball.net/en/euroleague/players/joe-ragland/profile/005181/,JOE,RAGLAND,181,Guard,United States of America,1989-11-28T00:00:00,KSK,Pinar Karsiyaka,ok
PKPM,KPM,miroslav-raicevic,euroleague,https://www.euroleaguebasketball.net/en/euroleague/players/miroslav-raicevic/profile/KPM/,MIROSLAV,RAICEVIC,207,Forward,Greece,1981-07-13T00:00:00,NIO,Panionios On Telecoms,ok
P008850,008850,sander-raieste,euroleague,https://www.euroleaguebasketball.net/en/euroleague/players/sander-raieste/profile/008850/,SANDER,RAIESTE,204,Forward,Estonia,1999-03-31T00:00:00,BAS,Baskonia Vitoria-Gasteiz,ok
P007395,007395,petar-rakicevic,euroleague,https://www.euroleaguebasketball.net/en/euroleague/players/petar-rakicevic/profile/007395/,PETAR,RAKICEVIC,204,Guard,Serbia,1995-06-04T00:00:00,RED,Crvena Zvezda mts Belgrade,ok
PANB,ANB,igor-rakocevic,euroleague,https://www.euroleaguebasketball.net/en/euroleague/players/igor-rakocevic/profile/ANB/,IGOR,RAKOCEVIC,191,Guard,Serbia,1978-03-29T00:00:00,SIE,Montepaschi Siena,ok
PBGI,BGI,zarko-rakocevic,euroleague,https://www.euroleaguebasketball.net/en/euroleague/players/zarko-rakocevic/profile/BGI/,ZARKO,RAKOCEVIC,204,Forward,Montenegro,1984-01-04T00:00:00,PAR,Partizan Belgrade,ok
P002031,002031,milovan-rakovic,euroleague,https://www.euroleaguebasketball.net/en/euroleague/players/milovan-rakovic/profile/002031/,MILOVAN,RAKOVIC,208,Center,Serbia,1985-02-19T00:00:00,ZAL,Zalgiris Kaunas,ok
P004917,004917,ivan-ramljak,euroleague,https://www.euroleaguebasketball.net/en/euroleague/players/ivan-ramljak/profile/004917/,IVAN,RAMLJAK,203,Forward,Croatia,1990-08-09T00:00:00,CED,Cedevita Zagreb,ok
PCIZ,CIZ,damir-rancic,euroleague,https://www.euroleaguebasketball.net/en/euroleague/players/damir-rancic/profile/CIZ/,DAMIR,RANCIC,198,Guard,Croatia,1983-06-23T00:00:00,ZAG,Zagreb,ok
PCWH,CWH,martin-rancik,euroleague,https://www.euroleaguebasketball.net/en/euroleague/players/martin-rancik/profile/CWH/,MARTIN,RANCIK,204,Center,Slovakia,1978-06-05T00:00:00,BAS,Caja Laboral Vitoria,ok
P002911,002911,brian-randle,euroleague,https://www.euroleaguebasketball.net/en/euroleague/players/brian-randle/profile/002911/,BRIAN,RANDLE,203,Forward,United States of America,1985-02-08T00:00:00,TEL,Maccabi FOX Tel Aviv,ok
P008038,008038,chasson-randle,euroleague,https://www.euroleaguebasketball.net/en/euroleague/players/chasson-randle/profile/008038/,CHASSON,RANDLE,188,Guard,United States of America,1993-02-05T00:00:00,MAD,Real Madrid,ok
P007019,007019,jerome-randle,euroleague,https://www.euroleaguebasketball.net/en/euroleague/players/jerome-randle/profile/007019/,JEROME,RANDLE,175,Guard,United States of America,1987-05-21T00:00:00,ZAL,Zalgiris Kaunas,ok
P005757,005757,anthony-randolph,euroleague,https://www.euroleaguebasketball.net/en/euroleague/players/anthony-randolph/profile/005757/,ANTHONY,RANDOLPH,211,Forward,United States of America,1989-07-15T00:00:00,MAD,Real Madrid,ok
P013382,013382,levi-randolph,euroleague,https://www.euroleaguebasketball.net/en/euroleague/players/levi-randolph/profile/013382/,LEVI,RANDOLPH,198,Forward,United States of America,1992-10-03T00:00:00,HTA,Hapoel IBI Tel Aviv,ok
PBPB,BPB,teemu-rannikko,euroleague,https://www.euroleaguebasketball.net/en/euroleague/players/teemu-rannikko/profile/BPB/,TEEMU,RANNIKKO,188,Guard,Finland,1980-09-09T00:00:00,LJU,Union Olimpija Ljubljana,ok
P011631,011631,elias-rapieque,euroleague,https://www.euroleaguebasketball.net/en/euroleague/players/elias-rapieque/profile/011631/,ELIAS,RAPIEQUE,200,Forward,Germany,2004-02-25T00:00:00,BER,ALBA Berlin,ok
PKGH,KGH,aleksandar-rasic,euroleague,https://www.euroleaguebasketball.net/en/euroleague/players/aleksandar-rasic/profile/KGH/,ALEKSANDAR,RASIC,195,Guard,Serbia,1984-03-16T00:00:00,SIE,Montepaschi Siena,ok
P013378,013378,xavier-rathan-mayes,euroleague,https://www.euroleaguebasketball.net/en/euroleague/players/xavier-rathan-mayes/profile/013378/,XAVIER,RATHAN-MAYES,191,Guard,Canada,1994-04-29T00:00:00,MUN,FC Bayern Munich,ok
P010150,010150,andy-rautins,euroleague,https://www.euroleaguebasketball.net/en/euroleague/players/andy-rautins/profile/010150/,ANDY,RAUTINS,193,Guard,Canada,1986-11-02T00:00:00,PAN,Panathinaikos OPAP Athens,ok
PTFR,TFR,allan-ray,euroleague,https://www.euroleaguebasketball.net/en/euroleague/players/allan-ray/profile/TFR/,ALLAN,RAY,188,Guard,United States of America,1984-06-17T00:00:00,ROM,Lottomatica Roma,ok
P009003,009003,kendrick-ray,euroleague,https://www.euroleaguebasketball.net/en/euroleague/players/kendrick-ray/profile/009003/,KENDRICK,RAY,188,Guard,United States of America,1994-01-26T00:00:00,TEL,Maccabi FOX Tel Aviv,ok
P013381,013381,william-rayman,euroleague,https://www.euroleaguebasketball.net/en/euroleague/players/william-rayman/profile/013381/,WILLIAM,RAYMAN,203,Forward,Israel,1997-04-01T00:00:00,TEL,Maccabi Rapyd Tel Aviv,ok
P010603,010603,duop-reath,euroleague,https://www.euroleaguebasketball.net/en/euroleague/players/duop-reath/profile/010603/,DUOP,REATH,210,Center,Australia,1996-06-26T00:00:00,RED,Crvena Zvezda mts Belgrade,ok
P003269,003269,nikola-rebic,euroleague,https://www.euroleaguebasketball.net/en/euroleague/players/nikola-rebic/profile/003269/,NIKOLA,REBIC,188,Guard,Serbia,1995-01-22T00:00:00,RED,Crvena Zvezda mts Belgrade,ok
P004844,004844,reggie-redding,euroleague,https://www.euroleaguebasketball.net/en/euroleague/players/reggie-redding/profile/004844/,REGGIE,REDDING,193,Guard,United States of America,1988-07-18T00:00:00,DAR,Darussafaka Dogus Istanbul,ok
P001604,001604,dovydas-redikas,euroleague,https://www.euroleaguebasketball.net/en/euroleague/players/dovydas-redikas/profile/001604/,DOVYDAS,REDIKAS,193,Guard,Lithuania,1992-12-11T00:00:00,LIE,Lietuvos Rytas Vilnius,ok
P009946,009946,willie-reed,euroleague,https://www.euroleaguebasketball.net/en/euroleague/players/willie-reed/profile/009946/,WILLIE,REED,211,Center,United States of America,1990-05-16T00:00:00,OLY,Olympiacos Piraeus,ok
P005945,005945,alex-renfroe,euroleague,https://www.euroleaguebasketball.net/en/euroleague/players/alex-renfroe/profile/005945/,ALEX,RENFROE,191,Guard,United States of America,1986-05-23T00:00:00,DYR,Zenit St Petersburg,ok
PJHL,JHL,tomas-ress,euroleague,https://www.euroleaguebasketball.net/en/euroleague/players/tomas-ress/profile/JHL/,TOMAS,RESS,208,Center,Italy,1980-08-22T00:00:00,SIE,Montepaschi Siena,ok
P012738,012738,nathan-reuvers,euroleague,https://www.euroleaguebasketball.net/en/euroleague/players/nathan-reuvers/profile/012738/,NATHAN,REUVERS,209,Forward,Hungary,1998-09-30T00:00:00,PAM,Valencia Basket,ok
PAAX,AAX,felipe-reyes,euroleague,https://www.euroleaguebasketball.net/en/euroleague/players/felipe-reyes/profile/AAX/,FELIPE,REYES,204,Forward,Spain,1980-03-16T00:00:00,MAD,Real Madrid,ok
P007942,007942,jalen-reynolds,euroleague,https://www.euroleaguebasketball.net/en/euroleague/players/jalen-reynolds/profile/007942/,JALEN,REYNOLDS,207,Center,United States of America,1992-12-30T00:00:00,TEL,Maccabi Playtika Tel Aviv,ok
P001257,001257,jr-reynolds,euroleague,https://www.euroleaguebasketball.net/en/euroleague/players/jr-reynolds/profile/001257/,JR,REYNOLDS,188,Guard,United States of America,1984-05-09T00:00:00,GSS,Stelmet Zielona Gora,ok
PJJH,JJH,xavi-rey,euroleague,https://www.euroleaguebasketball.net/en/euroleague/players/xavi-rey/profile/JJH/,XAVI,REY,208,Center,Spain,1987-07-13T00:00:00,BAR,Regal FC Barcelona,ok
P014178,014178,jared-rhoden,euroleague,https://www.euroleaguebasketball.net/en/euroleague/players/jared-rhoden/profile/014178/,JARED,RHODEN,198,Guard,United States of America,1999-08-27T00:00:00,PRS,Paris Basketball,ok
PJUG,JUG,pau-ribas,euroleague,https://www.euroleaguebasketball.net/en/euroleague/players/pau-ribas/profile/JUG/,PAU,RIBAS,196,Guard,Spain,1987-03-02T00:00:00,BAR,FC Barcelona,ok
P001518,001518,giampaolo-ricci,euroleague,https://www.euroleaguebasketball.net/en/euroleague/players/giampaolo-ricci/profile/001518/,GIAMPAOLO,RICCI,201,Forward,Italy,1991-09-27T00:00:00,MIL,EA7 Emporio Armani Milan,ok
PTFJ,TFJ,philip-ricci,euroleague,https://www.euroleaguebasketball.net/en/euroleague/players/philip-ricci/profile/TFJ/,PHIL,RICCI,203,Forward,United States of America,1980-05-31T00:00:00,LEM,Le Mans,ok
P003367,003367,tyrese-rice,euroleague,https://www.euroleaguebasketball.net/en/euroleague/players/tyrese-rice/profile/003367/,TYRESE,RICE,185,Guard,United States of America,1987-05-15T00:00:00,PAN,Panathinaikos OPAP Athens,ok
P001865,001865,jeremy-richardson,euroleague,https://www.euroleaguebasketball.net/en/euroleague/players/jeremy-richardson/profile/001865/,JEREMY ,RICHARDSON,201,Forward,United States of America,1984-03-01T00:00:00,PAM,Power Electronics Valencia,ok
P000799,000799,ryan-richards,euroleague,https://www.euroleaguebasketball.net/en/euroleague/players/ryan-richards/profile/000799/,RYAN,RICHARDS,210,Center,United Kingdom,1991-04-24T00:00:00,SOP,Asseco Prokom Gdynia,ok
P004182,004182,johannes-richter,euroleague,https://www.euroleaguebasketball.net/en/euroleague/players/johannes-richter/profile/004182/,JOHANNES,RICHTER,206,Forward,Germany,1993-12-06T00:00:00,BAM,Brose Baskets Bamberg,ok
PBMK,BMK,andre-riddick,euroleague,https://www.euroleaguebasketball.net/en/euroleague/players/andre-riddick/profile/BMK/,ANDRE,RIDDICK,208,Center,United States of America,1973-02-01T00:00:00,CHA,Belgacom Spirou Charleroi,ok
P010718,010718,zaccharie-risacher,euroleague,https://www.euroleaguebasketball.net/en/euroleague/players/zaccharie-risacher/profile/010718/,ZACCHARIE,RISACHER,206,Forward,France,2005-04-08T00:00:00,ASV,LDLC ASVEL Villeurbanne,ok
P003273,003273,dusan-ristic,euroleague,https://www.euroleaguebasketball.net/en/euroleague/players/dusan-ristic/profile/003273/,DUSAN,RISTIC,214,Center,Serbia,1995-11-27T00:00:00,RED,Crvena Zvezda Telekom Belgrade,ok
P011214,011214,jasiel-rivero,euroleague,https://www.euroleaguebasketball.net/en/euroleague/players/jasiel-rivero/profile/011214/,JASIEL,RIVERO,206,Center,Cuba,1993-10-31T00:00:00,RED,Crvena Zvezda Meridianbet Belgrade,ok
P002429,002429,kelvin-rivers,euroleague,https://www.euroleaguebasketball.net/en/euroleague/players/kelvin-rivers/profile/002429/,KC,RIVERS,196,Guard,United States of America,1987-03-01T00:00:00,MUN,FC Bayern Munich,ok
P000013,000013,bogdan-riznic,euroleague,https://www.euroleaguebasketball.net/en/euroleague/players/bogdan-riznic/profile/000013/,BOGDAN,RIZNIC,201,Forward,Serbia,1990-02-24T00:00:00,PAR,Partizan,ok
PJYE,JYE,hasan-rizvic,euroleague,https://www.euroleaguebasketball.net/en/euroleague/players/hasan-rizvic/profile/JYE/,HASAN,RIZVIC,210,Center,Slovenia,1984-01-18T00:00:00,LJU,Union Olimpija,ok
P013405,013405,andre-roberson,euroleague,https://www.euroleaguebasketball.net/en/euroleague/players/andre-roberson/profile/013405/,ANDRE,ROBERSON,199,Forward,United States of America,1991-12-04T00:00:00,ASV,LDLC ASVEL Villeurbanne,ok
P002091,002091,brian-roberts,euroleague,https://www.euroleaguebasketball.net/en/euroleague/players/brian-roberts/profile/002091/,BRIAN,ROBERTS,185,Guard,United States of America,1985-12-03T00:00:00,OLY,Olympiacos Piraeus,ok
PTFU,TFU,lawrence-roberts,euroleague,https://www.euroleaguebasketball.net/en/euroleague/players/lawrence-roberts/profile/TFU/,LAWRENCE,ROBERTS,206,Forward,United States of America,1982-10-20T00:00:00,IST,Efes Pilsen Istanbul,ok
P012740,012740,kassius-robertson,euroleague,https://www.euroleaguebasketball.net/en/euroleague/players/kassius-robertson/profile/012740/,KASSIUS,ROBERTSON,190,Forward,Jamaica,1994-04-20T00:00:00,PAM,Valencia Basket,ok
P000702,000702,antywane-robinson,euroleague,https://www.euroleaguebasketball.net/en/euroleague/players/antywane-robinson/profile/000702/,ANTYWANE,ROBINSON,203,Forward,United States of America,1984-07-12T00:00:00,CHO,Cholet Basket,ok
P001354,001354,frank-robinson,euroleague,https://www.euroleaguebasketball.net/en/euroleague/players/frank-robinson/profile/001354/,FRANK,ROBINSON,193,Forward,United States of America,1984-06-01T00:00:00,SOP,Asseco Prokom Gdynia,ok
P014008,014008,justin-robinson,euroleague,https://www.euroleaguebasketball.net/en/euroleague/players/justin-robinson/profile/014008/,JUSTIN,ROBINSON,185,Guard,United States of America,1997-10-12T00:00:00,PRS,Paris Basketball,ok
P008003,008003,thomas-robinson,euroleague,https://www.euroleaguebasketball.net/en/euroleague/players/thomas-robinson/profile/008003/,THOMAS,ROBINSON,208,Center,United States of America,1991-03-17T00:00:00,KHI,Khimki Moscow Region,ok
PJQS,JQS,richard-rocca,euroleague,https://www.euroleaguebasketball.net/en/euroleague/players/richard-rocca/profile/JQS/,MASON,ROCCA,204,Forward,Italy,1977-11-06T00:00:00,MIL,EA7 Emporio Armani,ok
P002972,002972,taylor-rochestie,euroleague,https://www.euroleaguebasketball.net/en/euroleague/players/taylor-rochestie/profile/002972/,TAYLOR,ROCHESTIE,186,Guard,United States of America,1985-07-01T00:00:00,RED,Crvena Zvezda mts Belgrade,ok
P001720,001720,manuel-rockmann,euroleague,https://www.euroleaguebasketball.net/en/euroleague/players/manuel-rockmann/profile/001720/,MANUEL,ROCKMANN,188,Guard,Germany,1991-09-04T00:00:00,BAM,Brose Baskets Bamberg,ok
PAWS,AWS,berni-rodriguez,euroleague,https://www.euroleaguebasketball.net/en/euroleague/players/berni-rodriguez/profile/AWS/,BERNI,RODRIGUEZ,197,Guard,Spain,1980-06-07T00:00:00,MAL,Unicaja Malaga,ok
PCVM,CVM,sergio-rodriguez,euroleague,https://www.euroleaguebasketball.net/en/euroleague/players/sergio-rodriguez/profile/CVM/,SERGIO,RODRIGUEZ,191,Guard,Spain,1986-06-12T00:00:00,MAD,Real Madrid,ok
P002947,002947,roko-rogic,euroleague,https://www.euroleaguebasketball.net/en/euroleague/players/roko-rogic/profile/002947/,ROKO,ROGIC,185,Guard,Croatia,1992-09-25T00:00:00,CED,Cedevita Zagreb,ok
P011085,011085,nikolaos-rogkavopoulos,euroleague,https://www.euroleaguebasketball.net/en/euroleague/players/nikolaos-rogkavopoulos/profile/011085/,NIKOLAOS,ROGKAVOPOULOS,201,Forward,Greece,2001-06-27T00:00:00,PAN,Panathinaikos AKTOR Athens,ok
P004974,004974,michael-roll,euroleague,https://www.euroleaguebasketball.net/en/euroleague/players/michael-roll/profile/004974/,MICHAEL,ROLL,198,Guard,Tunisia,1987-04-12T00:00:00,MIL,AX Armani Exchange Milan,ok
P000717,000717,hector-romero,euroleague,https://www.euroleaguebasketball.net/en/euroleague/players/hector-romero/profile/000717/,HECTOR,ROMERO,202,Forward,Venezuela,1980-01-03T00:00:00,SIE,Montepaschi Siena,ok
P006737,006737,ignacio-rosa,euroleague,https://www.euroleaguebasketball.net/en/euroleague/players/ignacio-rosa/profile/006737/,IGNACIO,ROSA,201,Forward,Spain,1999-07-01T00:00:00,MAL,Unicaja Malaga,ok
PTFZ,TFZ,krzysztof-roszyk,euroleague,https://www.euroleaguebasketball.net/en/euroleague/players/krzysztof-roszyk/profile/TFZ/,KRZYSZTOF,ROSZYK,200,Forward,Poland,1978-08-20T00:00:00,SOP,Asseco Prokom Gdynia,ok
P003451,003451,robert-rothbart,euroleague,https://www.euroleaguebasketball.net/en/euroleague/players/robert-rothbart/profile/003451/,BORIS,ROTHBART,217,Center,Israel,1986-06-16T00:00:00,LJU,Union Olimpija Ljubljana,ok
P004158,004158,moran-roth,euroleague,https://www.euroleaguebasketball.net/en/euroleague/players/moran-roth/profile/004158/,MORAN,ROTH,182,Guard,Israel,1982-11-10T00:00:00,TEL,Maccabi Electra Tel Aviv,ok
P000498,000498,earl-rowland,euroleague,https://www.euroleaguebasketball.net/en/euroleague/players/earl-rowland/profile/000498/,EARL,ROWLAND,188,Guard,Bulgaria,1983-05-18T00:00:00,MAL,Unicaja Malaga,ok
P012779,012779,anastasios-rozakeas,euroleague,https://www.euroleaguebasketball.net/en/euroleague/players/anastasios-rozakeas/profile/012779/,ANASTASIOS,ROZAKEAS,199,Forward,Greece,2006-02-26T00:00:00,OLY,Olympiacos Piraeus,ok
PJJV,JJV,marin-rozic,euroleague,https://www.euroleaguebasketball.net/en/euroleague/players/marin-rozic/profile/JJV/,MARIN,ROZIC,201,Forward,Croatia,1983-02-14T00:00:00,CIB,Cibona Zagreb,ok
P001900,001900,guillem-rubio,euroleague,https://www.euroleaguebasketball.net/en/euroleague/players/guillem-rubio/profile/001900/,GUILLEM,RUBIO,202,Forward,Spain,1982-10-14T00:00:00,MAL,Unicaja Malaga,ok
PLFW,LFW,ricky-rubio,euroleague,https://www.euroleaguebasketball.net/en/euroleague/players/ricky-rubio/profile/LFW/,RICKY,RUBIO,192,Guard,Spain,1990-10-21T00:00:00,BAR,FC Barcelona,ok
P006477,006477,augustine-rubit,euroleague,https://www.euroleaguebasketball.net/en/euroleague/players/augustine-rubit/profile/006477/,AUGUSTINE,RUBIT,203,Forward,United States of America,1989-08-14T00:00:00,MUN,FC Bayern Munich,ok
P009299,009299,mantas-rubstavicius,euroleague,https://www.euroleaguebasketball.net/en/euroleague/players/mantas-rubstavicius/profile/009299/,MANTAS,RUBSTAVICIUS,198,Guard,Lithuania,2002-05-06T00:00:00,ZAL,Zalgiris Kaunas,ok
P007645,007645,matej-rudan,euroleague,https://www.euroleaguebasketball.net/en/euroleague/players/matej-rudan/profile/007645/,MATEJ,RUDAN,205,Forward,Croatia,2001-03-21T00:00:00,MUN,FC Bayern Munich,ok
P006536,006536,victor-rudd,euroleague,https://www.euroleaguebasketball.net/en/euroleague/players/victor-rudd/profile/006536/,VICTOR,RUDD,204,Forward,United States of America,1991-03-18T00:00:00,CSK,CSKA Moscow,ok
PJZH,JZH,damjan-rudez,euroleague,https://www.euroleaguebasketball.net/en/euroleague/players/damjan-rudez/profile/JZH/,DAMJAN,RUDEZ,203,Center,Croatia,1986-06-17T00:00:00,PAM,Valencia Basket,ok
P011630,011630,linus-ruf,euroleague,https://www.euroleaguebasketball.net/en/euroleague/players/linus-ruf/profile/011630/,LINUS,RUF,211,Center,Germany,2005-07-21T00:00:00,BER,ALBA Berlin,ok
P003283,003283,luka-rupnik,euroleague,https://www.euroleaguebasketball.net/en/euroleague/players/luka-rupnik/profile/003283/,LUKA,RUPNIK,185,Guard,Slovenia,1993-05-20T00:00:00,LJU,Union Olimpija Ljubljana,ok
PTEZ,TEZ,brion-rush,euroleague,https://www.euroleaguebasketball.net/en/euroleague/players/brion-rush/profile/TEZ/,BRION,RUSH,186,Guard,United States of America,1984-11-15T00:00:00,CHL,Elan Chalon-Sur-Saone,ok
P014177,014177,matt-ryan,euroleague,https://www.euroleaguebasketball.net/en/euroleague/players/matt-ryan/profile/014177/,MATT,RYAN,198,Forward,United States of America,1997-04-17T00:00:00,DUB,Dubai Basketball,ok
000000,000000,nunzio-sabbatino,none,,,,,,,,,,not_found (http_404)
P008856,008856,donatas-sabeckis,euroleague,https://www.euroleaguebasketball.net/en/euroleague/players/donatas-sabeckis/profile/008856/,DONATAS,SABECKIS,198,Guard,Lithuania,1992-12-30T00:00:00,ZAL,Zalgiris Kaunas,ok
P004485,004485,domantas-sabonis,euroleague,https://www.euroleaguebasketball.net/en/euroleague/players/domantas-sabonis/profile/004485/,DOMANTAS,SABONIS,208,Forward,Lithuania,1996-05-03T00:00:00,MAL,Unicaja Malaga,ok
P004380,004380,brian-sacchetti,euroleague,https://www.euroleaguebasketball.net/en/euroleague/players/brian-sacchetti/profile/004380/,BRIAN,SACCHETTI,200,Forward,Italy,1986-05-04T00:00:00,SAS,Dinamo Banco di Sardegna Sassari,ok
PBGO,BGO,victor-sada,euroleague,https://www.euroleaguebasketball.net/en/euroleague/players/victor-sada/profile/BGO/,VICTOR,SADA,0,,Spain,1984-03-08T00:00:00,BAR,FC Barcelona,ok
P001839,001839,elio-sadiku,euroleague,https://www.euroleaguebasketball.net/en/euroleague/players/elio-sadiku/profile/001839/,ELIO,SADIKU,187,Guard,France,1991-04-18T00:00:00,ORL,Entente Orleanaise,ok
P007679,007679,dori-sahar,euroleague,https://www.euroleaguebasketball.net/en/euroleague/players/dori-sahar/profile/007679/,DORI,SAHAR,195,Forward,Israel,2001-01-08T00:00:00,TEL,Maccabi Playtika Tel Aviv,ok
P005519,005519,martynas-sajus,euroleague,https://www.euroleaguebasketball.net/en/euroleague/players/martynas-sajus/profile/005519/,MARTYNAS,SAJUS,208,Center,Lithuania,1996-02-22T00:00:00,ZAL,Zalgiris Kaunas,ok
P008854,008854,evangelos-sakellariou,euroleague,https://www.euroleaguebasketball.net/en/euroleague/players/evangelos-sakellariou/profile/008854/,EVANGELOS,SAKELLARIOU,191,Guard,Greece,1989-08-04T00:00:00,PAN,Panathinaikos OPAP Athens,ok
P010545,010545,neal-sako,euroleague,https://www.euroleaguebasketball.net/en/euroleague/players/neal-sako/profile/010545/,NEAL,SAKO,210,Center,France,1998-08-13T00:00:00,PAM,Valencia Basket,ok
PJAB,JAB,dusan-sakota,euroleague,https://www.euroleaguebasketball.net/en/euroleague/players/dusan-sakota/profile/JAB/,DUSAN,SAKOTA,210,Forward,Greece,1986-04-22T00:00:00,PAN,Panathinaikos Athens,ok
PANY,ANY,dainius-salenga,euroleague,https://www.euroleaguebasketball.net/en/euroleague/players/dainius-salenga/profile/ANY/,DAINIUS,SALENGA,197,Forward,Lithuania,1977-04-15T00:00:00,NIK,Budivelnik Kiev,ok
P003712,003712,djoko-salic,euroleague,https://www.euroleaguebasketball.net/en/euroleague/players/djoko-salic/profile/003712/,DOKO,SALIC,210,Center,Serbia,1995-09-18T00:00:00,PAR,Partizan NIS Belgrade,ok
P002820,002820,sasu-salin,euroleague,https://www.euroleaguebasketball.net/en/euroleague/players/sasu-salin/profile/002820/,SASU,SALIN,190,Guard,Finland,1991-06-11T00:00:00,MAL,Unicaja Malaga,ok
PTEU,TEU,marc-salyers,euroleague,https://www.euroleaguebasketball.net/en/euroleague/players/marc-salyers/profile/TEU/,MARC,SALYERS,206,Forward,United States of America,1979-02-28T00:00:00,ROA,Chorale Roanne,ok
P007579,007579,luka-samanic,euroleague,https://www.euroleaguebasketball.net/en/euroleague/players/luka-samanic/profile/007579/,LUKA,SAMANIC,208,Center,Croatia,2000-01-09T00:00:00,BAS,Kosner Baskonia Vitoria-Gasteiz,ok
PAZW,AZW,predrag-samardziski,euroleague,https://www.euroleaguebasketball.net/en/euroleague/players/predrag-samardziski/profile/AZW/,PREDRAG,SAMARDZISKI,211,Center,North Macedonia,1986-04-11T00:00:00,LIE,Lietuvos Rytas Vilnius,ok
P007550,007550,ziga-samar,euroleague,https://www.euroleaguebasketball.net/en/euroleague/players/ziga-samar/profile/007550/,ZIGA,SAMAR,197,Guard,Slovenia,2001-01-26T00:00:00,BER,ALBA Berlin,ok
P001998,001998,cheick-samb,euroleague,https://www.euroleaguebasketball.net/en/euroleague/players/cheick-samb/profile/001998/,CHEICK,SAMB,216,Center,Senegal,1984-10-20T00:00:00,MAD,Real Madrid,ok
PLEZ,LEZ,mamadou-samb,euroleague,https://www.euroleaguebasketball.net/en/euroleague/players/mamadou-samb/profile/LEZ/,MAMADOU,SAMB,208,Center,Spain,1989-12-31T00:00:00,BIL,Gescrap Bilbao Basket,ok
P002825,002825,omar-samhan,euroleague,https://www.euroleaguebasketball.net/en/euroleague/players/omar-samhan/profile/002825/,OMAR,SAMHAN,211,Center,United States of America,1986-11-03T00:00:00,ZAL,Zalgiris Kaunas,ok
PLNY,LNY,victor-samnick,euroleague,https://www.euroleaguebasketball.net/en/euroleague/players/victor-samnick/profile/LNY/,VICTOR,SAMNICK,203,Forward,France,1979-10-10T00:00:00,NAN,SLUC Nancy,ok
P011442,011442,alexandros-samontourov,euroleague,https://www.euroleaguebasketball.net/en/euroleague/players/alexandros-samontourov/profile/011442/,ALEXANDROS,SAMODUROV,210,Forward,Greece,2005-04-20T00:00:00,PAN,Panathinaikos AKTOR Athens,ok
PKVK,KVK,petr-samoylenko,euroleague,https://www.euroleaguebasketball.net/en/euroleague/players/petr-samoylenko/profile/KVK/,PETR,SAMOYLENKO,186,Guard,Russian Federation,1977-02-07T00:00:00,UNK,Unics Kazan,ok
P005269,005269,samardo-samuels,euroleague,https://www.euroleaguebasketball.net/en/euroleague/players/samardo-samuels/profile/005269/,SAMARDO,SAMUELS,206,Center,Jamaica,1989-01-09T00:00:00,BAR,FC Barcelona Lassa,ok
P008177,008177,ekrem-sancakli,euroleague,https://www.euroleaguebasketball.net/en/euroleague/players/ekrem-sancakli/profile/008177/,EKREM,SANCAKLI,194,Guard,Serbia,2001-04-26T00:00:00,ULK,Fenerbahce Beko Istanbul,ok
P001937,001937,jerome-sanchez,euroleague,https://www.euroleaguebasketball.net/en/euroleague/players/jerome-sanchez/profile/001937/,JEROME,SANCHEZ,196,Forward,France,1990-03-02T00:00:00,ASV,Asvel Basket,ok
PAZU,AZU,pepe-sanchez,euroleague,https://www.euroleaguebasketball.net/en/euroleague/players/pepe-sanchez/profile/AZU/,PEPE,SANCHEZ,192,Guard,Argentina,1977-05-08T00:00:00,MAD,Real Madrid,ok
PLTZ,LTZ,melvin-sanders,euroleague,https://www.euroleaguebasketball.net/en/euroleague/players/melvin-sanders/profile/LTZ/,MELVIN,SANDERS,195,Forward,United States of America,1981-03-01T00:00:00,MAL,Unicaja,ok
P005001,005001,rakim-sanders,euroleague,https://www.euroleaguebasketball.net/en/euroleague/players/rakim-sanders/profile/005001/,RAKIM,SANDERS,196,Forward,United States of America,1989-07-08T00:00:00,BAR,FC Barcelona Lassa,ok
P000518,000518,fernando-san-emeterio,euroleague,https://www.euroleaguebasketball.net/en/euroleague/players/fernando-san-emeterio/profile/000518/,FERNANDO,SAN EMETERIO,0,,Spain,1984-01-01T00:00:00,PAM,Valencia Basket,ok
PJJN,JJN,yohann-sangare,euroleague,https://www.euroleaguebasketball.net/en/euroleague/players/yohann-sangare/profile/JJN/,YOHANN,SANGARE,195,Guard,France,1983-04-05T00:00:00,MIL,AJ Milano,ok
P004164,004164,viktor-sanikidze,euroleague,https://www.euroleaguebasketball.net/en/euroleague/players/viktor-sanikidze/profile/004164/,VIKTOR,SANIKIDZE,203,Forward,Georgia,1986-04-01T00:00:00,UNK,Unics Kazan,ok
P003097,003097,mehmet-sanli,euroleague,https://www.euroleaguebasketball.net/en/euroleague/players/mehmet-sanli/profile/003097/,MEHMET,SANLI,204,Forward,Turkiye,1995-06-06T00:00:00,ULK,Fenerbahce Ulker Istanbul,ok
P002968,002968,sertac-sanli,euroleague,https://www.euroleaguebasketball.net/en/euroleague/players/sertac-sanli/profile/002968/,SERTAC,SANLI,212,Center,Turkiye,1991-08-05T00:00:00,DUB,Dubai Basketball,ok
P001197,001197,jorge-santana,euroleague,https://www.euroleaguebasketball.net/en/euroleague/players/jorge-santana/profile/001197/,JORGE,SANTANA,191,Forward,Spain,1990-01-09T00:00:00,MAD,Real Madrid,ok
PKML,KML,daniel-santiago,euroleague,https://www.euroleaguebasketball.net/en/euroleague/players/daniel-santiago/profile/KML/,DANIEL,SANTIAGO,216,Center,Puerto Rico,1976-06-24T00:00:00,CHA,Spirou Charleroi,ok
P013289,013289,marcio-santos,euroleague,https://www.euroleaguebasketball.net/en/euroleague/players/marcio-santos/profile/013289/,MARCIO,SANTOS,204,Center,Brazil,2002-11-02T00:00:00,TEL,Maccabi Rapyd Tel Aviv,ok
P010657,010657,rafa-santos,euroleague,https://www.euroleaguebasketball.net/en/euroleague/players/rafa-santos/profile/010657/,RAFA,SANTOS,187,,Spain,2003-12-11T00:00:00,MAL,Unicaja Malaga,ok
P007869,007869,howard-sant-roos,euroleague,https://www.euroleaguebasketball.net/en/euroleague/players/howard-sant-roos/profile/007869/,HOWARD,SANT-ROOS,201,Guard,Cuba,1991-02-13T00:00:00,PAN,Panathinaikos OPAP Athens,ok
P002392,002392,jorge-sanz,euroleague,https://www.euroleaguebasketball.net/en/euroleague/players/jorge-sanz/profile/002392/,JORGE,SANZ,187,Guard,Spain,1993-01-04T00:00:00,MAD,Real Madrid,ok
P000919,000919,mirza-sarajlija,euroleague,https://www.euroleaguebasketball.net/en/euroleague/players/mirza-sarajlija/profile/000919/,MIRZA,SARAJLIJA,183,Guard,Slovenia,1991-03-01T00:00:00,LJU,Union Olimpija,ok
P002013,002013,vytautas-sarakauskas,euroleague,https://www.euroleaguebasketball.net/en/euroleague/players/vytautas-sarakauskas/profile/002013/,VYTAUTAS,SARAKAUSKAS,205,Center,Lithuania,1982-02-08T00:00:00,KLA,Neptunas Klaipeda,ok
P010327,010327,nikola-saranovic,euroleague,https://www.euroleaguebasketball.net/en/euroleague/players/nikola-saranovic/profile/010327/,NIKOLA,SARANOVIC,201,Forward,Serbia,2003-08-20T00:00:00,RED,Crvena Zvezda mts Belgrade,ok
P010182,010182,titas-sargiunas,euroleague,https://www.euroleaguebasketball.net/en/euroleague/players/titas-sargiunas/profile/010182/,TITAS,SARGIUNAS,190,Guard,Lithuania,2003-03-26T00:00:00,ZAL,Zalgiris Kaunas,ok
P003112,003112,dario-saric,euroleague,https://www.euroleaguebasketball.net/en/euroleague/players/dario-saric/profile/003112/,DARIO,SARIC,207,Forward,Croatia,1994-04-08T00:00:00,IST,Anadolu Efes Istanbul,ok
P011666,011666,dame-sarr,euroleague,https://www.euroleaguebasketball.net/en/euroleague/players/dame-sarr/profile/011666/,DAME,SARR,198,Guard,Italy,2006-06-04T00:00:00,BAR,FC Barcelona,ok
P002936,002936,joan-sastre,euroleague,https://www.euroleaguebasketball.net/en/euroleague/players/joan-sastre/profile/002936/,JOAN,SASTRE,201,Guard,Spain,1991-12-10T00:00:00,PAM,Valencia Basket,ok
P002939,002939,tomas-satoransky,euroleague,https://www.euroleaguebasketball.net/en/euroleague/players/tomas-satoransky/profile/002939/,TOMAS,SATORANSKY,201,Guard,Czech Republic,1991-10-30T00:00:00,BAR,FC Barcelona,ok
PLMO,LMO,romain-sato,euroleague,https://www.euroleaguebasketball.net/en/euroleague/players/romain-sato/profile/LMO/,ROMAIN,SATO,195,Forward,Central African Republic,1981-03-02T00:00:00,PAM,Valencia Basket,ok
PKOD,KOD,dusko-savanovic,euroleague,https://www.euroleaguebasketball.net/en/euroleague/players/dusko-savanovic/profile/KOD/,DUSKO,SAVANOVIC,0,Forward,Serbia,1983-09-05T00:00:00,MUN,FC Bayern Munich,ok
PJPF,JPF,oguz-savas,euroleague,https://www.euroleaguebasketball.net/en/euroleague/players/oguz-savas/profile/JPF/,OGUZ,SAVAS,213,Center,Turkiye,1987-07-13T00:00:00,DAR,Darussafaka Tekfen Istanbul,ok
P004946,004946,ivan-savelyev,euroleague,https://www.euroleaguebasketball.net/en/euroleague/players/ivan-savelyev/profile/004946/,IVAN,SAVELYEV,190,Guard,Russian Federation,1987-07-14T00:00:00,NOV,Nizhny Novgorod,ok
P010784,010784,pavel-savkov,euroleague,https://www.euroleaguebasketball.net/en/euroleague/players/pavel-savkov/profile/010784/,PAVEL,SAVKOV,202,Forward,Russian Federation,2002-04-13T00:00:00,BAS,Baskonia Vitoria-Gasteiz,ok
PJMR,JMR,boris-savovic,euroleague,https://www.euroleaguebasketball.net/en/euroleague/players/boris-savovic/profile/JMR/,BORIS,SAVOVIC,206,Forward,Serbia,1987-06-18T00:00:00,MUN,FC Bayern Munich,ok
PALR,ALR,aleksey-savrasenko,euroleague,https://www.euroleaguebasketball.net/en/euroleague/players/aleksey-savrasenko/profile/ALR/,ALEKSEY,SAVRASENKO,215,Center,Russian Federation,1979-02-28T00:00:00,UNK,Unics Kazan,ok
P006693,006693,yigitcan-saybir,euroleague,https://www.euroleaguebasketball.net/en/euroleague/players/yigitcan-saybir/profile/006693/,YIGITCAN,SAYBIR,203,Forward,Turkiye,1999-02-27T00:00:00,IST,Anadolu Efes Istanbul,ok
P000540,000540,marko-scekic,euroleague,https://www.euroleaguebasketball.net/en/euroleague/players/marko-scekic/profile/000540/,MARKO,SCEKIC,207,Forward,Serbia,1981-05-23T00:00:00,CTU,Mapooro Cantu,ok
PBGQ,BGQ,heiko-schaffartzik,euroleague,https://www.euroleaguebasketball.net/en/euroleague/players/heiko-schaffartzik/profile/BGQ/,HEIKO,SCHAFFARTZIK,181,Guard,Germany,1984-01-03T00:00:00,LMG,Limoges CSP,ok
PTET,TET,luke-schenscher,euroleague,https://www.euroleaguebasketball.net/en/euroleague/players/luke-schenscher/profile/TET/,LUKE,SCHENSCHER,216,Center,Australia,1981-12-31T00:00:00,BAM,Brose Baskets,ok
P000357,000357,blake-schilb,euroleague,https://www.euroleaguebasketball.net/en/euroleague/players/blake-schilb/profile/000357/,BLAKE,SCHILB,201,Forward,United States of America,1983-12-23T00:00:00,GAL,Galatasaray Odeabank Istanbul,ok
P008823,008823,gavin-schilling,euroleague,https://www.euroleaguebasketball.net/en/euroleague/players/gavin-schilling/profile/008823/,GAVIN,SCHILLING,206,Forward,Germany,1995-11-10T00:00:00,MUN,FC Bayern Munich,ok
P001468,001468,daniel-schmidt,euroleague,https://www.euroleaguebasketball.net/en/euroleague/players/daniel-schmidt/profile/001468/,DANIEL,SCHMIDT,186,Guard,Germany,1990-08-16T00:00:00,BAM,Brose Baskets Bamberg,ok
P006251,006251,tim-schneider,euroleague,https://www.euroleaguebasketball.net/en/euroleague/players/tim-schneider/profile/006251/,TIM,SCHNEIDER,208,Forward,Germany,1997-09-01T00:00:00,BER,ALBA Berlin,ok
P013372,013372,admiral-schofield,euroleague,https://www.euroleaguebasketball.net/en/euroleague/players/admiral-schofield/profile/013372/,ADMIRAL,SCHOFIELD,193,Forward,United States of America,1997-03-30T00:00:00,ASV,LDLC ASVEL Villeurbanne,ok
PJXX,JXX,sofoklis-schortsanitis,euroleague,https://www.euroleaguebasketball.net/en/euroleague/players/sofoklis-schortsanitis/profile/JXX/,SOFOKLIS,SCHORTSANITIS,206,Center,Greece,1985-06-22T00:00:00,RED,Crvena Zvezda Telekom Belgrade,ok
P011234,011234,rikus-schulte,euroleague,https://www.euroleaguebasketball.net/en/euroleague/players/rikus-schulte/profile/011234/,RIKUS,SCHULTE,206,Forward,Germany,2004-06-01T00:00:00,BER,ALBA Berlin,ok
PAQX,AQX,sven-schultze,euroleague,https://www.euroleaguebasketball.net/en/euroleague/players/sven-schultze/profile/AQX/,SVEN,SCHULTZE,208,Forward,Germany,1978-07-11T00:00:00,BER,Alba Berlin,ok
P003424,003424,jonathan-schyer,euroleague,https://www.euroleaguebasketball.net/en/euroleague/players/jonathan-schyer/profile/003424/,JONATHAN,SCHEYER,196,Guard,Israel,1987-08-24T00:00:00,TEL,Maccabi Electra Tel Aviv,ok
PKFH,KFH,laurent-sciarra,euroleague,https://www.euroleaguebasketball.net/en/euroleague/players/laurent-sciarra/profile/KFH/,LAURENT,SCIARRA,192,Guard,France,1973-08-08T00:00:00,ORL,Entente Orleanaise,ok
PAJG,AJG,luis-scola,euroleague,https://www.euroleaguebasketball.net/en/euroleague/players/luis-scola/profile/AJG/,LUIS,SCOLA,206,Forward,Spain,1980-04-30T00:00:00,MIL,AX Armani Exchange Milan,ok
P012729,012729,mike-scott,euroleague,https://www.euroleaguebasketball.net/en/euroleague/players/mike-scott/profile/012729/,MIKE,SCOTT,203,Forward,United States of America,1988-07-16T00:00:00,ASV,LDLC ASVEL Villeurbanne,ok
P007230,007230,tadas-sedekerskis,euroleague,https://www.euroleaguebasketball.net/en/euroleague/players/tadas-sedekerskis/profile/007230/,TADAS,SEDEKERSKIS,206,Forward,Lithuania,1998-01-17T00:00:00,BAS,Kosner Baskonia Vitoria-Gasteiz,ok
P004862,004862,dj-seeley,euroleague,https://www.euroleaguebasketball.net/en/euroleague/players/dj-seeley/profile/004862/,DENNIS,SEELEY,193,Guard,United States of America,1989-11-28T00:00:00,MUN,FC Bayern Munich,ok
PBIX,BIX,thabo-sefolosha,euroleague,https://www.euroleaguebasketball.net/en/euroleague/players/thabo-sefolosha/profile/BIX/,THABO,SEFOLOSHA,199,Forward,Switzerland,1984-05-02T00:00:00,ULK,Fenerbahce Ulker,ok
P004161,004161,itay-segev,euroleague,https://www.euroleaguebasketball.net/en/euroleague/players/itay-segev/profile/004161/,ITAY,SEGEV,204,Center,Israel,1995-06-15T00:00:00,HTA,Hapoel IBI Tel Aviv,ok
P000532,000532,sead-sehovic,euroleague,https://www.euroleaguebasketball.net/en/euroleague/players/sead-sehovic/profile/000532/,SEAD,SEHOVIC,196,Forward,Montenegro,1989-08-22T00:00:00,BUD,Buducnost VOLI Pogdorica,ok
P000202,000202,suad-sehovic,euroleague,https://www.euroleaguebasketball.net/en/euroleague/players/suad-sehovic/profile/000202/,SUAD,SEHOVIC,0,Forward,Montenegro,1987-02-19T00:00:00,BUD,Buducnost VOLI Pogdorica,ok
PKNO,KNO,renaldas-seibutis,euroleague,https://www.euroleaguebasketball.net/en/euroleague/players/renaldas-seibutis/profile/KNO/,RENALDAS,SEIBUTIS,0,,Lithuania,1985-07-23T00:00:00,ZAL,Zalgiris Kaunas,ok
P001171,001171,andreas-seiferth,euroleague,https://www.euroleaguebasketball.net/en/euroleague/players/andreas-seiferth/profile/001171/,ANDREAS,SEIFERTH,209,Center,Germany,1989-06-23T00:00:00,MUN,FC Bayern Munich,ok
P005756,005756,martin-seiferth,euroleague,https://www.euroleaguebasketball.net/en/euroleague/players/martin-seiferth/profile/005756/,MARTIN,SEIFERTH,208,Center,Germany,1990-09-18T00:00:00,BER,ALBA Berlin,ok
PAFB,AFB,blagota-sekulic,euroleague,https://www.euroleaguebasketball.net/en/euroleague/players/blagota-sekulic/profile/AFB/,BLAGOTA,SEKULIC,210,Center,Montenegro,1982-03-14T00:00:00,ULK,Fenerbahce Ulker Istanbul,ok
P014088,014088,zachary-seljaas,euroleague,https://www.euroleaguebasketball.net/en/euroleague/players/zachary-seljaas/profile/014088/,ZACHARY,SELJAAS,200,Center,United States of America,1997-07-11T00:00:00,ASV,LDLC ASVEL Villeurbanne,ok
P005681,005681,wesley-sena,euroleague,https://www.euroleaguebasketball.net/en/euroleague/players/wesley-sena/profile/005681/,WESLEY,SENA,208,Center,Brazil,1996-05-02T00:00:00,BAR,FC Barcelona Lassa,ok
PBTO,BTO,soner-senturk,euroleague,https://www.euroleaguebasketball.net/en/euroleague/players/soner-senturk/profile/BTO/,SONER,SENTURK,192,Guard,Turkiye,1986-08-07T00:00:00,KSK,Pinar Karsiyaka,ok
P001948,001948,kevin-seraphin,euroleague,https://www.euroleaguebasketball.net/en/euroleague/players/kevin-seraphin/profile/001948/,KEVIN,SERAPHIN,208,Center,France,1989-12-07T00:00:00,BAR,FC Barcelona Lassa,ok
PBAO,BAO,simonas-serapinas,euroleague,https://www.euroleaguebasketball.net/en/euroleague/players/simonas-serapinas/profile/BAO/,SIMONAS,SERAPINAS,0,Forward,Lithuania,1982-02-24T00:00:00,ARI,Aris TT Bank,ok
P001901,001901,miki-servera,euroleague,https://www.euroleaguebasketball.net/en/euroleague/players/miki-servera/profile/001901/,MIKI,SERVERA,198,Guard,Spain,1992-07-14T00:00:00,MAL,Unicaja,ok
PLGS,LGS,ansu-sesay,euroleague,https://www.euroleaguebasketball.net/en/euroleague/players/ansu-sesay/profile/LGS/,ANSU,SESAY,203,Forward,United States of America,1976-07-29T00:00:00,BER,Alba Berlin,ok
P002807,002807,edvinas-seskus,euroleague,https://www.euroleaguebasketball.net/en/euroleague/players/edvinas-seskus/profile/002807/,EDVINAS,SESKUS,196,Guard,Lithuania,1995-03-10T00:00:00,LIE,Lietuvos Rytas Vilnius,ok
P009030,009030,ramon-sessions,euroleague,https://www.euroleaguebasketball.net/en/euroleague/players/ramon-sessions/profile/009030/,RAMON,SESSIONS,191,Guard,United States of America,1986-04-11T00:00:00,TEL,Maccabi FOX Tel Aviv,ok
P011980,011980,nathan-sestina,euroleague,https://www.euroleaguebasketball.net/en/euroleague/players/nathan-sestina/profile/011980/,NATHAN,SESTINA,203,Forward,United States of America,1997-05-12T00:00:00,MIL,EA7 Emporio Armani Milan,ok
P001885,001885,lukasz-seweryn,euroleague,https://www.euroleaguebasketball.net/en/euroleague/players/lukasz-seweryn/profile/001885/,LUKASZ,SEWERYN,196,Forward,Poland,1982-10-26T00:00:00,SOP,Asseco Prokom Gdynia,ok
P012612,012612,enzo-shahrvin,euroleague,https://www.euroleaguebasketball.net/en/euroleague/players/enzo-shahrvin/profile/012612/,ENZO,SHAHRVIN,201,Center,France,2003-02-13T00:00:00,PRS,Paris Basketball,ok
P000668,000668,mustafa-shakur,euroleague,https://www.euroleaguebasketball.net/en/euroleague/players/mustafa-shakur/profile/000668/,MUSTAFA,SHAKUR,191,Guard,United States of America,1984-08-18T00:00:00,KLA,Neptunas Klaipeda,ok
P005165,005165,ping-shang,euroleague,https://www.euroleaguebasketball.net/en/euroleague/players/ping-shang/profile/005165/,PING,SHANG,205,Forward,China,1984-12-23T00:00:00,PAN,Panathinaikos Athens,ok
P010653,010653,vladislav-sharapov,euroleague,https://www.euroleaguebasketball.net/en/euroleague/players/vladislav-sharapov/profile/010653/,VLADISLAV,SHARAPOV,203,Forward,Russian Federation,1999-11-17T00:00:00,KHI,Khimki Moscow Region,ok
PAOU,AOU,derrick-sharp,euroleague,https://www.euroleaguebasketball.net/en/euroleague/players/derrick-sharp/profile/AOU/,DERRICK,SHARP,183,Guard,Israel,1971-10-05T00:00:00,TEL,Maccabi Electra Tel Aviv,ok
P010771,010771,alexander-shashkov,euroleague,https://www.euroleaguebasketball.net/en/euroleague/players/alexander-shashkov/profile/010771/,ALEXANDER,SHASHKOV,210,Forward,Russian Federation,2000-02-26T00:00:00,CSK,CSKA Moscow,ok
PCUG,CUG,joseph-casey-shaw,euroleague,https://www.euroleaguebasketball.net/en/euroleague/players/joseph-casey-shaw/profile/CUG/,CASEY,SHAW,208,Center,United States of America,1975-07-20T00:00:00,MIL,AJ Milano,ok
P011202,011202,marial-shayok,euroleague,https://www.euroleaguebasketball.net/en/euroleague/players/marial-shayok/profile/011202/,MARIAL,SHAYOK,196,Guard,Canada,1995-07-26T00:00:00,TEL,Maccabi Playtika Tel Aviv,ok
PKLN,KLN,maxim-sheleketo,euroleague,https://www.euroleaguebasketball.net/en/euroleague/players/maxim-sheleketo/profile/KLN/,MAKSIM,SHELEKETO,205,Forward,Russian Federation,1987-01-04T00:00:00,KHI,Khimki Moscow Region,ok
P001133,001133,tornike-shengelia,euroleague,https://www.euroleaguebasketball.net/en/euroleague/players/tornike-shengelia/profile/001133/,TORNIKE,SHENGELIA,206,Center,Georgia,1991-10-05T00:00:00,BAR,FC Barcelona,ok
P001386,001386,giorgi-shermadini,euroleague,https://www.euroleaguebasketball.net/en/euroleague/players/giorgi-shermadini/profile/001386/,GIORGI,SHERMADINI,217,Center,Georgia,1989-04-02T00:00:00,MAL,Unicaja Malaga,ok
P006713,006713,konstantin-shevchuk,euroleague,https://www.euroleaguebasketball.net/en/euroleague/players/konstantin-shevchuk/profile/006713/,KONSTANTIN,SHEVCHUK,190,Guard,Russian Federation,2000-01-11T00:00:00,DYR,Zenit St Petersburg,ok
P007831,007831,shavon-shields,euroleague,https://www.euroleaguebasketball.net/en/euroleague/players/shavon-shields/profile/007831/,SHAVON,SHIELDS,201,Forward,Denmark,1994-06-05T00:00:00,MIL,EA7 Emporio Armani Milan,ok
P002973,002973,joshua-shipp,euroleague,https://www.euroleaguebasketball.net/en/euroleague/players/joshua-shipp/profile/002973/,JOSHUA,SHIPP,196,Forward,United States of America,1986-02-14T00:00:00,IST,Anadolu Efes Istanbul,ok
PBUA,BUA,paul-shirley,euroleague,https://www.euroleaguebasketball.net/en/euroleague/players/paul-shirley/profile/BUA/,PAUL,SHIRLEY,208,Center,United States of America,1977-12-23T00:00:00,MAL,Unicaja,ok
P012608,012608,tj-shorts,euroleague,https://www.euroleaguebasketball.net/en/euroleague/players/tj-shorts/profile/012608/,TJ,SHORTS,175,Guard,United States of America,1997-10-15T00:00:00,PAN,Panathinaikos AKTOR Athens,ok
PLKZ,LKZ,grigory-shukhovtcov,euroleague,https://www.euroleaguebasketball.net/en/euroleague/players/grigory-shukhovtcov/profile/LKZ/,GRIGORY,SHUKHOVTCOV,211,Center,Russian Federation,1983-06-10T00:00:00,TIV,Lokomotiv Kuban Krasnodar,ok
P003437,003437,jamal-shuler,euroleague,https://www.euroleaguebasketball.net/en/euroleague/players/jamal-shuler/profile/003437/,JAMAL,SHULER,191,Guard,United States of America,1986-01-11T00:00:00,NAN,SLUC Nancy,ok
PKNH,KNH,preston-shumpert,euroleague,https://www.euroleaguebasketball.net/en/euroleague/players/preston-shumpert/profile/KNH/,PRESTON,SHUMPERT,198,Forward,United States of America,1979-08-20T00:00:00,GAL,Galatasaray Medical Park,ok
PKVZ,KVZ,alexey-shved,euroleague,https://www.euroleaguebasketball.net/en/euroleague/players/alexey-shved/profile/KVZ/,ALEXEY,SHVED,198,Guard,Russian Federation,1988-12-16T00:00:00,CSK,CSKA Moscow,ok
P006589,006589,luke-sikma,euroleague,https://www.euroleaguebasketball.net/en/euroleague/players/luke-sikma/profile/006589/,LUKE,SIKMA,203,Forward,United States of America,1989-07-30T00:00:00,OLY,Olympiacos Piraeus,ok
P001211,001211,slawomir-sikora,euroleague,https://www.euroleaguebasketball.net/en/euroleague/players/slawomir-sikora/profile/001211/,SLAWOMIR,SIKORA,193,Guard,Poland,1986-04-02T00:00:00,SOP,Asseco Prokom Gdynia,ok
P002007,002007,arvydas-siksnius,euroleague,https://www.euroleaguebasketball.net/en/euroleague/players/arvydas-siksnius/profile/002007/,ARVYDAS,SIKSNIUS,196,Guard,Lithuania,1987-10-10T00:00:00,LIE,Lietuvos Rytas Vilnius,ok
P014220,014220,chris-silva,euroleague,https://www.euroleaguebasketball.net/en/euroleague/players/chris-silva/profile/014220/,CHRIS,SILVA,203,Center,Gabon,1996-09-19T00:00:00,ULK,Fenerbahce Beko Istanbul,ok
P005618,005618,borisa-simanic,euroleague,https://www.euroleaguebasketball.net/en/euroleague/players/borisa-simanic/profile/005618/,BORISA,SIMANIC,209,Forward,Serbia,1998-03-20T00:00:00,RED,Crvena Zvezda mts Belgrade,ok
P005596,005596,yankuba-sima,euroleague,https://www.euroleaguebasketball.net/en/euroleague/players/yankuba-sima/profile/005596/,YANKUBA,SIMA,209,Center,Spain,1996-07-28T00:00:00,PAM,Valencia Basket,ok
P001129,001129,jose-simeon,euroleague,https://www.euroleaguebasketball.net/en/euroleague/players/jose-simeon/profile/001129/,JOSE,SIMEON,184,Guard,Spain,1991-03-19T00:00:00,PAM,Power Electronics Valencia,ok
P005163,005163,cedric-simmons,euroleague,https://www.euroleaguebasketball.net/en/euroleague/players/cedric-simmons/profile/005163/,CEDRIC,SIMMONS,206,Center,United States of America,1986-11-03T00:00:00,OLY,Olympiacos Piraeus,ok
PLOL,LOL,chester-simmons,euroleague,https://www.euroleaguebasketball.net/en/euroleague/players/chester-simmons/profile/LOL/,TRE,SIMMONS,195,Forward,United States of America,1982-07-24T00:00:00,TEL,Maccabi Electra,ok
P014152,014152,kobi-simmons,euroleague,https://www.euroleaguebasketball.net/en/euroleague/players/kobi-simmons/profile/014152/,KOBI,SIMMONS,192,Guard,United States of America,1997-07-04T00:00:00,BAS,Kosner Baskonia Vitoria-Gasteiz,ok
PCPR,CPR,krunoslav-simon,euroleague,https://www.euroleaguebasketball.net/en/euroleague/players/krunoslav-simon/profile/CPR/,KRUNOSLAV,SIMON,197,Guard,Croatia,1985-06-24T00:00:00,IST,Anadolu Efes Istanbul,ok
PLRU,LRU,marko-simonovic,euroleague,https://www.euroleaguebasketball.net/en/euroleague/players/marko-simonovic/profile/LRU/,MARKO,SIMONOVIC,0,,Serbia,1986-05-30T00:00:00,RED,Crvena Zvezda Meridianbet Belgrade,ok
P012711,012711,marko-simonovic,euroleague,https://www.euroleaguebasketball.net/en/euroleague/players/marko-simonovic/profile/012711/,MARKO,SIMONOVIC,213,Center,Montenegro,1999-10-15T00:00:00,RED,Crvena Zvezda Meridianbet Belgrade,ok
P007765,007765,diamon-simpson,euroleague,https://www.euroleaguebasketball.net/en/euroleague/players/diamon-simpson/profile/007765/,DIAMON,SIMPSON,203,Forward,United States of America,1987-09-08T00:00:00,TEL,Maccabi FOX Tel Aviv,ok
P002455,002455,courtney-sims,euroleague,https://www.euroleaguebasketball.net/en/euroleague/players/courtney-sims/profile/002455/,COURTNEY,SIMS,211,Center,United States of America,1983-10-21T00:00:00,CSK,CSKA Moscow,ok
PCRM,CRM,nedzad-sinanovic,euroleague,https://www.euroleaguebasketball.net/en/euroleague/players/nedzad-sinanovic/profile/CRM/,NEDZAD,SINANOVIC,222,Center,Bosnia and Herzegovina,1983-01-29T00:00:00,MAL,Unicaja Malaga,ok
P003822,003822,kyle-singler,euroleague,https://www.euroleaguebasketball.net/en/euroleague/players/kyle-singler/profile/003822/,KYLE,SINGLER,203,Forward,United States of America,1988-05-04T00:00:00,MAD,Real Madrid,ok
P002079,002079,sean-singletary,euroleague,https://www.euroleaguebasketball.net/en/euroleague/players/sean-singletary/profile/002079/,SEAN,SINGLETARY,183,Guard,United States of America,1985-09-06T00:00:00,BAS,Caja Laboral,ok
P006614,006614,chris-singleton,euroleague,https://www.euroleaguebasketball.net/en/euroleague/players/chris-singleton/profile/006614/,CHRIS,SINGLETON,206,Forward,United States of America,1989-11-21T00:00:00,IST,Anadolu Efes Istanbul,ok
PTGD,TGD,james-singleton,euroleague,https://www.euroleaguebasketball.net/en/euroleague/players/james-singleton/profile/TGD/,JAMES,SINGLETON,203,Forward,United States of America,1981-07-26T00:00:00,BAS,Tau Ceramica Vitoria-Gasteiz,ok
P001271,001271,justas-sinica,euroleague,https://www.euroleaguebasketball.net/en/euroleague/players/justas-sinica/profile/001271/,JUSTAS,SINICA,203,Forward,Lithuania,1985-05-31T00:00:00,KLA,Neptunas Klaipeda,ok
P001930,001930,stefan-sinovec,euroleague,https://www.euroleaguebasketball.net/en/euroleague/players/stefan-sinovec/profile/001930/,STEFAN,SINOVEC,195,Guard,Serbia,1988-06-20T00:00:00,PAR,Partizan Belgrade,ok
P005275,005275,kenan-sipahi,euroleague,https://www.euroleaguebasketball.net/en/euroleague/players/kenan-sipahi/profile/005275/,KENAN,SIPAHI,197,Guard,Turkiye,1995-05-26T00:00:00,ULK,Fenerbahce Beko Istanbul,ok
P003522,003522,osman-sirin,euroleague,https://www.euroleaguebasketball.net/en/euroleague/players/osman-sirin/profile/003522/,OSMAN,SIRIN,207,Forward,Turkiye,1990-09-18T00:00:00,IST,Anadolu Efes Istanbul,ok
P000924,000924,matic-sirnik,euroleague,https://www.euroleaguebasketball.net/en/euroleague/players/matic-sirnik/profile/000924/,MATIC,SIRNIK,201,Forward,Slovenia,1991-01-28T00:00:00,LJU,Union Olimpija,ok
P007029,007029,deividas-sirvydis,euroleague,https://www.euroleaguebasketball.net/en/euroleague/players/deividas-sirvydis/profile/007029/,DEIVIDAS,SIRVYDIS,204,Guard,Lithuania,2000-06-10T00:00:00,ZAL,Zalgiris Kaunas,ok
PJMM,JMM,ramunas-siskauskas,euroleague,https://www.euroleaguebasketball.net/en/euroleague/players/ramunas-siskauskas/profile/JMM/,RAMUNAS,SISKAUSKAS,198,Forward,Lithuania,1978-09-10T00:00:00,CSK,CSKA Moscow,ok
P004571,004571,zan-mark-sisko,euroleague,https://www.euroleaguebasketball.net/en/euroleague/players/zan-mark-sisko/profile/004571/,ZAN MARK,SISKO,189,Guard,Slovenia,1997-06-29T00:00:00,MUN,FC Bayern Munich,ok
P012263,012263,yohann-sissoko,euroleague,https://www.euroleaguebasketball.net/en/euroleague/players/yohann-sissoko/profile/012263/,YOHANN,SISSOKO,194,Forward,France,2006-05-06T00:00:00,ASV,LDLC ASVEL Villeurbanne,ok
P007125,007125,peyton-siva,euroleague,https://www.euroleaguebasketball.net/en/euroleague/players/peyton-siva/profile/007125/,PEYTON,SIVA,182,Guard,United States of America,1990-10-24T00:00:00,BER,ALBA Berlin,ok
PLJT,LJT,gaios-skordilis,euroleague,https://www.euroleaguebasketball.net/en/euroleague/players/gaios-skordilis/profile/LJT/,GAIOS,SKORDILIS,207,Center,Greece,1987-12-06T00:00:00,PAN,Panathinaikos Athens,ok
PLVJ,LVJ,ezequiel-skverer,euroleague,https://www.euroleaguebasketball.net/en/euroleague/players/ezequiel-skverer/profile/LVJ/,EZEQUIEL,SKVERER,180,Guard,Israel,1989-02-24T00:00:00,TEL,Maccabi Elite Tel Aviv,ok
PACY,ACY,donatas-slanina,euroleague,https://www.euroleaguebasketball.net/en/euroleague/players/donatas-slanina/profile/ACY/,DONATAS,SLANINA,191,Guard,Lithuania,1977-04-23T00:00:00,SOP,Prokom Trefl Sopot,ok
P003637,003637,aj-slaughter,euroleague,https://www.euroleaguebasketball.net/en/euroleague/players/aj-slaughter/profile/003637/,AJ,SLAUGHTER,191,Guard,United States of America,1987-08-03T00:00:00,PAN,Panathinaikos Athens,ok
P000659,000659,marcus-slaughter,euroleague,https://www.euroleaguebasketball.net/en/euroleague/players/marcus-slaughter/profile/000659/,MARCUS,SLAUGHTER,204,Forward,United States of America,1985-03-18T00:00:00,DAR,Darussafaka Dogus Istanbul,ok
PKQI,KQI,tamar-slay,euroleague,https://www.euroleaguebasketball.net/en/euroleague/players/tamar-slay/profile/KQI/,TAMAR,SLAY,203,Forward,United States of America,1980-04-02T00:00:00,AVE,Air Avellino,ok
P011927,011927,dustin-sleva,euroleague,https://www.euroleaguebasketball.net/en/euroleague/players/dustin-sleva/profile/011927/,DUSTIN,SLEVA,203,Forward,United States of America,1995-09-23T00:00:00,ZAL,Zalgiris Kaunas,ok
PBUX,BUX,andrius-slezas,euroleague,https://www.euroleaguebasketball.net/en/euroleague/players/andrius-slezas/profile/BUX/,ANDRIUS,SLEZAS,,Forward,Lithuania,1975-02-04T00:00:00,LIE,Lietuvos Rytas,ok
PBWY,BWY,uros-slokar,euroleague,https://www.euroleaguebasketball.net/en/euroleague/players/uros-slokar/profile/BWY/,UROS,SLOKAR,210,Center,Slovenia,1983-05-14T00:00:00,LJU,Union Olimpija,ok
P001926,001926,kostas-sloukas,euroleague,https://www.euroleaguebasketball.net/en/euroleague/players/kostas-sloukas/profile/001926/,KOSTAS,SLOUKAS,190,Guard,Greece,1990-01-15T00:00:00,PAN,Panathinaikos AKTOR Athens,ok
P011051,011051,alen-smailagic,euroleague,https://www.euroleaguebasketball.net/en/euroleague/players/alen-smailagic/profile/011051/,ALEN,SMAILAGIC,206,Forward,Serbia,2000-08-18T00:00:00,VIR,Virtus Bologna,ok
PLVC,LVC,sven-smajlagic,euroleague,https://www.euroleaguebasketball.net/en/euroleague/players/sven-smajlagic/profile/LVC/,SVEN,SMAJLAGIC,188,Guard,Croatia,1990-06-05T00:00:00,CIB,Cibona Zagreb,ok
P012801,012801,javonte-smart,euroleague,https://www.euroleaguebasketball.net/en/euroleague/players/javonte-smart/profile/012801/,JAVONTE,SMART,193,Guard,United States of America,1999-06-03T00:00:00,RED,Crvena Zvezda Meridianbet Belgrade,ok
PCTN,CTN,charles-smith,euroleague,https://www.euroleaguebasketball.net/en/euroleague/players/charles-smith/profile/CTN/,CHARLES,SMITH,193,Forward,United States of America,1975-08-22T00:00:00,ROM,Lottomatica Roma,ok
P001274,001274,devin-smith,euroleague,https://www.euroleaguebasketball.net/en/euroleague/players/devin-smith/profile/001274/,DEVIN,SMITH,198,Forward,United States of America,1983-04-12T00:00:00,TEL,Maccabi FOX Tel Aviv,ok
P001355,001355,ja-juan-smith,euroleague,https://www.euroleaguebasketball.net/en/euroleague/players/ja-juan-smith/profile/001355/,JA JUAN,SMITH,192,Guard,United States of America,1985-12-24T00:00:00,LJU,Union Olimpija,ok
P011192,011192,jaleen-smith,euroleague,https://www.euroleaguebasketball.net/en/euroleague/players/jaleen-smith/profile/011192/,JALEEN,SMITH,190,Guard,United States of America,1994-11-24T00:00:00,PAR,Partizan Mozzart Bet Belgrade,ok
P005002,005002,jamar-smith,euroleague,https://www.euroleaguebasketball.net/en/euroleague/players/jamar-smith/profile/005002/,JAMAR,SMITH,191,Guard,United States of America,1987-04-07T00:00:00,MAL,Unicaja Malaga,ok
P004118,004118,jerry-smith,euroleague,https://www.euroleaguebasketball.net/en/euroleague/players/jerry-smith/profile/004118/,JERRY,SMITH,188,Guard,United States of America,1987-09-26T00:00:00,CTU,Mapooro Cantu,ok
P013666,013666,dennis-smith-jr,euroleague,https://www.euroleaguebasketball.net/en/euroleague/players/dennis-smith-jr/profile/013666/,DENNIS,SMITH JR,190,Guard,United States of America,1997-11-25T00:00:00,MAD,Real Madrid,ok
P004918,004918,nolan-smith,euroleague,https://www.euroleaguebasketball.net/en/euroleague/players/nolan-smith/profile/004918/,NOLAN ,SMITH,188,Guard,United States of America,1988-07-25T00:00:00,GAL,Galatasaray Liv Hospital Istanbul,ok
P007356,007356,russ-smith,euroleague,https://www.euroleaguebasketball.net/en/euroleague/players/russ-smith/profile/007356/,RUSS,SMITH,183,Guard,United States of America,1991-04-19T00:00:00,GAL,Galatasaray Odeabank Istanbul,ok
P002901,002901,steven-smith,euroleague,https://www.euroleaguebasketball.net/en/euroleague/players/steven-smith/profile/002901/,STEVEN,SMITH,203,Forward,United States of America,1983-04-12T00:00:00,PAN,Panathinaikos Athens,ok
P007109,007109,rolands-smits,euroleague,https://www.euroleaguebasketball.net/en/euroleague/players/rolands-smits/profile/007109/,ROLANDS,SMITS,208,Forward,Latvia,1995-06-25T00:00:00,IST,Anadolu Efes Istanbul,ok
PALC,ALC,matjaz-smodis,euroleague,https://www.euroleaguebasketball.net/en/euroleague/players/matjaz-smodis/profile/ALC/,MATJAZ,SMODIS,205,Forward,Slovenia,1979-12-13T00:00:00,CSK,CSKA Moscow,ok
PKLP,KLP,igor-smygin,euroleague,https://www.euroleaguebasketball.net/en/euroleague/players/igor-smygin/profile/KLP/,IGOR,SMYGIN,198,Guard,Russian Federation,1987-04-01T00:00:00,KHI,Khimki,ok
P004176,004176,tomasz-snieg,euroleague,https://www.euroleaguebasketball.net/en/euroleague/players/tomasz-snieg/profile/004176/,TOMASZ,SNIEG,190,Guard,Poland,1989-06-03T00:00:00,SOP,Asseco Prokom Gdynia,ok
PLTF,LTF,dmitry-sokolov,euroleague,https://www.euroleaguebasketball.net/en/euroleague/players/dmitry-sokolov/profile/LTF/,DMITRY,SOKOLOV,214,Center,Russian Federation,1985-01-21T00:00:00,KHI,Khimki Moscow Region,ok
PTFB,TFB,williams-soliman,euroleague,https://www.euroleaguebasketball.net/en/euroleague/players/williams-soliman/profile/TFB/,WILLIAMS,SOLIMAN,203,Forward,France,1980-02-15T00:00:00,ROA,Chorale Roanne,ok
PCOS,COS,willie-solomon,euroleague,https://www.euroleaguebasketball.net/en/euroleague/players/willie-solomon/profile/COS/,WILLIE,SOLOMON,187,Guard,United States of America,1978-07-20T00:00:00,ULK,Fenerbahce Ulker,ok
P004479,004479,morayoninuoluwa-soluade,euroleague,https://www.euroleaguebasketball.net/en/euroleague/players/morayoninuoluwa-soluade/profile/004479/,MO,SOLUADE,196,Guard,United Kingdom,1995-07-12T00:00:00,MAL,Unicaja Malaga,ok
PBCP,BCP,darius-songaila,euroleague,https://www.euroleaguebasketball.net/en/euroleague/players/darius-songaila/profile/BCP/,DARIUS,SONGAILA,206,,Lithuania,1978-02-14T00:00:00,ZAL,Zalgiris Kaunas,ok
P002970,002970,dogukan-sonmez,euroleague,https://www.euroleaguebasketball.net/en/euroleague/players/dogukan-sonmez/profile/002970/,DOGUKAN,SONMEZ,206,Forward,Turkiye,1992-01-01T00:00:00,GAL,Galatasaray Liv Hospital Istanbul,ok
P011219,011219,roman-sorkin,euroleague,https://www.euroleaguebasketball.net/en/euroleague/players/roman-sorkin/profile/011219/,ROMAN,SORKIN,208,Forward,Israel,1996-08-11T00:00:00,TEL,Maccabi Rapyd Tel Aviv,ok
P005242,005242,edgar-sosa,euroleague,https://www.euroleaguebasketball.net/en/euroleague/players/edgar-sosa/profile/005242/,EDGAR,SOSA,190,Guard,United States of America,1988-01-15T00:00:00,SAS,Dinamo Banco di Sardegna Sassari,ok
P005955,005955,james-southerland,euroleague,https://www.euroleaguebasketball.net/en/euroleague/players/james-southerland/profile/005955/,JAMES,SOUTHERLAND,202,Forward,United States of America,1990-04-28T00:00:00,LMG,Limoges CSP,ok
P000747,000747,pape-sow,euroleague,https://www.euroleaguebasketball.net/en/euroleague/players/pape-sow/profile/000747/,PAPE,SOW,208,Center,Senegal,1981-11-22T00:00:00,BAS,Caja Laboral Vitoria,ok
P008173,008173,matteo-spagnolo,euroleague,https://www.euroleaguebasketball.net/en/euroleague/players/matteo-spagnolo/profile/008173/,MATTEO,SPAGNOLO,193,Guard,Italy,2003-01-10T00:00:00,BAS,Kosner Baskonia Vitoria-Gasteiz,ok
P002626,002626,jan-span,euroleague,https://www.euroleaguebasketball.net/en/euroleague/players/jan-span/profile/002626/,JAN,SPAN,190,Guard,Slovenia,1992-11-20T00:00:00,LJU,Union Olimpija Ljubljana,ok
PJUO,JUO,vassilis-spanoulis,euroleague,https://www.euroleaguebasketball.net/en/euroleague/players/vassilis-spanoulis/profile/JUO/,VASSILIS,SPANOULIS,0,,Greece,1982-08-07T00:00:00,MCO,AS Monaco,ok
P012294,012294,stefanos-spartalis,euroleague,https://www.euroleaguebasketball.net/en/euroleague/players/stefanos-spartalis/profile/012294/,STEFANOS,SPARTALIS,205,Center,Greece,2006-07-27T00:00:00,OLY,Olympiacos Piraeus,ok
PTGM,TGM,dewarick-spencer,euroleague,https://www.euroleaguebasketball.net/en/euroleague/players/dewarick-spencer/profile/TGM/,DEWARICK,SPENCER,193,Guard,United States of America,1982-05-04T00:00:00,LEM,Le Mans,ok
P004381,004381,marco-spissu,euroleague,https://www.euroleaguebasketball.net/en/euroleague/players/marco-spissu/profile/004381/,MARCO,SPISSU,182,Guard,Italy,1995-02-05T00:00:00,UNK,UNICS Kazan,ok
PCBY,CBY,tiago-splitter,euroleague,https://www.euroleaguebasketball.net/en/euroleague/players/tiago-splitter/profile/CBY/,TIAGO,SPLITTER,0,,Brazil,1985-01-01T00:00:00,PRS,Paris Basketball,ok
PKPW,KPW,marcin-sroka,euroleague,https://www.euroleaguebasketball.net/en/euroleague/players/marcin-sroka/profile/KPW/,MARCIN,SROKA,200,Forward,Poland,1981-03-20T00:00:00,GSS,Stelmet Zielona Gora,ok
P002506,002506,lucca-staiger,euroleague,https://www.euroleaguebasketball.net/en/euroleague/players/lucca-staiger/profile/002506/,LUCCA,STAIGER,196,Guard,Germany,1988-06-14T00:00:00,BAM,Brose Bamberg,ok
PAUL,AUL,jovo-stanojevic,euroleague,https://www.euroleaguebasketball.net/en/euroleague/players/jovo-stanojevic/profile/AUL/,JOVO,STANOJEVIC,207,Center,Serbia,1977-09-27T00:00:00,SOP,Prokom Trefl Sopot,ok
P011317,011317,markel-starks,euroleague,https://www.euroleaguebasketball.net/en/euroleague/players/markel-starks/profile/011317/,MARKEL,STARKS ,188,Guard,United States of America,1991-02-21T00:00:00,ULK,Fenerbahce Beko Istanbul,ok
P008000,008000,milic-starovlah,euroleague,https://www.euroleaguebasketball.net/en/euroleague/players/milic-starovlah/profile/008000/,MILIC,STAROVLAH,197,Forward,Montenegro,1998-01-28T00:00:00,BUD,Buducnost VOLI Pogdorica,ok
P009836,009836,nikolas-stauskas,euroleague,https://www.euroleaguebasketball.net/en/euroleague/players/nikolas-stauskas/profile/009836/,NIK,STAUSKAS,197,Guard,Canada,1993-10-07T00:00:00,BAS,KIROLBET Baskonia Vitoria-Gasteiz,ok
PLUK,LUK,jon-stefansson,euroleague,https://www.euroleaguebasketball.net/en/euroleague/players/jon-stefansson/profile/LUK/,JON,STEFANSSON,195,Guard,Iceland,1982-09-21T00:00:00,MAL,Unicaja Malaga,ok
P000070,000070,piotr-stelmach,euroleague,https://www.euroleaguebasketball.net/en/euroleague/players/piotr-stelmach/profile/000070/,PIOTR,STELMACH,205,Forward,Poland,1984-02-23T00:00:00,SOP,Prokom Trefl Sopot,ok
PAWI,AWI,roberts-stelmahers,euroleague,https://www.euroleaguebasketball.net/en/euroleague/players/roberts-stelmahers/profile/AWI/,ROBERTS,STELMAHERS,0,Guard,Latvia,1974-11-19T00:00:00,LIE,Lietuvos Rytas,ok
P014009,014009,lamar-stevens,euroleague,https://www.euroleaguebasketball.net/en/euroleague/players/lamar-stevens/profile/014009/,LAMAR,STEVENS,198,Forward,United States of America,1997-07-09T00:00:00,PRS,Paris Basketball,ok
P000564,000564,oliver-stevic,euroleague,https://www.euroleaguebasketball.net/en/euroleague/players/oliver-stevic/profile/000564/,OLIVER,STEVIC,205,Center,Serbia,1984-01-18T00:00:00,BIL,Gescrap Bilbao Basket,ok
PLBJ,LBJ,vladimir-stimac,euroleague,https://www.euroleaguebasketball.net/en/euroleague/players/vladimir-stimac/profile/LBJ/,VLADIMIR,STIMAC,210,Center,Serbia,1987-08-25T00:00:00,RED,Crvena Zvezda mts Belgrade,ok
PDGX,DGX,rok-stipcevic,euroleague,https://www.euroleaguebasketball.net/en/euroleague/players/rok-stipcevic/profile/DGX/,ROK,STIPCEVIC,186,Guard,Croatia,1986-05-20T00:00:00,SAS,Dinamo Banco di Sardegna Sassari,ok
P003934,003934,vojdan-stojanovski,euroleague,https://www.euroleaguebasketball.net/en/euroleague/players/vojdan-stojanovski/profile/003934/,VOJDAN,STOJANOVSKI,194,Guard,North Macedonia,1987-12-09T00:00:00,BER,ALBA Berlin,ok
P013013,013013,lazar-stojkovic,euroleague,https://www.euroleaguebasketball.net/en/euroleague/players/lazar-stojkovic/profile/013013/,LAZAR,STOJKOVIC,209,Center,Serbia,2007-10-22T00:00:00,RED,Crvena Zvezda Meridianbet Belgrade,ok
P000688,000688,stevan-stojkov,euroleague,https://www.euroleaguebasketball.net/en/euroleague/players/stevan-stojkov/profile/000688/,STEVAN,STOJKOV,182,Guard,Italy,1989-01-12T00:00:00,VIR,Virtus VidiVici,ok
P006668,006668,paul-stoll,euroleague,https://www.euroleaguebasketball.net/en/euroleague/players/paul-stoll/profile/006668/,PAUL,STOLL,180,Guard,United States of America,1985-12-14T00:00:00,UNK,Unics Kazan,ok
PJOC,JOC,shaun-stonerook,euroleague,https://www.euroleaguebasketball.net/en/euroleague/players/shaun-stonerook/profile/JOC/,SHAUN,STONEROOK,201,Forward,United States of America,1977-08-19T00:00:00,SIE,Montepaschi Siena,ok
P007069,007069,amare-stoudemire,euroleague,https://www.euroleaguebasketball.net/en/euroleague/players/amare-stoudemire/profile/007069/,AMAR'E,STOUDEMIRE,208,Center,United States of America,1982-11-16T00:00:00,TEL,Maccabi FOX Tel Aviv,ok
P001906,001906,daniel-strauch,euroleague,https://www.euroleaguebasketball.net/en/euroleague/players/daniel-strauch/profile/001906/,DANIEL,STRAUCH,206,Forward,Germany,1981-01-08T00:00:00,OLD,EWE Baskets,ok
P001433,001433,dj-strawberry,euroleague,https://www.euroleaguebasketball.net/en/euroleague/players/dj-strawberry/profile/001433/,DJ,STRAWBERRY,196,Forward,United States of America,1985-06-15T00:00:00,CAN,Herbalife Gran Canaria,ok
P008099,008099,matthew-strazel,euroleague,https://www.euroleaguebasketball.net/en/euroleague/players/matthew-strazel/profile/008099/,MATTHEW,STRAZEL,184,Guard,France,2002-08-05T00:00:00,MCO,AS Monaco,ok
PLWP,LWP,ivan-strebkov,euroleague,https://www.euroleaguebasketball.net/en/euroleague/players/ivan-strebkov/profile/LWP/,IVAN,STREBKOV,192,Guard,Russian Federation,1991-07-27T00:00:00,CSK,CSKA Moscow,ok
P000046,000046,janis-strelnieks,euroleague,https://www.euroleaguebasketball.net/en/euroleague/players/janis-strelnieks/profile/000046/,JANIS,STRELNIEKS,191,Guard,Latvia,1989-09-01T00:00:00,ZAL,Zalgiris Kaunas,ok
P002092,002092,maurice-stuckey,euroleague,https://www.euroleaguebasketball.net/en/euroleague/players/maurice-stuckey/profile/002092/,MAURICE,STUCKEY,187,Guard,Germany,1990-05-30T00:00:00,BAM,Brose Baskets,ok
P002358,002358,alex-suarez,euroleague,https://www.euroleaguebasketball.net/en/euroleague/players/alex-suarez/profile/002358/,ALEX,SUAREZ,206,Forward,Spain,1993-09-27T00:00:00,MAD,Real Madrid,ok
PJJS,JJS,carlos-suarez,euroleague,https://www.euroleaguebasketball.net/en/euroleague/players/carlos-suarez/profile/JJS/,CARLOS,SUAREZ,203,Forward,Spain,1986-05-23T00:00:00,MAL,Unicaja Malaga,ok
P012116,012116,luigi-suigo,euroleague,https://www.euroleaguebasketball.net/en/euroleague/players/luigi-suigo/profile/012116/,LUIGI,SUIGO,220,Center,Italy,2007-01-29T00:00:00,MIL,EA7 Emporio Armani Milan,ok
P003992,003992,emir-sulejmanovic,euroleague,https://www.euroleaguebasketball.net/en/euroleague/players/emir-sulejmanovic/profile/003992/,EMIR,SULEJMANOVIC,206,Forward,Finland,1995-07-13T00:00:00,BAR,FC Barcelona Lassa,ok
P003529,003529,dajuan-summers,euroleague,https://www.euroleaguebasketball.net/en/euroleague/players/dajuan-summers/profile/003529/,DAJUAN,SUMMERS,203,Forward,United States of America,1988-01-24T00:00:00,NIK,Budivelnik Kiev,ok
P012787,012787,edmond-sumner,euroleague,https://www.euroleaguebasketball.net/en/euroleague/players/edmond-sumner/profile/012787/,EDMOND,SUMNER,198,Guard,United States of America,1995-12-31T00:00:00,ZAL,Zalgiris Kaunas,ok
PDIJ,DIJ,bruno-sundov,euroleague,https://www.euroleaguebasketball.net/en/euroleague/players/bruno-sundov/profile/DIJ/,BRUNO,SUNDOV,221,Center,Croatia,1980-02-10T00:00:00,PAM,Power Electronics Valencia,ok
PJJZ,JJZ,predrag-suput,euroleague,https://www.euroleaguebasketball.net/en/euroleague/players/predrag-suput/profile/JJZ/,PREDRAG,SUPUT,200,Forward,Serbia,1977-06-01T00:00:00,CED,Cedevita Zagreb,ok
P002106,002106,goran-suton,euroleague,https://www.euroleaguebasketball.net/en/euroleague/players/goran-suton/profile/002106/,GORAN,SUTON,209,Center,Croatia,1985-08-11T00:00:00,CED,Cedevita Zagreb,ok
P001432,001432,milorad-sutulovic,euroleague,https://www.euroleaguebasketball.net/en/euroleague/players/milorad-sutulovic/profile/001432/,MILORAD,SUTULOVIC,198,Guard,Montenegro,1990-12-08T00:00:00,LJU,Union Olimpija,ok
P014025,014025,cole-swider,euroleague,https://www.euroleaguebasketball.net/en/euroleague/players/cole-swider/profile/014025/,COLE,SWIDER,206,Forward,United States of America,1999-05-08T00:00:00,IST,Anadolu Efes Istanbul,ok
PCLW,CLW,tomasz-swietonski,euroleague,https://www.euroleaguebasketball.net/en/euroleague/players/tomasz-swietonski/profile/CLW/,TOMASZ,SWIETONSKI,186,Guard,Poland,1984-04-04T00:00:00,SOP,Asseco Prokom,ok
P005793,005793,bandja-sy,euroleague,https://www.euroleaguebasketball.net/en/euroleague/players/bandja-sy/profile/005793/,BANDJA,SY,205,Forward,France,1990-07-30T00:00:00,PRS,Paris Basketball,ok
P010093,010093,keifer-sykes,euroleague,https://www.euroleaguebasketball.net/en/euroleague/players/keifer-sykes/profile/010093/,KEIFER,SYKES,183,Guard,United States of America,1993-12-30T00:00:00,PAN,Panathinaikos OPAP Athens,ok
P001965,001965,abdel-kader-sylla,euroleague,https://www.euroleaguebasketball.net/en/euroleague/players/abdel-kader-sylla/profile/001965/,ABDEL KADER,SYLLA,205,Forward,Seychelles,1990-04-10T00:00:00,NAN,SLUC Nancy,ok
P001209,001209,piotr-szczotka,euroleague,https://www.euroleaguebasketball.net/en/euroleague/players/piotr-szczotka/profile/001209/,PIOTR,SZCZOTKA,,Forward,Poland,1981-06-17T00:00:00,SOP,Asseco Prokom Gdynia,ok
PCCH,CCH,szymon-szewczyk,euroleague,https://www.euroleaguebasketball.net/en/euroleague/players/szymon-szewczyk/profile/CCH/,SZYMON,SZEWCZYK,209,Center,Poland,1982-12-21T00:00:00,GSS,Stelmet Zielona Gora,ok
PJPJ,JPJ,jonathan-tabu,euroleague,https://www.euroleaguebasketball.net/en/euroleague/players/jonathan-tabu/profile/JPJ/,JONATHAN,TABU,190,Guard,Belgium,1985-10-07T00:00:00,BER,ALBA Berlin,ok
P000118,000118,karsten-tadda,euroleague,https://www.euroleaguebasketball.net/en/euroleague/players/karsten-tadda/profile/000118/,KARSTEN,TADDA,191,Guard,Germany,1988-11-02T00:00:00,BAM,Brose Baskets Bamberg,ok
P010631,010631,georgios-tanoulis,euroleague,https://www.euroleaguebasketball.net/en/euroleague/players/georgios-tanoulis/profile/010631/,GEORGIOS,TANOULIS,210,Center,Greece,2002-07-27T00:00:00,OLY,Olympiacos Piraeus,ok
P008004,008004,kaleb-tarczewski,euroleague,https://www.euroleaguebasketball.net/en/euroleague/players/kaleb-tarczewski/profile/008004/,KALEB,TARCZEWSKI,213,Center,United States of America,1993-02-26T00:00:00,MIL,AX Armani Exchange Milan,ok
P005860,005860,donatas-tarolis,euroleague,https://www.euroleaguebasketball.net/en/euroleague/players/donatas-tarolis/profile/005860/,DONATAS,TAROLIS,202,Forward,Lithuania,1994-03-30T00:00:00,ZAL,Zalgiris Kaunas,ok
P012515,012515,terry-tarpey,euroleague,https://www.euroleaguebasketball.net/en/euroleague/players/terry-tarpey/profile/012515/,TERRY,TARPEY,196,Guard,United States of America,1994-03-02T00:00:00,MCO,AS Monaco,ok
PKSP,KSP,aris-tatarounis,euroleague,https://www.euroleaguebasketball.net/en/euroleague/players/aris-tatarounis/profile/KSP/,ARIS,TATAROUNIS,192,Guard,Greece,1989-05-04T00:00:00,PAN,Panathinaikos Athens,ok
P005791,005791,walter-tavares,euroleague,https://www.euroleaguebasketball.net/en/euroleague/players/walter-tavares/profile/005791/,WALTER,TAVARES,220,Center,Cabo Verde,1992-03-22T00:00:00,MAD,Real Madrid,ok
P014004,014004,brandon-taylor,euroleague,https://www.euroleaguebasketball.net/en/euroleague/players/brandon-taylor/profile/014004/,BRANDON,TAYLOR,178,Guard,United States of America,1994-01-08T00:00:00,VIR,Virtus Bologna,ok
P001988,001988,bryce-taylor,euroleague,https://www.euroleaguebasketball.net/en/euroleague/players/bryce-taylor/profile/001988/,BRYCE,TAYLOR,195,Guard,United States of America,1986-09-27T00:00:00,BAM,Brose Bamberg,ok
P012068,012068,isaiah-taylor,euroleague,https://www.euroleaguebasketball.net/en/euroleague/players/isaiah-taylor/profile/012068/,ISAIAH,TAYLOR,191,Guard,United States of America,1994-07-11T00:00:00,ZAL,Zalgiris Kaunas,ok
P006546,006546,jeffery-taylor,euroleague,https://www.euroleaguebasketball.net/en/euroleague/players/jeffery-taylor/profile/006546/,JEFFERY,TAYLOR,201,Forward,Sweden,1989-05-23T00:00:00,MAD,Real Madrid,ok
P005247,005247,jordan-taylor,euroleague,https://www.euroleaguebasketball.net/en/euroleague/players/jordan-taylor/profile/005247/,JORDAN,TAYLOR,188,Guard,United States of America,1989-09-30T00:00:00,ASV,LDLC ASVEL Villeurbanne,ok
P011217,011217,kameron-taylor,euroleague,https://www.euroleaguebasketball.net/en/euroleague/players/kameron-taylor/profile/011217/,KAMERON,TAYLOR,198,Forward,United States of America,1994-10-05T00:00:00,PAM,Valencia Basket,ok
P001794,001794,maurice-taylor,euroleague,https://www.euroleaguebasketball.net/en/euroleague/players/maurice-taylor/profile/001794/,MAURICE,TAYLOR,206,Forward,United States of America,1976-10-30T00:00:00,MIL,AJ Milano,ok
PTGG,TGG,ronell-taylor,euroleague,https://www.euroleaguebasketball.net/en/euroleague/players/ronell-taylor/profile/TGG/,RONELL,TAYLOR,194,Forward,United States of America,1982-07-26T00:00:00,LJU,Union Olimpija,ok
P005850,005850,tony-taylor,euroleague,https://www.euroleaguebasketball.net/en/euroleague/players/tony-taylor/profile/005850/,TONY,TAYLOR,185,Guard,United States of America,1990-08-09T00:00:00,ZGO,PGE Turow Zgorzelec,ok
P001157,001157,steed-tchicamboud,euroleague,https://www.euroleaguebasketball.net/en/euroleague/players/steed-tchicamboud/profile/001157/,STEED,TCHICAMBOUD,193,Forward,France,1981-06-18T00:00:00,LMG,Limoges CSP,ok
P004008,004008,marko-tejic,euroleague,https://www.euroleaguebasketball.net/en/euroleague/players/marko-tejic/profile/004008/,MARKO,TEJIC,208,Forward,Serbia,1995-08-04T00:00:00,RED,Crvena Zvezda Telekom Belgrade,ok
PJZJ,JZJ,mirza-teletovic,euroleague,https://www.euroleaguebasketball.net/en/euroleague/players/mirza-teletovic/profile/JZJ/,MIRZA,TELETOVIC,206,Forward,Bosnia and Herzegovina,1985-09-17T00:00:00,BAS,Caja Laboral,ok
PJDR,JDR,milos-teodosic,euroleague,https://www.euroleaguebasketball.net/en/euroleague/players/milos-teodosic/profile/JDR/,MILOS,TEODOSIC,195,Guard,Serbia,1987-03-19T00:00:00,RED,Crvena Zvezda Meridianbet Belgrade,ok
PLGH,LGH,milenko-tepic,euroleague,https://www.euroleaguebasketball.net/en/euroleague/players/milenko-tepic/profile/LGH/,MILENKO,TEPIC,202,Guard,Serbia,1987-02-27T00:00:00,PAR,Partizan NIS Belgrade,ok
P010652,010652,emanuel-terry,euroleague,https://www.euroleaguebasketball.net/en/euroleague/players/emanuel-terry/profile/010652/,EMANUEL,TERRY,206,Center,United States of America,1996-08-21T00:00:00,RED,Crvena Zvezda mts Belgrade,ok
PTEO,TEO,reyshawn-terry,euroleague,https://www.euroleaguebasketball.net/en/euroleague/players/reyshawn-terry/profile/TEO/,REYSHAWN,TERRY,203,Forward,United States of America,1984-04-07T00:00:00,BAM,Brose Baskets Bamberg,ok
P003435,003435,kevin-thalien,euroleague,https://www.euroleaguebasketball.net/en/euroleague/players/kevin-thalien/profile/003435/,KEVIN,THALIEN,190,Guard,France,1992-02-20T00:00:00,NAN,SLUC Nancy,ok
P004132,004132,daniel-theis,euroleague,https://www.euroleaguebasketball.net/en/euroleague/players/daniel-theis/profile/004132/,DANIEL,THEIS,204,Center,Germany,1992-04-04T00:00:00,MCO,AS Monaco,ok
P007946,007946,jordan-theodore,euroleague,https://www.euroleaguebasketball.net/en/euroleague/players/jordan-theodore/profile/007946/,JORDAN,THEODORE,183,Guard,United States of America,1989-12-11T00:00:00,BAS,Baskonia Vitoria-Gasteiz,ok
P003958,003958,johannes-thiemann,euroleague,https://www.euroleaguebasketball.net/en/euroleague/players/johannes-thiemann/profile/003958/,JOHANNES,THIEMANN,205,Center,Germany,1994-02-09T00:00:00,BER,ALBA Berlin,ok
P005094,005094,deshaun-thomas,euroleague,https://www.euroleaguebasketball.net/en/euroleague/players/deshaun-thomas/profile/005094/,DESHAUN,THOMAS,201,Forward,United States of America,1991-08-29T00:00:00,ASV,LDLC ASVEL Villeurbanne,ok
P001234,001234,jobey-thomas,euroleague,https://www.euroleaguebasketball.net/en/euroleague/players/jobey-thomas/profile/001234/,JOBEY,THOMAS,194,Guard,United States of America,1980-03-24T00:00:00,MIL,AJ Milano,ok
P011313,011313,khyri-thomas,euroleague,https://www.euroleaguebasketball.net/en/euroleague/players/khyri-thomas/profile/011313/,KHYRI,THOMAS,191,Guard,United States of America,1996-05-08T00:00:00,TEL,Maccabi Playtika Tel Aviv,ok
P004251,004251,malcom-thomas,euroleague,https://www.euroleaguebasketball.net/en/euroleague/players/malcom-thomas/profile/004251/,MALCOLM,THOMAS,206,Center,United States of America,1988-11-08T00:00:00,MUN,FC Bayern Munich,ok
P008967,008967,matt-thomas,euroleague,https://www.euroleaguebasketball.net/en/euroleague/players/matt-thomas/profile/008967/,MATT,THOMAS,196,Guard,United States of America,1994-08-04T00:00:00,BER,ALBA Berlin,ok
P012095,012095,joe-thomasson,euroleague,https://www.euroleaguebasketball.net/en/euroleague/players/joe-thomasson/profile/012095/,JOE,THOMASSON,193,Guard,United States of America,1993-08-16T00:00:00,TEL,Maccabi Playtika Tel Aviv,ok
P004231,004231,torey-thomas,euroleague,https://www.euroleaguebasketball.net/en/euroleague/players/torey-thomas/profile/004231/,TOREY,THOMAS,180,Guard,United States of America,1985-02-26T00:00:00,PAR,Partizan mt:s Belgrade,ok
P005856,005856,will-thomas,euroleague,https://www.euroleaguebasketball.net/en/euroleague/players/will-thomas/profile/005856/,WILL,THOMAS,203,Forward,United States of America,1986-07-01T00:00:00,MCO,AS Monaco,ok
P005836,005836,trey-thompkins,euroleague,https://www.euroleaguebasketball.net/en/euroleague/players/trey-thompkins/profile/005836/,TREY,THOMPKINS,208,Forward,United States of America,1990-05-29T00:00:00,RED,Crvena Zvezda Meridianbet Belgrade,ok
P011078,011078,darius-thompson,euroleague,https://www.euroleaguebasketball.net/en/euroleague/players/darius-thompson/profile/011078/,DARIUS,THOMPSON,193,Guard,Italy,1995-05-04T00:00:00,PAM,Valencia Basket,ok
P003453,003453,deon-thompson,euroleague,https://www.euroleaguebasketball.net/en/euroleague/players/deon-thompson/profile/003453/,DEON,THOMPSON,204,Forward,United States of America,1988-09-16T00:00:00,ZAL,Zalgiris Kaunas,ok
P000134,000134,dijon-thompson,euroleague,https://www.euroleaguebasketball.net/en/euroleague/players/dijon-thompson/profile/000134/,DIJON,THOMPSON,201,Forward,United States of America,1983-03-23T00:00:00,JER,Hapoel Bank Yahav Jerusalem,ok
P008014,008014,hollis-thompson,euroleague,https://www.euroleaguebasketball.net/en/euroleague/players/hollis-thompson/profile/008014/,HOLLIS,THOMPSON,203,Forward,United States of America,1991-04-03T00:00:00,OLY,Olympiacos Piraeus,ok
P007998,007998,jason-thompson,euroleague,https://www.euroleaguebasketball.net/en/euroleague/players/jason-thompson/profile/007998/,JASON,THOMPSON,211,Center,United States of America,1986-07-21T00:00:00,ULK,Fenerbahce Dogus Istanbul,ok
P004957,004957,ryan-thompson,euroleague,https://www.euroleaguebasketball.net/en/euroleague/players/ryan-thompson/profile/004957/,RYAN,THOMPSON,198,Guard,United States of America,1988-06-09T00:00:00,RED,Crvena Zvezda Telekom Belgrade,ok
PCCA,CCA,bootsy-thornton,euroleague,https://www.euroleaguebasketball.net/en/euroleague/players/bootsy-thornton/profile/CCA/,BOOTSY,THORNTON,195,Guard,United States of America,1977-07-30T00:00:00,SIE,Montepaschi Siena,ok
P002744,002744,kim-tillie,euroleague,https://www.euroleaguebasketball.net/en/euroleague/players/kim-tillie/profile/002744/,KIM,TILLIE,210,Center,France,1988-07-15T00:00:00,CAN,Herbalife Gran Canaria,ok
P005718,005718,janis-timma,euroleague,https://www.euroleaguebasketball.net/en/euroleague/players/janis-timma/profile/005718/,JANIS,TIMMA,201,Forward,Latvia,1992-07-02T00:00:00,UNK,UNICS Kazan,ok
P004846,004846,bar-timor,euroleague,https://www.euroleaguebasketball.net/en/euroleague/players/bar-timor/profile/004846/,BAR,TIMOR,191,Guard,Israel,1992-03-02T00:00:00,HTA,Hapoel IBI Tel Aviv,ok
P007497,007497,ergi-tirpanci,euroleague,https://www.euroleaguebasketball.net/en/euroleague/players/ergi-tirpanci/profile/007497/,ERGI,TIRPANCI,200,Guard,Turkiye,2000-01-01T00:00:00,ULK,Fenerbahce Beko Istanbul,ok
P005173,005173,oleksandr-tishchenko,euroleague,https://www.euroleaguebasketball.net/en/euroleague/players/oleksandr-tishchenko/profile/005173/,OLEKSANDR,TISHCHENKO,207,Forward,Ukraine,1989-03-25T00:00:00,NIK,Budivelnik Kiev,ok
P008275,008275,boris-tisma,euroleague,https://www.euroleaguebasketball.net/en/euroleague/players/boris-tisma/profile/008275/,BORIS,TISMA,205,Forward,Croatia,2002-02-20T00:00:00,MAD,Real Madrid,ok
P008966,008966,mike-tobey,euroleague,https://www.euroleaguebasketball.net/en/euroleague/players/mike-tobey/profile/008966/,MIKE,TOBEY,213,Center,Slovenia,1994-10-10T00:00:00,RED,Crvena Zvezda Meridianbet Belgrade,ok
PJPE,JPE,miroslav-todic,euroleague,https://www.euroleaguebasketball.net/en/euroleague/players/miroslav-todic/profile/JPE/,MIROSLAV,TODIC,203,Forward,Bosnia and Herzegovina,1985-01-06T00:00:00,SAS,Dinamo Banco di Sardegna Sassari,ok
P004214,004214,dejan-todorovic,euroleague,https://www.euroleaguebasketball.net/en/euroleague/players/dejan-todorovic/profile/004214/,DEJAN,TODOROVIC,196,Forward,Serbia,1994-05-29T00:00:00,MAL,Unicaja Malaga,ok
P001612,001612,marko-todorovic,euroleague,https://www.euroleaguebasketball.net/en/euroleague/players/marko-todorovic/profile/001612/,MARKO,TODOROVIC,210,Center,Montenegro,1992-04-19T00:00:00,KHI,Khimki Moscow Region,ok
P004292,004292,vassilis-toliopoulos,euroleague,https://www.euroleaguebasketball.net/en/euroleague/players/vassilis-toliopoulos/profile/004292/,VASSILIS,TOLIOPOULOS,187,Guard,Greece,1996-06-15T00:00:00,PAN,Panathinaikos AKTOR Athens,ok
PAFC,AFC,dejan-tomasevic,euroleague,https://www.euroleaguebasketball.net/en/euroleague/players/dejan-tomasevic/profile/AFC/,DEJAN,TOMASEVIC,208,Center,Serbia,1973-05-06T00:00:00,PAN,Panathinaikos,ok
P001184,001184,joan-tomas,euroleague,https://www.euroleaguebasketball.net/en/euroleague/players/joan-tomas/profile/001184/,JOAN,TOMAS,198,Forward,Spain,1992-05-12T00:00:00,JOV,DKV Joventut,ok
PCPS,CPS,marko-tomas,euroleague,https://www.euroleaguebasketball.net/en/euroleague/players/marko-tomas/profile/CPS/,MARKO,TOMAS,201,Guard,Croatia,1985-01-03T00:00:00,CED,Cedevita Zagreb,ok
PLJB,LJB,pere-tomas,euroleague,https://www.euroleaguebasketball.net/en/euroleague/players/pere-tomas/profile/LJB/,PERE,TOMAS,202,Forward,Spain,1989-09-05T00:00:00,JOV,DKV Joventut,ok
P002507,002507,ante-tomic,euroleague,https://www.euroleaguebasketball.net/en/euroleague/players/ante-tomic/profile/002507/,ANTE,TOMIC,217,Center,Croatia,1987-02-17T00:00:00,BAR,FC Barcelona,ok
PCCI,CCI,alessandro-tonolli,euroleague,https://www.euroleaguebasketball.net/en/euroleague/players/alessandro-tonolli/profile/CCI/,ALESSANDRO,TONOLLI,202,Forward,Italy,1974-06-25T00:00:00,ROM,Lottomatica Roma,ok
P006509,006509,stefano-tonut,euroleague,https://www.euroleaguebasketball.net/en/euroleague/players/stefano-tonut/profile/006509/,STEFANO,TONUT,194,Guard,Italy,1993-11-07T00:00:00,MIL,EA7 Emporio Armani Milan,ok
P002893,002893,ryan-toolson,euroleague,https://www.euroleaguebasketball.net/en/euroleague/players/ryan-toolson/profile/002893/,RYAN,TOOLSON,193,Guard,United States of America,1985-03-21T00:00:00,MAL,Unicaja Malaga,ok
PBGD,BGD,caner-topaloglu,euroleague,https://www.euroleaguebasketball.net/en/euroleague/players/caner-topaloglu/profile/BGD/,CANER,TOPALOGLU,200,Forward,Turkiye,1985-04-17T00:00:00,GAL,Galatasaray Medical Park,ok
P010985,010985,nikola-topic,euroleague,https://www.euroleaguebasketball.net/en/euroleague/players/nikola-topic/profile/010985/,NIKOLA,TOPIC,198,Forward,Serbia,2005-08-10T00:00:00,RED,Crvena Zvezda Meridianbet Belgrade,ok
PKVM,KVM,sergey-toporov,euroleague,https://www.euroleaguebasketball.net/en/euroleague/players/sergey-toporov/profile/KVM/,SERGEY,TOPOROV,196,Forward,Russian Federation,1981-01-03T00:00:00,KHI,Khimki,ok
P011238,011238,andrei-toptunov,euroleague,https://www.euroleaguebasketball.net/en/euroleague/players/andrei-toptunov/profile/011238/,ANDREI,TOPTUNOV,182,Guard,Russian Federation,2002-07-22T00:00:00,DYR,Zenit St Petersburg,ok
P006277,006277,leonardo-tote,euroleague,https://www.euroleaguebasketball.net/en/euroleague/players/leonardo-tote/profile/006277/,LEONARDO,TOTE,212,Center,Italy,1997-07-08T00:00:00,MIL,EA7 Emporio Armani Milan,ok
P002582,002582,axel-toupane,euroleague,https://www.euroleaguebasketball.net/en/euroleague/players/axel-toupane/profile/002582/,AXEL,TOUPANE,201,Forward,France,1992-07-23T00:00:00,OLY,Olympiacos Piraeus,ok
P012739,012739,boubacar-toure,euroleague,https://www.euroleaguebasketball.net/en/euroleague/players/boubacar-toure/profile/012739/,BOUBACAR,TOURE,210,Center,Senegal,1995-12-31T00:00:00,PAM,Valencia Basket,ok
PBAP,BAP,herve-toure,euroleague,https://www.euroleaguebasketball.net/en/euroleague/players/herve-toure/profile/BAP/,HERVE,TOURE,204,Forward,France,1982-02-25T00:00:00,ROM,Lottomatica Roma,ok
P005018,005018,mohamed-toure,euroleague,https://www.euroleaguebasketball.net/en/euroleague/players/mohamed-toure/profile/005018/,MOHAMED,TOURE,190,Guard,Italy,1992-04-27T00:00:00,MIL,EA7 Emporio Armani Milan,ok
PBBE,BBE,ali-traore,euroleague,https://www.euroleaguebasketball.net/en/euroleague/players/ali-traore/profile/BBE/,ALI,TRAORE,208,Center,France,1985-02-28T00:00:00,LMG,Limoges CSP,ok
P010319,010319,armel-traore,euroleague,https://www.euroleaguebasketball.net/en/euroleague/players/armel-traore/profile/010319/,ARMEL,TRAORE,203,Center,France,2003-01-23T00:00:00,ASV,LDLC ASVEL Villeurbanne,ok
P004840,004840,romeo-travis,euroleague,https://www.euroleaguebasketball.net/en/euroleague/players/romeo-travis/profile/004840/,ROMEO,TRAVIS,201,Forward,United States of America,1984-12-10T00:00:00,STR,Strasbourg,ok
PJJF,JJF,jordi-trias,euroleague,https://www.euroleaguebasketball.net/en/euroleague/players/jordi-trias/profile/JJF/,JORDI,TRIAS,206,Forward,Spain,1980-11-05T00:00:00,BAR,Regal FC Barcelona,ok
P007673,007673,uros-trifunovic,euroleague,https://www.euroleaguebasketball.net/en/euroleague/players/uros-trifunovic/profile/007673/,UROS,TRIFUNOVIC,200,Guard,Serbia,2000-12-05T00:00:00,TEL,Maccabi Rapyd Tel Aviv,ok
PBFB,BFB,uros-tripkovic,euroleague,https://www.euroleaguebasketball.net/en/euroleague/players/uros-tripkovic/profile/BFB/,UROS,TRIPKOVIC,197,Forward,Serbia,1986-09-11T00:00:00,ULK,Fenerbahce Ulker Istanbul,ok
PJYF,JYF,robert-troha,euroleague,https://www.euroleaguebasketball.net/en/euroleague/players/robert-troha/profile/JYF/,ROBERT,TROHA,194,Guard,Croatia,1977-06-28T00:00:00,CIB,Cibona,ok
P000227,000227,chevon-troutman,euroleague,https://www.euroleaguebasketball.net/en/euroleague/players/chevon-troutman/profile/000227/,CHEVON,TROUTMAN,202,Forward,United States of America,1981-11-25T00:00:00,MUN,FC Bayern Munich,ok
P007851,007851,vladislav-trushkin,euroleague,https://www.euroleaguebasketball.net/en/euroleague/players/vladislav-trushkin/profile/007851/,VLADISLAV,TRUSHKIN,201,Forward,Russian Federation,1993-05-05T00:00:00,DYR,Zenit St Petersburg,ok
PTEN,TEN,michalis-tsairelis,euroleague,https://www.euroleaguebasketball.net/en/euroleague/players/michalis-tsairelis/profile/TEN/,MICHALIS,TSAIRELIS,206,Forward,Greece,1988-02-23T00:00:00,OLY,Olympiacos Piraeus,ok
PTFW,TFW,jake-tsakalidis,euroleague,https://www.euroleaguebasketball.net/en/euroleague/players/jake-tsakalidis/profile/TFW/,JAKE,TSAKALIDIS,218,Center,Greece,1979-01-10T00:00:00,OLY,Olympiacos,ok
PLGM,LGM,dimitrios-tsaldaris,euroleague,https://www.euroleaguebasketball.net/en/euroleague/players/dimitrios-tsaldaris/profile/LGM/,DIMITRIOS,TSALDARIS,0,Forward,Greece,1980-03-07T00:00:00,ARI,Aris TT Bank,ok
P010057,010057,panagiotis-tsamis,euroleague,https://www.euroleaguebasketball.net/en/euroleague/players/panagiotis-tsamis/profile/010057/,PANAGIOTIS,TSAMIS,204,Forward,Greece,2002-04-10T00:00:00,OLY,Olympiacos Piraeus,ok
PACN,ACN,kostas-tsartsaris,euroleague,https://www.euroleaguebasketball.net/en/euroleague/players/kostas-tsartsaris/profile/ACN/,KOSTAS,TSARTSARIS,209,Forward,Greece,1979-10-17T00:00:00,PAN,Panathinaikos Athens,ok
P001165,001165,enzo-tsonga,euroleague,https://www.euroleaguebasketball.net/en/euroleague/players/enzo-tsonga/profile/001165/,ENZO,TSONGA,194,Forward,France,1990-06-19T00:00:00,LEM,Le Mans,ok
P008192,008192,azuolas-tubelis,euroleague,https://www.euroleaguebasketball.net/en/euroleague/players/azuolas-tubelis/profile/008192/,AZUOLAS,TUBELIS,208,Forward,Lithuania,2002-03-22T00:00:00,ZAL,Zalgiris Kaunas,ok
P002908,002908,anthony-tucker,euroleague,https://www.euroleaguebasketball.net/en/euroleague/players/anthony-tucker/profile/002908/,ANTHONY,TUCKER,198,Forward,United States of America,1985-05-05T00:00:00,BAM,Brose Baskets,ok
P000749,000749,clay-tucker,euroleague,https://www.euroleaguebasketball.net/en/euroleague/players/clay-tucker/profile/000749/,CLAY,TUCKER,195,Guard,United States of America,1980-06-14T00:00:00,MAD,Real Madrid,ok
P012591,012591,rayjon-tucker,euroleague,https://www.euroleaguebasketball.net/en/euroleague/players/rayjon-tucker/profile/012591/,RAYJON,TUCKER,191,Guard,United States of America,1997-09-24T00:00:00,VIR,Virtus Segafredo Bologna,ok
P007051,007051,azat-tukmakov,euroleague,https://www.euroleaguebasketball.net/en/euroleague/players/azat-tukmakov/profile/007051/,AZAT,TUKMAKOV,188,Guard,Russian Federation,1996-02-23T00:00:00,UNK,Unics Kazan,ok
P012415,012415,melih-tunca,euroleague,https://www.euroleaguebasketball.net/en/euroleague/players/melih-tunca/profile/012415/,MELIH,TUNCA,195,Guard,Turkiye,2005-10-13T00:00:00,IST,Anadolu Efes Istanbul,ok
P002925,002925,bugrahan-tuncer,euroleague,https://www.euroleaguebasketball.net/en/euroleague/players/bugrahan-tuncer/profile/002925/,BUGRAHAN,TUNCER,193,Guard,Turkiye,1993-03-23T00:00:00,IST,Anadolu Efes Istanbul,ok
PARR,ARR,kerem-tunceri,euroleague,https://www.euroleaguebasketball.net/en/euroleague/players/kerem-tunceri/profile/ARR/,KEREM,TUNCERI,190,Guard,Turkiye,1979-04-14T00:00:00,IST,Anadolu Efes Istanbul,ok
P006641,006641,metin-turen,euroleague,https://www.euroleaguebasketball.net/en/euroleague/players/metin-turen/profile/006641/,METIN,TUREN,207,Forward,Turkiye,1994-05-02T00:00:00,DAR,Darussafaka Dogus Istanbul,ok
PAYR,AYR,mirsad-turkcan,euroleague,https://www.euroleaguebasketball.net/en/euroleague/players/mirsad-turkcan/profile/AYR/,MIRSAD,TURKCAN,206,Forward,Turkiye,1976-06-07T00:00:00,ULK,Fenerbahce Ulker,ok
P002728,002728,izzet-turkyilmaz,euroleague,https://www.euroleaguebasketball.net/en/euroleague/players/izzet-turkyilmaz/profile/002728/,IZZET,TURKYILMAZ,212,Forward,Turkiye,1990-05-20T00:00:00,ULK,Fenerbahce Ulker Istanbul,ok
PAVJ,AVJ,marko-tusek,euroleague,https://www.euroleaguebasketball.net/en/euroleague/players/marko-tusek/profile/AVJ/,MARKO,TUSEK,204,Forward,Slovenia,1975-07-17T00:00:00,AVE,Air Avellino,ok
P004119,004119,alexander-tyus-cecchini,euroleague,https://www.euroleaguebasketball.net/en/euroleague/players/alexander-tyus-cecchini/profile/004119/,ALEX,TYUS,204,Center,United States of America,1988-01-08T00:00:00,ASV,LDLC ASVEL Villeurbanne,ok
P010062,010062,agustin-ubal,euroleague,https://www.euroleaguebasketball.net/en/euroleague/players/agustin-ubal/profile/010062/,AGUSTIN,UBAL,198,Guard,Italy,2003-07-19T00:00:00,BAR,FC Barcelona,ok
P006503,006503,ekpe-udoh,euroleague,https://www.euroleaguebasketball.net/en/euroleague/players/ekpe-udoh/profile/006503/,EKPE,UDOH,208,Center,United States of America,1987-05-20T00:00:00,ULK,Fenerbahce Ulker,ok
P001479,001479,mattia-udom,euroleague,https://www.euroleaguebasketball.net/en/euroleague/players/mattia-udom/profile/001479/,MATTIA,UDOM,200,Forward,Italy,1993-11-17T00:00:00,SIE,Montepaschi Siena,ok
PAGP,AGP,beno-udrih,euroleague,https://www.euroleaguebasketball.net/en/euroleague/players/beno-udrih/profile/AGP/,BENO,UDRIH,191,Guard,Slovenia,1982-07-05T00:00:00,ZAL,Zalgiris Kaunas,ok
PBDF,BDF,samo-udrih,euroleague,https://www.euroleaguebasketball.net/en/euroleague/players/samo-udrih/profile/BDF/,SAMO,UDRIH,195,Guard,Slovenia,1979-08-02T00:00:00,LJU,Union Olimpija Ljubljana,ok
P003783,003783,berk-ugurlu,euroleague,https://www.euroleaguebasketball.net/en/euroleague/players/berk-ugurlu/profile/003783/,BERK,UGURLU,192,Guard,Turkiye,1996-04-27T00:00:00,ULK,Fenerbahce Ulker,ok
P008995,008995,ivan-ukhov,euroleague,https://www.euroleaguebasketball.net/en/euroleague/players/ivan-ukhov/profile/008995/,IVAN,UKHOV,193,Guard,Russian Federation,1995-09-11T00:00:00,CSK,CSKA Moscow,ok
PCJA,CJA,roko-leni-ukic,euroleague,https://www.euroleaguebasketball.net/en/euroleague/players/roko-leni-ukic/profile/CJA/,ROKO,UKIC,196,Guard,Croatia,1984-12-05T00:00:00,CED,Cedevita Zagreb,ok
P002329,002329,edgaras-ulanovas,euroleague,https://www.euroleaguebasketball.net/en/euroleague/players/edgaras-ulanovas/profile/002329/,EDGARAS,ULANOVAS,199,Forward,Lithuania,1992-01-07T00:00:00,ZAL,Zalgiris Kaunas,ok
P006900,006900,lukas-uleckas,euroleague,https://www.euroleaguebasketball.net/en/euroleague/players/lukas-uleckas/profile/006900/,LUKAS,ULECKAS,199,Guard,Lithuania,1999-08-06T00:00:00,ZAL,Zalgiris Kaunas,ok
P005000,005000,okben-ulubay,euroleague,https://www.euroleaguebasketball.net/en/euroleague/players/okben-ulubay/profile/005000/,OKBEN,ULUBAY,201,Forward,Turkiye,1996-05-25T00:00:00,DAR,Darussafaka Dogus Istanbul,ok
P007491,007491,yury-umrikhin,euroleague,https://www.euroleaguebasketball.net/en/euroleague/players/yury-umrikhin/profile/007491/,YURY,UMRIKHIN,188,Guard,Russian Federation,1999-06-28T00:00:00,CSK,CSKA Moscow,ok
P005814,005814,gokturk-ural,euroleague,https://www.euroleaguebasketball.net/en/euroleague/players/gokturk-ural/profile/005814/,GOKTURK ,URAL,198,Guard,Turkiye,1995-05-31T00:00:00,GAL,Galatasaray Liv Hospital Istanbul,ok
P001997,001997,jon-irkus-uriarte,euroleague,https://www.euroleaguebasketball.net/en/euroleague/players/jon-irkus-uriarte/profile/001997/,JON IRKUS,URIARTE,201,Forward,Spain,1985-05-16T00:00:00,BAS,Caja Laboral,ok
P002938,002938,txemi-urtasun,euroleague,https://www.euroleaguebasketball.net/en/euroleague/players/txemi-urtasun/profile/002938/,TXEMI,URTASUN,193,Guard,Spain,1984-04-30T00:00:00,MAL,Unicaja Malaga,ok
P006985,006985,aleksa-uskokovic,euroleague,https://www.euroleaguebasketball.net/en/euroleague/players/aleksa-uskokovic/profile/006985/,ALEKSA,USKOKOVIC,194,Guard,Serbia,1999-08-30T00:00:00,RED,Crvena Zvezda mts Belgrade,ok
P005367,005367,rares-uta,euroleague,https://www.euroleaguebasketball.net/en/euroleague/players/rares-uta/profile/005367/,CHISTIAN,UTA,211,Center,Romania,1997-12-24T00:00:00,MAL,Unicaja Malaga,ok
P007338,007338,dmitrii-uzinskii,euroleague,https://www.euroleaguebasketball.net/en/euroleague/players/dmitrii-uzinskii/profile/007338/,DMITRII,UZINSKII,200,Forward,Russian Federation,1993-07-13T00:00:00,UNK,UNICS Kazan,ok
P000898,000898,jonas-valanciunas,euroleague,https://www.euroleaguebasketball.net/en/euroleague/players/jonas-valanciunas/profile/000898/,JONAS,VALANCIUNAS,210,Center,Lithuania,1992-05-06T00:00:00,LIE,Lietuvos Rytas Vilnius,ok
P000274,000274,alessio-valeriani,euroleague,https://www.euroleaguebasketball.net/en/euroleague/players/alessio-valeriani/profile/000274/,ALESSIO,VALERIANI,,,Italy,1991-08-02T00:00:00,ROM,Lottomatica Roma,ok
P001954,001954,evgeny-valiev,euroleague,https://www.euroleaguebasketball.net/en/euroleague/players/evgeny-valiev/profile/001954/,EVGENY,VALIEV,205,Forward,Russian Federation,1990-05-03T00:00:00,UNK,UNICS Kazan,ok
P004664,004664,paulius-valinskas,euroleague,https://www.euroleaguebasketball.net/en/euroleague/players/paulius-valinskas/profile/004664/,PAULIUS,VALINSKAS,191,Guard,Lithuania,1995-12-09T00:00:00,ZAL,Zalgiris Kaunas,ok
PLOZ,LOZ,kristaps-valters,euroleague,https://www.euroleaguebasketball.net/en/euroleague/players/kristaps-valters/profile/LOZ/,KRISTAPS,VALTERS,188,Guard,Latvia,1981-09-18T00:00:00,MAL,Unicaja Malaga,ok
PASG,ASG,tomas-van-den-spiegel,euroleague,https://www.euroleaguebasketball.net/en/euroleague/players/tomas-van-den-spiegel/profile/ASG/,TOMAS,VAN DEN SPIEGEL,214,Center,Belgium,1978-07-10T00:00:00,MIL,Armani Jeans Milano,ok
P001971,001971,devon-van-oostrum,euroleague,https://www.euroleaguebasketball.net/en/euroleague/players/devon-van-oostrum/profile/001971/,DEVON,VAN OOSTRUM,193,Guard,United Kingdom,1993-01-24T00:00:00,BAS,Laboral Kutxa Vitoria,ok
PLRQ,LRQ,sam-van-rossom,euroleague,https://www.euroleaguebasketball.net/en/euroleague/players/sam-van-rossom/profile/LRQ/,SAM,VAN ROSSOM,188,Guard,Belgium,1986-06-03T00:00:00,PAM,Valencia Basket,ok
PCKZ,CKZ,manuel-vanuzzo,euroleague,https://www.euroleaguebasketball.net/en/euroleague/players/manuel-vanuzzo/profile/CKZ/,MANUEL,VANUZZO,203,Forward,Italy,1975-04-05T00:00:00,SAS,Dinamo Banco di Sardegna Sassari,ok
PBTS,BTS,ratko-varda,euroleague,https://www.euroleaguebasketball.net/en/euroleague/players/ratko-varda/profile/BTS/,RATKO,VARDA,213,Center,Serbia,1979-05-06T00:00:00,LJU,Union Olimpija Ljubljana,ok
P004845,004845,akeem-vargas,euroleague,https://www.euroleaguebasketball.net/en/euroleague/players/akeem-vargas/profile/004845/,AKEEM,VARGAS,193,Guard,Germany,1990-04-29T00:00:00,BER,ALBA Berlin,ok
P003496,003496,jarvis-varnado,euroleague,https://www.euroleaguebasketball.net/en/euroleague/players/jarvis-varnado/profile/003496/,JARVIS,VARNADO,206,Center,United States of America,1988-03-01T00:00:00,SAS,Dinamo Banco di Sardegna Sassari,ok
PALG,ALG,kostas-vasiliadis,euroleague,https://www.euroleaguebasketball.net/en/euroleague/players/kostas-vasiliadis/profile/ALG/,KOSTAS,VASILEIADIS,200,Forward,Greece,1984-03-15T00:00:00,MAL,Unicaja Malaga,ok
PLCR,LCR,sarunas-vasiliauskas,euroleague,https://www.euroleaguebasketball.net/en/euroleague/players/sarunas-vasiliauskas/profile/LCR/,SARUNAS,VASILIAUSKAS,188,Guard,Lithuania,1989-03-27T00:00:00,ZAL,Zalgiris Kaunas,ok
PJRF,JRF,panagiotis-vasilopoulos,euroleague,https://www.euroleaguebasketball.net/en/euroleague/players/panagiotis-vasilopoulos/profile/JRF/,PANAGIOTIS,VASILOPOULOS,202,Forward,Greece,1984-02-08T00:00:00,OLY,Olympiacos Piraeus,ok
P008198,008198,steve-vasturia,euroleague,https://www.euroleaguebasketball.net/en/euroleague/players/steve-vasturia/profile/008198/,STEVE,VASTURIA,196,Guard,United States of America,1995-02-10T00:00:00,ZAL,Zalgiris Kaunas,ok
P000553,000553,valdas-vasylius,euroleague,https://www.euroleaguebasketball.net/en/euroleague/players/valdas-vasylius/profile/000553/,VALDAS,VASYLIUS,203,Forward,Lithuania,1983-09-03T00:00:00,KLA,Neptunas Klaipeda,ok
PLHG,LHG,ludovic-vaty,euroleague,https://www.euroleaguebasketball.net/en/euroleague/players/ludovic-vaty/profile/LHG/,LUDOVIC,VATY,205,Center,France,1988-11-21T00:00:00,ORL,Entente Orleanaise,ok
P014014,014014,bastien-vautier,euroleague,https://www.euroleaguebasketball.net/en/euroleague/players/bastien-vautier/profile/014014/,BASTIEN,VAUTIER,210,Center,France,1998-11-15T00:00:00,ASV,LDLC ASVEL Villeurbanne,ok
PAXC,AXC,fran-vazquez,euroleague,https://www.euroleaguebasketball.net/en/euroleague/players/fran-vazquez/profile/AXC/,FRAN,VAZQUEZ,209,Center,Spain,1983-05-01T00:00:00,MAL,Unicaja Malaga,ok
PBJB,BJB,luc-arthur-vebobe,euroleague,https://www.euroleaguebasketball.net/en/euroleague/players/luc-arthur-vebobe/profile/BJB/,LUC-ARTHUR,VEBOBE,203,Forward,France,1980-04-30T00:00:00,CHO,Cholet Basket,ok
P002431,002431,kaspars-vecvagars,euroleague,https://www.euroleaguebasketball.net/en/euroleague/players/kaspars-vecvagars/profile/002431/,KASPARS,VECVAGARS,193,Guard,Latvia,1993-08-03T00:00:00,ZAL,Zalgiris Kaunas,ok
PJNN,JNN,novica-velickovic,euroleague,https://www.euroleaguebasketball.net/en/euroleague/players/novica-velickovic/profile/JNN/,NOVICA,VELICKOVIC,0,Forward,Serbia,1986-10-05T00:00:00,BAM,Brose Baskets Bamberg,ok
PLXL,LXL,siim-sander-vene,euroleague,https://www.euroleaguebasketball.net/en/euroleague/players/siim-sander-vene/profile/LXL/,SIIM-SANDER,VENE,202,Forward,Estonia,1990-11-12T00:00:00,CAN,Herbalife Gran Canaria,ok
P007524,007524,erikas-venskus,euroleague,https://www.euroleaguebasketball.net/en/euroleague/players/erikas-venskus/profile/007524/,ERIKAS,VENSKUS,205,Center,Lithuania,2000-05-28T00:00:00,ZAL,Zalgiris Kaunas,ok
PLLM,LLM,vladimir-veremeenko,euroleague,https://www.euroleaguebasketball.net/en/euroleague/players/vladimir-veremeenko/profile/LLM/,VLADIMIR,VEREMEENKO,211,Center,Russian Federation,1984-07-21T00:00:00,BAM,Brose Bamberg,ok
PLRE,LRE,dimitrios-verginis,euroleague,https://www.euroleaguebasketball.net/en/euroleague/players/dimitrios-verginis/profile/LRE/,DIMITRIOS,VERGINIS,191,,Greece,1987-05-15T00:00:00,PAN,Panathinaikos Athens,ok
P000925,000925,jan-vesely,euroleague,https://www.euroleaguebasketball.net/en/euroleague/players/jan-vesely/profile/000925/,JAN,VESELY,213,Center,Czech Republic,1990-04-24T00:00:00,BAR,FC Barcelona,ok
P003469,003469,sasha-vezenkov,euroleague,https://www.euroleaguebasketball.net/en/euroleague/players/sasha-vezenkov/profile/003469/,SASHA,VEZENKOV,206,Forward,Greece,1995-08-06T00:00:00,OLY,Olympiacos Piraeus,ok
PAJK,AJK,sergi-vidal,euroleague,https://www.euroleaguebasketball.net/en/euroleague/players/sergi-vidal/profile/AJK/,SERGI,VIDAL,200,Guard,Spain,1981-04-09T00:00:00,MAL,Unicaja Malaga,ok
PCIW,CIW,filip-videnov,euroleague,https://www.euroleaguebasketball.net/en/euroleague/players/filip-videnov/profile/CIW/,FILIP,VIDENOV,196,Forward,Bulgaria,1980-06-12T00:00:00,SOP,Asseco Prokom Gdynia,ok
PTFI,TFI,gasper-vidmar,euroleague,https://www.euroleaguebasketball.net/en/euroleague/players/gasper-vidmar/profile/TFI/,GASPER,VIDMAR,210,Center,Slovenia,1987-09-14T00:00:00,ULK,Fenerbahce Ulker Istanbul,ok
P001895,001895,jeffrey-viggiano,euroleague,https://www.euroleaguebasketball.net/en/euroleague/players/jeffrey-viggiano/profile/001895/,JEFF,VIGGIANO,196,Forward,Italy,1984-07-24T00:00:00,SIE,Montepaschi Siena,ok
P005837,005837,ivan-viktorov,euroleague,https://www.euroleaguebasketball.net/en/euroleague/players/ivan-viktorov/profile/005837/,IVAN,VIKTOROV,197,Forward,Russian Federation,1995-11-01T00:00:00,NOV,Nizhny Novgorod,ok
P007947,007947,luca-vildoza,euroleague,https://www.euroleaguebasketball.net/en/euroleague/players/luca-vildoza/profile/007947/,LUCA,VILDOZA,191,Guard,Italy,1995-08-11T00:00:00,VIR,Virtus Bologna,ok
P010035,010035,rafa-villar,euroleague,https://www.euroleaguebasketball.net/en/euroleague/players/rafa-villar/profile/010035/,RAFA,VILLAR,191,Guard,Spain,2004-08-09T00:00:00,BAS,Kosner Baskonia Vitoria-Gasteiz,ok
P012317,012317,raul-villar,euroleague,https://www.euroleaguebasketball.net/en/euroleague/players/raul-villar/profile/012317/,RAUL,VILLAR,191,Guard,Spain,2007-10-13T00:00:00,BAR,FC Barcelona,ok
P006273,006273,riccardo-visconti,euroleague,https://www.euroleaguebasketball.net/en/euroleague/players/riccardo-visconti/profile/006273/,RICCARDO,VISCONTI,196,Guard,Italy,1998-10-08T00:00:00,VIR,Virtus Segafredo Bologna,ok
PBHF,BHF,luca-vitali,euroleague,https://www.euroleaguebasketball.net/en/euroleague/players/luca-vitali/profile/BHF/,LUCA,VITALI,201,Guard,Italy,1986-05-09T00:00:00,ROM,Lottomatica Roma,ok
PBXO,BXO,cedomir-vitkovac,euroleague,https://www.euroleaguebasketball.net/en/euroleague/players/cedomir-vitkovac/profile/BXO/,CEDOMIR,VITKOVAC,201,Forward,Serbia,1982-10-28T00:00:00,PAR,Partizan,ok
P002361,002361,guillem-vives,euroleague,https://www.euroleaguebasketball.net/en/euroleague/players/guillem-vives/profile/002361/,GUILLEM,VIVES,192,Guard,Spain,1993-06-16T00:00:00,PAM,Valencia Basket,ok
P014209,014209,jacopo-vogogna,euroleague,https://www.euroleaguebasketball.net/en/euroleague/players/jacopo-vogogna/profile/014209/,JACOPO,VOGOGNA,194,Guard,Italy,2009-01-24T00:00:00,MIL,EA7 Emporio Armani Milan,ok
P007201,007201,johannes-voigtmann,euroleague,https://www.euroleaguebasketball.net/en/euroleague/players/johannes-voigtmann/profile/007201/,JOHANNES,VOIGTMANN,211,Center,Germany,1992-09-30T00:00:00,MUN,FC Bayern Munich,ok
P012126,012126,ivan-volf,euroleague,https://www.euroleaguebasketball.net/en/euroleague/players/ivan-volf/profile/012126/,IVAN,VOLF,201,Guard,Germany,2006-07-20T00:00:00,MUN,FC Bayern Munich,ok
P010628,010628,igor-volkhin,euroleague,https://www.euroleaguebasketball.net/en/euroleague/players/igor-volkhin/profile/010628/,IGOR,VOLKHIN,199,Forward,Russian Federation,1997-10-30T00:00:00,DYR,Zenit St Petersburg,ok
P001389,001389,evgeny-voronov,euroleague,https://www.euroleaguebasketball.net/en/euroleague/players/evgeny-voronov/profile/001389/,EVGENY,VORONOV,194,Guard,Russian Federation,1986-05-07T00:00:00,KHI,Khimki Moscow Region,ok
PLHI,LHI,andrey-vorontsevich,euroleague,https://www.euroleaguebasketball.net/en/euroleague/players/andrey-vorontsevich/profile/LHI/,ANDREY,VORONTSEVICH,207,Forward,Russian Federation,1987-07-17T00:00:00,UNK,UNICS Kazan,ok
PTFX,TFX,ian-vougioukas,euroleague,https://www.euroleaguebasketball.net/en/euroleague/players/ian-vougioukas/profile/TFX/,IAN,VOUGIOUKAS,211,Center,Greece,1985-05-31T00:00:00,PAN,Panathinaikos OPAP Athens,ok
P002841,002841,karlo-vragovic,euroleague,https://www.euroleaguebasketball.net/en/euroleague/players/karlo-vragovic/profile/002841/,KARLO,VRAGOVIC,192,Guard,Croatia,1989-05-13T00:00:00,CIB,Cibona Zagreb,ok
PBGJ,BGJ,slavko-vranes,euroleague,https://www.euroleaguebasketball.net/en/euroleague/players/slavko-vranes/profile/BGJ/,SLAVKO,VRANES,229,Center,Serbia,1983-01-30T00:00:00,PAR,Partizan Belgrade,ok
PLGK,LGK,goran-vrbanc,euroleague,https://www.euroleaguebasketball.net/en/euroleague/players/goran-vrbanc/profile/LGK/,GORAN,VRBANC,194,Guard,Croatia,1984-10-08T00:00:00,CIB,Cibona Zagreb,ok
P002869,002869,zoran-vrkic,euroleague,https://www.euroleaguebasketball.net/en/euroleague/players/zoran-vrkic/profile/002869/,ZORAN,VRKIC,201,Guard,Croatia,1987-08-16T00:00:00,LJU,Union Olimpija Ljubljana,ok
PLOK,LOK,jackson-vroman,euroleague,https://www.euroleaguebasketball.net/en/euroleague/players/jackson-vroman/profile/LOK/,JACKSON,VROMAN,208,Forward,United States of America,1981-06-06T00:00:00,LIE,Lietuvos Rytas,ok
P010988,010988,luka-vudragovic,euroleague,https://www.euroleaguebasketball.net/en/euroleague/players/luka-vudragovic/profile/010988/,LUKA,VUDRAGOVIC,197,Guard,Serbia,2004-06-02T00:00:00,RED,Crvena Zvezda mts Belgrade,ok
PBRB,BRB,sasha-vujacic,euroleague,https://www.euroleaguebasketball.net/en/euroleague/players/sasha-vujacic/profile/BRB/,SASHA,VUJACIC,200,Guard,Slovenia,1984-03-08T00:00:00,BAS,Laboral Kutxa Vitoria,ok
PAUP,AUP,milos-vujanic,euroleague,https://www.euroleaguebasketball.net/en/euroleague/players/milos-vujanic/profile/AUP/,MILOS,VUJANIC,190,Guard,Serbia,1980-11-13T00:00:00,IST,Efes Pilsen,ok
PAPB,APB,nikola-vujcic,euroleague,https://www.euroleaguebasketball.net/en/euroleague/players/nikola-vujcic/profile/APB/,NIKOLA,VUJCIC,211,Center,Croatia,1978-06-14T00:00:00,IST,Efes Pilsen Istanbul,ok
P010782,010782,milutin-vujicic,euroleague,https://www.euroleaguebasketball.net/en/euroleague/players/milutin-vujicic/profile/010782/,MILUTIN,VUJICIC,190,Guard,Serbia,2002-03-08T00:00:00,RED,Crvena Zvezda mts Belgrade,ok
PAUT,AUT,dusan-vukcevic,euroleague,https://www.euroleaguebasketball.net/en/euroleague/players/dusan-vukcevic/profile/AUT/,DUSAN,VUKCEVIC,,Forward,Greece,1975-11-14T00:00:00,MIL,AJ Milano,ok
P009212,009212,tristan-vukcevic,euroleague,https://www.euroleaguebasketball.net/en/euroleague/players/tristan-vukcevic/profile/009212/,TRISTAN,VUKCEVIC,213,Center,Serbia,2003-03-11T00:00:00,PAR,Partizan Mozzart Bet Belgrade,ok
PTFD,TFD,vedran-vukusic,euroleague,https://www.euroleaguebasketball.net/en/euroleague/players/vedran-vukusic/profile/TFD/,VEDRAN,VUKUSIC,203,Forward,Croatia,1982-12-18T00:00:00,CIB,Cibona,ok
PBGV,BGV,egor-vyaltsev,euroleague,https://www.euroleaguebasketball.net/en/euroleague/players/egor-vyaltsev/profile/BGV/,EGOR,VIALTSEV,193,Forward,Russian Federation,1985-10-10T00:00:00,KHI,Khimki Moscow Region,ok
PLDX,LDX,adam-waczynski,euroleague,https://www.euroleaguebasketball.net/en/euroleague/players/adam-waczynski/profile/LDX/,ADAM,WACZYNSKI,199,Forward,Poland,1989-10-15T00:00:00,MAL,Unicaja Malaga,ok
P013016,013016,marvyn-wade,euroleague,https://www.euroleaguebasketball.net/en/euroleague/players/marvyn-wade/profile/013016/,MARVYN,WADE,190,Guard,France,2008-11-17T00:00:00,ASV,LDLC ASVEL Villeurbanne,ok
P001924,001924,von-wafer,euroleague,https://www.euroleaguebasketball.net/en/euroleague/players/von-wafer/profile/001924/,VON,WAFER,196,Guard,United States of America,1985-07-21T00:00:00,OLY,Olympiacos Piraeus,ok
PTGA,TGA,dajuan-wagner,euroleague,https://www.euroleaguebasketball.net/en/euroleague/players/dajuan-wagner/profile/TGA/,DAJUAN,WAGNER,185,Guard,United States of America,1983-02-04T00:00:00,SOP,Prokom Trefl Sopot,ok
P005758,005758,moritz-wagner,euroleague,https://www.euroleaguebasketball.net/en/euroleague/players/moritz-wagner/profile/005758/,MORITZ,WAGNER,204,Forward,Germany,1997-04-26T00:00:00,BER,ALBA Berlin,ok
P013284,013284,ish-wainright,euroleague,https://www.euroleaguebasketball.net/en/euroleague/players/ish-wainright/profile/013284/,ISH,WAINRIGHT,196,Forward,United States of America,1994-09-12T00:00:00,HTA,Hapoel IBI Tel Aviv,ok
P009866,009866,torrian-walden,euroleague,https://www.euroleaguebasketball.net/en/euroleague/players/torrian-walden/profile/009866/,COREY,WALDEN,188,Guard,United States of America,1992-08-05T00:00:00,MUN,FC Bayern Munich,ok
P005288,005288,erving-walker,euroleague,https://www.euroleaguebasketball.net/en/euroleague/players/erving-walker/profile/005288/,ERVING,WALKER,172,Guard,United States of America,1990-01-17T00:00:00,GSS,Stelmet Zielona Gora,ok
P006667,006667,henry-walker,euroleague,https://www.euroleaguebasketball.net/en/euroleague/players/henry-walker/profile/006667/,HENRY,WALKER,198,Guard,United States of America,1987-10-09T00:00:00,CED,Cedevita Zagreb,ok
P013403,013403,lonnie-walker-iv,euroleague,https://www.euroleaguebasketball.net/en/euroleague/players/lonnie-walker-iv/profile/013403/,LONNIE,WALKER IV,196,Guard,United States of America,1998-12-14T00:00:00,TEL,Maccabi Rapyd Tel Aviv,ok
P012709,012709,kemba-walker,euroleague,https://www.euroleaguebasketball.net/en/euroleague/players/kemba-walker/profile/012709/,KEMBA,WALKER,183,Guard,United States of America,1990-05-08T00:00:00,MCO,AS Monaco,ok
P008855,008855,thomas-walkup,euroleague,https://www.euroleaguebasketball.net/en/euroleague/players/thomas-walkup/profile/008855/,THOMAS,WALKUP,193,Guard,Greece,1992-12-30T00:00:00,OLY,Olympiacos Piraeus,ok
P001326,001326,cj-wallace,euroleague,https://www.euroleaguebasketball.net/en/euroleague/players/cj-wallace/profile/001326/,C.J.,WALLACE,206,Forward,United States of America,1982-12-31T00:00:00,MIL,EA7 Emporio Armani Milan,ok
P001237,001237,jonathan-wallace,euroleague,https://www.euroleaguebasketball.net/en/euroleague/players/jonathan-wallace/profile/001237/,JONATHAN,WALLACE,185,Guard,United States of America,1986-05-16T00:00:00,LJU,Union Olimpija,ok
P011925,011925,tyrone-wallace,euroleague,https://www.euroleaguebasketball.net/en/euroleague/players/tyrone-wallace/profile/011925/,TYRONE,WALLACE,196,Guard,United States of America,1994-06-10T00:00:00,ZAL,Zalgiris Kaunas,ok
P001446,001446,matt-walsh,euroleague,https://www.euroleaguebasketball.net/en/euroleague/players/matt-walsh/profile/001446/,MATT,WALSH,199,Guard,United States of America,1982-12-02T00:00:00,BAM,Brose Baskets Bamberg,ok
P009022,009022,derrick-walton-jr,euroleague,https://www.euroleaguebasketball.net/en/euroleague/players/derrick-walton-jr/profile/009022/,DERRICK,WALTON JR,185,Guard,United States of America,1995-04-03T00:00:00,ASV,LDLC ASVEL Villeurbanne,ok
P005838,005838,bradley-wanamaker,euroleague,https://www.euroleaguebasketball.net/en/euroleague/players/bradley-wanamaker/profile/005838/,BRAD,WANAMAKER,193,Guard,United States of America,1989-07-25T00:00:00,ULK,Fenerbahce Dogus Istanbul,ok
P012610,012610,tyson-ward,euroleague,https://www.euroleaguebasketball.net/en/euroleague/players/tyson-ward/profile/012610/,TYSON,WARD,198,Forward,United States of America,1997-07-26T00:00:00,OLY,Olympiacos Piraeus,ok
PLCC,LCC,chris-warren,euroleague,https://www.euroleaguebasketball.net/en/euroleague/players/chris-warren/profile/LCC/,CHRIS,WARREN,196,Forward,United States of America,1981-01-19T00:00:00,AVE,Air Avellino,ok
P007020,007020,hakim-warrick,euroleague,https://www.euroleaguebasketball.net/en/euroleague/players/hakim-warrick/profile/007020/,HAKIM,WARRICK,206,Center,United States of America,1982-07-08T00:00:00,OLY,Olympiacos Piraeus,ok
P013370,013370,duane-washington,euroleague,https://www.euroleaguebasketball.net/en/euroleague/players/duane-washington/profile/013370/,DUANE,WASHINGTON,191,Guard,United States of America,2000-03-24T00:00:00,PAR,Partizan Mozzart Bet Belgrade,ok
PLSZ,LSZ,darius-myron-washington-jr,euroleague,https://www.euroleaguebasketball.net/en/euroleague/players/darius-myron-washington-jr/profile/LSZ/,DARIUS,WASHINGTON,188,Guard,United States of America,1985-12-06T00:00:00,ROM,Lottomatica Roma,ok
P004223,004223,dominic-waters,euroleague,https://www.euroleaguebasketball.net/en/euroleague/players/dominic-waters/profile/004223/,DOMINIC,WATERS,185,Guard,United States of America,1986-09-28T00:00:00,OLY,Olympiacos Piraeus,ok
P014013,014013,glynn-watson,euroleague,https://www.euroleaguebasketball.net/en/euroleague/players/glynn-watson/profile/014013/,GLYNN,WATSON,183,Guard,United States of America,1997-03-09T00:00:00,ASV,LDLC ASVEL Villeurbanne,ok
PKNZ,KNZ,travis-watson,euroleague,https://www.euroleaguebasketball.net/en/euroleague/players/travis-watson/profile/KNZ/,TRAVIS,WATSON,203,Forward,United States of America,1981-03-20T00:00:00,ZAL,Zalgiris Kaunas,ok
P011971,011971,james-webb-iii,euroleague,https://www.euroleaguebasketball.net/en/euroleague/players/james-webb-iii/profile/011971/,JAMES,WEBB III,206,Forward,United States of America,1993-08-19T00:00:00,TEL,Maccabi Playtika Tel Aviv,ok
P009449,009449,briante-weber,euroleague,https://www.euroleaguebasketball.net/en/euroleague/players/briante-weber/profile/009449/,BRIANTE,WEBER,188,Guard,United States of America,1992-12-29T00:00:00,OLY,Olympiacos Piraeus,ok
P008961,008961,tai-webster,euroleague,https://www.euroleaguebasketball.net/en/euroleague/players/tai-webster/profile/008961/,TAI,WEBSTER,193,Guard,New Zealand,1995-05-29T00:00:00,ZAL,Zalgiris Kaunas,ok
P006592,006592,kyle-weems,euroleague,https://www.euroleaguebasketball.net/en/euroleague/players/kyle-weems/profile/006592/,KYLE,WEEMS,198,Forward,United States of America,1989-08-23T00:00:00,VIR,Virtus Segafredo Bologna,ok
P003443,003443,sonny-weems,euroleague,https://www.euroleaguebasketball.net/en/euroleague/players/sonny-weems/profile/003443/,SONNY,WEEMS,198,Forward,United States of America,1986-07-08T00:00:00,IST,Anadolu Efes Istanbul,ok
P006245,006245,nelson-weidemann,euroleague,https://www.euroleaguebasketball.net/en/euroleague/players/nelson-weidemann/profile/006245/,NELSON,WEIDEMANN,190,Guard,Germany,1999-03-25T00:00:00,MUN,FC Bayern Munich,ok
P010391,010391,nick-weiler-babb,euroleague,https://www.euroleaguebasketball.net/en/euroleague/players/nick-weiler-babb/profile/010391/,NICK,WEILER-BABB,194,Guard,Germany,1995-12-12T00:00:00,IST,Anadolu Efes Istanbul,ok
PAGQ,AGQ,jiri-welsch,euroleague,https://www.euroleaguebasketball.net/en/euroleague/players/jiri-welsch/profile/AGQ/,JIRI,WELSCH,202,Guard,Czech Republic,1980-01-27T00:00:00,CHA,Belgacom Spirou Charleroi,ok
P009553,009553,victor-wembanyama,euroleague,https://www.euroleaguebasketball.net/en/euroleague/players/victor-wembanyama/profile/009553/,VICTOR,WEMBANYAMA,220,Forward,France,2004-01-04T00:00:00,ASV,LDLC ASVEL Villeurbanne,ok
P002543,002543,leo-westermann,euroleague,https://www.euroleaguebasketball.net/en/euroleague/players/leo-westermann/profile/002543/,LEO,WESTERMANN,198,Guard,France,1992-07-24T00:00:00,MCO,AS Monaco,ok
P011934,011934,yanni-wetzell,euroleague,https://www.euroleaguebasketball.net/en/euroleague/players/yanni-wetzell/profile/011934/,YANNI,WETZELL,206,Forward,New Zealand,1996-07-08T00:00:00,BER,ALBA Berlin,ok
P006505,006505,aaron-white,euroleague,https://www.euroleaguebasketball.net/en/euroleague/players/aaron-white/profile/006505/,AARON,WHITE,206,Forward,United States of America,1992-09-10T00:00:00,RED,Crvena Zvezda mts Belgrade,ok
P005935,005935,dj-white,euroleague,https://www.euroleaguebasketball.net/en/euroleague/players/dj-white/profile/005935/,DJ,WHITE,206,Forward,United States of America,1986-08-31T00:00:00,BAS,Laboral Kutxa Vitoria,ok
PTHC,THC,james-white,euroleague,https://www.euroleaguebasketball.net/en/euroleague/players/james-white/profile/THC/,JAMES,WHITE,201,Forward,United States of America,1982-10-21T00:00:00,CED,Cedevita Zagreb,ok
P006336,006336,okaro-white,euroleague,https://www.euroleaguebasketball.net/en/euroleague/players/okaro-white/profile/006336/,OKARO,WHITE,203,Forward,United States of America,1992-08-13T00:00:00,PAN,Panathinaikos OPAP Athens,ok
P001194,001194,rodney-white,euroleague,https://www.euroleaguebasketball.net/en/euroleague/players/rodney-white/profile/001194/,RODNEY,WHITE,206,Forward,United States of America,1980-06-28T00:00:00,TEL,Maccabi Electra,ok
P006661,006661,scottie-wilbekin,euroleague,https://www.euroleaguebasketball.net/en/euroleague/players/scottie-wilbekin/profile/006661/,SCOTTIE,WILBEKIN,188,Guard,United States of America,1993-04-05T00:00:00,ULK,Fenerbahce Beko Istanbul,ok
P009472,009472,jacob-wiley,euroleague,https://www.euroleaguebasketball.net/en/euroleague/players/jacob-wiley/profile/009472/,JACOB,WILEY,202,Forward,United States of America,1994-09-04T00:00:00,PAN,Panathinaikos OPAP Athens,ok
P000072,000072,john-walter-wilkins,euroleague,https://www.euroleaguebasketball.net/en/euroleague/players/john-walter-wilkins/profile/000072/,JOHN-WALTER,WILKINS,201,Forward,France,1987-07-13T00:00:00,LEM,Le Mans,ok
PKWY,KWY,mike-wilkinson,euroleague,https://www.euroleaguebasketball.net/en/euroleague/players/mike-wilkinson/profile/KWY/,MIKE,WILKINSON,204,Forward,United States of America,1981-10-01T00:00:00,UNK,Unics Kazan,ok
P002837,002837,mike-wilks,euroleague,https://www.euroleaguebasketball.net/en/euroleague/players/mike-wilks/profile/002837/,MIKE,WILKS,179,Guard,United States of America,1979-05-07T00:00:00,SOP,Asseco Prokom Gdynia,ok
P009006,009006,derrick-williams,euroleague,https://www.euroleaguebasketball.net/en/euroleague/players/derrick-williams/profile/009006/,DERRICK,WILLIAMS,206,Forward,United States of America,1991-05-25T00:00:00,PAN,Panathinaikos Athens,ok
P009465,009465,devin-williams,euroleague,https://www.euroleaguebasketball.net/en/euroleague/players/devin-williams/profile/009465/,DEVIN,WILLIAMS,206,Center,United States of America,1994-05-31T00:00:00,BUD,Buducnost VOLI Pogdorica,ok
P007013,007013,elliot-williams,euroleague,https://www.euroleaguebasketball.net/en/euroleague/players/elliot-williams/profile/007013/,ELLIOT,WILLIAMS,196,Guard,United States of America,1989-06-20T00:00:00,PAN,Panathinaikos Athens,ok
P001177,001177,eric-williams,euroleague,https://www.euroleaguebasketball.net/en/euroleague/players/eric-williams/profile/001177/,ERIC,WILLIAMS,206,Center,United States of America,1984-03-26T00:00:00,AVE,Air Avellino,ok
P007982,007982,nigel-williams-goss,euroleague,https://www.euroleaguebasketball.net/en/euroleague/players/nigel-williams-goss/profile/007982/,NIGEL,WILLIAMS-GOSS,191,Guard,United States of America,1994-09-16T00:00:00,ZAL,Zalgiris Kaunas,ok
P001193,001193,jason-williams,euroleague,https://www.euroleaguebasketball.net/en/euroleague/players/jason-williams/profile/001193/,JASON,WILLIAMS,198,Forward,United States of America,1983-11-17T00:00:00,TEL,Maccabi Electra,ok
P004259,004259,latavious-williams,euroleague,https://www.euroleaguebasketball.net/en/euroleague/players/latavious-williams/profile/004259/,LATAVIOUS,WILLIAMS,203,Center,United States of America,1989-03-29T00:00:00,PAM,Valencia Basket,ok
P004212,004212,marcus-williams,euroleague,https://www.euroleaguebasketball.net/en/euroleague/players/marcus-williams/profile/004212/,MARCUS,WILLIAMS,0,Guard,United States of America,1985-12-03T00:00:00,RED,Crvena Zvezda Telekom Belgrade,ok
P003394,003394,reggie-williams,euroleague,https://www.euroleaguebasketball.net/en/euroleague/players/reggie-williams/profile/003394/,REGGIE,WILLIAMS,196,Guard,United States of America,1986-09-14T00:00:00,BAS,Caja Laboral,ok
PKMG,KMG,shammond-williams,euroleague,https://www.euroleaguebasketball.net/en/euroleague/players/shammond-williams/profile/KMG/,SHAMMOND,WILLIAMS,186,Guard,Georgia,1975-04-05T00:00:00,MAL,Unicaja,ok
P004198,004198,shelden-williams,euroleague,https://www.euroleaguebasketball.net/en/euroleague/players/shelden-williams/profile/004198/,SHELDEN,WILLIAMS,206,Center,United States of America,1983-10-21T00:00:00,CHL,Elan Chalon-Sur-Saone,ok
P012604,012604,trevion-williams,euroleague,https://www.euroleaguebasketball.net/en/euroleague/players/trevion-williams/profile/012604/,TREVION,WILLIAMS,208,Center,United States of America,2000-09-16T00:00:00,TEL,Maccabi Playtika Tel Aviv,ok
P009664,009664,derek-willis,euroleague,https://www.euroleaguebasketball.net/en/euroleague/players/derek-willis/profile/009664/,DEREK,WILLIS,205,Forward,United States of America,1995-06-21T00:00:00,PRS,Paris Basketball,ok
P000228,000228,lamayne-wilson,euroleague,https://www.euroleaguebasketball.net/en/euroleague/players/lamayne-wilson/profile/000228/,LAMAYNE,WILSON,203,Forward,United States of America,1980-06-11T00:00:00,NAN,SLUC Nancy,ok
PTGW,TGW,raphael-wilson,euroleague,https://www.euroleaguebasketball.net/en/euroleague/players/raphael-wilson/profile/TGW/,RAPHAEL,WILSON,196,Forward,France,1989-01-10T00:00:00,ROA,Chorale Roanne,ok
P008052,008052,kyle-wiltjer,euroleague,https://www.euroleaguebasketball.net/en/euroleague/players/kyle-wiltjer/profile/008052/,KYLE,WILTJER,208,Forward,United States of America,1992-10-20T00:00:00,OLY,Olympiacos Piraeus,ok
P005478,005478,niklas-wimberg,euroleague,https://www.euroleaguebasketball.net/en/euroleague/players/niklas-wimberg/profile/005478/,NIKLAS,WIMBERG,206,Forward,Germany,1996-02-11T00:00:00,MUN,FC Bayern Munich,ok
P011940,011940,cassius-winston,euroleague,https://www.euroleaguebasketball.net/en/euroleague/players/cassius-winston/profile/011940/,CASSIUS,WINSTON,0,Guard,United States of America,1998-02-28T00:00:00,MUN,FC Bayern Munich,ok
PTFY,TFY,kennedy-winston,euroleague,https://www.euroleaguebasketball.net/en/euroleague/players/kennedy-winston/profile/TFY/,KENNEDY,WINSTON,198,Forward,United States of America,1984-07-29T00:00:00,ROM,Lottomatica Roma,ok
PJQE,JQE,andrew-wisniewski,euroleague,https://www.euroleaguebasketball.net/en/euroleague/players/andrew-wisniewski/profile/JQE/,ANDREW,WISNIEWSKI,191,Guard,United States of America,1981-09-01T00:00:00,IST,Efes Pilsen Istanbul,ok
P005851,005851,lukasz-wisniewski,euroleague,https://www.euroleaguebasketball.net/en/euroleague/players/lukasz-wisniewski/profile/005851/,LUKASZ,WISNIEWSKI,189,Guard,Poland,1984-12-07T00:00:00,ZGO,PGE Turow Zgorzelec,ok
PKPQ,KPQ,robert-witka,euroleague,https://www.euroleaguebasketball.net/en/euroleague/players/robert-witka/profile/KPQ/,ROBERT,WITKA,206,Forward,Poland,1981-07-27T00:00:00,SOP,Asseco Prokom Gdynia,ok
P001990,001990,jonas-wohlfarth,euroleague,https://www.euroleaguebasketball.net/en/euroleague/players/jonas-wohlfarth/profile/001990/,JONAS,WOHLFARTH-BOTTERMANN,207,Center,Germany,1990-02-20T00:00:00,BER,ALBA Berlin,ok
P004691,004691,kevin-wohlrath,euroleague,https://www.euroleaguebasketball.net/en/euroleague/players/kevin-wohlrath/profile/004691/,KEVIN,WOHLRATH,195,Forward,Germany,1995-02-15T00:00:00,BER,ALBA Berlin,ok
P003389,003389,mathieu-wojciechowski,euroleague,https://www.euroleaguebasketball.net/en/euroleague/players/mathieu-wojciechowski/profile/003389/,MATHIEU,WOJCIECHOWSKI,203,Forward,France,1992-10-20T00:00:00,LMG,Limoges CSP,ok
PBCE,BCE,ruben-wolkowysky,euroleague,https://www.euroleaguebasketball.net/en/euroleague/players/ruben-wolkowysky/profile/BCE/,RUBEN,WOLKOWYSKY,207,Center,Poland,1973-09-30T00:00:00,SOP,Prokom Trefl Sopot,ok
P006555,006555,nate-wolters,euroleague,https://www.euroleaguebasketball.net/en/euroleague/players/nate-wolters/profile/006555/,NATE,WOLTERS,194,Guard,United States of America,1991-05-15T00:00:00,PAN,Panathinaikos Athens,ok
P013775,013775,isaiah-wong,euroleague,https://www.euroleaguebasketball.net/en/euroleague/players/isaiah-wong/profile/013775/,ISAIAH,WONG,190,Guard,United States of America,2001-01-28T00:00:00,ZAL,Zalgiris Kaunas,ok
P001459,001459,dashaun-wood,euroleague,https://www.euroleaguebasketball.net/en/euroleague/players/dashaun-wood/profile/001459/,DASHAUN,WOOD,185,Guard,United States of America,1985-09-29T00:00:00,BER,Alba Berlin,ok
P003455,003455,ben-woodside,euroleague,https://www.euroleaguebasketball.net/en/euroleague/players/ben-woodside/profile/003455/,BEN,WOODSIDE,180,Guard,United States of America,1985-07-01T00:00:00,LJU,Union Olimpija Ljubljana,ok
PTFG,TFG,loren-woods,euroleague,https://www.euroleaguebasketball.net/en/euroleague/players/loren-woods/profile/TFG/,LOREN,WOODS,218,Center,United States of America,1978-06-21T00:00:00,ZAL,Zalgiris,ok
PTFV,TFV,qyntel-woods,euroleague,https://www.euroleaguebasketball.net/en/euroleague/players/qyntel-woods/profile/TFV/,QYNTEL,WOODS,203,Guard,United States of America,1981-02-16T00:00:00,SOP,Asseco Prokom,ok
PTEM,TEM,bracey-wright,euroleague,https://www.euroleaguebasketball.net/en/euroleague/players/bracey-wright/profile/TEM/,BRACEY,WRIGHT,191,Guard,United States of America,1984-07-01T00:00:00,CED,Cedevita Zagreb,ok
PJXK,JXK,brent-wright,euroleague,https://www.euroleaguebasketball.net/en/euroleague/players/brent-wright/profile/JXK/,BRENT,WRIGHT,203,Forward,United States of America,1978-05-06T00:00:00,CHA,Spirou Charleroi,ok
P005968,005968,chris-wright,euroleague,https://www.euroleaguebasketball.net/en/euroleague/players/chris-wright/profile/005968/,CHRIS,WRIGHT,203,Forward,United States of America,1988-09-30T00:00:00,ZGO,PGE Turow Zgorzelec,ok
P008049,008049,dorell-wright,euroleague,https://www.euroleaguebasketball.net/en/euroleague/players/dorell-wright/profile/008049/,DORELL,WRIGHT,198,Forward,United States of America,1985-12-02T00:00:00,BAM,Brose Bamberg,ok
P012606,012606,mckinley-wright-iv,euroleague,https://www.euroleaguebasketball.net/en/euroleague/players/mckinley-wright-iv/profile/012606/,MCKINLEY,WRIGHT IV,180,Guard,United States of America,1998-10-25T00:00:00,DUB,Dubai Basketball,ok
P005954,005954,julian-wright,euroleague,https://www.euroleaguebasketball.net/en/euroleague/players/julian-wright/profile/005954/,JULIAN,WRIGHT,203,Center,United States of America,1987-05-20T00:00:00,PAN,Panathinaikos Athens,ok
P012878,012878,moses-wright,euroleague,https://www.euroleaguebasketball.net/en/euroleague/players/moses-wright/profile/012878/,MOSES,WRIGHT,207,Center,United States of America,1998-12-23T00:00:00,ZAL,Zalgiris Kaunas,ok
PKSU,KSU,rashad-wright,euroleague,https://www.euroleaguebasketball.net/en/euroleague/players/rashad-wright/profile/KSU/,RASHAD,WRIGHT,188,Guard,United States of America,1982-03-17T00:00:00,BER,Alba Berlin,ok
P001820,001820,zach-wright,euroleague,https://www.euroleaguebasketball.net/en/euroleague/players/zach-wright/profile/001820/,ZACK,WRIGHT,188,Guard,Bosnia and Herzegovina,1985-02-05T00:00:00,PAN,Panathinaikos Athens,ok
PJLA,JLA,vasilis-xanthopoulos,euroleague,https://www.euroleaguebasketball.net/en/euroleague/players/vasilis-xanthopoulos/profile/JLA/,VASSILIS,XANTHOPOULOS,186,Guard,Greece,1984-04-29T00:00:00,PAN,Panathinaikos Athens,ok
P011386,011386,noam-yaacov,euroleague,https://www.euroleaguebasketball.net/en/euroleague/players/noam-yaacov/profile/011386/,NOAM,YAACOV,186,Guard,Israel,2004-10-20T00:00:00,ASV,LDLC ASVEL Villeurbanne,ok
P010357,010357,guerschon-yabusele,euroleague,https://www.euroleaguebasketball.net/en/euroleague/players/guerschon-yabusele/profile/010357/,GUERSCHON,YABUSELE,201,Forward,France,1995-12-17T00:00:00,MAD,Real Madrid,ok
P000497,000497,mehmet-yagmur,euroleague,https://www.euroleaguebasketball.net/en/euroleague/players/mehmet-yagmur/profile/000497/,MEHMET,YAGMUR,188,Guard,Turkiye,1987-07-01T00:00:00,DAR,Darussafaka Dogus Istanbul,ok
P004628,004628,timofey-yakushin,euroleague,https://www.euroleaguebasketball.net/en/euroleague/players/timofey-yakushin/profile/004628/,TIMOFEY,YAKUSHIN,194,Guard,Russian Federation,1997-01-16T00:00:00,KHI,Khimki Moscow Region,ok
P004180,004180,mehmetali-yatagan,euroleague,https://www.euroleaguebasketball.net/en/euroleague/players/mehmetali-yatagan/profile/004180/,MEHMET,YATAGAN,192,Guard,Turkiye,1993-04-30T00:00:00,BES,Besiktas JK Istanbul,ok
P013368,013368,kevin-yebo,euroleague,https://www.euroleaguebasketball.net/en/euroleague/players/kevin-yebo/profile/013368/,KEVIN,YEBO,207,Center,Germany,1996-03-14T00:00:00,MUN,FC Bayern Munich,ok
PAWP,AWP,haluk-yildirim,euroleague,https://www.euroleaguebasketball.net/en/euroleague/players/haluk-yildirim/profile/AWP/,HALUK,YILDIRIM,200,Forward,Turkiye,1972-06-25T00:00:00,GAL,Galatasaray Medical Park,ok
P004093,004093,burakcan-yildizli,euroleague,https://www.euroleaguebasketball.net/en/euroleague/players/burakcan-yildizli/profile/004093/,BURAKCAN,YILDIZLI,204,Forward,Turkiye,1994-04-22T00:00:00,IST,Anadolu Efes Istanbul,ok
P006372,006372,erkan-yilmaz,euroleague,https://www.euroleaguebasketball.net/en/euroleague/players/erkan-yilmaz/profile/006372/,ERKAN,YILMAZ,197,Forward,Turkiye,1997-12-03T00:00:00,IST,Anadolu Efes Istanbul,ok
P002753,002753,dagan-yivzori,euroleague,https://www.euroleaguebasketball.net/en/euroleague/players/dagan-yivzori/profile/002753/,DAGAN,YIVZORI,193,Guard,Israel,1985-10-15T00:00:00,TEL,Maccabi FOX Tel Aviv,ok
P005984,005984,patric-casey-young,euroleague,https://www.euroleaguebasketball.net/en/euroleague/players/patric-casey-young/profile/005984/,PATRIC,YOUNG,209,Center,United States of America,1992-02-01T00:00:00,MIL,AX Armani Exchange Olimpia Milan,ok
P005353,005353,omer-yurtseven,euroleague,https://www.euroleaguebasketball.net/en/euroleague/players/omer-yurtseven/profile/005353/,OMER,YURTSEVEN,213,Center,Turkiye,1998-06-19T00:00:00,PAN,Panathinaikos AKTOR Athens,ok
P005983,005983,omer-faruk-yurtseven,none,,,,,,,,,,not_found (http_404)
P005368,005368,santi-yusta,euroleague,https://www.euroleaguebasketball.net/en/euroleague/players/santi-yusta/profile/005368/,SANTI,YUSTA,200,Forward,Spain,1997-04-28T00:00:00,MAD,Real Madrid,ok
PTFF,TFF,artem-zabelin,euroleague,https://www.euroleaguebasketball.net/en/euroleague/players/artem-zabelin/profile/TFF/,ARTEM,ZABELIN,215,Center,Russian Federation,1988-01-15T00:00:00,CSK,CSKA Moscow,ok
P008104,008104,arturs-zagars,euroleague,https://www.euroleaguebasketball.net/en/euroleague/players/arturs-zagars/profile/008104/,ARTURS,ZAGARS,190,Guard,Latvia,2000-04-21T00:00:00,ULK,Fenerbahce Beko Istanbul,ok
P007186,007186,denis-zakharov,euroleague,https://www.euroleaguebasketball.net/en/euroleague/players/denis-zakharov/profile/007186/,DENIS,ZAKHAROV,192,Guard,Russian Federation,1993-08-06T00:00:00,DYR,Zenit St Petersburg,ok
P003533,003533,idan-zalmanson,euroleague,https://www.euroleaguebasketball.net/en/euroleague/players/idan-zalmanson/profile/003533/,IDAN,ZALMANSON,205,Forward,Israel,1995-04-18T00:00:00,TEL,Maccabi Electra Tel Aviv,ok
P006013,006013,tomer-zalmanson,euroleague,https://www.euroleaguebasketball.net/en/euroleague/players/tomer-zalmanson/profile/006013/,TOMER,ZALMANSON,193,Guard,Israel,1998-06-23T00:00:00,TEL,Maccabi FOX Tel Aviv,ok
P000039,000039,igor-zamanskiy,euroleague,https://www.euroleaguebasketball.net/en/euroleague/players/igor-zamanskiy/profile/000039/,IGOR,ZAMANSKIY,202,Forward,Russian Federation,1977-11-16T00:00:00,UNK,Unics Kazan,ok
PLPY,LPY,przemyslaw-zamojski,euroleague,https://www.euroleaguebasketball.net/en/euroleague/players/przemyslaw-zamojski/profile/LPY/,PRZEMYSLAW,ZAMOJSKI,186,Guard,Poland,1986-10-16T00:00:00,GSS,Stelmet Zielona Gora,ok
PKPV,KPV,donatas-zavackas,euroleague,https://www.euroleaguebasketball.net/en/euroleague/players/donatas-zavackas/profile/KPV/,DONATAS,ZAVACKAS,0,Forward,Lithuania,1980-04-23T00:00:00,KLA,Neptunas Klaipeda,ok
P001792,001792,vyacheslav-zaytsev,euroleague,https://www.euroleaguebasketball.net/en/euroleague/players/vyacheslav-zaytsev/profile/001792/,VIACHESLAV,ZAITCEV,190,Guard,Russian Federation,1989-08-28T00:00:00,UNK,UNICS Kazan,ok
P001401,001401,frejus-zerbo,euroleague,https://www.euroleaguebasketball.net/en/euroleague/players/frejus-zerbo/profile/001401/,FREJUS,ZERBO,205,Center,Ivory Coast,1989-04-02T00:00:00,LMG,Limoges CSP,ok
P004551,004551,karlo-zganec,euroleague,https://www.euroleaguebasketball.net/en/euroleague/players/karlo-zganec/profile/004551/,KARLO,ZGANEC,206,Forward,Croatia,1995-07-25T00:00:00,CED,Cedevita Zagreb,ok
P007339,007339,georgy-zhbanov,euroleague,https://www.euroleaguebasketball.net/en/euroleague/players/georgy-zhbanov/profile/007339/,GEORGY,ZHBANOV,197,Forward,Russian Federation,1997-10-10T00:00:00,UNK,UNICS Kazan,ok
PKVO,KVO,alexey-zhukanenko,euroleague,https://www.euroleaguebasketball.net/en/euroleague/players/alexey-zhukanenko/profile/KVO/,ALEXEY,ZHUKANENKO,210,Center,Russian Federation,1986-05-18T00:00:00,TIV,Lokomotiv Kuban Krasnodar,ok
PLLE,LLE,ivan-zigeranovic,euroleague,https://www.euroleaguebasketball.net/en/euroleague/players/ivan-zigeranovic/profile/LLE/,IVAN,ZIGERANOVIC,212,Center,Serbia,1984-08-14T00:00:00,ZGO,PGE Turow Zgorzelec,ok
P005056,005056,paul-zipser,euroleague,https://www.euroleaguebasketball.net/en/euroleague/players/paul-zipser/profile/005056/,PAUL,ZIPSER,203,Forward,Germany,1994-02-18T00:00:00,MUN,FC Bayern Munich,ok
P004183,004183,maik-zirbes,euroleague,https://www.euroleaguebasketball.net/en/euroleague/players/maik-zirbes/profile/004183/,MAIK,ZIRBES,207,Center,Germany,1990-01-29T00:00:00,RED,Crvena Zvezda mts Belgrade,ok
PABN,ABN,nikos-zisis,euroleague,https://www.euroleaguebasketball.net/en/euroleague/players/nikos-zisis/profile/ABN/,NIKOS,ZISIS,197,Guard,Greece,1983-08-16T00:00:00,BAM,Brose Bamberg,ok
P011220,011220,iftah-ziv,euroleague,https://www.euroleaguebasketball.net/en/euroleague/players/iftah-ziv/profile/011220/,IFTAH,ZIV,191,Guard,Israel,1995-07-09T00:00:00,TEL,Maccabi Playtika Tel Aviv,ok
PBXE,BXE,andrija-zizic,euroleague,https://www.euroleaguebasketball.net/en/euroleague/players/andrija-zizic/profile/BXE/,ANDRIJA,ZIZIC,206,Center,Croatia,1980-01-14T00:00:00,TEL,Maccabi Electra Tel Aviv,ok
P004554,004554,ante-zizic,euroleague,https://www.euroleaguebasketball.net/en/euroleague/players/ante-zizic/profile/004554/,ANTE,ZIZIC,210,Center,Croatia,1997-01-04T00:00:00,VIR,Virtus Segafredo Bologna,ok
P006625,006625,yovel-zoosman,euroleague,https://www.euroleaguebasketball.net/en/euroleague/players/yovel-zoosman/profile/006625/,YOVEL,ZOOSMAN,200,Forward,Israel,1998-05-12T00:00:00,BER,ALBA Berlin,ok
PBCB,BCB,luka-zoric,euroleague,https://www.euroleaguebasketball.net/en/euroleague/players/luka-zoric/profile/BCB/,LUKA,ZORIC,211,Center,Croatia,1984-11-05T00:00:00,CED,Cedevita Zagreb,ok
PBOX,BOX,ivan-zoroski,euroleague,https://www.euroleaguebasketball.net/en/euroleague/players/ivan-zoroski/profile/BOX/,IVAN,ZOROSKI,195,Guard,Serbia,1979-07-24T00:00:00,NIO,Panionios On Telecoms,ok
P003070,003070,fotios-zoumpos,euroleague,https://www.euroleaguebasketball.net/en/euroleague/players/fotios-zoumpos/profile/003070/,FOTIOS,ZOUMPOS,190,Guard,Greece,1993-04-04T00:00:00,PAN,Panathinaikos Athens,ok
P002025,002025,aleksey-zozulin,euroleague,https://www.euroleaguebasketball.net/en/euroleague/players/aleksey-zozulin/profile/002025/,ALEKSEY,ZOZULIN,199,Guard,Russian Federation,1983-01-14T00:00:00,TIV,Lokomotiv Kuban Krasnodar,ok
PLJP,LJP,tomislav-zubcic,euroleague,https://www.euroleaguebasketball.net/en/euroleague/players/tomislav-zubcic/profile/LJP/,TOMISLAV,ZUBCIC,213,Center,Croatia,1990-01-17T00:00:00,CED,Cedevita Zagreb,ok
P003573,003573,andrey-zubkov,euroleague,https://www.euroleaguebasketball.net/en/euroleague/players/andrey-zubkov/profile/003573/,ANDREY,ZUBKOV,206,Forward,Russian Federation,1991-06-29T00:00:00,DYR,Zenit St Petersburg,ok
P009033,009033,fedor-zugic,euroleague,https://www.euroleaguebasketball.net/en/euroleague/players/fedor-zugic/profile/009033/,FEDOR,ZUGIC,198,Guard,Montenegro,2003-09-18T00:00:00,BUD,Buducnost VOLI Pogdorica,ok
PADX,ADX,eureljus-zukauskas,euroleague,https://www.euroleaguebasketball.net/en/euroleague/players/eureljus-zukauskas/profile/ADX/,EURELIJUS,ZUKAUSKAS,216,Center,Lithuania,1973-08-22T00:00:00,ZAL,Zalgiris,ok
PLHD,LHD,miha-zupan,euroleague,https://www.euroleaguebasketball.net/en/euroleague/players/miha-zupan/profile/LHD/,MIHA,ZUPAN,204,Center,Slovenia,1982-09-13T00:00:00,LJU,Union Olimpija,ok
PKON,KON,phillip-zwiener,euroleague,https://www.euroleaguebasketball.net/en/euroleague/players/phillip-zwiener/profile/KON/,PHILLIP,ZWIENER,201,Forward,Germany,1985-07-23T00:00:00,BER,Alba Berlin,ok
P005701,005701,kamil-zywert,euroleague,https://www.euroleaguebasketball.net/en/euroleague/players/kamil-zywert/profile/005701/,KAMIL,ZYWERT,184,Guard,Poland,1996-02-24T00:00:00,GSS,Stelmet Zielona Gora,ok
